career_id,experience_text,experience_text_vi,degree_text,degree_text_vi,salary_min_en,salary_max_en,salary_avg_en,salary_currency_en,salary_bands_en,salary_min,salary_max,salary_avg,salary_currency,salary_bands,updated_at
1,"Extensive skill, knowledge, and experience needed. Typically requires more than 5 years of specialized experience in leadership roles.","Cần kỹ năng, kiến thức và kinh nghiệm sâu rộng. Thường yêu cầu hơn 5 năm kinh nghiệm chuyên môn trong vai trò lãnh đạo.","Master''s degree required. Some positions may require Ph.D., M.D., or J.D. (law degree).","Yêu cầu bằng thạc sĩ. Một số vị trí có thể yêu cầu bằng tiến sĩ, bác sĩ y khoa hoặc luật sư.",60655.00,120956.00,90805.00,USD,"[{""max"""": 78526.89"," '""min'"": 60655.0"," '""label'"": '""Intern Level'""}"," {'""max'"": 87105.84"," '""min'"": 78526.89"," """"label"""": """"Associate Level""""}"," {'""max'"": 105622.42"," '""min'"": 87105.84"," '""label'"": '""Manager Level'""}"," {'""max'"": 120030.05"," '""min'"": 105622.42"," '""label'"": '""Manager Level'""}"," {'""max'"": 120956.0"," '""min'"": 120030.05"," '""label'"": '""Executive Level'""}]""",1455720000.00,2902944000.00,2179320000.00,VND,"[{'max'"": 1884645438"," '""min'"": 1455720000"," '""label'"": '""Cấp thực tập sinh'""}"," {'""max'"": 2090540106"," '""min'"": 1884645438"," '""label'"": '""Cấp nhân viên'""}"," {'""max'"": 2534938186"," '""min'"": 2090540106"," '""label'"": '""Cấp quản lý'""}"," {'""max'"": 2880721212"," '""min'"": 2534938186"," '""label'"": '""Cấp quản lý cao cấp'""}"," {'""max'"": 2902944000"," '""min'"": 2880721212"," '""label'"": '""Cấp điều hành'""}]""",2026-01-27 15:44:54.424881+00
2,"Extensive skill, knowledge, and experience needed. Typically requires more than 5 years of specialized experience in leadership roles.","Cần kỹ năng, kiến thức và kinh nghiệm sâu rộng. Thường yêu cầu hơn 5 năm kinh nghiệm chuyên môn trong vai trò lãnh đạo.","Master''s degree required. Some positions may require Ph.D., M.D., or J.D. (law degree).","Yêu cầu bằng thạc sĩ. Một số vị trí có thể yêu cầu bằng tiến sĩ, bác sĩ y khoa hoặc luật sư.",54956.00,165067.00,110011.00,USD,"[{""max"""": 89591.88"," '""min'"": 54956.0"," '""label'"": '""Intern Level'""}"," {'""max'"": 103932.04"," '""min'"": 89591.88"," """"label"""": """"Associate Level""""}"," {'""max'"": 128270.88"," '""min'"": 103932.04"," '""label'"": '""Manager Level'""}"," {'""max'"": 156934.75"," '""min'"": 128270.88"," '""label'"": '""Manager Level'""}"," {'""max'"": 165067.0"," '""min'"": 156934.75"," '""label'"": '""Executive Level'""}]""",1318944000.00,3961608000.00,2640264000.00,VND,"[{'max'"": 2150205060"," '""min'"": 1318944000"," '""label'"": '""Cấp thực tập sinh'""}"," {'""max'"": 2494368860"," '""min'"": 2150205060"," '""label'"": '""Cấp nhân viên'""}"," {'""max'"": 3078501136"," '""min'"": 2494368860"," '""label'"": '""Cấp quản lý'""}"," {'""max'"": 3766434116"," '""min'"": 3078501136"," '""label'"": '""Cấp quản lý cao cấp'""}"," {'""max'"": 3961608000"," '""min'"": 3766434116"," '""label'"": '""Cấp điều hành'""}]""",2026-01-27 15:44:54.424881+00
3,"Extensive skill, knowledge, and experience needed. Typically requires more than 5 years of specialized experience in leadership roles.","Cần kỹ năng, kiến thức và kinh nghiệm sâu rộng. Thường yêu cầu hơn 5 năm kinh nghiệm chuyên môn trong vai trò lãnh đạo.","Master''s degree required. Some positions may require Ph.D., M.D., or J.D. (law degree).","Yêu cầu bằng thạc sĩ. Một số vị trí có thể yêu cầu bằng tiến sĩ, bác sĩ y khoa hoặc luật sư.",79183.00,180013.00,129598.00,USD,"[{""max"""": 112625.19"," '""min'"": 79183.0"," '""label'"": '""Intern Level'""}"," {'""max'"": 122733.43"," '""min'"": 112625.19"," """"label"""": """"Associate Level""""}"," {'""max'"": 154161.8"," '""min'"": 122733.43"," '""label'"": '""Manager Level'""}"," {'""max'"": 177051.27"," '""min'"": 154161.8"," '""label'"": '""Manager Level'""}"," {'""max'"": 180013.0"," '""min'"": 177051.27"," '""label'"": '""Executive Level'""}]""",1900392000.00,4320312000.00,3110352000.00,VND,"[{'max'"": 2703004677"," '""min'"": 1900392000"," '""label'"": '""Cấp thực tập sinh'""}"," {'""max'"": 2945602397"," '""min'"": 2703004677"," '""label'"": '""Cấp nhân viên'""}"," {'""max'"": 3699883082"," '""min'"": 2945602397"," '""label'"": '""Cấp quản lý'""}"," {'""max'"": 4249230406"," '""min'"": 3699883082"," '""label'"": '""Cấp quản lý cao cấp'""}"," {'""max'"": 4320312000"," '""min'"": 4249230406"," '""label'"": '""Cấp điều hành'""}]""",2026-01-27 15:44:54.424881+00
4,"Extensive skill, knowledge, and experience needed. Typically requires more than 5 years of specialized experience in leadership roles.","Cần kỹ năng, kiến thức và kinh nghiệm sâu rộng. Thường yêu cầu hơn 5 năm kinh nghiệm chuyên môn trong vai trò lãnh đạo.","Master''s degree required. Some positions may require Ph.D., M.D., or J.D. (law degree).","Yêu cầu bằng thạc sĩ. Một số vị trí có thể yêu cầu bằng tiến sĩ, bác sĩ y khoa hoặc luật sư.",46752.00,179076.00,112914.00,USD,"[{""max"""": 90482.44"," '""min'"": 46752.0"," '""label'"": '""Intern Level'""}"," {'""max'"": 109694.25"," '""min'"": 90482.44"," """"label"""": """"Associate Level""""}"," {'""max'"": 135051.8"," '""min'"": 109694.25"," '""label'"": '""Manager Level'""}"," {'""max'"": 168444.54"," '""min'"": 135051.8"," '""label'"": '""Manager Level'""}"," {'""max'"": 179076.0"," '""min'"": 168444.54"," '""label'"": '""Executive Level'""}]""",1122048000.00,4297824000.00,2709936000.00,VND,"[{'max'"": 2171578541"," '""min'"": 1122048000"," '""label'"": '""Cấp thực tập sinh'""}"," {'""max'"": 2632662057"," '""min'"": 2171578541"," '""label'"": '""Cấp nhân viên'""}"," {'""max'"": 3241243120"," '""min'"": 2632662057"," '""label'"": '""Cấp quản lý'""}"," {'""max'"": 4042668930"," '""min'"": 3241243120"," '""label'"": '""Cấp quản lý cao cấp'""}"," {'""max'"": 4297824000"," '""min'"": 4042668930"," '""label'"": '""Cấp điều hành'""}]""",2026-01-27 15:44:54.424881+00
5,"Extensive skill, knowledge, and experience needed. Typically requires more than 5 years of specialized experience in leadership roles.","Cần kỹ năng, kiến thức và kinh nghiệm sâu rộng. Thường yêu cầu hơn 5 năm kinh nghiệm chuyên môn trong vai trò lãnh đạo.","Master''s degree required. Some positions may require Ph.D., M.D., or J.D. (law degree).","Yêu cầu bằng thạc sĩ. Một số vị trí có thể yêu cầu bằng tiến sĩ, bác sĩ y khoa hoặc luật sư.",67399.00,165257.00,116328.00,USD,"[{""max"""": 101435.24"," '""min'"": 67399.0"," '""label'"": '""Intern Level'""}"," {'""max'"": 111045.3"," '""min'"": 101435.24"," """"label"""": """"Associate Level""""}"," {'""max'"": 135062.74"," '""min'"": 111045.3"," '""label'"": '""Manager Level'""}"," {'""max'"": 164210.62"," '""min'"": 135062.74"," '""label'"": '""Manager Level'""}"," {'""max'"": 165257.0"," '""min'"": 164210.62"," '""label'"": '""Executive Level'""}]""",1617576000.00,3966168000.00,2791872000.00,VND,"[{'max'"": 2434445662"," '""min'"": 1617576000"," '""label'"": '""Cấp thực tập sinh'""}"," {'""max'"": 2665087121"," '""min'"": 2434445662"," '""label'"": '""Cấp nhân viên'""}"," {'""max'"": 3241505709"," '""min'"": 2665087121"," '""label'"": '""Cấp quản lý'""}"," {'""max'"": 3941054851"," '""min'"": 3241505709"," '""label'"": '""Cấp quản lý cao cấp'""}"," {'""max'"": 3966168000"," '""min'"": 3941054851"," '""label'"": '""Cấp điều hành'""}]""",2026-01-27 15:44:54.424881+00
6,"Extensive skill, knowledge, and experience needed. Typically requires more than 5 years of specialized experience in leadership roles.","Cần kỹ năng, kiến thức và kinh nghiệm sâu rộng. Thường yêu cầu hơn 5 năm kinh nghiệm chuyên môn trong vai trò lãnh đạo.","Master''s degree required. Some positions may require Ph.D., M.D., or J.D. (law degree).","Yêu cầu bằng thạc sĩ. Một số vị trí có thể yêu cầu bằng tiến sĩ, bác sĩ y khoa hoặc luật sư.",75280.00,173498.00,124389.00,USD,"[{""max"""": 100764.37"," '""min'"": 75280.0"," '""label'"": '""Intern Level'""}"," {'""max'"": 115924.2"," '""min'"": 100764.37"," """"label"""": """"Associate Level""""}"," {'""max'"": 144490.72"," '""min'"": 115924.2"," '""label'"": '""Manager Level'""}"," {'""max'"": 172108.71"," '""min'"": 144490.72"," '""label'"": '""Manager Level'""}"," {'""max'"": 173498.0"," '""min'"": 172108.71"," '""label'"": '""Executive Level'""}]""",1806720000.00,4163952000.00,2985336000.00,VND,"[{'max'"": 2418344941"," '""min'"": 1806720000"," '""label'"": '""Cấp thực tập sinh'""}"," {'""max'"": 2782180689"," '""min'"": 2418344941"," '""label'"": '""Cấp nhân viên'""}"," {'""max'"": 3467777301"," '""min'"": 2782180689"," '""label'"": '""Cấp quản lý'""}"," {'""max'"": 4130609021"," '""min'"": 3467777301"," '""label'"": '""Cấp quản lý cao cấp'""}"," {'""max'"": 4163952000"," '""min'"": 4130609021"," '""label'"": '""Cấp điều hành'""}]""",2026-01-27 15:44:54.424881+00
7,"Extensive skill, knowledge, and experience needed. Typically requires more than 5 years of specialized experience in leadership roles.","Cần kỹ năng, kiến thức và kinh nghiệm sâu rộng. Thường yêu cầu hơn 5 năm kinh nghiệm chuyên môn trong vai trò lãnh đạo.","Master''s degree required. Some positions may require Ph.D., M.D., or J.D. (law degree).","Yêu cầu bằng thạc sĩ. Một số vị trí có thể yêu cầu bằng tiến sĩ, bác sĩ y khoa hoặc luật sư.",51833.00,106912.00,79372.00,USD,"[{""max"""": 70300.56"," '""min'"": 51833.0"," '""label'"": '""Intern Level'""}"," {'""max'"": 76942.52"," '""min'"": 70300.56"," """"label"""": """"Associate Level""""}"," {'""max'"": 89856.23"," '""min'"": 76942.52"," '""label'"": '""Manager Level'""}"," {'""max'"": 102094.98"," '""min'"": 89856.23"," '""label'"": '""Manager Level'""}"," {'""max'"": 106912.0"," '""min'"": 102094.98"," '""label'"": '""Executive Level'""}]""",1243992000.00,2565888000.00,1904928000.00,VND,"[{'max'"": 1687213436"," '""min'"": 1243992000"," '""label'"": '""Cấp thực tập sinh'""}"," {'""max'"": 1846620552"," '""min'"": 1687213436"," '""label'"": '""Cấp nhân viên'""}"," {'""max'"": 2156549521"," '""min'"": 1846620552"," '""label'"": '""Cấp quản lý'""}"," {'""max'"": 2450279611"," '""min'"": 2156549521"," '""label'"": '""Cấp quản lý cao cấp'""}"," {'""max'"": 2565888000"," '""min'"": 2450279611"," '""label'"": '""Cấp điều hành'""}]""",2026-01-27 15:44:54.424881+00
8,"Extensive skill, knowledge, and experience needed. Typically requires more than 5 years of specialized experience in leadership roles.","Cần kỹ năng, kiến thức và kinh nghiệm sâu rộng. Thường yêu cầu hơn 5 năm kinh nghiệm chuyên môn trong vai trò lãnh đạo.","Master''s degree required. Some positions may require Ph.D., M.D., or J.D. (law degree).","Yêu cầu bằng thạc sĩ. Một số vị trí có thể yêu cầu bằng tiến sĩ, bác sĩ y khoa hoặc luật sư.",50208.00,183491.00,116849.00,USD,"[{""max"""": 95296.5"," '""min'"": 50208.0"," '""label'"": '""Intern Level'""}"," {'""max'"": 112320.63"," '""min'"": 95296.5"," """"label"""": """"Associate Level""""}"," {'""max'"": 139812.06"," '""min'"": 112320.63"," '""label'"": '""Manager Level'""}"," {'""max'"": 174494.6"," '""min'"": 139812.06"," '""label'"": '""Manager Level'""}"," {'""max'"": 183491.0"," '""min'"": 174494.6"," '""label'"": '""Executive Level'""}]""",1204992000.00,4403784000.00,2804376000.00,VND,"[{'max'"": 2287115918"," '""min'"": 1204992000"," '""label'"": '""Cấp thực tập sinh'""}"," {'""max'"": 2695695074"," '""min'"": 2287115918"," '""label'"": '""Cấp nhân viên'""}"," {'""max'"": 3355489391"," '""min'"": 2695695074"," '""label'"": '""Cấp quản lý'""}"," {'""max'"": 4187870497"," '""min'"": 3355489391"," '""label'"": '""Cấp quản lý cao cấp'""}"," {'""max'"": 4403784000"," '""min'"": 4187870497"," '""label'"": '""Cấp điều hành'""}]""",2026-01-27 15:44:54.424881+00
9,"Extensive skill, knowledge, and experience needed. Typically requires more than 5 years of specialized experience in leadership roles.","Cần kỹ năng, kiến thức và kinh nghiệm sâu rộng. Thường yêu cầu hơn 5 năm kinh nghiệm chuyên môn trong vai trò lãnh đạo.","Master''s degree required. Some positions may require Ph.D., M.D., or J.D. (law degree).","Yêu cầu bằng thạc sĩ. Một số vị trí có thể yêu cầu bằng tiến sĩ, bác sĩ y khoa hoặc luật sư.",68950.00,131259.00,100104.00,USD,"[{""max"""": 90721.9"," '""min'"": 68950.0"," '""label'"": '""Intern Level'""}"," {'""max'"": 98904.74"," '""min'"": 90721.9"," """"label"""": """"Associate Level""""}"," {'""max'"": 113268.45"," '""min'"": 98904.74"," '""label'"": '""Manager Level'""}"," {'""max'"": 125640.75"," '""min'"": 113268.45"," '""label'"": '""Manager Level'""}"," {'""max'"": 131259.0"," '""min'"": 125640.75"," '""label'"": '""Executive Level'""}]""",1654800000.00,3150216000.00,2402496000.00,VND,"[{'max'"": 2177325599"," '""min'"": 1654800000"," '""label'"": '""Cấp thực tập sinh'""}"," {'""max'"": 2373713729"," '""min'"": 2177325599"," '""label'"": '""Cấp nhân viên'""}"," {'""max'"": 2718442832"," '""min'"": 2373713729"," '""label'"": '""Cấp quản lý'""}"," {'""max'"": 3015378019"," '""min'"": 2718442832"," '""label'"": '""Cấp quản lý cao cấp'""}"," {'""max'"": 3150216000"," '""min'"": 3015378019"," '""label'"": '""Cấp điều hành'""}]""",2026-01-27 15:44:54.424881+00
10,"Extensive skill, knowledge, and experience needed. Typically requires more than 5 years of specialized experience in leadership roles.","Cần kỹ năng, kiến thức và kinh nghiệm sâu rộng. Thường yêu cầu hơn 5 năm kinh nghiệm chuyên môn trong vai trò lãnh đạo.","Master''s degree required. Some positions may require Ph.D., M.D., or J.D. (law degree).","Yêu cầu bằng thạc sĩ. Một số vị trí có thể yêu cầu bằng tiến sĩ, bác sĩ y khoa hoặc luật sư.",60666.00,185590.00,123128.00,USD,"[{""max"""": 103751.19"," '""min'"": 60666.0"," '""label'"": '""Intern Level'""}"," {'""max'"": 118117.41"," '""min'"": 103751.19"," """"label"""": """"Associate Level""""}"," {'""max'"": 146804.45"," '""min'"": 118117.41"," '""label'"": '""Manager Level'""}"," {'""max'"": 184070.97"," '""min'"": 146804.45"," '""label'"": '""Manager Level'""}"," {'""max'"": 185590.0"," '""min'"": 184070.97"," '""label'"": '""Executive Level'""}]""",1455984000.00,4454160000.00,2955072000.00,VND,"[{'max'"": 2490028524"," '""min'"": 1455984000"," '""label'"": '""Cấp thực tập sinh'""}"," {'""max'"": 2834817871"," '""min'"": 2490028524"," '""label'"": '""Cấp nhân viên'""}"," {'""max'"": 3523306865"," '""min'"": 2834817871"," '""label'"": '""Cấp quản lý'""}"," {'""max'"": 4417703263"," '""min'"": 3523306865"," '""label'"": '""Cấp quản lý cao cấp'""}"," {'""max'"": 4454160000"," '""min'"": 4417703263"," '""label'"": '""Cấp điều hành'""}]""",2026-01-27 15:44:54.424881+00
11,"Extensive skill, knowledge, and experience needed. Typically requires more than 5 years of specialized experience in leadership roles.","Cần kỹ năng, kiến thức và kinh nghiệm sâu rộng. Thường yêu cầu hơn 5 năm kinh nghiệm chuyên môn trong vai trò lãnh đạo.","Master''s degree required. Some positions may require Ph.D., M.D., or J.D. (law degree).","Yêu cầu bằng thạc sĩ. Một số vị trí có thể yêu cầu bằng tiến sĩ, bác sĩ y khoa hoặc luật sư.",71228.00,137838.00,104533.00,USD,"[{""max"""": 89870.13"," '""min'"": 71228.0"," '""label'"": '""Intern Level'""}"," {'""max'"": 103598.97"," '""min'"": 89870.13"," """"label"""": """"Associate Level""""}"," {'""max'"": 117384.14"," '""min'"": 103598.97"," '""label'"": '""Manager Level'""}"," {'""max'"": 131733.99"," '""min'"": 117384.14"," '""label'"": '""Manager Level'""}"," {'""max'"": 137838.0"," '""min'"": 131733.99"," '""label'"": '""Executive Level'""}]""",1709472000.00,3308112000.00,2508792000.00,VND,"[{'max'"": 2156883064"," '""min'"": 1709472000"," '""label'"": '""Cấp thực tập sinh'""}"," {'""max'"": 2486375278"," '""min'"": 2156883064"," '""label'"": '""Cấp nhân viên'""}"," {'""max'"": 2817219244"," '""min'"": 2486375278"," '""label'"": '""Cấp quản lý'""}"," {'""max'"": 3161615705"," '""min'"": 2817219244"," '""label'"": '""Cấp quản lý cao cấp'""}"," {'""max'"": 3308112000"," '""min'"": 3161615705"," '""label'"": '""Cấp điều hành'""}]""",2026-01-27 15:44:54.424881+00
12,"Extensive skill, knowledge, and experience needed. Typically requires more than 5 years of specialized experience in leadership roles.","Cần kỹ năng, kiến thức và kinh nghiệm sâu rộng. Thường yêu cầu hơn 5 năm kinh nghiệm chuyên môn trong vai trò lãnh đạo.","Master''s degree required. Some positions may require Ph.D., M.D., or J.D. (law degree).","Yêu cầu bằng thạc sĩ. Một số vị trí có thể yêu cầu bằng tiến sĩ, bác sĩ y khoa hoặc luật sư.",59471.00,149995.00,104733.00,USD,"[{""max"""": 90795.03"," '""min'"": 59471.0"," '""label'"": '""Intern Level'""}"," {'""max'"": 101131.89"," '""min'"": 90795.03"," """"label"""": """"Associate Level""""}"," {'""max'"": 127237.2"," '""min'"": 101131.89"," '""label'"": '""Manager Level'""}"," {'""max'"": 144612.6"," '""min'"": 127237.2"," '""label'"": '""Manager Level'""}"," {'""max'"": 149995.0"," '""min'"": 144612.6"," '""label'"": '""Executive Level'""}]""",1427304000.00,3599880000.00,2513592000.00,VND,"[{'max'"": 2179080795"," '""min'"": 1427304000"," '""label'"": '""Cấp thực tập sinh'""}"," {'""max'"": 2427165396"," '""min'"": 2179080795"," '""label'"": '""Cấp nhân viên'""}"," {'""max'"": 3053692897"," '""min'"": 2427165396"," '""label'"": '""Cấp quản lý'""}"," {'""max'"": 3470702465"," '""min'"": 3053692897"," '""label'"": '""Cấp quản lý cao cấp'""}"," {'""max'"": 3599880000"," '""min'"": 3470702465"," '""label'"": '""Cấp điều hành'""}]""",2026-01-27 15:44:54.424881+00
13,"Extensive skill, knowledge, and experience needed. Typically requires more than 5 years of specialized experience in leadership roles.","Cần kỹ năng, kiến thức và kinh nghiệm sâu rộng. Thường yêu cầu hơn 5 năm kinh nghiệm chuyên môn trong vai trò lãnh đạo.","Master''s degree required. Some positions may require Ph.D., M.D., or J.D. (law degree).","Yêu cầu bằng thạc sĩ. Một số vị trí có thể yêu cầu bằng tiến sĩ, bác sĩ y khoa hoặc luật sư.",64621.00,156705.00,110663.00,USD,"[{""max"""": 92913.24"," '""min'"": 64621.0"," '""label'"": '""Intern Level'""}"," {'""max'"": 104284.27"," '""min'"": 92913.24"," """"label"""": """"Associate Level""""}"," {'""max'"": 125982.32"," '""min'"": 104284.27"," '""label'"": '""Manager Level'""}"," {'""max'"": 156141.63"," '""min'"": 125982.32"," '""label'"": '""Manager Level'""}"," {'""max'"": 156705.0"," '""min'"": 156141.63"," '""label'"": '""Executive Level'""}]""",1550904000.00,3760920000.00,2655912000.00,VND,"[{'max'"": 2229917846"," '""min'"": 1550904000"," '""label'"": '""Cấp thực tập sinh'""}"," {'""max'"": 2502822448"," '""min'"": 2229917846"," '""label'"": '""Cấp nhân viên'""}"," {'""max'"": 3023575717"," '""min'"": 2502822448"," '""label'"": '""Cấp quản lý'""}"," {'""max'"": 3747399170"," '""min'"": 3023575717"," '""label'"": '""Cấp quản lý cao cấp'""}"," {'""max'"": 3760920000"," '""min'"": 3747399170"," '""label'"": '""Cấp điều hành'""}]""",2026-01-27 15:44:54.424881+00
14,"Extensive skill, knowledge, and experience needed. Typically requires more than 5 years of specialized experience in leadership roles.","Cần kỹ năng, kiến thức và kinh nghiệm sâu rộng. Thường yêu cầu hơn 5 năm kinh nghiệm chuyên môn trong vai trò lãnh đạo.","Master''s degree required. Some positions may require Ph.D., M.D., or J.D. (law degree).","Yêu cầu bằng thạc sĩ. Một số vị trí có thể yêu cầu bằng tiến sĩ, bác sĩ y khoa hoặc luật sư.",78315.00,122390.00,100352.00,USD,"[{""max"""": 91924.21"," '""min'"": 78315.0"," '""label'"": '""Intern Level'""}"," {'""max'"": 96785.36"," '""min'"": 91924.21"," """"label"""": """"Associate Level""""}"," {'""max'"": 109391.79"," '""min'"": 96785.36"," '""label'"": '""Manager Level'""}"," {'""max'"": 120697.18"," '""min'"": 109391.79"," '""label'"": '""Manager Level'""}"," {'""max'"": 122390.0"," '""min'"": 120697.18"," '""label'"": '""Executive Level'""}]""",1879560000.00,2937360000.00,2408448000.00,VND,"[{'max'"": 2206181129"," '""min'"": 1879560000"," '""label'"": '""Cấp thực tập sinh'""}"," {'""max'"": 2322848541"," '""min'"": 2206181129"," '""label'"": '""Cấp nhân viên'""}"," {'""max'"": 2625402927"," '""min'"": 2322848541"," '""label'"": '""Cấp quản lý'""}"," {'""max'"": 2896732333"," '""min'"": 2625402927"," '""label'"": '""Cấp quản lý cao cấp'""}"," {'""max'"": 2937360000"," '""min'"": 2896732333"," '""label'"": '""Cấp điều hành'""}]""",2026-01-27 15:44:54.424881+00
15,"Extensive skill, knowledge, and experience needed. Typically requires more than 5 years of specialized experience in leadership roles.","Cần kỹ năng, kiến thức và kinh nghiệm sâu rộng. Thường yêu cầu hơn 5 năm kinh nghiệm chuyên môn trong vai trò lãnh đạo.","Master''s degree required. Some positions may require Ph.D., M.D., or J.D. (law degree).","Yêu cầu bằng thạc sĩ. Một số vị trí có thể yêu cầu bằng tiến sĩ, bác sĩ y khoa hoặc luật sư.",68746.00,177291.00,123018.00,USD,"[{""max"""": 101586.26"," '""min'"": 68746.0"," '""label'"": '""Intern Level'""}"," {'""max'"": 117501.24"," '""min'"": 101586.26"," """"label"""": """"Associate Level""""}"," {'""max'"": 141785.53"," '""min'"": 117501.24"," '""label'"": '""Manager Level'""}"," {'""max'"": 171641.99"," '""min'"": 141785.53"," '""label'"": '""Manager Level'""}"," {'""max'"": 177291.0"," '""min'"": 171641.99"," '""label'"": '""Executive Level'""}]""",1649904000.00,4254984000.00,2952432000.00,VND,"[{'max'"": 2438070239"," '""min'"": 1649904000"," '""label'"": '""Cấp thực tập sinh'""}"," {'""max'"": 2820029859"," '""min'"": 2438070239"," '""label'"": '""Cấp nhân viên'""}"," {'""max'"": 3402852834"," '""min'"": 2820029859"," '""label'"": '""Cấp quản lý'""}"," {'""max'"": 4119407766"," '""min'"": 3402852834"," '""label'"": '""Cấp quản lý cao cấp'""}"," {'""max'"": 4254984000"," '""min'"": 4119407766"," '""label'"": '""Cấp điều hành'""}]""",2026-01-27 15:44:54.424881+00
16,"Extensive skill, knowledge, and experience needed. Typically requires more than 5 years of specialized experience in leadership roles.","Cần kỹ năng, kiến thức và kinh nghiệm sâu rộng. Thường yêu cầu hơn 5 năm kinh nghiệm chuyên môn trong vai trò lãnh đạo.","Master''s degree required. Some positions may require Ph.D., M.D., or J.D. (law degree).","Yêu cầu bằng thạc sĩ. Một số vị trí có thể yêu cầu bằng tiến sĩ, bác sĩ y khoa hoặc luật sư.",50650.00,164047.00,107348.00,USD,"[{""max"""": 82579.2"," '""min'"": 50650.0"," '""label'"": '""Intern Level'""}"," {'""max'"": 98474.72"," '""min'"": 82579.2"," """"label"""": """"Associate Level""""}"," {'""max'"": 130584.67"," '""min'"": 98474.72"," '""label'"": '""Manager Level'""}"," {'""max'"": 161949.02"," '""min'"": 130584.67"," '""label'"": '""Manager Level'""}"," {'""max'"": 164047.0"," '""min'"": 161949.02"," '""label'"": '""Executive Level'""}]""",1215600000.00,3937128000.00,2576352000.00,VND,"[{'max'"": 1981900693"," '""min'"": 1215600000"," '""label'"": '""Cấp thực tập sinh'""}"," {'""max'"": 2363393203"," '""min'"": 1981900693"," '""label'"": '""Cấp nhân viên'""}"," {'""max'"": 3134032085"," '""min'"": 2363393203"," '""label'"": '""Cấp quản lý'""}"," {'""max'"": 3886776412"," '""min'"": 3134032085"," '""label'"": '""Cấp quản lý cao cấp'""}"," {'""max'"": 3937128000"," '""min'"": 3886776412"," '""label'"": '""Cấp điều hành'""}]""",2026-01-27 15:44:54.424881+00
17,"Extensive skill, knowledge, and experience needed. Typically requires more than 5 years of specialized experience in leadership roles.","Cần kỹ năng, kiến thức và kinh nghiệm sâu rộng. Thường yêu cầu hơn 5 năm kinh nghiệm chuyên môn trong vai trò lãnh đạo.","Master''s degree required. Some positions may require Ph.D., M.D., or J.D. (law degree).","Yêu cầu bằng thạc sĩ. Một số vị trí có thể yêu cầu bằng tiến sĩ, bác sĩ y khoa hoặc luật sư.",44589.00,197087.00,120838.00,USD,"[{""max"""": 97201.99"," '""min'"": 44589.0"," '""label'"": '""Intern Level'""}"," {'""max'"": 120782.74"," '""min'"": 97201.99"," """"label"""": """"Associate Level""""}"," {'""max'"": 150686.81"," '""min'"": 120782.74"," '""label'"": '""Manager Level'""}"," {'""max'"": 190699.76"," '""min'"": 150686.81"," '""label'"": '""Manager Level'""}"," {'""max'"": 197087.0"," '""min'"": 190699.76"," '""label'"": '""Executive Level'""}]""",1070136000.00,4730088000.00,2900112000.00,VND,"[{'max'"": 2332847770"," '""min'"": 1070136000"," '""label'"": '""Cấp thực tập sinh'""}"," {'""max'"": 2898785812"," '""min'"": 2332847770"," '""label'"": '""Cấp nhân viên'""}"," {'""max'"": 3616483401"," '""min'"": 2898785812"," '""label'"": '""Cấp quản lý'""}"," {'""max'"": 4576794307"," '""min'"": 3616483401"," '""label'"": '""Cấp quản lý cao cấp'""}"," {'""max'"": 4730088000"," '""min'"": 4576794307"," '""label'"": '""Cấp điều hành'""}]""",2026-01-27 15:44:54.424881+00
18,"Extensive skill, knowledge, and experience needed. Typically requires more than 5 years of specialized experience in leadership roles.","Cần kỹ năng, kiến thức và kinh nghiệm sâu rộng. Thường yêu cầu hơn 5 năm kinh nghiệm chuyên môn trong vai trò lãnh đạo.","Master''s degree required. Some positions may require Ph.D., M.D., or J.D. (law degree).","Yêu cầu bằng thạc sĩ. Một số vị trí có thể yêu cầu bằng tiến sĩ, bác sĩ y khoa hoặc luật sư.",50729.00,128738.00,89733.00,USD,"[{""max"""": 72721.53"," '""min'"": 50729.0"," '""label'"": '""Intern Level'""}"," {'""max'"": 86750.11"," '""min'"": 72721.53"," """"label"""": """"Associate Level""""}"," {'""max'"": 104898.19"," '""min'"": 86750.11"," '""label'"": '""Manager Level'""}"," {'""max'"": 123203.53"," '""min'"": 104898.19"," '""label'"": '""Manager Level'""}"," {'""max'"": 128738.0"," '""min'"": 123203.53"," '""label'"": '""Executive Level'""}]""",1217496000.00,3089712000.00,2153592000.00,VND,"[{'max'"": 1745316733"," '""min'"": 1217496000"," '""label'"": '""Cấp thực tập sinh'""}"," {'""max'"": 2082002585"," '""min'"": 1745316733"," '""label'"": '""Cấp nhân viên'""}"," {'""max'"": 2517556561"," '""min'"": 2082002585"," '""label'"": '""Cấp quản lý'""}"," {'""max'"": 2956884634"," '""min'"": 2517556561"," '""label'"": '""Cấp quản lý cao cấp'""}"," {'""max'"": 3089712000"," '""min'"": 2956884634"," '""label'"": '""Cấp điều hành'""}]""",2026-01-27 15:44:54.424881+00
19,"Extensive skill, knowledge, and experience needed. Typically requires more than 5 years of specialized experience in leadership roles.","Cần kỹ năng, kiến thức và kinh nghiệm sâu rộng. Thường yêu cầu hơn 5 năm kinh nghiệm chuyên môn trong vai trò lãnh đạo.","Master''s degree required. Some positions may require Ph.D., M.D., or J.D. (law degree).","Yêu cầu bằng thạc sĩ. Một số vị trí có thể yêu cầu bằng tiến sĩ, bác sĩ y khoa hoặc luật sư.",74470.00,174839.00,124654.00,USD,"[{""max"""": 106425.47"," '""min'"": 74470.0"," '""label'"": '""Intern Level'""}"," {'""max'"": 122670.84"," '""min'"": 106425.47"," """"label"""": """"Associate Level""""}"," {'""max'"": 147234.72"," '""min'"": 122670.84"," '""label'"": '""Manager Level'""}"," {'""max'"": 168654.73"," '""min'"": 147234.72"," '""label'"": '""Manager Level'""}"," {'""max'"": 174839.0"," '""min'"": 168654.73"," '""label'"": '""Executive Level'""}]""",1787280000.00,4196136000.00,2991696000.00,VND,"[{'max'"": 2554211343"," '""min'"": 1787280000"," '""label'"": '""Cấp thực tập sinh'""}"," {'""max'"": 2944100085"," '""min'"": 2554211343"," '""label'"": '""Cấp nhân viên'""}"," {'""max'"": 3533633313"," '""min'"": 2944100085"," '""label'"": '""Cấp quản lý'""}"," {'""max'"": 4047713463"," '""min'"": 3533633313"," '""label'"": '""Cấp quản lý cao cấp'""}"," {'""max'"": 4196136000"," '""min'"": 4047713463"," '""label'"": '""Cấp điều hành'""}]""",2026-01-27 15:44:54.424881+00
20,"Extensive skill, knowledge, and experience needed. Typically requires more than 5 years of specialized experience in leadership roles.","Cần kỹ năng, kiến thức và kinh nghiệm sâu rộng. Thường yêu cầu hơn 5 năm kinh nghiệm chuyên môn trong vai trò lãnh đạo.","Master''s degree required. Some positions may require Ph.D., M.D., or J.D. (law degree).","Yêu cầu bằng thạc sĩ. Một số vị trí có thể yêu cầu bằng tiến sĩ, bác sĩ y khoa hoặc luật sư.",71126.00,167613.00,119369.00,USD,"[{""max"""": 102975.74"," '""min'"": 71126.0"," '""label'"": '""Intern Level'""}"," {'""max'"": 110109.53"," '""min'"": 102975.74"," """"label"""": """"Associate Level""""}"," {'""max'"": 136684.28"," '""min'"": 110109.53"," '""label'"": '""Manager Level'""}"," {'""max'"": 159277.29"," '""min'"": 136684.28"," '""label'"": '""Manager Level'""}"," {'""max'"": 167613.0"," '""min'"": 159277.29"," '""label'"": '""Executive Level'""}]""",1707024000.00,4022712000.00,2864856000.00,VND,"[{'max'"": 2471417841"," '""min'"": 1707024000"," '""label'"": '""Cấp thực tập sinh'""}"," {'""max'"": 2642628642"," '""min'"": 2471417841"," '""label'"": '""Cấp nhân viên'""}"," {'""max'"": 3280422754"," '""min'"": 2642628642"," '""label'"": '""Cấp quản lý'""}"," {'""max'"": 3822654874"," '""min'"": 3280422754"," '""label'"": '""Cấp quản lý cao cấp'""}"," {'""max'"": 4022712000"," '""min'"": 3822654874"," '""label'"": '""Cấp điều hành'""}]""",2026-01-27 15:44:54.424881+00
21,"Extensive skill, knowledge, and experience needed. Typically requires more than 5 years of specialized experience in leadership roles.","Cần kỹ năng, kiến thức và kinh nghiệm sâu rộng. Thường yêu cầu hơn 5 năm kinh nghiệm chuyên môn trong vai trò lãnh đạo.","Master''s degree required. Some positions may require Ph.D., M.D., or J.D. (law degree).","Yêu cầu bằng thạc sĩ. Một số vị trí có thể yêu cầu bằng tiến sĩ, bác sĩ y khoa hoặc luật sư.",70069.00,183678.00,126873.00,USD,"[{""max"""": 99996.85"," '""min'"": 70069.0"," '""label'"": '""Intern Level'""}"," {'""max'"": 119196.16"," '""min'"": 99996.85"," """"label"""": """"Associate Level""""}"," {'""max'"": 145363.36"," '""min'"": 119196.16"," '""label'"": '""Manager Level'""}"," {'""max'"": 178611.15"," '""min'"": 145363.36"," '""label'"": '""Manager Level'""}"," {'""max'"": 183678.0"," '""min'"": 178611.15"," '""label'"": '""Executive Level'""}]""",1681656000.00,4408272000.00,3044952000.00,VND,"[{'max'"": 2399924426"," '""min'"": 1681656000"," '""label'"": '""Cấp thực tập sinh'""}"," {'""max'"": 2860707802"," '""min'"": 2399924426"," '""label'"": '""Cấp nhân viên'""}"," {'""max'"": 3488720750"," '""min'"": 2860707802"," '""label'"": '""Cấp quản lý'""}"," {'""max'"": 4286667688"," '""min'"": 3488720750"," '""label'"": '""Cấp quản lý cao cấp'""}"," {'""max'"": 4408272000"," '""min'"": 4286667688"," '""label'"": '""Cấp điều hành'""}]""",2026-01-27 15:44:54.424881+00
22,"Extensive skill, knowledge, and experience needed. Typically requires more than 5 years of specialized experience in leadership roles.","Cần kỹ năng, kiến thức và kinh nghiệm sâu rộng. Thường yêu cầu hơn 5 năm kinh nghiệm chuyên môn trong vai trò lãnh đạo.","Master''s degree required. Some positions may require Ph.D., M.D., or J.D. (law degree).","Yêu cầu bằng thạc sĩ. Một số vị trí có thể yêu cầu bằng tiến sĩ, bác sĩ y khoa hoặc luật sư.",74086.00,100122.00,87104.00,USD,"[{""max"""": 80805.38"," '""min'"": 74086.0"," '""label'"": '""Intern Level'""}"," {'""max'"": 84850.49"," '""min'"": 80805.38"," """"label"""": """"Associate Level""""}"," {'""max'"": 93210.4"," '""min'"": 84850.49"," '""label'"": '""Manager Level'""}"," {'""max'"": 97991.46"," '""min'"": 93210.4"," '""label'"": '""Manager Level'""}"," {'""max'"": 100122.0"," '""min'"": 97991.46"," '""label'"": '""Executive Level'""}]""",1778064000.00,2402928000.00,2090496000.00,VND,"[{'max'"": 1939329143"," '""min'"": 1778064000"," '""label'"": '""Cấp thực tập sinh'""}"," {'""max'"": 2036411804"," '""min'"": 1939329143"," '""label'"": '""Cấp nhân viên'""}"," {'""max'"": 2237049558"," '""min'"": 2036411804"," '""label'"": '""Cấp quản lý'""}"," {'""max'"": 2351795083"," '""min'"": 2237049558"," '""label'"": '""Cấp quản lý cao cấp'""}"," {'""max'"": 2402928000"," '""min'"": 2351795083"," '""label'"": '""Cấp điều hành'""}]""",2026-01-27 15:44:54.424881+00
23,"Extensive skill, knowledge, and experience needed. Typically requires more than 5 years of specialized experience in leadership roles.","Cần kỹ năng, kiến thức và kinh nghiệm sâu rộng. Thường yêu cầu hơn 5 năm kinh nghiệm chuyên môn trong vai trò lãnh đạo.","Master''s degree required. Some positions may require Ph.D., M.D., or J.D. (law degree).","Yêu cầu bằng thạc sĩ. Một số vị trí có thể yêu cầu bằng tiến sĩ, bác sĩ y khoa hoặc luật sư.",78688.00,169422.00,124055.00,USD,"[{""max"""": 105874.92"," '""min'"": 78688.0"," '""label'"": '""Intern Level'""}"," {'""max'"": 120695.17"," '""min'"": 105874.92"," """"label"""": """"Associate Level""""}"," {'""max'"": 144852.88"," '""min'"": 120695.17"," '""label'"": '""Manager Level'""}"," {'""max'"": 166348.33"," '""min'"": 144852.88"," '""label'"": '""Manager Level'""}"," {'""max'"": 169422.0"," '""min'"": 166348.33"," '""label'"": '""Executive Level'""}]""",1888512000.00,4066128000.00,2977320000.00,VND,"[{'max'"": 2540998108"," '""min'"": 1888512000"," '""label'"": '""Cấp thực tập sinh'""}"," {'""max'"": 2896684026"," '""min'"": 2540998108"," '""label'"": '""Cấp nhân viên'""}"," {'""max'"": 3476469001"," '""min'"": 2896684026"," '""label'"": '""Cấp quản lý'""}"," {'""max'"": 3992359900"," '""min'"": 3476469001"," '""label'"": '""Cấp quản lý cao cấp'""}"," {'""max'"": 4066128000"," '""min'"": 3992359900"," '""label'"": '""Cấp điều hành'""}]""",2026-01-27 15:44:54.424881+00
24,"Extensive skill, knowledge, and experience needed. Typically requires more than 5 years of specialized experience in leadership roles.","Cần kỹ năng, kiến thức và kinh nghiệm sâu rộng. Thường yêu cầu hơn 5 năm kinh nghiệm chuyên môn trong vai trò lãnh đạo.","Master''s degree required. Some positions may require Ph.D., M.D., or J.D. (law degree).","Yêu cầu bằng thạc sĩ. Một số vị trí có thể yêu cầu bằng tiến sĩ, bác sĩ y khoa hoặc luật sư.",52099.00,118011.00,85055.00,USD,"[{""max"""": 71792.46"," '""min'"": 52099.0"," '""label'"": '""Intern Level'""}"," {'""max'"": 78660.68"," '""min'"": 71792.46"," """"label"""": """"Associate Level""""}"," {'""max'"": 101216.88"," '""min'"": 78660.68"," '""label'"": '""Manager Level'""}"," {'""max'"": 112931.36"," '""min'"": 101216.88"," '""label'"": '""Manager Level'""}"," {'""max'"": 118011.0"," '""min'"": 112931.36"," '""label'"": '""Executive Level'""}]""",1250376000.00,2832264000.00,2041320000.00,VND,"[{'max'"": 1723019106"," '""min'"": 1250376000"," '""label'"": '""Cấp thực tập sinh'""}"," {'""max'"": 1887856361"," '""min'"": 1723019106"," '""label'"": '""Cấp nhân viên'""}"," {'""max'"": 2429205150"," '""min'"": 1887856361"," '""label'"": '""Cấp quản lý'""}"," {'""max'"": 2710352678"," '""min'"": 2429205150"," '""label'"": '""Cấp quản lý cao cấp'""}"," {'""max'"": 2832264000"," '""min'"": 2710352678"," '""label'"": '""Cấp điều hành'""}]""",2026-01-27 15:44:54.424881+00
25,"Extensive skill, knowledge, and experience needed. Typically requires more than 5 years of specialized experience in leadership roles.","Cần kỹ năng, kiến thức và kinh nghiệm sâu rộng. Thường yêu cầu hơn 5 năm kinh nghiệm chuyên môn trong vai trò lãnh đạo.","Master''s degree required. Some positions may require Ph.D., M.D., or J.D. (law degree).","Yêu cầu bằng thạc sĩ. Một số vị trí có thể yêu cầu bằng tiến sĩ, bác sĩ y khoa hoặc luật sư.",47229.00,141973.00,94601.00,USD,"[{""max"""": 79932.12"," '""min'"": 47229.0"," '""label'"": '""Intern Level'""}"," {'""max'"": 92298.91"," '""min'"": 79932.12"," """"label"""": """"Associate Level""""}"," {'""max'"": 110829.52"," '""min'"": 92298.91"," '""label'"": '""Manager Level'""}"," {'""max'"": 138522.9"," '""min'"": 110829.52"," '""label'"": '""Manager Level'""}"," {'""max'"": 141973.0"," '""min'"": 138522.9"," '""label'"": '""Executive Level'""}]""",1133496000.00,3407352000.00,2270424000.00,VND,"[{'max'"": 1918370876"," '""min'"": 1133496000"," '""label'"": '""Cấp thực tập sinh'""}"," {'""max'"": 2215173930"," '""min'"": 1918370876"," '""label'"": '""Cấp nhân viên'""}"," {'""max'"": 2659908596"," '""min'"": 2215173930"," '""label'"": '""Cấp quản lý'""}"," {'""max'"": 3324549676"," '""min'"": 2659908596"," '""label'"": '""Cấp quản lý cao cấp'""}"," {'""max'"": 3407352000"," '""min'"": 3324549676"," '""label'"": '""Cấp điều hành'""}]""",2026-01-27 15:44:54.424881+00
26,"Extensive skill, knowledge, and experience needed. Typically requires more than 5 years of specialized experience in leadership roles.","Cần kỹ năng, kiến thức và kinh nghiệm sâu rộng. Thường yêu cầu hơn 5 năm kinh nghiệm chuyên môn trong vai trò lãnh đạo.","Master''s degree required. Some positions may require Ph.D., M.D., or J.D. (law degree).","Yêu cầu bằng thạc sĩ. Một số vị trí có thể yêu cầu bằng tiến sĩ, bác sĩ y khoa hoặc luật sư.",61335.00,129914.00,95624.00,USD,"[{""max"""": 82148.88"," '""min'"": 61335.0"," '""label'"": '""Intern Level'""}"," {'""max'"": 91650.48"," '""min'"": 82148.88"," """"label"""": """"Associate Level""""}"," {'""max'"": 106620.19"," '""min'"": 91650.48"," '""label'"": '""Manager Level'""}"," {'""max'"": 128881.91"," '""min'"": 106620.19"," '""label'"": '""Manager Level'""}"," {'""max'"": 129914.0"," '""min'"": 128881.91"," '""label'"": '""Executive Level'""}]""",1472040000.00,3117936000.00,2294976000.00,VND,"[{'max'"": 1971573129"," '""min'"": 1472040000"," '""label'"": '""Cấp thực tập sinh'""}"," {'""max'"": 2199611532"," '""min'"": 1971573129"," '""label'"": '""Cấp nhân viên'""}"," {'""max'"": 2558884635"," '""min'"": 2199611532"," '""label'"": '""Cấp quản lý'""}"," {'""max'"": 3093165918"," '""min'"": 2558884635"," '""label'"": '""Cấp quản lý cao cấp'""}"," {'""max'"": 3117936000"," '""min'"": 3093165918"," '""label'"": '""Cấp điều hành'""}]""",2026-01-27 15:44:54.424881+00
27,"Extensive skill, knowledge, and experience needed. Typically requires more than 5 years of specialized experience in leadership roles.","Cần kỹ năng, kiến thức và kinh nghiệm sâu rộng. Thường yêu cầu hơn 5 năm kinh nghiệm chuyên môn trong vai trò lãnh đạo.","Master''s degree required. Some positions may require Ph.D., M.D., or J.D. (law degree).","Yêu cầu bằng thạc sĩ. Một số vị trí có thể yêu cầu bằng tiến sĩ, bác sĩ y khoa hoặc luật sư.",73519.00,195726.00,134622.00,USD,"[{""max"""": 108332.26"," '""min'"": 73519.0"," '""label'"": '""Intern Level'""}"," {'""max'"": 133211.1"," '""min'"": 108332.26"," """"label"""": """"Associate Level""""}"," {'""max'"": 157931.4"," '""min'"": 133211.1"," '""label'"": '""Manager Level'""}"," {'""max'"": 188019.54"," '""min'"": 157931.4"," '""label'"": '""Manager Level'""}"," {'""max'"": 195726.0"," '""min'"": 188019.54"," '""label'"": '""Executive Level'""}]""",1764456000.00,4697424000.00,3230928000.00,VND,"[{'max'"": 2599974266"," '""min'"": 1764456000"," '""label'"": '""Cấp thực tập sinh'""}"," {'""max'"": 3197066435"," '""min'"": 2599974266"," '""label'"": '""Cấp nhân viên'""}"," {'""max'"": 3790353686"," '""min'"": 3197066435"," '""label'"": '""Cấp quản lý'""}"," {'""max'"": 4512468984"," '""min'"": 3790353686"," '""label'"": '""Cấp quản lý cao cấp'""}"," {'""max'"": 4697424000"," '""min'"": 4512468984"," '""label'"": '""Cấp điều hành'""}]""",2026-01-27 15:44:54.424881+00
28,"Extensive skill, knowledge, and experience needed. Typically requires more than 5 years of specialized experience in leadership roles.","Cần kỹ năng, kiến thức và kinh nghiệm sâu rộng. Thường yêu cầu hơn 5 năm kinh nghiệm chuyên môn trong vai trò lãnh đạo.","Master''s degree required. Some positions may require Ph.D., M.D., or J.D. (law degree).","Yêu cầu bằng thạc sĩ. Một số vị trí có thể yêu cầu bằng tiến sĩ, bác sĩ y khoa hoặc luật sư.",64235.00,142154.00,103194.00,USD,"[{""max"""": 84415.72"," '""min'"": 64235.0"," '""label'"": '""Intern Level'""}"," {'""max'"": 96569.53"," '""min'"": 84415.72"," """"label"""": """"Associate Level""""}"," {'""max'"": 117321.3"," '""min'"": 96569.53"," '""label'"": '""Manager Level'""}"," {'""max'"": 136792.26"," '""min'"": 117321.3"," '""label'"": '""Manager Level'""}"," {'""max'"": 142154.0"," '""min'"": 136792.26"," '""label'"": '""Executive Level'""}]""",1541640000.00,3411696000.00,2476656000.00,VND,"[{'max'"": 2025977191"," '""min'"": 1541640000"," '""label'"": '""Cấp thực tập sinh'""}"," {'""max'"": 2317668605"," '""min'"": 2025977191"," '""label'"": '""Cấp nhân viên'""}"," {'""max'"": 2815711127"," '""min'"": 2317668605"," '""label'"": '""Cấp quản lý'""}"," {'""max'"": 3283014131"," '""min'"": 2815711127"," '""label'"": '""Cấp quản lý cao cấp'""}"," {'""max'"": 3411696000"," '""min'"": 3283014131"," '""label'"": '""Cấp điều hành'""}]""",2026-01-27 15:44:54.424881+00
29,"Extensive skill, knowledge, and experience needed. Typically requires more than 5 years of specialized experience in leadership roles.","Cần kỹ năng, kiến thức và kinh nghiệm sâu rộng. Thường yêu cầu hơn 5 năm kinh nghiệm chuyên môn trong vai trò lãnh đạo.","Master''s degree required. Some positions may require Ph.D., M.D., or J.D. (law degree).","Yêu cầu bằng thạc sĩ. Một số vị trí có thể yêu cầu bằng tiến sĩ, bác sĩ y khoa hoặc luật sư.",79657.00,133163.00,106410.00,USD,"[{""max"""": 93625.45"," '""min'"": 79657.0"," '""label'"": '""Intern Level'""}"," {'""max'"": 102543.21"," '""min'"": 93625.45"," """"label"""": """"Associate Level""""}"," {'""max'"": 116276.31"," '""min'"": 102543.21"," '""label'"": '""Manager Level'""}"," {'""max'"": 128164.73"," '""min'"": 116276.31"," '""label'"": '""Manager Level'""}"," {'""max'"": 133163.0"," '""min'"": 128164.73"," '""label'"": '""Executive Level'""}]""",1911768000.00,3195912000.00,2553840000.00,VND,"[{'max'"": 2247010775"," '""min'"": 1911768000"," '""label'"": '""Cấp thực tập sinh'""}"," {'""max'"": 2461037038"," '""min'"": 2247010775"," '""label'"": '""Cấp nhân viên'""}"," {'""max'"": 2790631440"," '""min'"": 2461037038"," '""label'"": '""Cấp quản lý'""}"," {'""max'"": 3075953536"," '""min'"": 2790631440"," '""label'"": '""Cấp quản lý cao cấp'""}"," {'""max'"": 3195912000"," '""min'"": 3075953536"," '""label'"": '""Cấp điều hành'""}]""",2026-01-27 15:44:54.424881+00
30,"Extensive skill, knowledge, and experience needed. Typically requires more than 5 years of specialized experience in leadership roles.","Cần kỹ năng, kiến thức và kinh nghiệm sâu rộng. Thường yêu cầu hơn 5 năm kinh nghiệm chuyên môn trong vai trò lãnh đạo.","Master''s degree required. Some positions may require Ph.D., M.D., or J.D. (law degree).","Yêu cầu bằng thạc sĩ. Một số vị trí có thể yêu cầu bằng tiến sĩ, bác sĩ y khoa hoặc luật sư.",55740.00,153717.00,104728.00,USD,"[{""max"""": 86169.89"," '""min'"": 55740.0"," '""label'"": '""Intern Level'""}"," {'""max'"": 102806.69"," '""min'"": 86169.89"," """"label"""": """"Associate Level""""}"," {'""max'"": 121986.71"," '""min'"": 102806.69"," '""label'"": '""Manager Level'""}"," {'""max'"": 146587.45"," '""min'"": 121986.71"," '""label'"": '""Manager Level'""}"," {'""max'"": 153717.0"," '""min'"": 146587.45"," '""label'"": '""Executive Level'""}]""",1337760000.00,3689208000.00,2513472000.00,VND,"[{'max'"": 2068077467"," '""min'"": 1337760000"," '""label'"": '""Cấp thực tập sinh'""}"," {'""max'"": 2467360554"," '""min'"": 2068077467"," '""label'"": '""Cấp nhân viên'""}"," {'""max'"": 2927680970"," '""min'"": 2467360554"," '""label'"": '""Cấp quản lý'""}"," {'""max'"": 3518098762"," '""min'"": 2927680970"," '""label'"": '""Cấp quản lý cao cấp'""}"," {'""max'"": 3689208000"," '""min'"": 3518098762"," '""label'"": '""Cấp điều hành'""}]""",2026-01-27 15:44:54.424881+00
31,"Extensive skill, knowledge, and experience needed. Typically requires more than 5 years of specialized experience in leadership roles.","Cần kỹ năng, kiến thức và kinh nghiệm sâu rộng. Thường yêu cầu hơn 5 năm kinh nghiệm chuyên môn trong vai trò lãnh đạo.","Master''s degree required. Some positions may require Ph.D., M.D., or J.D. (law degree).","Yêu cầu bằng thạc sĩ. Một số vị trí có thể yêu cầu bằng tiến sĩ, bác sĩ y khoa hoặc luật sư.",52434.00,146149.00,99291.00,USD,"[{""max"""": 81025.87"," '""min'"": 52434.0"," '""label'"": '""Intern Level'""}"," {'""max'"": 93351.48"," '""min'"": 81025.87"," """"label"""": """"Associate Level""""}"," {'""max'"": 115661.71"," '""min'"": 93351.48"," '""label'"": '""Manager Level'""}"," {'""max'"": 139027.29"," '""min'"": 115661.71"," '""label'"": '""Manager Level'""}"," {'""max'"": 146149.0"," '""min'"": 139027.29"," '""label'"": '""Executive Level'""}]""",1258416000.00,3507576000.00,2382984000.00,VND,"[{'max'"": 1944620928"," '""min'"": 1258416000"," '""label'"": '""Cấp thực tập sinh'""}"," {'""max'"": 2240435604"," '""min'"": 1944620928"," '""label'"": '""Cấp nhân viên'""}"," {'""max'"": 2775881158"," '""min'"": 2240435604"," '""label'"": '""Cấp quản lý'""}"," {'""max'"": 3336654973"," '""min'"": 2775881158"," '""label'"": '""Cấp quản lý cao cấp'""}"," {'""max'"": 3507576000"," '""min'"": 3336654973"," '""label'"": '""Cấp điều hành'""}]""",2026-01-27 15:44:54.424881+00
32,"Extensive skill, knowledge, and experience needed. Typically requires more than 5 years of specialized experience in leadership roles.","Cần kỹ năng, kiến thức và kinh nghiệm sâu rộng. Thường yêu cầu hơn 5 năm kinh nghiệm chuyên môn trong vai trò lãnh đạo.","Master''s degree required. Some positions may require Ph.D., M.D., or J.D. (law degree).","Yêu cầu bằng thạc sĩ. Một số vị trí có thể yêu cầu bằng tiến sĩ, bác sĩ y khoa hoặc luật sư.",70558.00,103907.00,87232.00,USD,"[{""max"""": 79978.11"," '""min'"": 70558.0"," '""label'"": '""Intern Level'""}"," {'""max'"": 86586.89"," '""min'"": 79978.11"," """"label"""": """"Associate Level""""}"," {'""max'"": 95252.69"," '""min'"": 86586.89"," '""label'"": '""Manager Level'""}"," {'""max'"": 102723.38"," '""min'"": 95252.69"," '""label'"": '""Manager Level'""}"," {'""max'"": 103907.0"," '""min'"": 102723.38"," '""label'"": '""Executive Level'""}]""",1693392000.00,2493768000.00,2093568000.00,VND,"[{'max'"": 1919474606"," '""min'"": 1693392000"," '""label'"": '""Cấp thực tập sinh'""}"," {'""max'"": 2078085440"," '""min'"": 1919474606"," '""label'"": '""Cấp nhân viên'""}"," {'""max'"": 2286064517"," '""min'"": 2078085440"," '""label'"": '""Cấp quản lý'""}"," {'""max'"": 2465361031"," '""min'"": 2286064517"," '""label'"": '""Cấp quản lý cao cấp'""}"," {'""max'"": 2493768000"," '""min'"": 2465361031"," '""label'"": '""Cấp điều hành'""}]""",2026-01-27 15:44:54.424881+00
33,"Extensive skill, knowledge, and experience needed. Typically requires more than 5 years of specialized experience in leadership roles.","Cần kỹ năng, kiến thức và kinh nghiệm sâu rộng. Thường yêu cầu hơn 5 năm kinh nghiệm chuyên môn trong vai trò lãnh đạo.","Master''s degree required. Some positions may require Ph.D., M.D., or J.D. (law degree).","Yêu cầu bằng thạc sĩ. Một số vị trí có thể yêu cầu bằng tiến sĩ, bác sĩ y khoa hoặc luật sư.",47029.00,127405.00,87217.00,USD,"[{""max"""": 71548.25"," '""min'"": 47029.0"," '""label'"": '""Intern Level'""}"," {'""max'"": 86156.6"," '""min'"": 71548.25"," """"label"""": """"Associate Level""""}"," {'""max'"": 103523.29"," '""min'"": 86156.6"," '""label'"": '""Manager Level'""}"," {'""max'"": 120567.9"," '""min'"": 103523.29"," '""label'"": '""Manager Level'""}"," {'""max'"": 127405.0"," '""min'"": 120567.9"," '""label'"": '""Executive Level'""}]""",1128696000.00,3057720000.00,2093208000.00,VND,"[{'max'"": 1717157947"," '""min'"": 1128696000"," '""label'"": '""Cấp thực tập sinh'""}"," {'""max'"": 2067758285"," '""min'"": 1717157947"," '""label'"": '""Cấp nhân viên'""}"," {'""max'"": 2484559029"," '""min'"": 2067758285"," '""label'"": '""Cấp quản lý'""}"," {'""max'"": 2893629715"," '""min'"": 2484559029"," '""label'"": '""Cấp quản lý cao cấp'""}"," {'""max'"": 3057720000"," '""min'"": 2893629715"," '""label'"": '""Cấp điều hành'""}]""",2026-01-27 15:44:54.424881+00
34,"Extensive skill, knowledge, and experience needed. Typically requires more than 5 years of specialized experience in leadership roles.","Cần kỹ năng, kiến thức và kinh nghiệm sâu rộng. Thường yêu cầu hơn 5 năm kinh nghiệm chuyên môn trong vai trò lãnh đạo.","Master''s degree required. Some positions may require Ph.D., M.D., or J.D. (law degree).","Yêu cầu bằng thạc sĩ. Một số vị trí có thể yêu cầu bằng tiến sĩ, bác sĩ y khoa hoặc luật sư.",40045.00,177236.00,108640.00,USD,"[{""max"""": 86016.52"," '""min'"": 40045.0"," '""label'"": '""Intern Level'""}"," {'""max'"": 97308.97"," '""min'"": 86016.52"," """"label"""": """"Associate Level""""}"," {'""max'"": 142106.0"," '""min'"": 97308.97"," '""label'"": '""Manager Level'""}"," {'""max'"": 174609.19"," '""min'"": 142106.0"," '""label'"": '""Manager Level'""}"," {'""max'"": 177236.0"," '""min'"": 174609.19"," '""label'"": '""Executive Level'""}]""",961080000.00,4253664000.00,2607360000.00,VND,"[{'max'"": 2064396513"," '""min'"": 961080000"," '""label'"": '""Cấp thực tập sinh'""}"," {'""max'"": 2335415310"," '""min'"": 2064396513"," '""label'"": '""Cấp nhân viên'""}"," {'""max'"": 3410544052"," '""min'"": 2335415310"," '""label'"": '""Cấp quản lý'""}"," {'""max'"": 4190620470"," '""min'"": 3410544052"," '""label'"": '""Cấp quản lý cao cấp'""}"," {'""max'"": 4253664000"," '""min'"": 4190620470"," '""label'"": '""Cấp điều hành'""}]""",2026-01-27 15:44:54.424881+00
35,"Extensive skill, knowledge, and experience needed. Typically requires more than 5 years of specialized experience in leadership roles.","Cần kỹ năng, kiến thức và kinh nghiệm sâu rộng. Thường yêu cầu hơn 5 năm kinh nghiệm chuyên môn trong vai trò lãnh đạo.","Master''s degree required. Some positions may require Ph.D., M.D., or J.D. (law degree).","Yêu cầu bằng thạc sĩ. Một số vị trí có thể yêu cầu bằng tiến sĩ, bác sĩ y khoa hoặc luật sư.",58706.00,172429.00,115567.00,USD,"[{""max"""": 97938.41"," '""min'"": 58706.0"," '""label'"": '""Intern Level'""}"," {'""max'"": 109341.78"," '""min'"": 97938.41"," """"label"""": """"Associate Level""""}"," {'""max'"": 138975.44"," '""min'"": 109341.78"," '""label'"": '""Manager Level'""}"," {'""max'"": 166142.32"," '""min'"": 138975.44"," '""label'"": '""Manager Level'""}"," {'""max'"": 172429.0"," '""min'"": 166142.32"," '""label'"": '""Executive Level'""}]""",1408944000.00,4138296000.00,2773608000.00,VND,"[{'max'"": 2350521853"," '""min'"": 1408944000"," '""label'"": '""Cấp thực tập sinh'""}"," {'""max'"": 2624202625"," '""min'"": 2350521853"," '""label'"": '""Cấp nhân viên'""}"," {'""max'"": 3335410576"," '""min'"": 2624202625"," '""label'"": '""Cấp quản lý'""}"," {'""max'"": 3987415763"," '""min'"": 3335410576"," '""label'"": '""Cấp quản lý cao cấp'""}"," {'""max'"": 4138296000"," '""min'"": 3987415763"," '""label'"": '""Cấp điều hành'""}]""",2026-01-27 15:44:54.424881+00
36,"Extensive skill, knowledge, and experience needed. Typically requires more than 5 years of specialized experience in leadership roles.","Cần kỹ năng, kiến thức và kinh nghiệm sâu rộng. Thường yêu cầu hơn 5 năm kinh nghiệm chuyên môn trong vai trò lãnh đạo.","Master''s degree required. Some positions may require Ph.D., M.D., or J.D. (law degree).","Yêu cầu bằng thạc sĩ. Một số vị trí có thể yêu cầu bằng tiến sĩ, bác sĩ y khoa hoặc luật sư.",58433.00,168084.00,113258.00,USD,"[{""max"""": 95419.46"," '""min'"": 58433.0"," '""label'"": '""Intern Level'""}"," {'""max'"": 107751.59"," '""min'"": 95419.46"," """"label"""": """"Associate Level""""}"," {'""max'"": 140047.37"," '""min'"": 107751.59"," '""label'"": '""Manager Level'""}"," {'""max'"": 167945.91"," '""min'"": 140047.37"," '""label'"": '""Manager Level'""}"," {'""max'"": 168084.0"," '""min'"": 167945.91"," '""label'"": '""Executive Level'""}]""",1402392000.00,4034016000.00,2718192000.00,VND,"[{'max'"": 2290066992"," '""min'"": 1402392000"," '""label'"": '""Cấp thực tập sinh'""}"," {'""max'"": 2586038068"," '""min'"": 2290066992"," '""label'"": '""Cấp nhân viên'""}"," {'""max'"": 3361136879"," '""min'"": 2586038068"," '""label'"": '""Cấp quản lý'""}"," {'""max'"": 4030701872"," '""min'"": 3361136879"," '""label'"": '""Cấp quản lý cao cấp'""}"," {'""max'"": 4034016000"," '""min'"": 4030701872"," '""label'"": '""Cấp điều hành'""}]""",2026-01-27 15:44:54.424881+00
37,"Extensive skill, knowledge, and experience needed. Typically requires more than 5 years of specialized experience in leadership roles.","Cần kỹ năng, kiến thức và kinh nghiệm sâu rộng. Thường yêu cầu hơn 5 năm kinh nghiệm chuyên môn trong vai trò lãnh đạo.","Master''s degree required. Some positions may require Ph.D., M.D., or J.D. (law degree).","Yêu cầu bằng thạc sĩ. Một số vị trí có thể yêu cầu bằng tiến sĩ, bác sĩ y khoa hoặc luật sư.",41282.00,126308.00,83795.00,USD,"[{""max"""": 68262.85"," '""min'"": 41282.0"," '""label'"": '""Intern Level'""}"," {'""max'"": 76318.16"," '""min'"": 68262.85"," """"label"""": """"Associate Level""""}"," {'""max'"": 99187.26"," '""min'"": 76318.16"," '""label'"": '""Manager Level'""}"," {'""max'"": 121696.82"," '""min'"": 99187.26"," '""label'"": '""Manager Level'""}"," {'""max'"": 126308.0"," '""min'"": 121696.82"," '""label'"": '""Executive Level'""}]""",990768000.00,3031392000.00,2011080000.00,VND,"[{'max'"": 1638308482"," '""min'"": 990768000"," '""label'"": '""Cấp thực tập sinh'""}"," {'""max'"": 1831635843"," '""min'"": 1638308482"," '""label'"": '""Cấp nhân viên'""}"," {'""max'"": 2380494327"," '""min'"": 1831635843"," '""label'"": '""Cấp quản lý'""}"," {'""max'"": 2920723723"," '""min'"": 2380494327"," '""label'"": '""Cấp quản lý cao cấp'""}"," {'""max'"": 3031392000"," '""min'"": 2920723723"," '""label'"": '""Cấp điều hành'""}]""",2026-01-27 15:44:54.424881+00
38,"Extensive skill, knowledge, and experience needed. Typically requires more than 5 years of specialized experience in leadership roles.","Cần kỹ năng, kiến thức và kinh nghiệm sâu rộng. Thường yêu cầu hơn 5 năm kinh nghiệm chuyên môn trong vai trò lãnh đạo.","Master''s degree required. Some positions may require Ph.D., M.D., or J.D. (law degree).","Yêu cầu bằng thạc sĩ. Một số vị trí có thể yêu cầu bằng tiến sĩ, bác sĩ y khoa hoặc luật sư.",40230.00,111766.00,75998.00,USD,"[{""max"""": 64103.92"," '""min'"": 40230.0"," '""label'"": '""Intern Level'""}"," {'""max'"": 74236.87"," '""min'"": 64103.92"," """"label"""": """"Associate Level""""}"," {'""max'"": 88014.1"," '""min'"": 74236.87"," '""label'"": '""Manager Level'""}"," {'""max'"": 108041.11"," '""min'"": 88014.1"," '""label'"": '""Manager Level'""}"," {'""max'"": 111766.0"," '""min'"": 108041.11"," '""label'"": '""Executive Level'""}]""",965520000.00,2682384000.00,1823952000.00,VND,"[{'max'"": 1538494077"," '""min'"": 965520000"," '""label'"": '""Cấp thực tập sinh'""}"," {'""max'"": 1781684833"," '""min'"": 1538494077"," '""label'"": '""Cấp nhân viên'""}"," {'""max'"": 2112338359"," '""min'"": 1781684833"," '""label'"": '""Cấp quản lý'""}"," {'""max'"": 2592986604"," '""min'"": 2112338359"," '""label'"": '""Cấp quản lý cao cấp'""}"," {'""max'"": 2682384000"," '""min'"": 2592986604"," '""label'"": '""Cấp điều hành'""}]""",2026-01-27 15:44:54.424881+00
39,"Extensive skill, knowledge, and experience needed. Typically requires more than 5 years of specialized experience in leadership roles.","Cần kỹ năng, kiến thức và kinh nghiệm sâu rộng. Thường yêu cầu hơn 5 năm kinh nghiệm chuyên môn trong vai trò lãnh đạo.","Master''s degree required. Some positions may require Ph.D., M.D., or J.D. (law degree).","Yêu cầu bằng thạc sĩ. Một số vị trí có thể yêu cầu bằng tiến sĩ, bác sĩ y khoa hoặc luật sư.",51412.00,191228.00,121320.00,USD,"[{""max"""": 91146.48"," '""min'"": 51412.0"," '""label'"": '""Intern Level'""}"," {'""max'"": 120864.59"," '""min'"": 91146.48"," """"label"""": """"Associate Level""""}"," {'""max'"": 152077.0"," '""min'"": 120864.59"," '""label'"": '""Manager Level'""}"," {'""max'"": 184116.79"," '""min'"": 152077.0"," '""label'"": '""Manager Level'""}"," {'""max'"": 191228.0"," '""min'"": 184116.79"," '""label'"": '""Executive Level'""}]""",1233888000.00,4589472000.00,2911680000.00,VND,"[{'max'"": 2187515523"," '""min'"": 1233888000"," '""label'"": '""Cấp thực tập sinh'""}"," {'""max'"": 2900750184"," '""min'"": 2187515523"," '""label'"": '""Cấp nhân viên'""}"," {'""max'"": 3649847983"," '""min'"": 2900750184"," '""label'"": '""Cấp quản lý'""}"," {'""max'"": 4418802844"," '""min'"": 3649847983"," '""label'"": '""Cấp quản lý cao cấp'""}"," {'""max'"": 4589472000"," '""min'"": 4418802844"," '""label'"": '""Cấp điều hành'""}]""",2026-01-27 15:44:54.424881+00
40,"Extensive skill, knowledge, and experience needed. Typically requires more than 5 years of specialized experience in leadership roles.","Cần kỹ năng, kiến thức và kinh nghiệm sâu rộng. Thường yêu cầu hơn 5 năm kinh nghiệm chuyên môn trong vai trò lãnh đạo.","Master''s degree required. Some positions may require Ph.D., M.D., or J.D. (law degree).","Yêu cầu bằng thạc sĩ. Một số vị trí có thể yêu cầu bằng tiến sĩ, bác sĩ y khoa hoặc luật sư.",71714.00,196889.00,134301.00,USD,"[{""max"""": 109003.25"," '""min'"": 71714.0"," '""label'"": '""Intern Level'""}"," {'""max'"": 124985.04"," '""min'"": 109003.25"," """"label"""": """"Associate Level""""}"," {'""max'"": 161613.74"," '""min'"": 124985.04"," '""label'"": '""Manager Level'""}"," {'""max'"": 187345.43"," '""min'"": 161613.74"," '""label'"": '""Manager Level'""}"," {'""max'"": 196889.0"," '""min'"": 187345.43"," '""label'"": '""Executive Level'""}]""",1721136000.00,4725336000.00,3223224000.00,VND,"[{'max'"": 2616078080"," '""min'"": 1721136000"," '""label'"": '""Cấp thực tập sinh'""}"," {'""max'"": 2999640936"," '""min'"": 2616078080"," '""label'"": '""Cấp nhân viên'""}"," {'""max'"": 3878729674"," '""min'"": 2999640936"," '""label'"": '""Cấp quản lý'""}"," {'""max'"": 4496290433"," '""min'"": 3878729674"," '""label'"": '""Cấp quản lý cao cấp'""}"," {'""max'"": 4725336000"," '""min'"": 4496290433"," '""label'"": '""Cấp điều hành'""}]""",2026-01-27 15:44:54.424881+00
41,"Extensive skill, knowledge, and experience needed. Typically requires more than 5 years of specialized experience in leadership roles.","Cần kỹ năng, kiến thức và kinh nghiệm sâu rộng. Thường yêu cầu hơn 5 năm kinh nghiệm chuyên môn trong vai trò lãnh đạo.","Master''s degree required. Some positions may require Ph.D., M.D., or J.D. (law degree).","Yêu cầu bằng thạc sĩ. Một số vị trí có thể yêu cầu bằng tiến sĩ, bác sĩ y khoa hoặc luật sư.",60603.00,106489.00,83546.00,USD,"[{""max"""": 73949.16"," '""min'"": 60603.0"," '""label'"": '""Intern Level'""}"," {'""max'"": 83517.13"," '""min'"": 73949.16"," """"label"""": """"Associate Level""""}"," {'""max'"": 92222.35"," '""min'"": 83517.13"," '""label'"": '""Manager Level'""}"," {'""max'"": 106128.34"," '""min'"": 92222.35"," '""label'"": '""Manager Level'""}"," {'""max'"": 106489.0"," '""min'"": 106128.34"," '""label'"": '""Executive Level'""}]""",1454472000.00,2555736000.00,2005104000.00,VND,"[{'max'"": 1774779798"," '""min'"": 1454472000"," '""label'"": '""Cấp thực tập sinh'""}"," {'""max'"": 2004411082"," '""min'"": 1774779798"," '""label'"": '""Cấp nhân viên'""}"," {'""max'"": 2213336492"," '""min'"": 2004411082"," '""label'"": '""Cấp quản lý'""}"," {'""max'"": 2547080158"," '""min'"": 2213336492"," '""label'"": '""Cấp quản lý cao cấp'""}"," {'""max'"": 2555736000"," '""min'"": 2547080158"," '""label'"": '""Cấp điều hành'""}]""",2026-01-27 15:44:54.424881+00
42,"Extensive skill, knowledge, and experience needed. Typically requires more than 5 years of specialized experience in leadership roles.","Cần kỹ năng, kiến thức và kinh nghiệm sâu rộng. Thường yêu cầu hơn 5 năm kinh nghiệm chuyên môn trong vai trò lãnh đạo.","Master''s degree required. Some positions may require Ph.D., M.D., or J.D. (law degree).","Yêu cầu bằng thạc sĩ. Một số vị trí có thể yêu cầu bằng tiến sĩ, bác sĩ y khoa hoặc luật sư.",43756.00,175222.00,109489.00,USD,"[{""max"""": 88122.04"," '""min'"": 43756.0"," '""label'"": '""Intern Level'""}"," {'""max'"": 98273.73"," '""min'"": 88122.04"," """"label"""": """"Associate Level""""}"," {'""max'"": 141463.94"," '""min'"": 98273.73"," '""label'"": '""Manager Level'""}"," {'""max'"": 165220.14"," '""min'"": 141463.94"," '""label'"": '""Manager Level'""}"," {'""max'"": 175222.0"," '""min'"": 165220.14"," '""label'"": '""Executive Level'""}]""",1050144000.00,4205328000.00,2627736000.00,VND,"[{'max'"": 2114928935"," '""min'"": 1050144000"," '""label'"": '""Cấp thực tập sinh'""}"," {'""max'"": 2358569402"," '""min'"": 2114928935"," '""label'"": '""Cấp nhân viên'""}"," {'""max'"": 3395134500"," '""min'"": 2358569402"," '""label'"": '""Cấp quản lý'""}"," {'""max'"": 3965283430"," '""min'"": 3395134500"," '""label'"": '""Cấp quản lý cao cấp'""}"," {'""max'"": 4205328000"," '""min'"": 3965283430"," '""label'"": '""Cấp điều hành'""}]""",2026-01-27 15:44:54.424881+00
43,"Extensive skill, knowledge, and experience needed. Typically requires more than 5 years of specialized experience in leadership roles.","Cần kỹ năng, kiến thức và kinh nghiệm sâu rộng. Thường yêu cầu hơn 5 năm kinh nghiệm chuyên môn trong vai trò lãnh đạo.","Master''s degree required. Some positions may require Ph.D., M.D., or J.D. (law degree).","Yêu cầu bằng thạc sĩ. Một số vị trí có thể yêu cầu bằng tiến sĩ, bác sĩ y khoa hoặc luật sư.",42090.00,143655.00,92872.00,USD,"[{""max"""": 73726.91"," '""min'"": 42090.0"," '""label'"": '""Intern Level'""}"," {'""max'"": 92491.16"," '""min'"": 73726.91"," """"label"""": """"Associate Level""""}"," {'""max'"": 110886.03"," '""min'"": 92491.16"," '""label'"": '""Manager Level'""}"," {'""max'"": 140458.97"," '""min'"": 110886.03"," '""label'"": '""Manager Level'""}"," {'""max'"": 143655.0"," '""min'"": 140458.97"," '""label'"": '""Executive Level'""}]""",1010160000.00,3447720000.00,2228928000.00,VND,"[{'max'"": 1769445850"," '""min'"": 1010160000"," '""label'"": '""Cấp thực tập sinh'""}"," {'""max'"": 2219787926"," '""min'"": 1769445850"," '""label'"": '""Cấp nhân viên'""}"," {'""max'"": 2661264836"," '""min'"": 2219787926"," '""label'"": '""Cấp quản lý'""}"," {'""max'"": 3371015227"," '""min'"": 2661264836"," '""label'"": '""Cấp quản lý cao cấp'""}"," {'""max'"": 3447720000"," '""min'"": 3371015227"," '""label'"": '""Cấp điều hành'""}]""",2026-01-27 15:44:54.424881+00
44,"Extensive skill, knowledge, and experience needed. Typically requires more than 5 years of specialized experience in leadership roles.","Cần kỹ năng, kiến thức và kinh nghiệm sâu rộng. Thường yêu cầu hơn 5 năm kinh nghiệm chuyên môn trong vai trò lãnh đạo.","Master''s degree required. Some positions may require Ph.D., M.D., or J.D. (law degree).","Yêu cầu bằng thạc sĩ. Một số vị trí có thể yêu cầu bằng tiến sĩ, bác sĩ y khoa hoặc luật sư.",79348.00,193803.00,136575.00,USD,"[{""max"""": 111052.55"," '""min'"": 79348.0"," '""label'"": '""Intern Level'""}"," {'""max'"": 128675.4"," '""min'"": 111052.55"," """"label"""": """"Associate Level""""}"," {'""max'"": 161648.0"," '""min'"": 128675.4"," '""label'"": '""Manager Level'""}"," {'""max'"": 188347.29"," '""min'"": 161648.0"," '""label'"": '""Manager Level'""}"," {'""max'"": 193803.0"," '""min'"": 188347.29"," '""label'"": '""Executive Level'""}]""",1904352000.00,4651272000.00,3277800000.00,VND,"[{'max'"": 2665261254"," '""min'"": 1904352000"," '""label'"": '""Cấp thực tập sinh'""}"," {'""max'"": 3088209621"," '""min'"": 2665261254"," '""label'"": '""Cấp nhân viên'""}"," {'""max'"": 3879551967"," '""min'"": 3088209621"," '""label'"": '""Cấp quản lý'""}"," {'""max'"": 4520334960"," '""min'"": 3879551967"," '""label'"": '""Cấp quản lý cao cấp'""}"," {'""max'"": 4651272000"," '""min'"": 4520334960"," '""label'"": '""Cấp điều hành'""}]""",2026-01-27 15:44:54.424881+00
45,"Extensive skill, knowledge, and experience needed. Typically requires more than 5 years of specialized experience in leadership roles.","Cần kỹ năng, kiến thức và kinh nghiệm sâu rộng. Thường yêu cầu hơn 5 năm kinh nghiệm chuyên môn trong vai trò lãnh đạo.","Master''s degree required. Some positions may require Ph.D., M.D., or J.D. (law degree).","Yêu cầu bằng thạc sĩ. Một số vị trí có thể yêu cầu bằng tiến sĩ, bác sĩ y khoa hoặc luật sư.",47170.00,173615.00,110392.00,USD,"[{""max"""": 88806.14"," '""min'"": 47170.0"," '""label'"": '""Intern Level'""}"," {'""max'"": 103144.38"," '""min'"": 88806.14"," """"label"""": """"Associate Level""""}"," {'""max'"": 141246.99"," '""min'"": 103144.38"," '""label'"": '""Manager Level'""}"," {'""max'"": 171578.29"," '""min'"": 141246.99"," '""label'"": '""Manager Level'""}"," {'""max'"": 173615.0"," '""min'"": 171578.29"," '""label'"": '""Executive Level'""}]""",1132080000.00,4166760000.00,2649408000.00,VND,"[{'max'"": 2131347273"," '""min'"": 1132080000"," '""label'"": '""Cấp thực tập sinh'""}"," {'""max'"": 2475465170"," '""min'"": 2131347273"," '""label'"": '""Cấp nhân viên'""}"," {'""max'"": 3389927794"," '""min'"": 2475465170"," '""label'"": '""Cấp quản lý'""}"," {'""max'"": 4117879012"," '""min'"": 3389927794"," '""label'"": '""Cấp quản lý cao cấp'""}"," {'""max'"": 4166760000"," '""min'"": 4117879012"," '""label'"": '""Cấp điều hành'""}]""",2026-01-27 15:44:54.424881+00
46,"Extensive skill, knowledge, and experience needed. Typically requires more than 5 years of specialized experience in leadership roles.","Cần kỹ năng, kiến thức và kinh nghiệm sâu rộng. Thường yêu cầu hơn 5 năm kinh nghiệm chuyên môn trong vai trò lãnh đạo.","Master''s degree required. Some positions may require Ph.D., M.D., or J.D. (law degree).","Yêu cầu bằng thạc sĩ. Một số vị trí có thể yêu cầu bằng tiến sĩ, bác sĩ y khoa hoặc luật sư.",54038.00,150257.00,102147.00,USD,"[{""max"""": 84461.93"," '""min'"": 54038.0"," '""label'"": '""Intern Level'""}"," {'""max'"": 93271.1"," '""min'"": 84461.93"," """"label"""": """"Associate Level""""}"," {'""max'"": 120496.98"," '""min'"": 93271.1"," '""label'"": '""Manager Level'""}"," {'""max'"": 149430.17"," '""min'"": 120496.98"," '""label'"": '""Manager Level'""}"," {'""max'"": 150257.0"," '""min'"": 149430.17"," '""label'"": '""Executive Level'""}]""",1296912000.00,3606168000.00,2451528000.00,VND,"[{'max'"": 2027086254"," '""min'"": 1296912000"," '""label'"": '""Cấp thực tập sinh'""}"," {'""max'"": 2238506283"," '""min'"": 2027086254"," '""label'"": '""Cấp nhân viên'""}"," {'""max'"": 2891927405"," '""min'"": 2238506283"," '""label'"": '""Cấp quản lý'""}"," {'""max'"": 3586324163"," '""min'"": 2891927405"," '""label'"": '""Cấp quản lý cao cấp'""}"," {'""max'"": 3606168000"," '""min'"": 3586324163"," '""label'"": '""Cấp điều hành'""}]""",2026-01-27 15:44:54.424881+00
47,"Extensive skill, knowledge, and experience needed. Typically requires more than 5 years of specialized experience in leadership roles.","Cần kỹ năng, kiến thức và kinh nghiệm sâu rộng. Thường yêu cầu hơn 5 năm kinh nghiệm chuyên môn trong vai trò lãnh đạo.","Master''s degree required. Some positions may require Ph.D., M.D., or J.D. (law degree).","Yêu cầu bằng thạc sĩ. Một số vị trí có thể yêu cầu bằng tiến sĩ, bác sĩ y khoa hoặc luật sư.",47126.00,110215.00,78670.00,USD,"[{""max"""": 67539.33"," '""min'"": 47126.0"," '""label'"": '""Intern Level'""}"," {'""max'"": 78373.09"," '""min'"": 67539.33"," """"label"""": """"Associate Level""""}"," {'""max'"": 92388.84"," '""min'"": 78373.09"," '""label'"": '""Manager Level'""}"," {'""max'"": 106036.67"," '""min'"": 92388.84"," '""label'"": '""Manager Level'""}"," {'""max'"": 110215.0"," '""min'"": 106036.67"," '""label'"": '""Executive Level'""}]""",1131024000.00,2645160000.00,1888080000.00,VND,"[{'max'"": 1620943850"," '""min'"": 1131024000"," '""label'"": '""Cấp thực tập sinh'""}"," {'""max'"": 1880954069"," '""min'"": 1620943850"," '""label'"": '""Cấp nhân viên'""}"," {'""max'"": 2217332249"," '""min'"": 1880954069"," '""label'"": '""Cấp quản lý'""}"," {'""max'"": 2544880128"," '""min'"": 2217332249"," '""label'"": '""Cấp quản lý cao cấp'""}"," {'""max'"": 2645160000"," '""min'"": 2544880128"," '""label'"": '""Cấp điều hành'""}]""",2026-01-27 15:44:54.424881+00
48,"Extensive skill, knowledge, and experience needed. Typically requires more than 5 years of specialized experience in leadership roles.","Cần kỹ năng, kiến thức và kinh nghiệm sâu rộng. Thường yêu cầu hơn 5 năm kinh nghiệm chuyên môn trong vai trò lãnh đạo.","Master''s degree required. Some positions may require Ph.D., M.D., or J.D. (law degree).","Yêu cầu bằng thạc sĩ. Một số vị trí có thể yêu cầu bằng tiến sĩ, bác sĩ y khoa hoặc luật sư.",62914.00,156604.00,109759.00,USD,"[{""max"""": 86363.1"," '""min'"": 62914.0"," '""label'"": '""Intern Level'""}"," {'""max'"": 106150.17"," '""min'"": 86363.1"," """"label"""": """"Associate Level""""}"," {'""max'"": 132516.31"," '""min'"": 106150.17"," '""label'"": '""Manager Level'""}"," {'""max'"": 147695.55"," '""min'"": 132516.31"," '""label'"": '""Manager Level'""}"," {'""max'"": 156604.0"," '""min'"": 147695.55"," '""label'"": '""Executive Level'""}]""",1509936000.00,3758496000.00,2634216000.00,VND,"[{'max'"": 2072714453"," '""min'"": 1509936000"," '""label'"": '""Cấp thực tập sinh'""}"," {'""max'"": 2547603984"," '""min'"": 2072714453"," '""label'"": '""Cấp nhân viên'""}"," {'""max'"": 3180391487"," '""min'"": 2547603984"," '""label'"": '""Cấp quản lý'""}"," {'""max'"": 3544693117"," '""min'"": 3180391487"," '""label'"": '""Cấp quản lý cao cấp'""}"," {'""max'"": 3758496000"," '""min'"": 3544693117"," '""label'"": '""Cấp điều hành'""}]""",2026-01-27 15:44:54.424881+00
49,"Extensive skill, knowledge, and experience needed. Typically requires more than 5 years of specialized experience in leadership roles.","Cần kỹ năng, kiến thức và kinh nghiệm sâu rộng. Thường yêu cầu hơn 5 năm kinh nghiệm chuyên môn trong vai trò lãnh đạo.","Master''s degree required. Some positions may require Ph.D., M.D., or J.D. (law degree).","Yêu cầu bằng thạc sĩ. Một số vị trí có thể yêu cầu bằng tiến sĩ, bác sĩ y khoa hoặc luật sư.",44746.00,157324.00,101035.00,USD,"[{""max"""": 78079.22"," '""min'"": 44746.0"," '""label'"": '""Intern Level'""}"," {'""max'"": 99016.79"," '""min'"": 78079.22"," """"label"""": """"Associate Level""""}"," {'""max'"": 120804.77"," '""min'"": 99016.79"," '""label'"": '""Manager Level'""}"," {'""max'"": 149767.02"," '""min'"": 120804.77"," '""label'"": '""Manager Level'""}"," {'""max'"": 157324.0"," '""min'"": 149767.02"," '""label'"": '""Executive Level'""}]""",1073904000.00,3775776000.00,2424840000.00,VND,"[{'max'"": 1873901325"," '""min'"": 1073904000"," '""label'"": '""Cấp thực tập sinh'""}"," {'""max'"": 2376402971"," '""min'"": 1873901325"," '""label'"": '""Cấp nhân viên'""}"," {'""max'"": 2899314449"," '""min'"": 2376402971"," '""label'"": '""Cấp quản lý'""}"," {'""max'"": 3594408542"," '""min'"": 2899314449"," '""label'"": '""Cấp quản lý cao cấp'""}"," {'""max'"": 3775776000"," '""min'"": 3594408542"," '""label'"": '""Cấp điều hành'""}]""",2026-01-27 15:44:54.424881+00
50,"Extensive skill, knowledge, and experience needed. Typically requires more than 5 years of specialized experience in leadership roles.","Cần kỹ năng, kiến thức và kinh nghiệm sâu rộng. Thường yêu cầu hơn 5 năm kinh nghiệm chuyên môn trong vai trò lãnh đạo.","Master''s degree required. Some positions may require Ph.D., M.D., or J.D. (law degree).","Yêu cầu bằng thạc sĩ. Một số vị trí có thể yêu cầu bằng tiến sĩ, bác sĩ y khoa hoặc luật sư.",67080.00,199368.00,133224.00,USD,"[{""max"""": 111970.01"," '""min'"": 67080.0"," '""label'"": '""Intern Level'""}"," {'""max'"": 120920.7"," '""min'"": 111970.01"," """"label"""": """"Associate Level""""}"," {'""max'"": 159551.29"," '""min'"": 120920.7"," '""label'"": '""Manager Level'""}"," {'""max'"": 191232.99"," '""min'"": 159551.29"," '""label'"": '""Manager Level'""}"," {'""max'"": 199368.0"," '""min'"": 191232.99"," '""label'"": '""Executive Level'""}]""",1609920000.00,4784832000.00,3197376000.00,VND,"[{'max'"": 2687280268"," '""min'"": 1609920000"," '""label'"": '""Cấp thực tập sinh'""}"," {'""max'"": 2902096830"," '""min'"": 2687280268"," '""label'"": '""Cấp nhân viên'""}"," {'""max'"": 3829231023"," '""min'"": 2902096830"," '""label'"": '""Cấp quản lý'""}"," {'""max'"": 4589591873"," '""min'"": 3829231023"," '""label'"": '""Cấp quản lý cao cấp'""}"," {'""max'"": 4784832000"," '""min'"": 4589591873"," '""label'"": '""Cấp điều hành'""}]""",2026-01-27 15:44:54.424881+00
51,"Extensive skill, knowledge, and experience needed. Typically requires more than 5 years of specialized experience in leadership roles.","Cần kỹ năng, kiến thức và kinh nghiệm sâu rộng. Thường yêu cầu hơn 5 năm kinh nghiệm chuyên môn trong vai trò lãnh đạo.","Master''s degree required. Some positions may require Ph.D., M.D., or J.D. (law degree).","Yêu cầu bằng thạc sĩ. Một số vị trí có thể yêu cầu bằng tiến sĩ, bác sĩ y khoa hoặc luật sư.",49451.00,168796.00,109123.00,USD,"[{""max"""": 89617.83"," '""min'"": 49451.0"," '""label'"": '""Intern Level'""}"," {'""max'"": 107518.01"," '""min'"": 89617.83"," """"label"""": """"Associate Level""""}"," {'""max'"": 129526.35"," '""min'"": 107518.01"," '""label'"": '""Manager Level'""}"," {'""max'"": 161183.51"," '""min'"": 129526.35"," '""label'"": '""Manager Level'""}"," {'""max'"": 168796.0"," '""min'"": 161183.51"," '""label'"": '""Executive Level'""}]""",1186824000.00,4051104000.00,2618952000.00,VND,"[{'max'"": 2150827891"," '""min'"": 1186824000"," '""label'"": '""Cấp thực tập sinh'""}"," {'""max'"": 2580432346"," '""min'"": 2150827891"," '""label'"": '""Cấp nhân viên'""}"," {'""max'"": 3108632451"," '""min'"": 2580432346"," '""label'"": '""Cấp quản lý'""}"," {'""max'"": 3868404326"," '""min'"": 3108632451"," '""label'"": '""Cấp quản lý cao cấp'""}"," {'""max'"": 4051104000"," '""min'"": 3868404326"," '""label'"": '""Cấp điều hành'""}]""",2026-01-27 15:44:54.424881+00
52,"Extensive skill, knowledge, and experience needed. Typically requires more than 5 years of specialized experience in leadership roles.","Cần kỹ năng, kiến thức và kinh nghiệm sâu rộng. Thường yêu cầu hơn 5 năm kinh nghiệm chuyên môn trong vai trò lãnh đạo.","Master''s degree required. Some positions may require Ph.D., M.D., or J.D. (law degree).","Yêu cầu bằng thạc sĩ. Một số vị trí có thể yêu cầu bằng tiến sĩ, bác sĩ y khoa hoặc luật sư.",48574.00,139412.00,93993.00,USD,"[{""max"""": 76823.1"," '""min'"": 48574.0"," '""label'"": '""Intern Level'""}"," {'""max'"": 92836.5"," '""min'"": 76823.1"," """"label"""": """"Associate Level""""}"," {'""max'"": 116349.06"," '""min'"": 92836.5"," '""label'"": '""Manager Level'""}"," {'""max'"": 138133.77"," '""min'"": 116349.06"," '""label'"": '""Manager Level'""}"," {'""max'"": 139412.0"," '""min'"": 138133.77"," '""label'"": '""Executive Level'""}]""",1165776000.00,3345888000.00,2255832000.00,VND,"[{'max'"": 1843754385"," '""min'"": 1165776000"," '""label'"": '""Cấp thực tập sinh'""}"," {'""max'"": 2228076024"," '""min'"": 1843754385"," '""label'"": '""Cấp nhân viên'""}"," {'""max'"": 2792377323"," '""min'"": 2228076024"," '""label'"": '""Cấp quản lý'""}"," {'""max'"": 3315210479"," '""min'"": 2792377323"," '""label'"": '""Cấp quản lý cao cấp'""}"," {'""max'"": 3345888000"," '""min'"": 3315210479"," '""label'"": '""Cấp điều hành'""}]""",2026-01-27 15:44:54.424881+00
53,"Extensive skill, knowledge, and experience needed. Typically requires more than 5 years of specialized experience in leadership roles.","Cần kỹ năng, kiến thức và kinh nghiệm sâu rộng. Thường yêu cầu hơn 5 năm kinh nghiệm chuyên môn trong vai trò lãnh đạo.","Master''s degree required. Some positions may require Ph.D., M.D., or J.D. (law degree).","Yêu cầu bằng thạc sĩ. Một số vị trí có thể yêu cầu bằng tiến sĩ, bác sĩ y khoa hoặc luật sư.",61503.00,102329.00,81916.00,USD,"[{""max"""": 74587.83"," '""min'"": 61503.0"," '""label'"": '""Intern Level'""}"," {'""max'"": 78803.38"," '""min'"": 74587.83"," """"label"""": """"Associate Level""""}"," {'""max'"": 88482.51"," '""min'"": 78803.38"," '""label'"": '""Manager Level'""}"," {'""max'"": 101949.72"," '""min'"": 88482.51"," '""label'"": '""Manager Level'""}"," {'""max'"": 102329.0"," '""min'"": 101949.72"," '""label'"": '""Executive Level'""}]""",1476072000.00,2455896000.00,1965984000.00,VND,"[{'max'"": 1790107912"," '""min'"": 1476072000"," '""label'"": '""Cấp thực tập sinh'""}"," {'""max'"": 1891281062"," '""min'"": 1790107912"," '""label'"": '""Cấp nhân viên'""}"," {'""max'"": 2123580195"," '""min'"": 1891281062"," '""label'"": '""Cấp quản lý'""}"," {'""max'"": 2446793178"," '""min'"": 2123580195"," '""label'"": '""Cấp quản lý cao cấp'""}"," {'""max'"": 2455896000"," '""min'"": 2446793178"," '""label'"": '""Cấp điều hành'""}]""",2026-01-27 15:44:54.424881+00
54,"Extensive skill, knowledge, and experience needed. Typically requires more than 5 years of specialized experience in leadership roles.","Cần kỹ năng, kiến thức và kinh nghiệm sâu rộng. Thường yêu cầu hơn 5 năm kinh nghiệm chuyên môn trong vai trò lãnh đạo.","Master''s degree required. Some positions may require Ph.D., M.D., or J.D. (law degree).","Yêu cầu bằng thạc sĩ. Một số vị trí có thể yêu cầu bằng tiến sĩ, bác sĩ y khoa hoặc luật sư.",61929.00,168606.00,115267.00,USD,"[{""max"""": 95207.02"," '""min'"": 61929.0"," '""label'"": '""Intern Level'""}"," {'""max'"": 105773.97"," '""min'"": 95207.02"," """"label"""": """"Associate Level""""}"," {'""max'"": 136079.84"," '""min'"": 105773.97"," '""label'"": '""Manager Level'""}"," {'""max'"": 166866.84"," '""min'"": 136079.84"," '""label'"": '""Manager Level'""}"," {'""max'"": 168606.0"," '""min'"": 166866.84"," '""label'"": '""Executive Level'""}]""",1486296000.00,4046544000.00,2766408000.00,VND,"[{'max'"": 2284968386"," '""min'"": 1486296000"," '""label'"": '""Cấp thực tập sinh'""}"," {'""max'"": 2538575339"," '""min'"": 2284968386"," '""label'"": '""Cấp nhân viên'""}"," {'""max'"": 3265916120"," '""min'"": 2538575339"," '""label'"": '""Cấp quản lý'""}"," {'""max'"": 4004804231"," '""min'"": 3265916120"," '""label'"": '""Cấp quản lý cao cấp'""}"," {'""max'"": 4046544000"," '""min'"": 4004804231"," '""label'"": '""Cấp điều hành'""}]""",2026-01-27 15:44:54.424881+00
55,"Extensive skill, knowledge, and experience needed. Typically requires more than 5 years of specialized experience in leadership roles.","Cần kỹ năng, kiến thức và kinh nghiệm sâu rộng. Thường yêu cầu hơn 5 năm kinh nghiệm chuyên môn trong vai trò lãnh đạo.","Master''s degree required. Some positions may require Ph.D., M.D., or J.D. (law degree).","Yêu cầu bằng thạc sĩ. Một số vị trí có thể yêu cầu bằng tiến sĩ, bác sĩ y khoa hoặc luật sư.",75216.00,168445.00,121830.00,USD,"[{""max"""": 101206.65"," '""min'"": 75216.0"," '""label'"": '""Intern Level'""}"," {'""max'"": 118644.59"," '""min'"": 101206.65"," """"label"""": """"Associate Level""""}"," {'""max'"": 136724.55"," '""min'"": 118644.59"," '""label'"": '""Manager Level'""}"," {'""max'"": 166991.95"," '""min'"": 136724.55"," '""label'"": '""Manager Level'""}"," {'""max'"": 168445.0"," '""min'"": 166991.95"," '""label'"": '""Executive Level'""}]""",1805184000.00,4042680000.00,2923920000.00,VND,"[{'max'"": 2428959618"," '""min'"": 1805184000"," '""label'"": '""Cấp thực tập sinh'""}"," {'""max'"": 2847470068"," '""min'"": 2428959618"," '""label'"": '""Cấp nhân viên'""}"," {'""max'"": 3281389277"," '""min'"": 2847470068"," '""label'"": '""Cấp quản lý'""}"," {'""max'"": 4007806699"," '""min'"": 3281389277"," '""label'"": '""Cấp quản lý cao cấp'""}"," {'""max'"": 4042680000"," '""min'"": 4007806699"," '""label'"": '""Cấp điều hành'""}]""",2026-01-27 15:44:54.424881+00
56,"Extensive skill, knowledge, and experience needed. Typically requires more than 5 years of specialized experience in leadership roles.","Cần kỹ năng, kiến thức và kinh nghiệm sâu rộng. Thường yêu cầu hơn 5 năm kinh nghiệm chuyên môn trong vai trò lãnh đạo.","Master''s degree required. Some positions may require Ph.D., M.D., or J.D. (law degree).","Yêu cầu bằng thạc sĩ. Một số vị trí có thể yêu cầu bằng tiến sĩ, bác sĩ y khoa hoặc luật sư.",78857.00,120855.00,99856.00,USD,"[{""max"""": 90495.02"," '""min'"": 78857.0"," '""label'"": '""Intern Level'""}"," {'""max'"": 98767.86"," '""min'"": 90495.02"," """"label"""": """"Associate Level""""}"," {'""max'"": 106172.69"," '""min'"": 98767.86"," '""label'"": '""Manager Level'""}"," {'""max'"": 118007.03"," '""min'"": 106172.69"," '""label'"": '""Manager Level'""}"," {'""max'"": 120855.0"," '""min'"": 118007.03"," '""label'"": '""Executive Level'""}]""",1892568000.00,2900520000.00,2396544000.00,VND,"[{'max'"": 2171880592"," '""min'"": 1892568000"," '""label'"": '""Cấp thực tập sinh'""}"," {'""max'"": 2370428549"," '""min'"": 2171880592"," '""label'"": '""Cấp nhân viên'""}"," {'""max'"": 2548144533"," '""min'"": 2370428549"," '""label'"": '""Cấp quản lý'""}"," {'""max'"": 2832168644"," '""min'"": 2548144533"," '""label'"": '""Cấp quản lý cao cấp'""}"," {'""max'"": 2900520000"," '""min'"": 2832168644"," '""label'"": '""Cấp điều hành'""}]""",2026-01-27 15:44:54.424881+00
57,"Extensive skill, knowledge, and experience needed. Typically requires more than 5 years of specialized experience in leadership roles.","Cần kỹ năng, kiến thức và kinh nghiệm sâu rộng. Thường yêu cầu hơn 5 năm kinh nghiệm chuyên môn trong vai trò lãnh đạo.","Master''s degree required. Some positions may require Ph.D., M.D., or J.D. (law degree).","Yêu cầu bằng thạc sĩ. Một số vị trí có thể yêu cầu bằng tiến sĩ, bác sĩ y khoa hoặc luật sư.",56735.00,184818.00,120776.00,USD,"[{""max"""": 94704.64"," '""min'"": 56735.0"," '""label'"": '""Intern Level'""}"," {'""max'"": 117125.06"," '""min'"": 94704.64"," """"label"""": """"Associate Level""""}"," {'""max'"": 144990.59"," '""min'"": 117125.06"," '""label'"": '""Manager Level'""}"," {'""max'"": 172328.03"," '""min'"": 144990.59"," '""label'"": '""Manager Level'""}"," {'""max'"": 184818.0"," '""min'"": 172328.03"," '""label'"": '""Executive Level'""}]""",1361640000.00,4435632000.00,2898624000.00,VND,"[{'max'"": 2272911303"," '""min'"": 1361640000"," '""label'"": '""Cấp thực tập sinh'""}"," {'""max'"": 2811001438"," '""min'"": 2272911303"," '""label'"": '""Cấp nhân viên'""}"," {'""max'"": 3479774269"," '""min'"": 2811001438"," '""label'"": '""Cấp quản lý'""}"," {'""max'"": 4135872712"," '""min'"": 3479774269"," '""label'"": '""Cấp quản lý cao cấp'""}"," {'""max'"": 4435632000"," '""min'"": 4135872712"," '""label'"": '""Cấp điều hành'""}]""",2026-01-27 15:44:54.424881+00
58,"Extensive skill, knowledge, and experience needed. Typically requires more than 5 years of specialized experience in leadership roles.","Cần kỹ năng, kiến thức và kinh nghiệm sâu rộng. Thường yêu cầu hơn 5 năm kinh nghiệm chuyên môn trong vai trò lãnh đạo.","Master''s degree required. Some positions may require Ph.D., M.D., or J.D. (law degree).","Yêu cầu bằng thạc sĩ. Một số vị trí có thể yêu cầu bằng tiến sĩ, bác sĩ y khoa hoặc luật sư.",79946.00,147457.00,113701.00,USD,"[{""max"""": 103309.17"," '""min'"": 79946.0"," '""label'"": '""Intern Level'""}"," {'""max'"": 108066.39"," '""min'"": 103309.17"," """"label"""": """"Associate Level""""}"," {'""max'"": 124127.83"," '""min'"": 108066.39"," '""label'"": '""Manager Level'""}"," {'""max'"": 141953.29"," '""min'"": 124127.83"," '""label'"": '""Manager Level'""}"," {'""max'"": 147457.0"," '""min'"": 141953.29"," '""label'"": '""Executive Level'""}]""",1918704000.00,3538968000.00,2728824000.00,VND,"[{'max'"": 2479420169"," '""min'"": 1918704000"," '""label'"": '""Cấp thực tập sinh'""}"," {'""max'"": 2593593280"," '""min'"": 2479420169"," '""label'"": '""Cấp nhân viên'""}"," {'""max'"": 2979067847"," '""min'"": 2593593280"," '""label'"": '""Cấp quản lý'""}"," {'""max'"": 3406879018"," '""min'"": 2979067847"," '""label'"": '""Cấp quản lý cao cấp'""}"," {'""max'"": 3538968000"," '""min'"": 3406879018"," '""label'"": '""Cấp điều hành'""}]""",2026-01-27 15:44:54.424881+00
59,Considerable preparation needed. Usually requires 2-4 years of related work experience.,Considerable preparation needed. Usually requires 2-4 years of related work experience.,Bachelor's degree required. Master's degree preferred for senior positions.,Bachelor's degree required. Master's degree preferred for senior positions.,66451.00,184975.00,125713.00,USD,"[{""max"""": 102770.73"," '""min'"": 66451.0"," '""label'"": '""Entry Level'""}"," {'""max'"": 133469.04"," '""min'"": 102770.73"," """"label"""": """"Mid Level""""}"," {'""max'"": 171755.62"," '""min'"": 133469.04"," '""label'"": '""Senior Level'""}"," {'""max'"": 184975.0"," '""min'"": 171755.62"," '""label'"": '""Lead Level'""}]""",1594824000.00,4439400000.00,3017112000.00,VND,"[{'max'"": 2466497523"," '""min'"": 1594824000"," '""label'"": '""Cấp mới vào nghề'""}"," {'""max'"": 3203256923"," '""min'"": 2466497523"," '""label'"": '""Cấp trung cấp'""}"," {'""max'"": 4122134963"," '""min'"": 3203256923"," '""label'"": '""Cấp cao cấp'""}"," {'""max'"": 4439400000"," '""min'"": 4122134963"," '""label'"": '""Lead Level'""}]""",2026-01-27 15:44:54.424881+00
60,Considerable preparation needed. Usually requires 2-4 years of related work experience.,Considerable preparation needed. Usually requires 2-4 years of related work experience.,Bachelor's degree required. Master's degree preferred for senior positions.,Bachelor's degree required. Master's degree preferred for senior positions.,74000.00,147618.00,110809.00,USD,"[{""max"""": 95889.72"," '""min'"": 74000.0"," '""label'"": '""Entry Level'""}"," {'""max'"": 111696.5"," '""min'"": 95889.72"," """"label"""": """"Mid Level""""}"," {'""max'"": 138643.05"," '""min'"": 111696.5"," '""label'"": '""Senior Level'""}"," {'""max'"": 147618.0"," '""min'"": 138643.05"," '""label'"": '""Lead Level'""}]""",1776000000.00,3542832000.00,2659416000.00,VND,"[{'max'"": 2301353248"," '""min'"": 1776000000"," '""label'"": '""Cấp mới vào nghề'""}"," {'""max'"": 2680716059"," '""min'"": 2301353248"," '""label'"": '""Cấp trung cấp'""}"," {'""max'"": 3327433081"," '""min'"": 2680716059"," '""label'"": '""Cấp cao cấp'""}"," {'""max'"": 3542832000"," '""min'"": 3327433081"," '""label'"": '""Lead Level'""}]""",2026-01-27 15:44:54.424881+00
61,Considerable preparation needed. Usually requires 2-4 years of related work experience.,Considerable preparation needed. Usually requires 2-4 years of related work experience.,Bachelor's degree required. Master's degree preferred for senior positions.,Bachelor's degree required. Master's degree preferred for senior positions.,56293.00,197933.00,127113.00,USD,"[{""max"""": 97544.64"," '""min'"": 56293.0"," '""label'"": '""Entry Level'""}"," {'""max'"": 134399.3"," '""min'"": 97544.64"," """"label"""": """"Mid Level""""}"," {'""max'"": 177761.37"," '""min'"": 134399.3"," '""label'"": '""Senior Level'""}"," {'""max'"": 197933.0"," '""min'"": 177761.37"," '""label'"": '""Lead Level'""}]""",1351032000.00,4750392000.00,3050712000.00,VND,"[{'max'"": 2341071360"," '""min'"": 1351032000"," '""label'"": '""Cấp mới vào nghề'""}"," {'""max'"": 3225583300"," '""min'"": 2341071360"," '""label'"": '""Cấp trung cấp'""}"," {'""max'"": 4266272802"," '""min'"": 3225583300"," '""label'"": '""Cấp cao cấp'""}"," {'""max'"": 4750392000"," '""min'"": 4266272802"," '""label'"": '""Lead Level'""}]""",2026-01-27 15:44:54.424881+00
62,Considerable preparation needed. Usually requires 2-4 years of related work experience.,Considerable preparation needed. Usually requires 2-4 years of related work experience.,Bachelor's degree required. Master's degree preferred for senior positions.,Bachelor's degree required. Master's degree preferred for senior positions.,70258.00,158493.00,114375.00,USD,"[{""max"""": 97747.45"," '""min'"": 70258.0"," '""label'"": '""Entry Level'""}"," {'""max'"": 119520.33"," '""min'"": 97747.45"," """"label"""": """"Mid Level""""}"," {'""max'"": 144548.98"," '""min'"": 119520.33"," '""label'"": '""Senior Level'""}"," {'""max'"": 158493.0"," '""min'"": 144548.98"," '""label'"": '""Lead Level'""}]""",1686192000.00,3803832000.00,2745000000.00,VND,"[{'max'"": 2345938785"," '""min'"": 1686192000"," '""label'"": '""Cấp mới vào nghề'""}"," {'""max'"": 2868488027"," '""min'"": 2345938785"," '""label'"": '""Cấp trung cấp'""}"," {'""max'"": 3469175616"," '""min'"": 2868488027"," '""label'"": '""Cấp cao cấp'""}"," {'""max'"": 3803832000"," '""min'"": 3469175616"," '""label'"": '""Lead Level'""}]""",2026-01-27 15:44:54.424881+00
63,Considerable preparation needed. Usually requires 2-4 years of related work experience.,Considerable preparation needed. Usually requires 2-4 years of related work experience.,Bachelor's degree required. Master's degree preferred for senior positions.,Bachelor's degree required. Master's degree preferred for senior positions.,52609.00,158532.00,105570.00,USD,"[{""max"""": 82699.63"," '""min'"": 52609.0"," '""label'"": '""Entry Level'""}"," {'""max'"": 112692.04"," '""min'"": 82699.63"," """"label"""": """"Mid Level""""}"," {'""max'"": 144813.94"," '""min'"": 112692.04"," '""label'"": '""Senior Level'""}"," {'""max'"": 158532.0"," '""min'"": 144813.94"," '""label'"": '""Lead Level'""}]""",1262616000.00,3804768000.00,2533680000.00,VND,"[{'max'"": 1984791125"," '""min'"": 1262616000"," '""label'"": '""Cấp mới vào nghề'""}"," {'""max'"": 2704608998"," '""min'"": 1984791125"," '""label'"": '""Cấp trung cấp'""}"," {'""max'"": 3475534616"," '""min'"": 2704608998"," '""label'"": '""Cấp cao cấp'""}"," {'""max'"": 3804768000"," '""min'"": 3475534616"," '""label'"": '""Lead Level'""}]""",2026-01-27 15:44:54.424881+00
64,Considerable preparation needed. Usually requires 2-4 years of related work experience.,Considerable preparation needed. Usually requires 2-4 years of related work experience.,Bachelor's degree required. Master's degree preferred for senior positions.,Bachelor's degree required. Master's degree preferred for senior positions.,53463.00,100151.00,76807.00,USD,"[{""max"""": 67070.95"," '""min'"": 53463.0"," '""label'"": '""Entry Level'""}"," {'""max'"": 78518.35"," '""min'"": 67070.95"," """"label"""": """"Mid Level""""}"," {'""max'"": 91707.76"," '""min'"": 78518.35"," '""label'"": '""Senior Level'""}"," {'""max'"": 100151.0"," '""min'"": 91707.76"," '""label'"": '""Lead Level'""}]""",1283112000.00,2403624000.00,1843368000.00,VND,"[{'max'"": 1609702759"," '""min'"": 1283112000"," '""label'"": '""Cấp mới vào nghề'""}"," {'""max'"": 1884440354"," '""min'"": 1609702759"," '""label'"": '""Cấp trung cấp'""}"," {'""max'"": 2200986243"," '""min'"": 1884440354"," '""label'"": '""Cấp cao cấp'""}"," {'""max'"": 2403624000"," '""min'"": 2200986243"," '""label'"": '""Lead Level'""}]""",2026-01-27 15:44:54.424881+00
65,Considerable preparation needed. Usually requires 2-4 years of related work experience.,Considerable preparation needed. Usually requires 2-4 years of related work experience.,Bachelor's degree required. Master's degree preferred for senior positions.,Bachelor's degree required. Master's degree preferred for senior positions.,64021.00,134073.00,99047.00,USD,"[{""max"""": 81792.55"," '""min'"": 64021.0"," '""label'"": '""Entry Level'""}"," {'""max'"": 101669.17"," '""min'"": 81792.55"," """"label"""": """"Mid Level""""}"," {'""max'"": 121384.89"," '""min'"": 101669.17"," '""label'"": '""Senior Level'""}"," {'""max'"": 134073.0"," '""min'"": 121384.89"," '""label'"": '""Lead Level'""}]""",1536504000.00,3217752000.00,2377128000.00,VND,"[{'max'"": 1963021094"," '""min'"": 1536504000"," '""label'"": '""Cấp mới vào nghề'""}"," {'""max'"": 2440060136"," '""min'"": 1963021094"," '""label'"": '""Cấp trung cấp'""}"," {'""max'"": 2913237399"," '""min'"": 2440060136"," '""label'"": '""Cấp cao cấp'""}"," {'""max'"": 3217752000"," '""min'"": 2913237399"," '""label'"": '""Lead Level'""}]""",2026-01-27 15:44:54.424881+00
66,Considerable preparation needed. Usually requires 2-4 years of related work experience.,Considerable preparation needed. Usually requires 2-4 years of related work experience.,Bachelor's degree required. Master's degree preferred for senior positions.,Bachelor's degree required. Master's degree preferred for senior positions.,50689.00,167087.00,108888.00,USD,"[{""max"""": 91354.31"," '""min'"": 50689.0"," '""label'"": '""Entry Level'""}"," {'""max'"": 117031.11"," '""min'"": 91354.31"," """"label"""": """"Mid Level""""}"," {'""max'"": 154509.56"," '""min'"": 117031.11"," '""label'"": '""Senior Level'""}"," {'""max'"": 167087.0"," '""min'"": 154509.56"," '""label'"": '""Lead Level'""}]""",1216536000.00,4010088000.00,2613312000.00,VND,"[{'max'"": 2192503496"," '""min'"": 1216536000"," '""label'"": '""Cấp mới vào nghề'""}"," {'""max'"": 2808746553"," '""min'"": 2192503496"," '""label'"": '""Cấp trung cấp'""}"," {'""max'"": 3708229344"," '""min'"": 2808746553"," '""label'"": '""Cấp cao cấp'""}"," {'""max'"": 4010088000"," '""min'"": 3708229344"," '""label'"": '""Lead Level'""}]""",2026-01-27 15:44:54.424881+00
67,Considerable preparation needed. Usually requires 2-4 years of related work experience.,Considerable preparation needed. Usually requires 2-4 years of related work experience.,Bachelor's degree required. Master's degree preferred for senior positions.,Bachelor's degree required. Master's degree preferred for senior positions.,68187.00,123055.00,95621.00,USD,"[{""max"""": 85854.68"," '""min'"": 68187.0"," '""label'"": '""Entry Level'""}"," {'""max'"": 97262.09"," '""min'"": 85854.68"," """"label"""": """"Mid Level""""}"," {'""max'"": 118233.44"," '""min'"": 97262.09"," '""label'"": '""Senior Level'""}"," {'""max'"": 123055.0"," '""min'"": 118233.44"," '""label'"": '""Lead Level'""}]""",1636488000.00,2953320000.00,2294904000.00,VND,"[{'max'"": 2060512351"," '""min'"": 1636488000"," '""label'"": '""Cấp mới vào nghề'""}"," {'""max'"": 2334290087"," '""min'"": 2060512351"," '""label'"": '""Cấp trung cấp'""}"," {'""max'"": 2837602517"," '""min'"": 2334290087"," '""label'"": '""Cấp cao cấp'""}"," {'""max'"": 2953320000"," '""min'"": 2837602517"," '""label'"": '""Lead Level'""}]""",2026-01-27 15:44:54.424881+00
68,Considerable preparation needed. Usually requires 2-4 years of related work experience.,Considerable preparation needed. Usually requires 2-4 years of related work experience.,Bachelor's degree required. Master's degree preferred for senior positions.,Bachelor's degree required. Master's degree preferred for senior positions.,71552.00,176111.00,123831.00,USD,"[{""max"""": 106095.37"," '""min'"": 71552.0"," '""label'"": '""Entry Level'""}"," {'""max'"": 132066.47"," '""min'"": 106095.37"," """"label"""": """"Mid Level""""}"," {'""max'"": 166435.87"," '""min'"": 132066.47"," '""label'"": '""Senior Level'""}"," {'""max'"": 176111.0"," '""min'"": 166435.87"," '""label'"": '""Lead Level'""}]""",1717248000.00,4226664000.00,2971944000.00,VND,"[{'max'"": 2546288981"," '""min'"": 1717248000"," '""label'"": '""Cấp mới vào nghề'""}"," {'""max'"": 3169595196"," '""min'"": 2546288981"," '""label'"": '""Cấp trung cấp'""}"," {'""max'"": 3994460838"," '""min'"": 3169595196"," '""label'"": '""Cấp cao cấp'""}"," {'""max'"": 4226664000"," '""min'"": 3994460838"," '""label'"": '""Lead Level'""}]""",2026-01-27 15:44:54.424881+00
69,Considerable preparation needed. Usually requires 2-4 years of related work experience.,Considerable preparation needed. Usually requires 2-4 years of related work experience.,Bachelor's degree required. Master's degree preferred for senior positions.,Bachelor's degree required. Master's degree preferred for senior positions.,68446.00,196386.00,132416.00,USD,"[{""max"""": 101664.88"," '""min'"": 68446.0"," '""label'"": '""Entry Level'""}"," {'""max'"": 138987.94"," '""min'"": 101664.88"," """"label"""": """"Mid Level""""}"," {'""max'"": 181882.22"," '""min'"": 138987.94"," '""label'"": '""Senior Level'""}"," {'""max'"": 196386.0"," '""min'"": 181882.22"," '""label'"": '""Lead Level'""}]""",1642704000.00,4713264000.00,3177984000.00,VND,"[{'max'"": 2439957148"," '""min'"": 1642704000"," '""label'"": '""Cấp mới vào nghề'""}"," {'""max'"": 3335710451"," '""min'"": 2439957148"," '""label'"": '""Cấp trung cấp'""}"," {'""max'"": 4365173252"," '""min'"": 3335710451"," '""label'"": '""Cấp cao cấp'""}"," {'""max'"": 4713264000"," '""min'"": 4365173252"," '""label'"": '""Lead Level'""}]""",2026-01-27 15:44:54.424881+00
70,Considerable preparation needed. Usually requires 2-4 years of related work experience.,Considerable preparation needed. Usually requires 2-4 years of related work experience.,Bachelor's degree required. Master's degree preferred for senior positions.,Bachelor's degree required. Master's degree preferred for senior positions.,78221.00,177373.00,127797.00,USD,"[{""max"""": 106160.81"," '""min'"": 78221.0"," '""label'"": '""Entry Level'""}"," {'""max'"": 134537.96"," '""min'"": 106160.81"," """"label"""": """"Mid Level""""}"," {'""max'"": 162410.88"," '""min'"": 134537.96"," '""label'"": '""Senior Level'""}"," {'""max'"": 177373.0"," '""min'"": 162410.88"," '""label'"": '""Lead Level'""}]""",1877304000.00,4256952000.00,3067128000.00,VND,"[{'max'"": 2547859354"," '""min'"": 1877304000"," '""label'"": '""Cấp mới vào nghề'""}"," {'""max'"": 3228911103"," '""min'"": 2547859354"," '""label'"": '""Cấp trung cấp'""}"," {'""max'"": 3897861090"," '""min'"": 3228911103"," '""label'"": '""Cấp cao cấp'""}"," {'""max'"": 4256952000"," '""min'"": 3897861090"," '""label'"": '""Lead Level'""}]""",2026-01-27 15:44:54.424881+00
71,Considerable preparation needed. Usually requires 2-4 years of related work experience.,Considerable preparation needed. Usually requires 2-4 years of related work experience.,Bachelor's degree required. Master's degree preferred for senior positions.,Bachelor's degree required. Master's degree preferred for senior positions.,65509.00,136906.00,101207.00,USD,"[{""max"""": 86355.1"," '""min'"": 65509.0"," '""label'"": '""Entry Level'""}"," {'""max'"": 106901.84"," '""min'"": 86355.1"," """"label"""": """"Mid Level""""}"," {'""max'"": 124511.02"," '""min'"": 106901.84"," '""label'"": '""Senior Level'""}"," {'""max'"": 136906.0"," '""min'"": 124511.02"," '""label'"": '""Lead Level'""}]""",1572216000.00,3285744000.00,2428968000.00,VND,"[{'max'"": 2072522362"," '""min'"": 1572216000"," '""label'"": '""Cấp mới vào nghề'""}"," {'""max'"": 2565644040"," '""min'"": 2072522362"," '""label'"": '""Cấp trung cấp'""}"," {'""max'"": 2988264592"," '""min'"": 2565644040"," '""label'"": '""Cấp cao cấp'""}"," {'""max'"": 3285744000"," '""min'"": 2988264592"," '""label'"": '""Lead Level'""}]""",2026-01-27 15:44:54.424881+00
72,Considerable preparation needed. Usually requires 2-4 years of related work experience.,Considerable preparation needed. Usually requires 2-4 years of related work experience.,Bachelor's degree required. Master's degree preferred for senior positions.,Bachelor's degree required. Master's degree preferred for senior positions.,61683.00,190641.00,126162.00,USD,"[{""max"""": 99827.89"," '""min'"": 61683.0"," '""label'"": '""Entry Level'""}"," {'""max'"": 124063.56"," '""min'"": 99827.89"," """"label"""": """"Mid Level""""}"," {'""max'"": 178069.02"," '""min'"": 124063.56"," '""label'"": '""Senior Level'""}"," {'""max'"": 190641.0"," '""min'"": 178069.02"," '""label'"": '""Lead Level'""}]""",1480392000.00,4575384000.00,3027888000.00,VND,"[{'max'"": 2395869347"," '""min'"": 1480392000"," '""label'"": '""Cấp mới vào nghề'""}"," {'""max'"": 2977525414"," '""min'"": 2395869347"," '""label'"": '""Cấp trung cấp'""}"," {'""max'"": 4273656567"," '""min'"": 2977525414"," '""label'"": '""Cấp cao cấp'""}"," {'""max'"": 4575384000"," '""min'"": 4273656567"," '""label'"": '""Lead Level'""}]""",2026-01-27 15:44:54.424881+00
73,Considerable preparation needed. Usually requires 2-4 years of related work experience.,Considerable preparation needed. Usually requires 2-4 years of related work experience.,Bachelor's degree required. Master's degree preferred for senior positions.,Bachelor's degree required. Master's degree preferred for senior positions.,64439.00,135187.00,99813.00,USD,"[{""max"""": 85456.19"," '""min'"": 64439.0"," '""label'"": '""Entry Level'""}"," {'""max'"": 100077.19"," '""min'"": 85456.19"," """"label"""": """"Mid Level""""}"," {'""max'"": 125551.77"," '""min'"": 100077.19"," '""label'"": '""Senior Level'""}"," {'""max'"": 135187.0"," '""min'"": 125551.77"," '""label'"": '""Lead Level'""}]""",1546536000.00,3244488000.00,2395512000.00,VND,"[{'max'"": 2050948479"," '""min'"": 1546536000"," '""label'"": '""Cấp mới vào nghề'""}"," {'""max'"": 2401852667"," '""min'"": 2050948479"," '""label'"": '""Cấp trung cấp'""}"," {'""max'"": 3013242383"," '""min'"": 2401852667"," '""label'"": '""Cấp cao cấp'""}"," {'""max'"": 3244488000"," '""min'"": 3013242383"," '""label'"": '""Lead Level'""}]""",2026-01-27 15:44:54.424881+00
74,Considerable preparation needed. Usually requires 2-4 years of related work experience.,Considerable preparation needed. Usually requires 2-4 years of related work experience.,Bachelor's degree required. Master's degree preferred for senior positions.,Bachelor's degree required. Master's degree preferred for senior positions.,74736.00,173184.00,123960.00,USD,"[{""max"""": 107399.48"," '""min'"": 74736.0"," '""label'"": '""Entry Level'""}"," {'""max'"": 126254.05"," '""min'"": 107399.48"," """"label"""": """"Mid Level""""}"," {'""max'"": 156758.2"," '""min'"": 126254.05"," '""label'"": '""Senior Level'""}"," {'""max'"": 173184.0"," '""min'"": 156758.2"," '""label'"": '""Lead Level'""}]""",1793664000.00,4156416000.00,2975040000.00,VND,"[{'max'"": 2577587579"," '""min'"": 1793664000"," '""label'"": '""Cấp mới vào nghề'""}"," {'""max'"": 3030097129"," '""min'"": 2577587579"," '""label'"": '""Cấp trung cấp'""}"," {'""max'"": 3762196906"," '""min'"": 3030097129"," '""label'"": '""Cấp cao cấp'""}"," {'""max'"": 4156416000"," '""min'"": 3762196906"," '""label'"": '""Lead Level'""}]""",2026-01-27 15:44:54.424881+00
75,Considerable preparation needed. Usually requires 2-4 years of related work experience.,Considerable preparation needed. Usually requires 2-4 years of related work experience.,Bachelor's degree required. Master's degree preferred for senior positions.,Bachelor's degree required. Master's degree preferred for senior positions.,44760.00,166687.00,105723.00,USD,"[{""max"""": 79223.98"," '""min'"": 44760.0"," '""label'"": '""Entry Level'""}"," {'""max'"": 104434.63"," '""min'"": 79223.98"," """"label"""": """"Mid Level""""}"," {'""max'"": 144642.15"," '""min'"": 104434.63"," '""label'"": '""Senior Level'""}"," {'""max'"": 166687.0"," '""min'"": 144642.15"," '""label'"": '""Lead Level'""}]""",1074240000.00,4000488000.00,2537352000.00,VND,"[{'max'"": 1901375565"," '""min'"": 1074240000"," '""label'"": '""Cấp mới vào nghề'""}"," {'""max'"": 2506431212"," '""min'"": 1901375565"," '""label'"": '""Cấp trung cấp'""}"," {'""max'"": 3471411690"," '""min'"": 2506431212"," '""label'"": '""Cấp cao cấp'""}"," {'""max'"": 4000488000"," '""min'"": 3471411690"," '""label'"": '""Lead Level'""}]""",2026-01-27 15:44:54.424881+00
76,Considerable preparation needed. Usually requires 2-4 years of related work experience.,Considerable preparation needed. Usually requires 2-4 years of related work experience.,Bachelor's degree required. Master's degree preferred for senior positions.,Bachelor's degree required. Master's degree preferred for senior positions.,79057.00,173601.00,126329.00,USD,"[{""max"""": 108603.43"," '""min'"": 79057.0"," '""label'"": '""Entry Level'""}"," {'""max'"": 131242.78"," '""min'"": 108603.43"," """"label"""": """"Mid Level""""}"," {'""max'"": 161881.28"," '""min'"": 131242.78"," '""label'"": '""Senior Level'""}"," {'""max'"": 173601.0"," '""min'"": 161881.28"," '""label'"": '""Lead Level'""}]""",1897368000.00,4166424000.00,3031896000.00,VND,"[{'max'"": 2606482395"," '""min'"": 1897368000"," '""label'"": '""Cấp mới vào nghề'""}"," {'""max'"": 3149826617"," '""min'"": 2606482395"," '""label'"": '""Cấp trung cấp'""}"," {'""max'"": 3885150817"," '""min'"": 3149826617"," '""label'"": '""Cấp cao cấp'""}"," {'""max'"": 4166424000"," '""min'"": 3885150817"," '""label'"": '""Lead Level'""}]""",2026-01-27 15:44:54.424881+00
77,Considerable preparation needed. Usually requires 2-4 years of related work experience.,Considerable preparation needed. Usually requires 2-4 years of related work experience.,Bachelor's degree required. Master's degree preferred for senior positions.,Bachelor's degree required. Master's degree preferred for senior positions.,72334.00,122223.00,97278.00,USD,"[{""max"""": 86986.63"," '""min'"": 72334.0"," '""label'"": '""Entry Level'""}"," {'""max'"": 100160.47"," '""min'"": 86986.63"," """"label"""": """"Mid Level""""}"," {'""max'"": 116732.34"," '""min'"": 100160.47"," '""label'"": '""Senior Level'""}"," {'""max'"": 122223.0"," '""min'"": 116732.34"," '""label'"": '""Lead Level'""}]""",1736016000.00,2933352000.00,2334672000.00,VND,"[{'max'"": 2087679037"," '""min'"": 1736016000"," '""label'"": '""Cấp mới vào nghề'""}"," {'""max'"": 2403851315"," '""min'"": 2087679037"," '""label'"": '""Cấp trung cấp'""}"," {'""max'"": 2801576126"," '""min'"": 2403851315"," '""label'"": '""Cấp cao cấp'""}"," {'""max'"": 2933352000"," '""min'"": 2801576126"," '""label'"": '""Lead Level'""}]""",2026-01-27 15:44:54.424881+00
78,Considerable preparation needed. Usually requires 2-4 years of related work experience.,Considerable preparation needed. Usually requires 2-4 years of related work experience.,Bachelor's degree required. Master's degree preferred for senior positions.,Bachelor's degree required. Master's degree preferred for senior positions.,62912.00,152808.00,107860.00,USD,"[{""max"""": 94290.98"," '""min'"": 62912.0"," '""label'"": '""Entry Level'""}"," {'""max'"": 108097.8"," '""min'"": 94290.98"," """"label"""": """"Mid Level""""}"," {'""max'"": 136627.55"," '""min'"": 108097.8"," '""label'"": '""Senior Level'""}"," {'""max'"": 152808.0"," '""min'"": 136627.55"," '""label'"": '""Lead Level'""}]""",1509888000.00,3667392000.00,2588640000.00,VND,"[{'max'"": 2262983480"," '""min'"": 1509888000"," '""label'"": '""Cấp mới vào nghề'""}"," {'""max'"": 2594347264"," '""min'"": 2262983480"," '""label'"": '""Cấp trung cấp'""}"," {'""max'"": 3279061260"," '""min'"": 2594347264"," '""label'"": '""Cấp cao cấp'""}"," {'""max'"": 3667392000"," '""min'"": 3279061260"," '""label'"": '""Lead Level'""}]""",2026-01-27 15:44:54.424881+00
79,Considerable preparation needed. Usually requires 2-4 years of related work experience.,Considerable preparation needed. Usually requires 2-4 years of related work experience.,Bachelor's degree required. Master's degree preferred for senior positions.,Bachelor's degree required. Master's degree preferred for senior positions.,45028.00,135599.00,90313.00,USD,"[{""max"""": 74051.6"," '""min'"": 45028.0"," '""label'"": '""Entry Level'""}"," {'""max'"": 94634.45"," '""min'"": 74051.6"," """"label"""": """"Mid Level""""}"," {'""max'"": 123689.79"," '""min'"": 94634.45"," '""label'"": '""Senior Level'""}"," {'""max'"": 135599.0"," '""min'"": 123689.79"," '""label'"": '""Lead Level'""}]""",1080672000.00,3254376000.00,2167512000.00,VND,"[{'max'"": 1777238485"," '""min'"": 1080672000"," '""label'"": '""Cấp mới vào nghề'""}"," {'""max'"": 2271226879"," '""min'"": 1777238485"," '""label'"": '""Cấp trung cấp'""}"," {'""max'"": 2968554965"," '""min'"": 2271226879"," '""label'"": '""Cấp cao cấp'""}"," {'""max'"": 3254376000"," '""min'"": 2968554965"," '""label'"": '""Lead Level'""}]""",2026-01-27 15:44:54.424881+00
80,Considerable preparation needed. Usually requires 2-4 years of related work experience.,Considerable preparation needed. Usually requires 2-4 years of related work experience.,Bachelor's degree required. Master's degree preferred for senior positions.,Bachelor's degree required. Master's degree preferred for senior positions.,78065.00,142746.00,110405.00,USD,"[{""max"""": 98463.82"," '""min'"": 78065.0"," '""label'"": '""Entry Level'""}"," {'""max'"": 115746.59"," '""min'"": 98463.82"," """"label"""": """"Mid Level""""}"," {'""max'"": 131145.71"," '""min'"": 115746.59"," '""label'"": '""Senior Level'""}"," {'""max'"": 142746.0"," '""min'"": 131145.71"," '""label'"": '""Lead Level'""}]""",1873560000.00,3425904000.00,2649720000.00,VND,"[{'max'"": 2363131668"," '""min'"": 1873560000"," '""label'"": '""Cấp mới vào nghề'""}"," {'""max'"": 2777918066"," '""min'"": 2363131668"," '""label'"": '""Cấp trung cấp'""}"," {'""max'"": 3147496968"," '""min'"": 2777918066"," '""label'"": '""Cấp cao cấp'""}"," {'""max'"": 3425904000"," '""min'"": 3147496968"," '""label'"": '""Lead Level'""}]""",2026-01-27 15:44:54.424881+00
81,Considerable preparation needed. Usually requires 2-4 years of related work experience.,Considerable preparation needed. Usually requires 2-4 years of related work experience.,Bachelor's degree required. Master's degree preferred for senior positions.,Bachelor's degree required. Master's degree preferred for senior positions.,40160.00,142748.00,91454.00,USD,"[{""max"""": 67042.91"," '""min'"": 40160.0"," '""label'"": '""Entry Level'""}"," {'""max'"": 98520.79"," '""min'"": 67042.91"," """"label"""": """"Mid Level""""}"," {'""max'"": 128607.88"," '""min'"": 98520.79"," '""label'"": '""Senior Level'""}"," {'""max'"": 142748.0"," '""min'"": 128607.88"," '""label'"": '""Lead Level'""}]""",963840000.00,3425952000.00,2194896000.00,VND,"[{'max'"": 1609029954"," '""min'"": 963840000"," '""label'"": '""Cấp mới vào nghề'""}"," {'""max'"": 2364498884"," '""min'"": 1609029954"," '""label'"": '""Cấp trung cấp'""}"," {'""max'"": 3086589079"," '""min'"": 2364498884"," '""label'"": '""Cấp cao cấp'""}"," {'""max'"": 3425952000"," '""min'"": 3086589079"," '""label'"": '""Lead Level'""}]""",2026-01-27 15:44:54.424881+00
82,Considerable preparation needed. Usually requires 2-4 years of related work experience.,Considerable preparation needed. Usually requires 2-4 years of related work experience.,Bachelor's degree required. Master's degree preferred for senior positions.,Bachelor's degree required. Master's degree preferred for senior positions.,74611.00,196495.00,135553.00,USD,"[{""max"""": 111978.12"," '""min'"": 74611.0"," '""label'"": '""Entry Level'""}"," {'""max'"": 139138.28"," '""min'"": 111978.12"," """"label"""": """"Mid Level""""}"," {'""max'"": 183931.04"," '""min'"": 139138.28"," '""label'"": '""Senior Level'""}"," {'""max'"": 196495.0"," '""min'"": 183931.04"," '""label'"": '""Lead Level'""}]""",1790664000.00,4715880000.00,3253272000.00,VND,"[{'max'"": 2687474993"," '""min'"": 1790664000"," '""label'"": '""Cấp mới vào nghề'""}"," {'""max'"": 3339318776"," '""min'"": 2687474993"," '""label'"": '""Cấp trung cấp'""}"," {'""max'"": 4414344892"," '""min'"": 3339318776"," '""label'"": '""Cấp cao cấp'""}"," {'""max'"": 4715880000"," '""min'"": 4414344892"," '""label'"": '""Lead Level'""}]""",2026-01-27 15:44:54.424881+00
83,Considerable preparation needed. Usually requires 2-4 years of related work experience.,Considerable preparation needed. Usually requires 2-4 years of related work experience.,Bachelor's degree required. Master's degree preferred for senior positions.,Bachelor's degree required. Master's degree preferred for senior positions.,63221.00,173512.00,118366.00,USD,"[{""max"""": 100733.79"," '""min'"": 63221.0"," '""label'"": '""Entry Level'""}"," {'""max'"": 121277.1"," '""min'"": 100733.79"," """"label"""": """"Mid Level""""}"," {'""max'"": 162839.94"," '""min'"": 121277.1"," '""label'"": '""Senior Level'""}"," {'""max'"": 173512.0"," '""min'"": 162839.94"," '""label'"": '""Lead Level'""}]""",1517304000.00,4164288000.00,2840784000.00,VND,"[{'max'"": 2417611048"," '""min'"": 1517304000"," '""label'"": '""Cấp mới vào nghề'""}"," {'""max'"": 2910650342"," '""min'"": 2417611048"," '""label'"": '""Cấp trung cấp'""}"," {'""max'"": 3908158496"," '""min'"": 2910650342"," '""label'"": '""Cấp cao cấp'""}"," {'""max'"": 4164288000"," '""min'"": 3908158496"," '""label'"": '""Lead Level'""}]""",2026-01-27 15:44:54.424881+00
84,Considerable preparation needed. Usually requires 2-4 years of related work experience.,Considerable preparation needed. Usually requires 2-4 years of related work experience.,Bachelor's degree required. Master's degree preferred for senior positions.,Bachelor's degree required. Master's degree preferred for senior positions.,71537.00,170329.00,120933.00,USD,"[{""max"""": 98979.91"," '""min'"": 71537.0"," '""label'"": '""Entry Level'""}"," {'""max'"": 128252.55"," '""min'"": 98979.91"," """"label"""": """"Mid Level""""}"," {'""max'"": 156645.26"," '""min'"": 128252.55"," '""label'"": '""Senior Level'""}"," {'""max'"": 170329.0"," '""min'"": 156645.26"," '""label'"": '""Lead Level'""}]""",1716888000.00,4087896000.00,2902392000.00,VND,"[{'max'"": 2375517739"," '""min'"": 1716888000"," '""label'"": '""Cấp mới vào nghề'""}"," {'""max'"": 3078061289"," '""min'"": 2375517739"," '""label'"": '""Cấp trung cấp'""}"," {'""max'"": 3759486188"," '""min'"": 3078061289"," '""label'"": '""Cấp cao cấp'""}"," {'""max'"": 4087896000"," '""min'"": 3759486188"," '""label'"": '""Lead Level'""}]""",2026-01-27 15:44:54.424881+00
85,Considerable preparation needed. Usually requires 2-4 years of related work experience.,Considerable preparation needed. Usually requires 2-4 years of related work experience.,Bachelor's degree required. Master's degree preferred for senior positions.,Bachelor's degree required. Master's degree preferred for senior positions.,41807.00,199587.00,120697.00,USD,"[{""max"""": 91357.45"," '""min'"": 41807.0"," '""label'"": '""Entry Level'""}"," {'""max'"": 119990.81"," '""min'"": 91357.45"," """"label"""": """"Mid Level""""}"," {'""max'"": 183984.25"," '""min'"": 119990.81"," '""label'"": '""Senior Level'""}"," {'""max'"": 199587.0"," '""min'"": 183984.25"," '""label'"": '""Lead Level'""}]""",1003368000.00,4790088000.00,2896728000.00,VND,"[{'max'"": 2192578918"," '""min'"": 1003368000"," '""label'"": '""Cấp mới vào nghề'""}"," {'""max'"": 2879779420"," '""min'"": 2192578918"," '""label'"": '""Cấp trung cấp'""}"," {'""max'"": 4415621915"," '""min'"": 2879779420"," '""label'"": '""Cấp cao cấp'""}"," {'""max'"": 4790088000"," '""min'"": 4415621915"," '""label'"": '""Lead Level'""}]""",2026-01-27 15:44:54.424881+00
86,Considerable preparation needed. Usually requires 2-4 years of related work experience.,Considerable preparation needed. Usually requires 2-4 years of related work experience.,Bachelor's degree required. Master's degree preferred for senior positions.,Bachelor's degree required. Master's degree preferred for senior positions.,43789.00,143924.00,93856.00,USD,"[{""max"""": 73021.07"," '""min'"": 43789.0"," '""label'"": '""Entry Level'""}"," {'""max'"": 95317.88"," '""min'"": 73021.07"," """"label"""": """"Mid Level""""}"," {'""max'"": 133165.16"," '""min'"": 95317.88"," '""label'"": '""Senior Level'""}"," {'""max'"": 143924.0"," '""min'"": 133165.16"," '""label'"": '""Lead Level'""}]""",1050936000.00,3454176000.00,2252544000.00,VND,"[{'max'"": 1752505739"," '""min'"": 1050936000"," '""label'"": '""Cấp mới vào nghề'""}"," {'""max'"": 2287629196"," '""min'"": 1752505739"," '""label'"": '""Cấp trung cấp'""}"," {'""max'"": 3195963833"," '""min'"": 2287629196"," '""label'"": '""Cấp cao cấp'""}"," {'""max'"": 3454176000"," '""min'"": 3195963833"," '""label'"": '""Lead Level'""}]""",2026-01-27 15:44:54.424881+00
87,Considerable preparation needed. Usually requires 2-4 years of related work experience.,Considerable preparation needed. Usually requires 2-4 years of related work experience.,Bachelor's degree required. Master's degree preferred for senior positions.,Bachelor's degree required. Master's degree preferred for senior positions.,67239.00,143148.00,105193.00,USD,"[{""max"""": 89834.53"," '""min'"": 67239.0"," '""label'"": '""Entry Level'""}"," {'""max'"": 107684.8"," '""min'"": 89834.53"," """"label"""": """"Mid Level""""}"," {'""max'"": 134259.73"," '""min'"": 107684.8"," '""label'"": '""Senior Level'""}"," {'""max'"": 143148.0"," '""min'"": 134259.73"," '""label'"": '""Lead Level'""}]""",1613736000.00,3435552000.00,2524632000.00,VND,"[{'max'"": 2156028750"," '""min'"": 1613736000"," '""label'"": '""Cấp mới vào nghề'""}"," {'""max'"": 2584435193"," '""min'"": 2156028750"," '""label'"": '""Cấp trung cấp'""}"," {'""max'"": 3222233471"," '""min'"": 2584435193"," '""label'"": '""Cấp cao cấp'""}"," {'""max'"": 3435552000"," '""min'"": 3222233471"," '""label'"": '""Lead Level'""}]""",2026-01-27 15:44:54.424881+00
88,Considerable preparation needed. Usually requires 2-4 years of related work experience.,Considerable preparation needed. Usually requires 2-4 years of related work experience.,Bachelor's degree required. Master's degree preferred for senior positions.,Bachelor's degree required. Master's degree preferred for senior positions.,52519.00,138793.00,95656.00,USD,"[{""max"""": 78979.05"," '""min'"": 52519.0"," '""label'"": '""Entry Level'""}"," {'""max'"": 101707.6"," '""min'"": 78979.05"," """"label"""": """"Mid Level""""}"," {'""max'"": 125581.95"," '""min'"": 101707.6"," '""label'"": '""Senior Level'""}"," {'""max'"": 138793.0"," '""min'"": 125581.95"," '""label'"": '""Lead Level'""}]""",1260456000.00,3331032000.00,2295744000.00,VND,"[{'max'"": 1895497227"," '""min'"": 1260456000"," '""label'"": '""Cấp mới vào nghề'""}"," {'""max'"": 2440982453"," '""min'"": 1895497227"," '""label'"": '""Cấp trung cấp'""}"," {'""max'"": 3013966865"," '""min'"": 2440982453"," '""label'"": '""Cấp cao cấp'""}"," {'""max'"": 3331032000"," '""min'"": 3013966865"," '""label'"": '""Lead Level'""}]""",2026-01-27 15:44:54.424881+00
89,Considerable preparation needed. Usually requires 2-4 years of related work experience.,Considerable preparation needed. Usually requires 2-4 years of related work experience.,Bachelor's degree required. Master's degree preferred for senior positions.,Bachelor's degree required. Master's degree preferred for senior positions.,74182.00,171549.00,122865.00,USD,"[{""max"""": 102151.87"," '""min'"": 74182.0"," '""label'"": '""Entry Level'""}"," {'""max'"": 123010.48"," '""min'"": 102151.87"," """"label"""": """"Mid Level""""}"," {'""max'"": 161932.36"," '""min'"": 123010.48"," '""label'"": '""Senior Level'""}"," {'""max'"": 171549.0"," '""min'"": 161932.36"," '""label'"": '""Lead Level'""}]""",1780368000.00,4117176000.00,2948760000.00,VND,"[{'max'"": 2451644850"," '""min'"": 1780368000"," '""label'"": '""Cấp mới vào nghề'""}"," {'""max'"": 2952251542"," '""min'"": 2451644850"," '""label'"": '""Cấp trung cấp'""}"," {'""max'"": 3886376590"," '""min'"": 2952251542"," '""label'"": '""Cấp cao cấp'""}"," {'""max'"": 4117176000"," '""min'"": 3886376590"," '""label'"": '""Lead Level'""}]""",2026-01-27 15:44:54.424881+00
90,Considerable preparation needed. Usually requires 2-4 years of related work experience.,Considerable preparation needed. Usually requires 2-4 years of related work experience.,Bachelor's degree required. Master's degree preferred for senior positions.,Bachelor's degree required. Master's degree preferred for senior positions.,61840.00,157090.00,109465.00,USD,"[{""max"""": 94362.3"," '""min'"": 61840.0"," '""label'"": '""Entry Level'""}"," {'""max'"": 113577.01"," '""min'"": 94362.3"," """"label"""": """"Mid Level""""}"," {'""max'"": 147990.68"," '""min'"": 113577.01"," '""label'"": '""Senior Level'""}"," {'""max'"": 157090.0"," '""min'"": 147990.68"," '""label'"": '""Lead Level'""}]""",1484160000.00,3770160000.00,2627160000.00,VND,"[{'max'"": 2264695233"," '""min'"": 1484160000"," '""label'"": '""Cấp mới vào nghề'""}"," {'""max'"": 2725848261"," '""min'"": 2264695233"," '""label'"": '""Cấp trung cấp'""}"," {'""max'"": 3551776269"," '""min'"": 2725848261"," '""label'"": '""Cấp cao cấp'""}"," {'""max'"": 3770160000"," '""min'"": 3551776269"," '""label'"": '""Lead Level'""}]""",2026-01-27 15:44:54.424881+00
91,Considerable preparation needed. Usually requires 2-4 years of related work experience.,Considerable preparation needed. Usually requires 2-4 years of related work experience.,Bachelor's degree required. Master's degree preferred for senior positions.,Bachelor's degree required. Master's degree preferred for senior positions.,48760.00,181064.00,114912.00,USD,"[{""max"""": 86289.25"," '""min'"": 48760.0"," '""label'"": '""Entry Level'""}"," {'""max'"": 115357.63"," '""min'"": 86289.25"," """"label"""": """"Mid Level""""}"," {'""max'"": 162082.12"," '""min'"": 115357.63"," '""label'"": '""Senior Level'""}"," {'""max'"": 181064.0"," '""min'"": 162082.12"," '""label'"": '""Lead Level'""}]""",1170240000.00,4345536000.00,2757888000.00,VND,"[{'max'"": 2070942118"," '""min'"": 1170240000"," '""label'"": '""Cấp mới vào nghề'""}"," {'""max'"": 2768583044"," '""min'"": 2070942118"," '""label'"": '""Cấp trung cấp'""}"," {'""max'"": 3889970764"," '""min'"": 2768583044"," '""label'"": '""Cấp cao cấp'""}"," {'""max'"": 4345536000"," '""min'"": 3889970764"," '""label'"": '""Lead Level'""}]""",2026-01-27 15:44:54.424881+00
92,Considerable preparation needed. Usually requires 2-4 years of related work experience.,Considerable preparation needed. Usually requires 2-4 years of related work experience.,Bachelor's degree required. Master's degree preferred for senior positions.,Bachelor's degree required. Master's degree preferred for senior positions.,77698.00,131507.00,104602.00,USD,"[{""max"""": 94382.15"," '""min'"": 77698.0"," '""label'"": '""Entry Level'""}"," {'""max'"": 104674.85"," '""min'"": 94382.15"," """"label"""": """"Mid Level""""}"," {'""max'"": 121819.97"," '""min'"": 104674.85"," '""label'"": '""Senior Level'""}"," {'""max'"": 131507.0"," '""min'"": 121819.97"," '""label'"": '""Lead Level'""}]""",1864752000.00,3156168000.00,2510448000.00,VND,"[{'max'"": 2265171624"," '""min'"": 1864752000"," '""label'"": '""Cấp mới vào nghề'""}"," {'""max'"": 2512196301"," '""min'"": 2265171624"," '""label'"": '""Cấp trung cấp'""}"," {'""max'"": 2923679356"," '""min'"": 2512196301"," '""label'"": '""Cấp cao cấp'""}"," {'""max'"": 3156168000"," '""min'"": 2923679356"," '""label'"": '""Lead Level'""}]""",2026-01-27 15:44:54.424881+00
93,Considerable preparation needed. Usually requires 2-4 years of related work experience.,Considerable preparation needed. Usually requires 2-4 years of related work experience.,Bachelor's degree required. Master's degree preferred for senior positions.,Bachelor's degree required. Master's degree preferred for senior positions.,73031.00,132205.00,102618.00,USD,"[{""max"""": 90872.42"," '""min'"": 73031.0"," '""label'"": '""Entry Level'""}"," {'""max'"": 104682.94"," '""min'"": 90872.42"," """"label"""": """"Mid Level""""}"," {'""max'"": 124807.84"," '""min'"": 104682.94"," '""label'"": '""Senior Level'""}"," {'""max'"": 132205.0"," '""min'"": 124807.84"," '""label'"": '""Lead Level'""}]""",1752744000.00,3172920000.00,2462832000.00,VND,"[{'max'"": 2180938064"," '""min'"": 1752744000"," '""label'"": '""Cấp mới vào nghề'""}"," {'""max'"": 2512390595"," '""min'"": 2180938064"," '""label'"": '""Cấp trung cấp'""}"," {'""max'"": 2995388077"," '""min'"": 2512390595"," '""label'"": '""Cấp cao cấp'""}"," {'""max'"": 3172920000"," '""min'"": 2995388077"," '""label'"": '""Lead Level'""}]""",2026-01-27 15:44:54.424881+00
94,Considerable preparation needed. Usually requires 2-4 years of related work experience.,Considerable preparation needed. Usually requires 2-4 years of related work experience.,Bachelor's degree required. Master's degree preferred for senior positions.,Bachelor's degree required. Master's degree preferred for senior positions.,41912.00,102032.00,71972.00,USD,"[{""max"""": 60858.24"," '""min'"": 41912.0"," '""label'"": '""Entry Level'""}"," {'""max'"": 73638.61"," '""min'"": 60858.24"," """"label"""": """"Mid Level""""}"," {'""max'"": 92222.48"," '""min'"": 73638.61"," '""label'"": '""Senior Level'""}"," {'""max'"": 102032.0"," '""min'"": 92222.48"," '""label'"": '""Lead Level'""}]""",1005888000.00,2448768000.00,1727328000.00,VND,"[{'max'"": 1460597752"," '""min'"": 1005888000"," '""label'"": '""Cấp mới vào nghề'""}"," {'""max'"": 1767326661"," '""min'"": 1460597752"," '""label'"": '""Cấp trung cấp'""}"," {'""max'"": 2213339624"," '""min'"": 1767326661"," '""label'"": '""Cấp cao cấp'""}"," {'""max'"": 2448768000"," '""min'"": 2213339624"," '""label'"": '""Lead Level'""}]""",2026-01-27 15:44:54.424881+00
95,Considerable preparation needed. Usually requires 2-4 years of related work experience.,Considerable preparation needed. Usually requires 2-4 years of related work experience.,Bachelor's degree required. Master's degree preferred for senior positions.,Bachelor's degree required. Master's degree preferred for senior positions.,59706.00,181943.00,120824.00,USD,"[{""max"""": 94017.04"," '""min'"": 59706.0"," '""label'"": '""Entry Level'""}"," {'""max'"": 130823.86"," '""min'"": 94017.04"," """"label"""": """"Mid Level""""}"," {'""max'"": 166655.61"," '""min'"": 130823.86"," '""label'"": '""Senior Level'""}"," {'""max'"": 181943.0"," '""min'"": 166655.61"," '""label'"": '""Lead Level'""}]""",1432944000.00,4366632000.00,2899776000.00,VND,"[{'max'"": 2256408860"," '""min'"": 1432944000"," '""label'"": '""Cấp mới vào nghề'""}"," {'""max'"": 3139772561"," '""min'"": 2256408860"," '""label'"": '""Cấp trung cấp'""}"," {'""max'"": 3999734566"," '""min'"": 3139772561"," '""label'"": '""Cấp cao cấp'""}"," {'""max'"": 4366632000"," '""min'"": 3999734566"," '""label'"": '""Lead Level'""}]""",2026-01-27 15:44:54.424881+00
96,Considerable preparation needed. Usually requires 2-4 years of related work experience.,Considerable preparation needed. Usually requires 2-4 years of related work experience.,Bachelor's degree required. Master's degree preferred for senior positions.,Bachelor's degree required. Master's degree preferred for senior positions.,71696.00,114980.00,93338.00,USD,"[{""max"""": 83997.4"," '""min'"": 71696.0"," '""label'"": '""Entry Level'""}"," {'""max'"": 96911.35"," '""min'"": 83997.4"," """"label"""": """"Mid Level""""}"," {'""max'"": 111124.54"," '""min'"": 96911.35"," '""label'"": '""Senior Level'""}"," {'""max'"": 114980.0"," '""min'"": 111124.54"," '""label'"": '""Lead Level'""}]""",1720704000.00,2759520000.00,2240112000.00,VND,"[{'max'"": 2015937631"," '""min'"": 1720704000"," '""label'"": '""Cấp mới vào nghề'""}"," {'""max'"": 2325872394"," '""min'"": 2015937631"," '""label'"": '""Cấp trung cấp'""}"," {'""max'"": 2666988846"," '""min'"": 2325872394"," '""label'"": '""Cấp cao cấp'""}"," {'""max'"": 2759520000"," '""min'"": 2666988846"," '""label'"": '""Lead Level'""}]""",2026-01-27 15:44:54.424881+00
97,Considerable preparation needed. Usually requires 2-4 years of related work experience.,Considerable preparation needed. Usually requires 2-4 years of related work experience.,Bachelor's degree required. Master's degree preferred for senior positions.,Bachelor's degree required. Master's degree preferred for senior positions.,68331.00,168678.00,118504.00,USD,"[{""max"""": 102678.95"," '""min'"": 68331.0"," '""label'"": '""Entry Level'""}"," {'""max'"": 120851.3"," '""min'"": 102678.95"," """"label"""": """"Mid Level""""}"," {'""max'"": 150293.29"," '""min'"": 120851.3"," '""label'"": '""Senior Level'""}"," {'""max'"": 168678.0"," '""min'"": 150293.29"," '""label'"": '""Lead Level'""}]""",1639944000.00,4048272000.00,2844096000.00,VND,"[{'max'"": 2464294754"," '""min'"": 1639944000"," '""label'"": '""Cấp mới vào nghề'""}"," {'""max'"": 2900431113"," '""min'"": 2464294754"," '""label'"": '""Cấp trung cấp'""}"," {'""max'"": 3607038844"," '""min'"": 2900431113"," '""label'"": '""Cấp cao cấp'""}"," {'""max'"": 4048272000"," '""min'"": 3607038844"," '""label'"": '""Lead Level'""}]""",2026-01-27 15:44:54.424881+00
98,Considerable preparation needed. Usually requires 2-4 years of related work experience.,Considerable preparation needed. Usually requires 2-4 years of related work experience.,Bachelor's degree required. Master's degree preferred for senior positions.,Bachelor's degree required. Master's degree preferred for senior positions.,65068.00,121470.00,93269.00,USD,"[{""max"""": 80270.27"," '""min'"": 65068.0"," '""label'"": '""Entry Level'""}"," {'""max'"": 93724.35"," '""min'"": 80270.27"," """"label"""": """"Mid Level""""}"," {'""max'"": 113406.6"," '""min'"": 93724.35"," '""label'"": '""Senior Level'""}"," {'""max'"": 121470.0"," '""min'"": 113406.6"," '""label'"": '""Lead Level'""}]""",1561632000.00,2915280000.00,2238456000.00,VND,"[{'max'"": 1926486550"," '""min'"": 1561632000"," '""label'"": '""Cấp mới vào nghề'""}"," {'""max'"": 2249384311"," '""min'"": 1926486550"," '""label'"": '""Cấp trung cấp'""}"," {'""max'"": 2721758498"," '""min'"": 2249384311"," '""label'"": '""Cấp cao cấp'""}"," {'""max'"": 2915280000"," '""min'"": 2721758498"," '""label'"": '""Lead Level'""}]""",2026-01-27 15:44:54.424881+00
99,Considerable preparation needed. Usually requires 2-4 years of related work experience.,Considerable preparation needed. Usually requires 2-4 years of related work experience.,Bachelor's degree required. Master's degree preferred for senior positions.,Bachelor's degree required. Master's degree preferred for senior positions.,47133.00,164575.00,105854.00,USD,"[{""max"""": 82456.62"," '""min'"": 47133.0"," '""label'"": '""Entry Level'""}"," {'""max'"": 108703.09"," '""min'"": 82456.62"," """"label"""": """"Mid Level""""}"," {'""max'"": 151831.27"," '""min'"": 108703.09"," '""label'"": '""Senior Level'""}"," {'""max'"": 164575.0"," '""min'"": 151831.27"," '""label'"": '""Lead Level'""}]""",1131192000.00,3949800000.00,2540496000.00,VND,"[{'max'"": 1978958912"," '""min'"": 1131192000"," '""label'"": '""Cấp mới vào nghề'""}"," {'""max'"": 2608874173"," '""min'"": 1978958912"," '""label'"": '""Cấp trung cấp'""}"," {'""max'"": 3643950552"," '""min'"": 2608874173"," '""label'"": '""Cấp cao cấp'""}"," {'""max'"": 3949800000"," '""min'"": 3643950552"," '""label'"": '""Lead Level'""}]""",2026-01-27 15:44:54.424881+00
100,Considerable preparation needed. Usually requires 2-4 years of related work experience.,Considerable preparation needed. Usually requires 2-4 years of related work experience.,Bachelor's degree required. Master's degree preferred for senior positions.,Bachelor's degree required. Master's degree preferred for senior positions.,44044.00,199564.00,121804.00,USD,"[{""max"""": 97298.57"," '""min'"": 44044.0"," '""label'"": '""Entry Level'""}"," {'""max'"": 120763.59"," '""min'"": 97298.57"," """"label"""": """"Mid Level""""}"," {'""max'"": 182739.28"," '""min'"": 120763.59"," '""label'"": '""Senior Level'""}"," {'""max'"": 199564.0"," '""min'"": 182739.28"," '""label'"": '""Lead Level'""}]""",1057056000.00,4789536000.00,2923296000.00,VND,"[{'max'"": 2335165568"," '""min'"": 1057056000"," '""label'"": '""Cấp mới vào nghề'""}"," {'""max'"": 2898326230"," '""min'"": 2335165568"," '""label'"": '""Cấp trung cấp'""}"," {'""max'"": 4385742683"," '""min'"": 2898326230"," '""label'"": '""Cấp cao cấp'""}"," {'""max'"": 4789536000"," '""min'"": 4385742683"," '""label'"": '""Lead Level'""}]""",2026-01-27 15:44:54.424881+00
101,Considerable preparation needed. Usually requires 2-4 years of related work experience.,Considerable preparation needed. Usually requires 2-4 years of related work experience.,Bachelor's degree required. Master's degree preferred for senior positions.,Bachelor's degree required. Master's degree preferred for senior positions.,53840.00,194338.00,124089.00,USD,"[{""max"""": 102044.17"," '""min'"": 53840.0"," '""label'"": '""Entry Level'""}"," {'""max'"": 127120.31"," '""min'"": 102044.17"," """"label"""": """"Mid Level""""}"," {'""max'"": 176312.37"," '""min'"": 127120.31"," '""label'"": '""Senior Level'""}"," {'""max'"": 194338.0"," '""min'"": 176312.37"," '""label'"": '""Lead Level'""}]""",1292160000.00,4664112000.00,2978136000.00,VND,"[{'max'"": 2449060061"," '""min'"": 1292160000"," '""label'"": '""Cấp mới vào nghề'""}"," {'""max'"": 3050887503"," '""min'"": 2449060061"," '""label'"": '""Cấp trung cấp'""}"," {'""max'"": 4231496769"," '""min'"": 3050887503"," '""label'"": '""Cấp cao cấp'""}"," {'""max'"": 4664112000"," '""min'"": 4231496769"," '""label'"": '""Lead Level'""}]""",2026-01-27 15:44:54.424881+00
102,Considerable preparation needed. Usually requires 2-4 years of related work experience.,Considerable preparation needed. Usually requires 2-4 years of related work experience.,Bachelor's degree required. Master's degree preferred for senior positions.,Bachelor's degree required. Master's degree preferred for senior positions.,72327.00,167059.00,119693.00,USD,"[{""max"""": 101201.83"," '""min'"": 72327.0"," '""label'"": '""Entry Level'""}"," {'""max'"": 123910.03"," '""min'"": 101201.83"," """"label"""": """"Mid Level""""}"," {'""max'"": 159118.83"," '""min'"": 123910.03"," '""label'"": '""Senior Level'""}"," {'""max'"": 167059.0"," '""min'"": 159118.83"," '""label'"": '""Lead Level'""}]""",1735848000.00,4009416000.00,2872632000.00,VND,"[{'max'"": 2428843806"," '""min'"": 1735848000"," '""label'"": '""Cấp mới vào nghề'""}"," {'""max'"": 2973840733"," '""min'"": 2428843806"," '""label'"": '""Cấp trung cấp'""}"," {'""max'"": 3818851861"," '""min'"": 2973840733"," '""label'"": '""Cấp cao cấp'""}"," {'""max'"": 4009416000"," '""min'"": 3818851861"," '""label'"": '""Lead Level'""}]""",2026-01-27 15:44:54.424881+00
103,Considerable preparation needed. Usually requires 2-4 years of related work experience.,Considerable preparation needed. Usually requires 2-4 years of related work experience.,Bachelor's degree required. Master's degree preferred for senior positions.,Bachelor's degree required. Master's degree preferred for senior positions.,40958.00,164500.00,102729.00,USD,"[{""max"""": 81000.41"," '""min'"": 40958.0"," '""label'"": '""Entry Level'""}"," {'""max'"": 111598.28"," '""min'"": 81000.41"," """"label"""": """"Mid Level""""}"," {'""max'"": 147312.0"," '""min'"": 111598.28"," '""label'"": '""Senior Level'""}"," {'""max'"": 164500.0"," '""min'"": 147312.0"," '""label'"": '""Lead Level'""}]""",982992000.00,3948000000.00,2465496000.00,VND,"[{'max'"": 1944009939"," '""min'"": 982992000"," '""label'"": '""Cấp mới vào nghề'""}"," {'""max'"": 2678358827"," '""min'"": 1944009939"," '""label'"": '""Cấp trung cấp'""}"," {'""max'"": 3535487993"," '""min'"": 2678358827"," '""label'"": '""Cấp cao cấp'""}"," {'""max'"": 3948000000"," '""min'"": 3535487993"," '""label'"": '""Lead Level'""}]""",2026-01-27 15:44:54.424881+00
104,Considerable preparation needed. Usually requires 2-4 years of related work experience.,Considerable preparation needed. Usually requires 2-4 years of related work experience.,Bachelor's degree required. Master's degree preferred for senior positions.,Bachelor's degree required. Master's degree preferred for senior positions.,70050.00,172278.00,121164.00,USD,"[{""max"""": 98133.48"," '""min'"": 70050.0"," '""label'"": '""Entry Level'""}"," {'""max'"": 123112.02"," '""min'"": 98133.48"," """"label"""": """"Mid Level""""}"," {'""max'"": 159772.59"," '""min'"": 123112.02"," '""label'"": '""Senior Level'""}"," {'""max'"": 172278.0"," '""min'"": 159772.59"," '""label'"": '""Lead Level'""}]""",1681200000.00,4134672000.00,2907936000.00,VND,"[{'max'"": 2355203557"," '""min'"": 1681200000"," '""label'"": '""Cấp mới vào nghề'""}"," {'""max'"": 2954688599"," '""min'"": 2355203557"," '""label'"": '""Cấp trung cấp'""}"," {'""max'"": 3834542083"," '""min'"": 2954688599"," '""label'"": '""Cấp cao cấp'""}"," {'""max'"": 4134672000"," '""min'"": 3834542083"," '""label'"": '""Lead Level'""}]""",2026-01-27 15:44:54.424881+00
105,Considerable preparation needed. Usually requires 2-4 years of related work experience.,Considerable preparation needed. Usually requires 2-4 years of related work experience.,Bachelor's degree required. Master's degree preferred for senior positions.,Bachelor's degree required. Master's degree preferred for senior positions.,61374.00,147908.00,104641.00,USD,"[{""max"""": 90420.21"," '""min'"": 61374.0"," '""label'"": '""Entry Level'""}"," {'""max'"": 105033.33"," '""min'"": 90420.21"," """"label"""": """"Mid Level""""}"," {'""max'"": 138832.26"," '""min'"": 105033.33"," '""label'"": '""Senior Level'""}"," {'""max'"": 147908.0"," '""min'"": 138832.26"," '""label'"": '""Lead Level'""}]""",1472976000.00,3549792000.00,2511384000.00,VND,"[{'max'"": 2170085131"," '""min'"": 1472976000"," '""label'"": '""Cấp mới vào nghề'""}"," {'""max'"": 2520799927"," '""min'"": 2170085131"," '""label'"": '""Cấp trung cấp'""}"," {'""max'"": 3331974283"," '""min'"": 2520799927"," '""label'"": '""Cấp cao cấp'""}"," {'""max'"": 3549792000"," '""min'"": 3331974283"," '""label'"": '""Lead Level'""}]""",2026-01-27 15:44:54.424881+00
106,Considerable preparation needed. Usually requires 2-4 years of related work experience.,Considerable preparation needed. Usually requires 2-4 years of related work experience.,Bachelor's degree required. Master's degree preferred for senior positions.,Bachelor's degree required. Master's degree preferred for senior positions.,43044.00,127285.00,85164.00,USD,"[{""max"""": 72389.15"," '""min'"": 43044.0"," '""label'"": '""Entry Level'""}"," {'""max'"": 88766.07"," '""min'"": 72389.15"," """"label"""": """"Mid Level""""}"," {'""max'"": 117427.59"," '""min'"": 88766.07"," '""label'"": '""Senior Level'""}"," {'""max'"": 127285.0"," '""min'"": 117427.59"," '""label'"": '""Lead Level'""}]""",1033056000.00,3054840000.00,2043936000.00,VND,"[{'max'"": 1737339506"," '""min'"": 1033056000"," '""label'"": '""Cấp mới vào nghề'""}"," {'""max'"": 2130385654"," '""min'"": 1737339506"," '""label'"": '""Cấp trung cấp'""}"," {'""max'"": 2818262092"," '""min'"": 2130385654"," '""label'"": '""Cấp cao cấp'""}"," {'""max'"": 3054840000"," '""min'"": 2818262092"," '""label'"": '""Lead Level'""}]""",2026-01-27 15:44:54.424881+00
107,Considerable preparation needed. Usually requires 2-4 years of related work experience.,Considerable preparation needed. Usually requires 2-4 years of related work experience.,Bachelor's degree required. Master's degree preferred for senior positions.,Bachelor's degree required. Master's degree preferred for senior positions.,56143.00,102491.00,79317.00,USD,"[{""max"""": 68868.27"," '""min'"": 56143.0"," '""label'"": '""Entry Level'""}"," {'""max'"": 81511.31"," '""min'"": 68868.27"," """"label"""": """"Mid Level""""}"," {'""max'"": 98422.45"," '""min'"": 81511.31"," '""label'"": '""Senior Level'""}"," {'""max'"": 102491.0"," '""min'"": 98422.45"," '""label'"": '""Lead Level'""}]""",1347432000.00,2459784000.00,1903608000.00,VND,"[{'max'"": 1652838370"," '""min'"": 1347432000"," '""label'"": '""Cấp mới vào nghề'""}"," {'""max'"": 1956271411"," '""min'"": 1652838370"," '""label'"": '""Cấp trung cấp'""}"," {'""max'"": 2362138694"," '""min'"": 1956271411"," '""label'"": '""Cấp cao cấp'""}"," {'""max'"": 2459784000"," '""min'"": 2362138694"," '""label'"": '""Lead Level'""}]""",2026-01-27 15:44:54.424881+00
108,Considerable preparation needed. Usually requires 2-4 years of related work experience.,Considerable preparation needed. Usually requires 2-4 years of related work experience.,Bachelor's degree required. Master's degree preferred for senior positions.,Bachelor's degree required. Master's degree preferred for senior positions.,57558.00,194776.00,126167.00,USD,"[{""max"""": 102227.51"," '""min'"": 57558.0"," '""label'"": '""Entry Level'""}"," {'""max'"": 128914.69"," '""min'"": 102227.51"," """"label"""": """"Mid Level""""}"," {'""max'"": 174494.22"," '""min'"": 128914.69"," '""label'"": '""Senior Level'""}"," {'""max'"": 194776.0"," '""min'"": 174494.22"," '""label'"": '""Lead Level'""}]""",1381392000.00,4674624000.00,3028008000.00,VND,"[{'max'"": 2453460177"," '""min'"": 1381392000"," '""label'"": '""Cấp mới vào nghề'""}"," {'""max'"": 3093952541"," '""min'"": 2453460177"," '""label'"": '""Cấp trung cấp'""}"," {'""max'"": 4187861335"," '""min'"": 3093952541"," '""label'"": '""Cấp cao cấp'""}"," {'""max'"": 4674624000"," '""min'"": 4187861335"," '""label'"": '""Lead Level'""}]""",2026-01-27 15:44:54.424881+00
109,Considerable preparation needed. Usually requires 2-4 years of programming or analytical experience.,Considerable preparation needed. Usually requires 2-4 years of programming or analytical experience.,"Bachelor''s degree in Computer Science, Mathematics, or related field required.","Bachelor''s degree in Computer Science, Mathematics, or related field required.",56319.00,169712.00,113015.00,USD,"[{""max"""": 85152.49"," '""min'"": 56319.0"," '""label'"": '""Entry Level'""}"," {'""max'"": 118548.5"," '""min'"": 85152.49"," """"label"""": """"Mid Level""""}"," {'""max'"": 156202.52"," '""min'"": 118548.5"," '""label'"": '""Senior Level'""}"," {'""max'"": 169712.0"," '""min'"": 156202.52"," '""label'"": '""Lead Level'""}]""",1351656000.00,4073088000.00,2712360000.00,VND,"[{'max'"": 2043659718"," '""min'"": 1351656000"," '""label'"": '""Cấp mới vào nghề'""}"," {'""max'"": 2845163929"," '""min'"": 2043659718"," '""label'"": '""Cấp trung cấp'""}"," {'""max'"": 3748860594"," '""min'"": 2845163929"," '""label'"": '""Cấp cao cấp'""}"," {'""max'"": 4073088000"," '""min'"": 3748860594"," '""label'"": '""Lead Level'""}]""",2026-01-27 15:44:54.424881+00
110,Considerable preparation needed. Usually requires 2-4 years of programming or analytical experience.,Considerable preparation needed. Usually requires 2-4 years of programming or analytical experience.,"Bachelor''s degree in Computer Science, Mathematics, or related field required.","Bachelor''s degree in Computer Science, Mathematics, or related field required.",40866.00,163449.00,102157.00,USD,"[{""max"""": 82158.46"," '""min'"": 40866.0"," '""label'"": '""Entry Level'""}"," {'""max'"": 101005.26"," '""min'"": 82158.46"," """"label"""": """"Mid Level""""}"," {'""max'"": 144265.77"," '""min'"": 101005.26"," '""label'"": '""Senior Level'""}"," {'""max'"": 163449.0"," '""min'"": 144265.77"," '""label'"": '""Lead Level'""}]""",980784000.00,3922776000.00,2451768000.00,VND,"[{'max'"": 1971802982"," '""min'"": 980784000"," '""label'"": '""Cấp mới vào nghề'""}"," {'""max'"": 2424126146"," '""min'"": 1971802982"," '""label'"": '""Cấp trung cấp'""}"," {'""max'"": 3462378429"," '""min'"": 2424126146"," '""label'"": '""Cấp cao cấp'""}"," {'""max'"": 3922776000"," '""min'"": 3462378429"," '""label'"": '""Lead Level'""}]""",2026-01-27 15:44:54.424881+00
111,Considerable preparation needed. Usually requires 2-4 years of programming or analytical experience.,Considerable preparation needed. Usually requires 2-4 years of programming or analytical experience.,"Bachelor''s degree in Computer Science, Mathematics, or related field required.","Bachelor''s degree in Computer Science, Mathematics, or related field required.",73697.00,100603.00,87150.00,USD,"[{""max"""": 82582.22"," '""min'"": 73697.0"," '""label'"": '""Entry Level'""}"," {'""max'"": 88883.87"," '""min'"": 82582.22"," """"label"""": """"Mid Level""""}"," {'""max'"": 97314.86"," '""min'"": 88883.87"," '""label'"": '""Senior Level'""}"," {'""max'"": 100603.0"," '""min'"": 97314.86"," '""label'"": '""Lead Level'""}]""",1768728000.00,2414472000.00,2091600000.00,VND,"[{'max'"": 1981973368"," '""min'"": 1768728000"," '""label'"": '""Cấp mới vào nghề'""}"," {'""max'"": 2133212880"," '""min'"": 1981973368"," '""label'"": '""Cấp trung cấp'""}"," {'""max'"": 2335556713"," '""min'"": 2133212880"," '""label'"": '""Cấp cao cấp'""}"," {'""max'"": 2414472000"," '""min'"": 2335556713"," '""label'"": '""Lead Level'""}]""",2026-01-27 15:44:54.424881+00
112,Considerable preparation needed. Usually requires 2-4 years of programming or analytical experience.,Considerable preparation needed. Usually requires 2-4 years of programming or analytical experience.,"Bachelor''s degree in Computer Science, Mathematics, or related field required.","Bachelor''s degree in Computer Science, Mathematics, or related field required.",56448.00,132591.00,94519.00,USD,"[{""max"""": 82323.01"," '""min'"": 56448.0"," '""label'"": '""Entry Level'""}"," {'""max'"": 95114.15"," '""min'"": 82323.01"," """"label"""": """"Mid Level""""}"," {'""max'"": 121552.94"," '""min'"": 95114.15"," '""label'"": '""Senior Level'""}"," {'""max'"": 132591.0"," '""min'"": 121552.94"," '""label'"": '""Lead Level'""}]""",1354752000.00,3182184000.00,2268456000.00,VND,"[{'max'"": 1975752306"," '""min'"": 1354752000"," '""label'"": '""Cấp mới vào nghề'""}"," {'""max'"": 2282739553"," '""min'"": 1975752306"," '""label'"": '""Cấp trung cấp'""}"," {'""max'"": 2917270507"," '""min'"": 2282739553"," '""label'"": '""Cấp cao cấp'""}"," {'""max'"": 3182184000"," '""min'"": 2917270507"," '""label'"": '""Lead Level'""}]""",2026-01-27 15:44:54.424881+00
113,Considerable preparation needed. Usually requires 2-4 years of programming or analytical experience.,Considerable preparation needed. Usually requires 2-4 years of programming or analytical experience.,"Bachelor''s degree in Computer Science, Mathematics, or related field required.","Bachelor''s degree in Computer Science, Mathematics, or related field required.",68930.00,197016.00,132973.00,USD,"[{""max"""": 103234.46"," '""min'"": 68930.0"," '""label'"": '""Entry Level'""}"," {'""max'"": 141370.7"," '""min'"": 103234.46"," """"label"""": """"Mid Level""""}"," {'""max'"": 178784.2"," '""min'"": 141370.7"," '""label'"": '""Senior Level'""}"," {'""max'"": 197016.0"," '""min'"": 178784.2"," '""label'"": '""Lead Level'""}]""",1654320000.00,4728384000.00,3191352000.00,VND,"[{'max'"": 2477626931"," '""min'"": 1654320000"," '""label'"": '""Cấp mới vào nghề'""}"," {'""max'"": 3392896836"," '""min'"": 2477626931"," '""label'"": '""Cấp trung cấp'""}"," {'""max'"": 4290820715"," '""min'"": 3392896836"," '""label'"": '""Cấp cao cấp'""}"," {'""max'"": 4728384000"," '""min'"": 4290820715"," '""label'"": '""Lead Level'""}]""",2026-01-27 15:44:54.424881+00
114,Considerable preparation needed. Usually requires 2-4 years of programming or analytical experience.,Considerable preparation needed. Usually requires 2-4 years of programming or analytical experience.,"Bachelor''s degree in Computer Science, Mathematics, or related field required.","Bachelor''s degree in Computer Science, Mathematics, or related field required.",70236.00,138639.00,104437.00,USD,"[{""max"""": 88308.39"," '""min'"": 70236.0"," '""label'"": '""Entry Level'""}"," {'""max'"": 106831.04"," '""min'"": 88308.39"," """"label"""": """"Mid Level""""}"," {'""max'"": 126492.75"," '""min'"": 106831.04"," '""label'"": '""Senior Level'""}"," {'""max'"": 138639.0"," '""min'"": 126492.75"," '""label'"": '""Lead Level'""}]""",1685664000.00,3327336000.00,2506488000.00,VND,"[{'max'"": 2119401282"," '""min'"": 1685664000"," '""label'"": '""Cấp mới vào nghề'""}"," {'""max'"": 2563945077"," '""min'"": 2119401282"," '""label'"": '""Cấp trung cấp'""}"," {'""max'"": 3035825981"," '""min'"": 2563945077"," '""label'"": '""Cấp cao cấp'""}"," {'""max'"": 3327336000"," '""min'"": 3035825981"," '""label'"": '""Lead Level'""}]""",2026-01-27 15:44:54.424881+00
115,Considerable preparation needed. Usually requires 2-4 years of programming or analytical experience.,Considerable preparation needed. Usually requires 2-4 years of programming or analytical experience.,"Bachelor''s degree in Computer Science, Mathematics, or related field required.","Bachelor''s degree in Computer Science, Mathematics, or related field required.",42078.00,105087.00,73582.00,USD,"[{""max"""": 62591.64"," '""min'"": 42078.0"," '""label'"": '""Entry Level'""}"," {'""max'"": 76618.78"," '""min'"": 62591.64"," """"label"""": """"Mid Level""""}"," {'""max'"": 94925.11"," '""min'"": 76618.78"," '""label'"": '""Senior Level'""}"," {'""max'"": 105087.0"," '""min'"": 94925.11"," '""label'"": '""Lead Level'""}]""",1009872000.00,2522088000.00,1765968000.00,VND,"[{'max'"": 1502199305"," '""min'"": 1009872000"," '""label'"": '""Cấp mới vào nghề'""}"," {'""max'"": 1838850833"," '""min'"": 1502199305"," '""label'"": '""Cấp trung cấp'""}"," {'""max'"": 2278202641"," '""min'"": 1838850833"," '""label'"": '""Cấp cao cấp'""}"," {'""max'"": 2522088000"," '""min'"": 2278202641"," '""label'"": '""Lead Level'""}]""",2026-01-27 15:44:54.424881+00
116,Considerable preparation needed. Usually requires 2-4 years of programming or analytical experience.,Considerable preparation needed. Usually requires 2-4 years of programming or analytical experience.,"Bachelor''s degree in Computer Science, Mathematics, or related field required.","Bachelor''s degree in Computer Science, Mathematics, or related field required.",64492.00,175006.00,119749.00,USD,"[{""max"""": 94668.04"," '""min'"": 64492.0"," '""label'"": '""Entry Level'""}"," {'""max'"": 121788.47"," '""min'"": 94668.04"," """"label"""": """"Mid Level""""}"," {'""max'"": 155553.08"," '""min'"": 121788.47"," '""label'"": '""Senior Level'""}"," {'""max'"": 175006.0"," '""min'"": 155553.08"," '""label'"": '""Lead Level'""}]""",1547808000.00,4200144000.00,2873976000.00,VND,"[{'max'"": 2272032892"," '""min'"": 1547808000"," '""label'"": '""Cấp mới vào nghề'""}"," {'""max'"": 2922923389"," '""min'"": 2272032892"," '""label'"": '""Cấp trung cấp'""}"," {'""max'"": 3733273957"," '""min'"": 2922923389"," '""label'"": '""Cấp cao cấp'""}"," {'""max'"": 4200144000"," '""min'"": 3733273957"," '""label'"": '""Lead Level'""}]""",2026-01-27 15:44:54.424881+00
117,Considerable preparation needed. Usually requires 2-4 years of programming or analytical experience.,Considerable preparation needed. Usually requires 2-4 years of programming or analytical experience.,"Bachelor''s degree in Computer Science, Mathematics, or related field required.","Bachelor''s degree in Computer Science, Mathematics, or related field required.",64468.00,149162.00,106815.00,USD,"[{""max"""": 89098.14"," '""min'"": 64468.0"," '""label'"": '""Entry Level'""}"," {'""max'"": 107836.84"," '""min'"": 89098.14"," """"label"""": """"Mid Level""""}"," {'""max'"": 134896.1"," '""min'"": 107836.84"," '""label'"": '""Senior Level'""}"," {'""max'"": 149162.0"," '""min'"": 134896.1"," '""label'"": '""Lead Level'""}]""",1547232000.00,3579888000.00,2563560000.00,VND,"[{'max'"": 2138355249"," '""min'"": 1547232000"," '""label'"": '""Cấp mới vào nghề'""}"," {'""max'"": 2588084150"," '""min'"": 2138355249"," '""label'"": '""Cấp trung cấp'""}"," {'""max'"": 3237506434"," '""min'"": 2588084150"," '""label'"": '""Cấp cao cấp'""}"," {'""max'"": 3579888000"," '""min'"": 3237506434"," '""label'"": '""Lead Level'""}]""",2026-01-27 15:44:54.424881+00
118,Considerable preparation needed. Usually requires 2-4 years of programming or analytical experience.,Considerable preparation needed. Usually requires 2-4 years of programming or analytical experience.,"Bachelor''s degree in Computer Science, Mathematics, or related field required.","Bachelor''s degree in Computer Science, Mathematics, or related field required.",74818.00,136948.00,105883.00,USD,"[{""max"""": 94110.33"," '""min'"": 74818.0"," '""label'"": '""Entry Level'""}"," {'""max'"": 106168.81"," '""min'"": 94110.33"," """"label"""": """"Mid Level""""}"," {'""max'"": 126494.19"," '""min'"": 106168.81"," '""label'"": '""Senior Level'""}"," {'""max'"": 136948.0"," '""min'"": 126494.19"," '""label'"": '""Lead Level'""}]""",1795632000.00,3286752000.00,2541192000.00,VND,"[{'max'"": 2258647835"," '""min'"": 1795632000"," '""label'"": '""Cấp mới vào nghề'""}"," {'""max'"": 2548051530"," '""min'"": 2258647835"," '""label'"": '""Cấp trung cấp'""}"," {'""max'"": 3035860459"," '""min'"": 2548051530"," '""label'"": '""Cấp cao cấp'""}"," {'""max'"": 3286752000"," '""min'"": 3035860459"," '""label'"": '""Lead Level'""}]""",2026-01-27 15:44:54.424881+00
119,Considerable preparation needed. Usually requires 2-4 years of programming or analytical experience.,Considerable preparation needed. Usually requires 2-4 years of programming or analytical experience.,"Bachelor''s degree in Computer Science, Mathematics, or related field required.","Bachelor''s degree in Computer Science, Mathematics, or related field required.",62816.00,139697.00,101256.00,USD,"[{""max"""": 85087.68"," '""min'"": 62816.0"," '""label'"": '""Entry Level'""}"," {'""max'"": 106986.61"," '""min'"": 85087.68"," """"label"""": """"Mid Level""""}"," {'""max'"": 129968.16"," '""min'"": 106986.61"," '""label'"": '""Senior Level'""}"," {'""max'"": 139697.0"," '""min'"": 129968.16"," '""label'"": '""Lead Level'""}]""",1507584000.00,3352728000.00,2430144000.00,VND,"[{'max'"": 2042104371"," '""min'"": 1507584000"," '""label'"": '""Cấp mới vào nghề'""}"," {'""max'"": 2567678527"," '""min'"": 2042104371"," '""label'"": '""Cấp trung cấp'""}"," {'""max'"": 3119235736"," '""min'"": 2567678527"," '""label'"": '""Cấp cao cấp'""}"," {'""max'"": 3352728000"," '""min'"": 3119235736"," '""label'"": '""Lead Level'""}]""",2026-01-27 15:44:54.424881+00
120,Considerable preparation needed. Usually requires 2-4 years of programming or analytical experience.,Considerable preparation needed. Usually requires 2-4 years of programming or analytical experience.,"Bachelor''s degree in Computer Science, Mathematics, or related field required.","Bachelor''s degree in Computer Science, Mathematics, or related field required.",77224.00,129711.00,103467.00,USD,"[{""max"""": 92218.74"," '""min'"": 77224.0"," '""label'"": '""Entry Level'""}"," {'""max'"": 104503.75"," '""min'"": 92218.74"," """"label"""": """"Mid Level""""}"," {'""max'"": 121054.93"," '""min'"": 104503.75"," '""label'"": '""Senior Level'""}"," {'""max'"": 129711.0"," '""min'"": 121054.93"," '""label'"": '""Lead Level'""}]""",1853376000.00,3113064000.00,2483208000.00,VND,"[{'max'"": 2213249871"," '""min'"": 1853376000"," '""label'"": '""Cấp mới vào nghề'""}"," {'""max'"": 2508089935"," '""min'"": 2213249871"," '""label'"": '""Cấp trung cấp'""}"," {'""max'"": 2905318401"," '""min'"": 2508089935"," '""label'"": '""Cấp cao cấp'""}"," {'""max'"": 3113064000"," '""min'"": 2905318401"," '""label'"": '""Lead Level'""}]""",2026-01-27 15:44:54.424881+00
121,Considerable preparation needed. Usually requires 2-4 years of programming or analytical experience.,Considerable preparation needed. Usually requires 2-4 years of programming or analytical experience.,"Bachelor''s degree in Computer Science, Mathematics, or related field required.","Bachelor''s degree in Computer Science, Mathematics, or related field required.",56742.00,124501.00,90621.00,USD,"[{""max"""": 79457.04"," '""min'"": 56742.0"," '""label'"": '""Entry Level'""}"," {'""max'"": 92622.26"," '""min'"": 79457.04"," """"label"""": """"Mid Level""""}"," {'""max'"": 113195.02"," '""min'"": 92622.26"," '""label'"": '""Senior Level'""}"," {'""max'"": 124501.0"," '""min'"": 113195.02"," '""label'"": '""Lead Level'""}]""",1361808000.00,2988024000.00,2174904000.00,VND,"[{'max'"": 1906968911"," '""min'"": 1361808000"," '""label'"": '""Cấp mới vào nghề'""}"," {'""max'"": 2222934295"," '""min'"": 1906968911"," '""label'"": '""Cấp trung cấp'""}"," {'""max'"": 2716680425"," '""min'"": 2222934295"," '""label'"": '""Cấp cao cấp'""}"," {'""max'"": 2988024000"," '""min'"": 2716680425"," '""label'"": '""Lead Level'""}]""",2026-01-27 15:44:54.424881+00
122,Considerable preparation needed. Usually requires 2-4 years of programming or analytical experience.,Considerable preparation needed. Usually requires 2-4 years of programming or analytical experience.,"Bachelor''s degree in Computer Science, Mathematics, or related field required.","Bachelor''s degree in Computer Science, Mathematics, or related field required.",69030.00,162653.00,115841.00,USD,"[{""max"""": 101037.95"," '""min'"": 69030.0"," '""label'"": '""Entry Level'""}"," {'""max'"": 121340.26"," '""min'"": 101037.95"," """"label"""": """"Mid Level""""}"," {'""max'"": 149342.81"," '""min'"": 121340.26"," '""label'"": '""Senior Level'""}"," {'""max'"": 162653.0"," '""min'"": 149342.81"," '""label'"": '""Lead Level'""}]""",1656720000.00,3903672000.00,2780184000.00,VND,"[{'max'"": 2424910786"," '""min'"": 1656720000"," '""label'"": '""Cấp mới vào nghề'""}"," {'""max'"": 2912166238"," '""min'"": 2424910786"," '""label'"": '""Cấp trung cấp'""}"," {'""max'"": 3584227482"," '""min'"": 2912166238"," '""label'"": '""Cấp cao cấp'""}"," {'""max'"": 3903672000"," '""min'"": 3584227482"," '""label'"": '""Lead Level'""}]""",2026-01-27 15:44:54.424881+00
123,Considerable preparation needed. Usually requires 2-4 years of programming or analytical experience.,Considerable preparation needed. Usually requires 2-4 years of programming or analytical experience.,"Bachelor''s degree in Computer Science, Mathematics, or related field required.","Bachelor''s degree in Computer Science, Mathematics, or related field required.",72334.00,190985.00,131659.00,USD,"[{""max"""": 105137.02"," '""min'"": 72334.0"," '""label'"": '""Entry Level'""}"," {'""max'"": 139572.88"," '""min'"": 105137.02"," """"label"""": """"Mid Level""""}"," {'""max'"": 176811.08"," '""min'"": 139572.88"," '""label'"": '""Senior Level'""}"," {'""max'"": 190985.0"," '""min'"": 176811.08"," '""label'"": '""Lead Level'""}]""",1736016000.00,4583640000.00,3159816000.00,VND,"[{'max'"": 2523288559"," '""min'"": 1736016000"," '""label'"": '""Cấp mới vào nghề'""}"," {'""max'"": 3349749008"," '""min'"": 2523288559"," '""label'"": '""Cấp trung cấp'""}"," {'""max'"": 4243465809"," '""min'"": 3349749008"," '""label'"": '""Cấp cao cấp'""}"," {'""max'"": 4583640000"," '""min'"": 4243465809"," '""label'"": '""Lead Level'""}]""",2026-01-27 15:44:54.424881+00
124,Considerable preparation needed. Usually requires 2-4 years of programming or analytical experience.,Considerable preparation needed. Usually requires 2-4 years of programming or analytical experience.,"Bachelor''s degree in Computer Science, Mathematics, or related field required.","Bachelor''s degree in Computer Science, Mathematics, or related field required.",65677.00,117560.00,91618.00,USD,"[{""max"""": 83072.72"," '""min'"": 65677.0"," '""label'"": '""Entry Level'""}"," {'""max'"": 95781.37"," '""min'"": 83072.72"," """"label"""": """"Mid Level""""}"," {'""max'"": 108849.77"," '""min'"": 95781.37"," '""label'"": '""Senior Level'""}"," {'""max'"": 117560.0"," '""min'"": 108849.77"," '""label'"": '""Lead Level'""}]""",1576248000.00,2821440000.00,2198832000.00,VND,"[{'max'"": 1993745356"," '""min'"": 1576248000"," '""label'"": '""Cấp mới vào nghề'""}"," {'""max'"": 2298752832"," '""min'"": 1993745356"," '""label'"": '""Cấp trung cấp'""}"," {'""max'"": 2612394562"," '""min'"": 2298752832"," '""label'"": '""Cấp cao cấp'""}"," {'""max'"": 2821440000"," '""min'"": 2612394562"," '""label'"": '""Lead Level'""}]""",2026-01-27 15:44:54.424881+00
125,Considerable preparation needed. Usually requires 2-4 years of programming or analytical experience.,Considerable preparation needed. Usually requires 2-4 years of programming or analytical experience.,"Bachelor''s degree in Computer Science, Mathematics, or related field required.","Bachelor''s degree in Computer Science, Mathematics, or related field required.",58714.00,183443.00,121078.00,USD,"[{""max"""": 101843.29"," '""min'"": 58714.0"," '""label'"": '""Entry Level'""}"," {'""max'"": 130108.48"," '""min'"": 101843.29"," """"label"""": """"Mid Level""""}"," {'""max'"": 168826.41"," '""min'"": 130108.48"," '""label'"": '""Senior Level'""}"," {'""max'"": 183443.0"," '""min'"": 168826.41"," '""label'"": '""Lead Level'""}]""",1409136000.00,4402632000.00,2905872000.00,VND,"[{'max'"": 2444239016"," '""min'"": 1409136000"," '""label'"": '""Cấp mới vào nghề'""}"," {'""max'"": 3122603400"," '""min'"": 2444239016"," '""label'"": '""Cấp trung cấp'""}"," {'""max'"": 4051833793"," '""min'"": 3122603400"," '""label'"": '""Cấp cao cấp'""}"," {'""max'"": 4402632000"," '""min'"": 4051833793"," '""label'"": '""Lead Level'""}]""",2026-01-27 15:44:54.424881+00
126,Considerable preparation needed. Usually requires 2-4 years of programming or analytical experience.,Considerable preparation needed. Usually requires 2-4 years of programming or analytical experience.,"Bachelor''s degree in Computer Science, Mathematics, or related field required.","Bachelor''s degree in Computer Science, Mathematics, or related field required.",73863.00,109873.00,91868.00,USD,"[{""max"""": 83406.33"," '""min'"": 73863.0"," '""label'"": '""Entry Level'""}"," {'""max'"": 94171.51"," '""min'"": 83406.33"," """"label"""": """"Mid Level""""}"," {'""max'"": 104801.79"," '""min'"": 94171.51"," '""label'"": '""Senior Level'""}"," {'""max'"": 109873.0"," '""min'"": 104801.79"," '""label'"": '""Lead Level'""}]""",1772712000.00,2636952000.00,2204832000.00,VND,"[{'max'"": 2001751844"," '""min'"": 1772712000"," '""label'"": '""Cấp mới vào nghề'""}"," {'""max'"": 2260116242"," '""min'"": 2001751844"," '""label'"": '""Cấp trung cấp'""}"," {'""max'"": 2515243061"," '""min'"": 2260116242"," '""label'"": '""Cấp cao cấp'""}"," {'""max'"": 2636952000"," '""min'"": 2515243061"," '""label'"": '""Lead Level'""}]""",2026-01-27 15:44:54.424881+00
127,Considerable preparation needed. Usually requires 2-4 years of programming or analytical experience.,Considerable preparation needed. Usually requires 2-4 years of programming or analytical experience.,"Bachelor''s degree in Computer Science, Mathematics, or related field required.","Bachelor''s degree in Computer Science, Mathematics, or related field required.",43384.00,127719.00,85551.00,USD,"[{""max"""": 71139.58"," '""min'"": 43384.0"," '""label'"": '""Entry Level'""}"," {'""max'"": 87900.1"," '""min'"": 71139.58"," """"label"""": """"Mid Level""""}"," {'""max'"": 116638.44"," '""min'"": 87900.1"," '""label'"": '""Senior Level'""}"," {'""max'"": 127719.0"," '""min'"": 116638.44"," '""label'"": '""Lead Level'""}]""",1041216000.00,3065256000.00,2053224000.00,VND,"[{'max'"": 1707349861"," '""min'"": 1041216000"," '""label'"": '""Cấp mới vào nghề'""}"," {'""max'"": 2109602305"," '""min'"": 1707349861"," '""label'"": '""Cấp trung cấp'""}"," {'""max'"": 2799322545"," '""min'"": 2109602305"," '""label'"": '""Cấp cao cấp'""}"," {'""max'"": 3065256000"," '""min'"": 2799322545"," '""label'"": '""Lead Level'""}]""",2026-01-27 15:44:54.424881+00
128,Considerable preparation needed. Usually requires 2-4 years of programming or analytical experience.,Considerable preparation needed. Usually requires 2-4 years of programming or analytical experience.,"Bachelor''s degree in Computer Science, Mathematics, or related field required.","Bachelor''s degree in Computer Science, Mathematics, or related field required.",48253.00,179702.00,113977.00,USD,"[{""max"""": 84487.6"," '""min'"": 48253.0"," '""label'"": '""Entry Level'""}"," {'""max'"": 123440.08"," '""min'"": 84487.6"," """"label"""": """"Mid Level""""}"," {'""max'"": 162307.01"," '""min'"": 123440.08"," '""label'"": '""Senior Level'""}"," {'""max'"": 179702.0"," '""min'"": 162307.01"," '""label'"": '""Lead Level'""}]""",1158072000.00,4312848000.00,2735448000.00,VND,"[{'max'"": 2027702518"," '""min'"": 1158072000"," '""label'"": '""Cấp mới vào nghề'""}"," {'""max'"": 2962561811"," '""min'"": 2027702518"," '""label'"": '""Cấp trung cấp'""}"," {'""max'"": 3895368187"," '""min'"": 2962561811"," '""label'"": '""Cấp cao cấp'""}"," {'""max'"": 4312848000"," '""min'"": 3895368187"," '""label'"": '""Lead Level'""}]""",2026-01-27 15:44:54.424881+00
129,Considerable preparation needed. Usually requires 2-4 years of programming or analytical experience.,Considerable preparation needed. Usually requires 2-4 years of programming or analytical experience.,"Bachelor''s degree in Computer Science, Mathematics, or related field required.","Bachelor''s degree in Computer Science, Mathematics, or related field required.",60495.00,174615.00,117555.00,USD,"[{""max"""": 92878.83"," '""min'"": 60495.0"," '""label'"": '""Entry Level'""}"," {'""max'"": 119274.78"," '""min'"": 92878.83"," """"label"""": """"Mid Level""""}"," {'""max'"": 156522.11"," '""min'"": 119274.78"," '""label'"": '""Senior Level'""}"," {'""max'"": 174615.0"," '""min'"": 156522.11"," '""label'"": '""Lead Level'""}]""",1451880000.00,4190760000.00,2821320000.00,VND,"[{'max'"": 2229091878"," '""min'"": 1451880000"," '""label'"": '""Cấp mới vào nghề'""}"," {'""max'"": 2862594634"," '""min'"": 2229091878"," '""label'"": '""Cấp trung cấp'""}"," {'""max'"": 3756530578"," '""min'"": 2862594634"," '""label'"": '""Cấp cao cấp'""}"," {'""max'"": 4190760000"," '""min'"": 3756530578"," '""label'"": '""Lead Level'""}]""",2026-01-27 15:44:54.424881+00
130,Considerable preparation needed. Usually requires 2-4 years of programming or analytical experience.,Considerable preparation needed. Usually requires 2-4 years of programming or analytical experience.,"Bachelor''s degree in Computer Science, Mathematics, or related field required.","Bachelor''s degree in Computer Science, Mathematics, or related field required.",73807.00,175693.00,124750.00,USD,"[{""max"""": 105174.55"," '""min'"": 73807.0"," '""label'"": '""Entry Level'""}"," {'""max'"": 128730.2"," '""min'"": 105174.55"," """"label"""": """"Mid Level""""}"," {'""max'"": 159589.73"," '""min'"": 128730.2"," '""label'"": '""Senior Level'""}"," {'""max'"": 175693.0"," '""min'"": 159589.73"," '""label'"": '""Lead Level'""}]""",1771368000.00,4216632000.00,2994000000.00,VND,"[{'max'"": 2524189157"," '""min'"": 1771368000"," '""label'"": '""Cấp mới vào nghề'""}"," {'""max'"": 3089524912"," '""min'"": 2524189157"," '""label'"": '""Cấp trung cấp'""}"," {'""max'"": 3830153574"," '""min'"": 3089524912"," '""label'"": '""Cấp cao cấp'""}"," {'""max'"": 4216632000"," '""min'"": 3830153574"," '""label'"": '""Lead Level'""}]""",2026-01-27 15:44:54.424881+00
131,Considerable preparation needed. Usually requires 2-4 years of programming or analytical experience.,Considerable preparation needed. Usually requires 2-4 years of programming or analytical experience.,"Bachelor''s degree in Computer Science, Mathematics, or related field required.","Bachelor''s degree in Computer Science, Mathematics, or related field required.",43119.00,145410.00,94264.00,USD,"[{""max"""": 73096.79"," '""min'"": 43119.0"," '""label'"": '""Entry Level'""}"," {'""max'"": 93979.2"," '""min'"": 73096.79"," """"label"""": """"Mid Level""""}"," {'""max'"": 132813.47"," '""min'"": 93979.2"," '""label'"": '""Senior Level'""}"," {'""max'"": 145410.0"," '""min'"": 132813.47"," '""label'"": '""Lead Level'""}]""",1034856000.00,3489840000.00,2262336000.00,VND,"[{'max'"": 1754322873"," '""min'"": 1034856000"," '""label'"": '""Cấp mới vào nghề'""}"," {'""max'"": 2255500835"," '""min'"": 1754322873"," '""label'"": '""Cấp trung cấp'""}"," {'""max'"": 3187523372"," '""min'"": 2255500835"," '""label'"": '""Cấp cao cấp'""}"," {'""max'"": 3489840000"," '""min'"": 3187523372"," '""label'"": '""Lead Level'""}]""",2026-01-27 15:44:54.424881+00
132,Considerable preparation needed. Usually requires 2-4 years of programming or analytical experience.,Considerable preparation needed. Usually requires 2-4 years of programming or analytical experience.,"Bachelor''s degree in Computer Science, Mathematics, or related field required.","Bachelor''s degree in Computer Science, Mathematics, or related field required.",68996.00,128991.00,98993.00,USD,"[{""max"""": 87244.0"," '""min'"": 68996.0"," '""label'"": '""Entry Level'""}"," {'""max'"": 103895.98"," '""min'"": 87244.0"," """"label"""": """"Mid Level""""}"," {'""max'"": 122300.64"," '""min'"": 103895.98"," '""label'"": '""Senior Level'""}"," {'""max'"": 128991.0"," '""min'"": 122300.64"," '""label'"": '""Lead Level'""}]""",1655904000.00,3095784000.00,2375832000.00,VND,"[{'max'"": 2093855939"," '""min'"": 1655904000"," '""label'"": '""Cấp mới vào nghề'""}"," {'""max'"": 2493503571"," '""min'"": 2093855939"," '""label'"": '""Cấp trung cấp'""}"," {'""max'"": 2935215408"," '""min'"": 2493503571"," '""label'"": '""Cấp cao cấp'""}"," {'""max'"": 3095784000"," '""min'"": 2935215408"," '""label'"": '""Lead Level'""}]""",2026-01-27 15:44:54.424881+00
133,Considerable preparation needed. Usually requires 2-4 years of programming or analytical experience.,Considerable preparation needed. Usually requires 2-4 years of programming or analytical experience.,"Bachelor''s degree in Computer Science, Mathematics, or related field required.","Bachelor''s degree in Computer Science, Mathematics, or related field required.",45722.00,157013.00,101367.00,USD,"[{""max"""": 77527.26"," '""min'"": 45722.0"," '""label'"": '""Entry Level'""}"," {'""max'"": 106356.35"," '""min'"": 77527.26"," """"label"""": """"Mid Level""""}"," {'""max'"": 142389.47"," '""min'"": 106356.35"," '""label'"": '""Senior Level'""}"," {'""max'"": 157013.0"," '""min'"": 142389.47"," '""label'"": '""Lead Level'""}]""",1097328000.00,3768312000.00,2432808000.00,VND,"[{'max'"": 1860654322"," '""min'"": 1097328000"," '""label'"": '""Cấp mới vào nghề'""}"," {'""max'"": 2552552443"," '""min'"": 1860654322"," '""label'"": '""Cấp trung cấp'""}"," {'""max'"": 3417347371"," '""min'"": 2552552443"," '""label'"": '""Cấp cao cấp'""}"," {'""max'"": 3768312000"," '""min'"": 3417347371"," '""label'"": '""Lead Level'""}]""",2026-01-27 15:44:54.424881+00
134,Considerable preparation needed. Usually requires 2-4 years of programming or analytical experience.,Considerable preparation needed. Usually requires 2-4 years of programming or analytical experience.,"Bachelor''s degree in Computer Science, Mathematics, or related field required.","Bachelor''s degree in Computer Science, Mathematics, or related field required.",49221.00,163173.00,106197.00,USD,"[{""max"""": 81466.6"," '""min'"": 49221.0"," '""label'"": '""Entry Level'""}"," {'""max'"": 105380.68"," '""min'"": 81466.6"," """"label"""": """"Mid Level""""}"," {'""max'"": 152754.44"," '""min'"": 105380.68"," '""label'"": '""Senior Level'""}"," {'""max'"": 163173.0"," '""min'"": 152754.44"," '""label'"": '""Lead Level'""}]""",1181304000.00,3916152000.00,2548728000.00,VND,"[{'max'"": 1955198480"," '""min'"": 1181304000"," '""label'"": '""Cấp mới vào nghề'""}"," {'""max'"": 2529136329"," '""min'"": 1955198480"," '""label'"": '""Cấp trung cấp'""}"," {'""max'"": 3666106627"," '""min'"": 2529136329"," '""label'"": '""Cấp cao cấp'""}"," {'""max'"": 3916152000"," '""min'"": 3666106627"," '""label'"": '""Lead Level'""}]""",2026-01-27 15:44:54.424881+00
135,Considerable preparation needed. Usually requires 2-4 years of programming or analytical experience.,Considerable preparation needed. Usually requires 2-4 years of programming or analytical experience.,"Bachelor''s degree in Computer Science, Mathematics, or related field required.","Bachelor''s degree in Computer Science, Mathematics, or related field required.",59556.00,147724.00,103640.00,USD,"[{""max"""": 88718.89"," '""min'"": 59556.0"," '""label'"": '""Entry Level'""}"," {'""max'"": 110397.68"," '""min'"": 88718.89"," """"label"""": """"Mid Level""""}"," {'""max'"": 138893.02"," '""min'"": 110397.68"," '""label'"": '""Senior Level'""}"," {'""max'"": 147724.0"," '""min'"": 138893.02"," '""label'"": '""Lead Level'""}]""",1429344000.00,3545376000.00,2487360000.00,VND,"[{'max'"": 2129253291"," '""min'"": 1429344000"," '""label'"": '""Cấp mới vào nghề'""}"," {'""max'"": 2649544363"," '""min'"": 2129253291"," '""label'"": '""Cấp trung cấp'""}"," {'""max'"": 3333432367"," '""min'"": 2649544363"," '""label'"": '""Cấp cao cấp'""}"," {'""max'"": 3545376000"," '""min'"": 3333432367"," '""label'"": '""Lead Level'""}]""",2026-01-27 15:44:54.424881+00
136,Considerable preparation needed. Usually requires 2-4 years of programming or analytical experience.,Considerable preparation needed. Usually requires 2-4 years of programming or analytical experience.,"Bachelor''s degree in Computer Science, Mathematics, or related field required.","Bachelor''s degree in Computer Science, Mathematics, or related field required.",64546.00,141825.00,103185.00,USD,"[{""max"""": 85529.23"," '""min'"": 64546.0"," '""label'"": '""Entry Level'""}"," {'""max'"": 108541.64"," '""min'"": 85529.23"," """"label"""": """"Mid Level""""}"," {'""max'"": 130803.5"," '""min'"": 108541.64"," '""label'"": '""Senior Level'""}"," {'""max'"": 141825.0"," '""min'"": 130803.5"," '""label'"": '""Lead Level'""}]""",1549104000.00,3403800000.00,2476440000.00,VND,"[{'max'"": 2052701506"," '""min'"": 1549104000"," '""label'"": '""Cấp mới vào nghề'""}"," {'""max'"": 2604999469"," '""min'"": 2052701506"," '""label'"": '""Cấp trung cấp'""}"," {'""max'"": 3139283927"," '""min'"": 2604999469"," '""label'"": '""Cấp cao cấp'""}"," {'""max'"": 3403800000"," '""min'"": 3139283927"," '""label'"": '""Lead Level'""}]""",2026-01-27 15:44:54.424881+00
137,Considerable preparation needed. Usually requires 2-4 years of programming or analytical experience.,Considerable preparation needed. Usually requires 2-4 years of programming or analytical experience.,"Bachelor''s degree in Computer Science, Mathematics, or related field required.","Bachelor''s degree in Computer Science, Mathematics, or related field required.",68163.00,106173.00,87168.00,USD,"[{""max"""": 79466.32"," '""min'"": 68163.0"," '""label'"": '""Entry Level'""}"," {'""max'"": 88388.52"," '""min'"": 79466.32"," """"label"""": """"Mid Level""""}"," {'""max'"": 100197.93"," '""min'"": 88388.52"," '""label'"": '""Senior Level'""}"," {'""max'"": 106173.0"," '""min'"": 100197.93"," '""label'"": '""Lead Level'""}]""",1635912000.00,2548152000.00,2092032000.00,VND,"[{'max'"": 1907191567"," '""min'"": 1635912000"," '""label'"": '""Cấp mới vào nghề'""}"," {'""max'"": 2121324465"," '""min'"": 1907191567"," '""label'"": '""Cấp trung cấp'""}"," {'""max'"": 2404750329"," '""min'"": 2121324465"," '""label'"": '""Cấp cao cấp'""}"," {'""max'"": 2548152000"," '""min'"": 2404750329"," '""label'"": '""Lead Level'""}]""",2026-01-27 15:44:54.424881+00
138,Considerable preparation needed. Usually requires 2-4 years of programming or analytical experience.,Considerable preparation needed. Usually requires 2-4 years of programming or analytical experience.,"Bachelor''s degree in Computer Science, Mathematics, or related field required.","Bachelor''s degree in Computer Science, Mathematics, or related field required.",53795.00,174708.00,114251.00,USD,"[{""max"""": 95296.19"," '""min'"": 53795.0"," '""label'"": '""Entry Level'""}"," {'""max'"": 124028.63"," '""min'"": 95296.19"," """"label"""": """"Mid Level""""}"," {'""max'"": 164300.51"," '""min'"": 124028.63"," '""label'"": '""Senior Level'""}"," {'""max'"": 174708.0"," '""min'"": 164300.51"," '""label'"": '""Lead Level'""}]""",1291080000.00,4192992000.00,2742024000.00,VND,"[{'max'"": 2287108472"," '""min'"": 1291080000"," '""label'"": '""Cấp mới vào nghề'""}"," {'""max'"": 2976687034"," '""min'"": 2287108472"," '""label'"": '""Cấp trung cấp'""}"," {'""max'"": 3943212270"," '""min'"": 2976687034"," '""label'"": '""Cấp cao cấp'""}"," {'""max'"": 4192992000"," '""min'"": 3943212270"," '""label'"": '""Lead Level'""}]""",2026-01-27 15:44:54.424881+00
139,Considerable preparation needed. Usually requires 2-4 years of programming or analytical experience.,Considerable preparation needed. Usually requires 2-4 years of programming or analytical experience.,"Bachelor''s degree in Computer Science, Mathematics, or related field required.","Bachelor''s degree in Computer Science, Mathematics, or related field required.",71215.00,119617.00,95416.00,USD,"[{""max"""": 87534.88"," '""min'"": 71215.0"," '""label'"": '""Entry Level'""}"," {'""max'"": 94679.4"," '""min'"": 87534.88"," """"label"""": """"Mid Level""""}"," {'""max'"": 111197.65"," '""min'"": 94679.4"," '""label'"": '""Senior Level'""}"," {'""max'"": 119617.0"," '""min'"": 111197.65"," '""label'"": '""Lead Level'""}]""",1709160000.00,2870808000.00,2289984000.00,VND,"[{'max'"": 2100837001"," '""min'"": 1709160000"," '""label'"": '""Cấp mới vào nghề'""}"," {'""max'"": 2272305487"," '""min'"": 2100837001"," '""label'"": '""Cấp trung cấp'""}"," {'""max'"": 2668743717"," '""min'"": 2272305487"," '""label'"": '""Cấp cao cấp'""}"," {'""max'"": 2870808000"," '""min'"": 2668743717"," '""label'"": '""Lead Level'""}]""",2026-01-27 15:44:54.424881+00
140,Considerable preparation needed. Usually requires 2-4 years of programming or analytical experience.,Considerable preparation needed. Usually requires 2-4 years of programming or analytical experience.,"Bachelor''s degree in Computer Science, Mathematics, or related field required.","Bachelor''s degree in Computer Science, Mathematics, or related field required.",67756.00,132168.00,99962.00,USD,"[{""max"""": 90042.06"," '""min'"": 67756.0"," '""label'"": '""Entry Level'""}"," {'""max'"": 99371.28"," '""min'"": 90042.06"," """"label"""": """"Mid Level""""}"," {'""max'"": 125152.13"," '""min'"": 99371.28"," '""label'"": '""Senior Level'""}"," {'""max'"": 132168.0"," '""min'"": 125152.13"," '""label'"": '""Lead Level'""}]""",1626144000.00,3172032000.00,2399088000.00,VND,"[{'max'"": 2161009349"," '""min'"": 1626144000"," '""label'"": '""Cấp mới vào nghề'""}"," {'""max'"": 2384910812"," '""min'"": 2161009349"," '""label'"": '""Cấp trung cấp'""}"," {'""max'"": 3003651111"," '""min'"": 2384910812"," '""label'"": '""Cấp cao cấp'""}"," {'""max'"": 3172032000"," '""min'"": 3003651111"," '""label'"": '""Lead Level'""}]""",2026-01-27 15:44:54.424881+00
141,Considerable preparation needed. Usually requires 2-4 years of programming or analytical experience.,Considerable preparation needed. Usually requires 2-4 years of programming or analytical experience.,"Bachelor''s degree in Computer Science, Mathematics, or related field required.","Bachelor''s degree in Computer Science, Mathematics, or related field required.",75461.00,197407.00,136434.00,USD,"[{""max"""": 117061.26"," '""min'"": 75461.0"," '""label'"": '""Entry Level'""}"," {'""max'"": 139994.38"," '""min'"": 117061.26"," """"label"""": """"Mid Level""""}"," {'""max'"": 180593.13"," '""min'"": 139994.38"," '""label'"": '""Senior Level'""}"," {'""max'"": 197407.0"," '""min'"": 180593.13"," '""label'"": '""Lead Level'""}]""",1811064000.00,4737768000.00,3274416000.00,VND,"[{'max'"": 2809470332"," '""min'"": 1811064000"," '""label'"": '""Cấp mới vào nghề'""}"," {'""max'"": 3359865193"," '""min'"": 2809470332"," '""label'"": '""Cấp trung cấp'""}"," {'""max'"": 4334235141"," '""min'"": 3359865193"," '""label'"": '""Cấp cao cấp'""}"," {'""max'"": 4737768000"," '""min'"": 4334235141"," '""label'"": '""Lead Level'""}]""",2026-01-27 15:44:54.424881+00
142,Considerable preparation needed. Usually requires 2-4 years of programming or analytical experience.,Considerable preparation needed. Usually requires 2-4 years of programming or analytical experience.,"Bachelor''s degree in Computer Science, Mathematics, or related field required.","Bachelor''s degree in Computer Science, Mathematics, or related field required.",67599.00,115104.00,91351.00,USD,"[{""max"""": 80196.68"," '""min'"": 67599.0"," '""label'"": '""Entry Level'""}"," {'""max'"": 93797.81"," '""min'"": 80196.68"," """"label"""": """"Mid Level""""}"," {'""max'"": 107790.22"," '""min'"": 93797.81"," '""label'"": '""Senior Level'""}"," {'""max'"": 115104.0"," '""min'"": 107790.22"," '""label'"": '""Lead Level'""}]""",1622376000.00,2762496000.00,2192424000.00,VND,"[{'max'"": 1924720350"," '""min'"": 1622376000"," '""label'"": '""Cấp mới vào nghề'""}"," {'""max'"": 2251147544"," '""min'"": 1924720350"," '""label'"": '""Cấp trung cấp'""}"," {'""max'"": 2586965229"," '""min'"": 2251147544"," '""label'"": '""Cấp cao cấp'""}"," {'""max'"": 2762496000"," '""min'"": 2586965229"," '""label'"": '""Lead Level'""}]""",2026-01-27 15:44:54.424881+00
143,Considerable preparation needed. Usually requires 2-4 years of programming or analytical experience.,Considerable preparation needed. Usually requires 2-4 years of programming or analytical experience.,"Bachelor''s degree in Computer Science, Mathematics, or related field required.","Bachelor''s degree in Computer Science, Mathematics, or related field required.",74111.00,111545.00,92828.00,USD,"[{""max"""": 84972.2"," '""min'"": 74111.0"," '""label'"": '""Entry Level'""}"," {'""max'"": 92507.44"," '""min'"": 84972.2"," """"label"""": """"Mid Level""""}"," {'""max'"": 105901.37"," '""min'"": 92507.44"," '""label'"": '""Senior Level'""}"," {'""max'"": 111545.0"," '""min'"": 105901.37"," '""label'"": '""Lead Level'""}]""",1778664000.00,2677080000.00,2227872000.00,VND,"[{'max'"": 2039332709"," '""min'"": 1778664000"," '""label'"": '""Cấp mới vào nghề'""}"," {'""max'"": 2220178492"," '""min'"": 2039332709"," '""label'"": '""Cấp trung cấp'""}"," {'""max'"": 2541632984"," '""min'"": 2220178492"," '""label'"": '""Cấp cao cấp'""}"," {'""max'"": 2677080000"," '""min'"": 2541632984"," '""label'"": '""Lead Level'""}]""",2026-01-27 15:44:54.424881+00
144,Considerable preparation needed. Usually requires 2-4 years of programming or analytical experience.,Considerable preparation needed. Usually requires 2-4 years of programming or analytical experience.,"Bachelor''s degree in Computer Science, Mathematics, or related field required.","Bachelor''s degree in Computer Science, Mathematics, or related field required.",76379.00,153423.00,114901.00,USD,"[{""max"""": 98303.69"," '""min'"": 76379.0"," '""label'"": '""Entry Level'""}"," {'""max'"": 113858.1"," '""min'"": 98303.69"," """"label"""": """"Mid Level""""}"," {'""max'"": 146891.43"," '""min'"": 113858.1"," '""label'"": '""Senior Level'""}"," {'""max'"": 153423.0"," '""min'"": 146891.43"," '""label'"": '""Lead Level'""}]""",1833096000.00,3682152000.00,2757624000.00,VND,"[{'max'"": 2359288483"," '""min'"": 1833096000"," '""label'"": '""Cấp mới vào nghề'""}"," {'""max'"": 2732594456"," '""min'"": 2359288483"," '""label'"": '""Cấp trung cấp'""}"," {'""max'"": 3525394421"," '""min'"": 2732594456"," '""label'"": '""Cấp cao cấp'""}"," {'""max'"": 3682152000"," '""min'"": 3525394421"," '""label'"": '""Lead Level'""}]""",2026-01-27 15:44:54.424881+00
145,Considerable preparation needed. Usually requires 2-4 years of programming or analytical experience.,Considerable preparation needed. Usually requires 2-4 years of programming or analytical experience.,"Bachelor''s degree in Computer Science, Mathematics, or related field required.","Bachelor''s degree in Computer Science, Mathematics, or related field required.",75790.00,107002.00,91396.00,USD,"[{""max"""": 85530.37"," '""min'"": 75790.0"," '""label'"": '""Entry Level'""}"," {'""max'"": 92869.15"," '""min'"": 85530.37"," """"label"""": """"Mid Level""""}"," {'""max'"": 101376.42"," '""min'"": 92869.15"," '""label'"": '""Senior Level'""}"," {'""max'"": 107002.0"," '""min'"": 101376.42"," '""label'"": '""Lead Level'""}]""",1818960000.00,2568048000.00,2193504000.00,VND,"[{'max'"": 2052728785"," '""min'"": 1818960000"," '""label'"": '""Cấp mới vào nghề'""}"," {'""max'"": 2228859561"," '""min'"": 2052728785"," '""label'"": '""Cấp trung cấp'""}"," {'""max'"": 2433033969"," '""min'"": 2228859561"," '""label'"": '""Cấp cao cấp'""}"," {'""max'"": 2568048000"," '""min'"": 2433033969"," '""label'"": '""Lead Level'""}]""",2026-01-27 15:44:54.424881+00
146,Considerable preparation needed. Usually requires 2-4 years of technical experience.,Considerable preparation needed. Usually requires 2-4 years of technical experience.,Bachelor's degree in Engineering or Architecture required. Professional license may be required.,Bachelor's degree in Engineering or Architecture required. Professional license may be required.,57488.00,187953.00,122720.00,USD,"[{""max"""": 96655.09"," '""min'"": 57488.0"," '""label'"": '""Entry Level'""}"," {'""max'"": 131063.93"," '""min'"": 96655.09"," """"label"""": """"Mid Level""""}"," {'""max'"": 171402.43"," '""min'"": 131063.93"," '""label'"": '""Senior Level'""}"," {'""max'"": 187953.0"," '""min'"": 171402.43"," '""label'"": '""Lead Level'""}]""",1379712000.00,4510872000.00,2945280000.00,VND,"[{'max'"": 2319722220"," '""min'"": 1379712000"," '""label'"": '""Cấp mới vào nghề'""}"," {'""max'"": 3145534245"," '""min'"": 2319722220"," '""label'"": '""Cấp trung cấp'""}"," {'""max'"": 4113658289"," '""min'"": 3145534245"," '""label'"": '""Cấp cao cấp'""}"," {'""max'"": 4510872000"," '""min'"": 4113658289"," '""label'"": '""Lead Level'""}]""",2026-01-27 15:44:54.424881+00
147,Considerable preparation needed. Usually requires 2-4 years of technical experience.,Considerable preparation needed. Usually requires 2-4 years of technical experience.,Bachelor's degree in Engineering or Architecture required. Professional license may be required.,Bachelor's degree in Engineering or Architecture required. Professional license may be required.,79172.00,197468.00,138320.00,USD,"[{""max"""": 117026.68"," '""min'"": 79172.0"," '""label'"": '""Entry Level'""}"," {'""max'"": 137070.22"," '""min'"": 117026.68"," """"label"""": """"Mid Level""""}"," {'""max'"": 186359.05"," '""min'"": 137070.22"," '""label'"": '""Senior Level'""}"," {'""max'"": 197468.0"," '""min'"": 186359.05"," '""label'"": '""Lead Level'""}]""",1900128000.00,4739232000.00,3319680000.00,VND,"[{'max'"": 2808640303"," '""min'"": 1900128000"," '""label'"": '""Cấp mới vào nghề'""}"," {'""max'"": 3289685391"," '""min'"": 2808640303"," '""label'"": '""Cấp trung cấp'""}"," {'""max'"": 4472617237"," '""min'"": 3289685391"," '""label'"": '""Cấp cao cấp'""}"," {'""max'"": 4739232000"," '""min'"": 4472617237"," '""label'"": '""Lead Level'""}]""",2026-01-27 15:44:54.424881+00
148,Considerable preparation needed. Usually requires 2-4 years of technical experience.,Considerable preparation needed. Usually requires 2-4 years of technical experience.,Bachelor's degree in Engineering or Architecture required. Professional license may be required.,Bachelor's degree in Engineering or Architecture required. Professional license may be required.,66492.00,152824.00,109658.00,USD,"[{""max"""": 91926.35"," '""min'"": 66492.0"," '""label'"": '""Entry Level'""}"," {'""max'"": 110962.3"," '""min'"": 91926.35"," """"label"""": """"Mid Level""""}"," {'""max'"": 144810.96"," '""min'"": 110962.3"," '""label'"": '""Senior Level'""}"," {'""max'"": 152824.0"," '""min'"": 144810.96"," '""label'"": '""Lead Level'""}]""",1595808000.00,3667776000.00,2631792000.00,VND,"[{'max'"": 2206232320"," '""min'"": 1595808000"," '""label'"": '""Cấp mới vào nghề'""}"," {'""max'"": 2663095175"," '""min'"": 2206232320"," '""label'"": '""Cấp trung cấp'""}"," {'""max'"": 3475463013"," '""min'"": 2663095175"," '""label'"": '""Cấp cao cấp'""}"," {'""max'"": 3667776000"," '""min'"": 3475463013"," '""label'"": '""Lead Level'""}]""",2026-01-27 15:44:54.424881+00
149,Considerable preparation needed. Usually requires 2-4 years of technical experience.,Considerable preparation needed. Usually requires 2-4 years of technical experience.,Bachelor's degree in Engineering or Architecture required. Professional license may be required.,Bachelor's degree in Engineering or Architecture required. Professional license may be required.,73268.00,141257.00,107262.00,USD,"[{""max"""": 93105.5"," '""min'"": 73268.0"," '""label'"": '""Entry Level'""}"," {'""max'"": 108544.12"," '""min'"": 93105.5"," """"label"""": """"Mid Level""""}"," {'""max'"": 133509.37"," '""min'"": 108544.12"," '""label'"": '""Senior Level'""}"," {'""max'"": 141257.0"," '""min'"": 133509.37"," '""label'"": '""Lead Level'""}]""",1758432000.00,3390168000.00,2574288000.00,VND,"[{'max'"": 2234532010"," '""min'"": 1758432000"," '""label'"": '""Cấp mới vào nghề'""}"," {'""max'"": 2605058996"," '""min'"": 2234532010"," '""label'"": '""Cấp trung cấp'""}"," {'""max'"": 3204224914"," '""min'"": 2605058996"," '""label'"": '""Cấp cao cấp'""}"," {'""max'"": 3390168000"," '""min'"": 3204224914"," '""label'"": '""Lead Level'""}]""",2026-01-27 15:44:54.424881+00
150,Considerable preparation needed. Usually requires 2-4 years of technical experience.,Considerable preparation needed. Usually requires 2-4 years of technical experience.,Bachelor's degree in Engineering or Architecture required. Professional license may be required.,Bachelor's degree in Engineering or Architecture required. Professional license may be required.,41096.00,173941.00,107518.00,USD,"[{""max"""": 84958.21"," '""min'"": 41096.0"," '""label'"": '""Entry Level'""}"," {'""max'"": 118001.67"," '""min'"": 84958.21"," """"label"""": """"Mid Level""""}"," {'""max'"": 155777.74"," '""min'"": 118001.67"," '""label'"": '""Senior Level'""}"," {'""max'"": 173941.0"," '""min'"": 155777.74"," '""label'"": '""Lead Level'""}]""",986304000.00,4174584000.00,2580432000.00,VND,"[{'max'"": 2038997088"," '""min'"": 986304000"," '""label'"": '""Cấp mới vào nghề'""}"," {'""max'"": 2832040119"," '""min'"": 2038997088"," '""label'"": '""Cấp trung cấp'""}"," {'""max'"": 3738665856"," '""min'"": 2832040119"," '""label'"": '""Cấp cao cấp'""}"," {'""max'"": 4174584000"," '""min'"": 3738665856"," '""label'"": '""Lead Level'""}]""",2026-01-27 15:44:54.424881+00
151,Considerable preparation needed. Usually requires 2-4 years of technical experience.,Considerable preparation needed. Usually requires 2-4 years of technical experience.,Bachelor's degree in Engineering or Architecture required. Professional license may be required.,Bachelor's degree in Engineering or Architecture required. Professional license may be required.,69053.00,189284.00,129168.00,USD,"[{""max"""": 101230.04"," '""min'"": 69053.0"," '""label'"": '""Entry Level'""}"," {'""max'"": 132995.89"," '""min'"": 101230.04"," """"label"""": """"Mid Level""""}"," {'""max'"": 177752.79"," '""min'"": 132995.89"," '""label'"": '""Senior Level'""}"," {'""max'"": 189284.0"," '""min'"": 177752.79"," '""label'"": '""Lead Level'""}]""",1657272000.00,4542816000.00,3100032000.00,VND,"[{'max'"": 2429520848"," '""min'"": 1657272000"," '""label'"": '""Cấp mới vào nghề'""}"," {'""max'"": 3191901470"," '""min'"": 2429520848"," '""label'"": '""Cấp trung cấp'""}"," {'""max'"": 4266066915"," '""min'"": 3191901470"," '""label'"": '""Cấp cao cấp'""}"," {'""max'"": 4542816000"," '""min'"": 4266066915"," '""label'"": '""Lead Level'""}]""",2026-01-27 15:44:54.424881+00
152,Considerable preparation needed. Usually requires 2-4 years of technical experience.,Considerable preparation needed. Usually requires 2-4 years of technical experience.,Bachelor's degree in Engineering or Architecture required. Professional license may be required.,Bachelor's degree in Engineering or Architecture required. Professional license may be required.,48392.00,114088.00,81240.00,USD,"[{""max"""": 67449.07"," '""min'"": 48392.0"," '""label'"": '""Entry Level'""}"," {'""max'"": 84290.44"," '""min'"": 67449.07"," """"label"""": """"Mid Level""""}"," {'""max'"": 106330.11"," '""min'"": 84290.44"," '""label'"": '""Senior Level'""}"," {'""max'"": 114088.0"," '""min'"": 106330.11"," '""label'"": '""Lead Level'""}]""",1161408000.00,2738112000.00,1949760000.00,VND,"[{'max'"": 1618777713"," '""min'"": 1161408000"," '""label'"": '""Cấp mới vào nghề'""}"," {'""max'"": 2022970613"," '""min'"": 1618777713"," '""label'"": '""Cấp trung cấp'""}"," {'""max'"": 2551922701"," '""min'"": 2022970613"," '""label'"": '""Cấp cao cấp'""}"," {'""max'"": 2738112000"," '""min'"": 2551922701"," '""label'"": '""Lead Level'""}]""",2026-01-27 15:44:54.424881+00
153,Considerable preparation needed. Usually requires 2-4 years of technical experience.,Considerable preparation needed. Usually requires 2-4 years of technical experience.,Bachelor's degree in Engineering or Architecture required. Professional license may be required.,Bachelor's degree in Engineering or Architecture required. Professional license may be required.,70532.00,107850.00,89191.00,USD,"[{""max"""": 82453.57"," '""min'"": 70532.0"," '""label'"": '""Entry Level'""}"," {'""max'"": 88789.86"," '""min'"": 82453.57"," """"label"""": """"Mid Level""""}"," {'""max'"": 102672.43"," '""min'"": 88789.86"," '""label'"": '""Senior Level'""}"," {'""max'"": 107850.0"," '""min'"": 102672.43"," '""label'"": '""Lead Level'""}]""",1692768000.00,2588400000.00,2140584000.00,VND,"[{'max'"": 1978885678"," '""min'"": 1692768000"," '""label'"": '""Cấp mới vào nghề'""}"," {'""max'"": 2130956729"," '""min'"": 1978885678"," '""label'"": '""Cấp trung cấp'""}"," {'""max'"": 2464138215"," '""min'"": 2130956729"," '""label'"": '""Cấp cao cấp'""}"," {'""max'"": 2588400000"," '""min'"": 2464138215"," '""label'"": '""Lead Level'""}]""",2026-01-27 15:44:54.424881+00
154,Considerable preparation needed. Usually requires 2-4 years of technical experience.,Considerable preparation needed. Usually requires 2-4 years of technical experience.,Bachelor's degree in Engineering or Architecture required. Professional license may be required.,Bachelor's degree in Engineering or Architecture required. Professional license may be required.,78779.00,106034.00,92406.00,USD,"[{""max"""": 85884.93"," '""min'"": 78779.0"," '""label'"": '""Entry Level'""}"," {'""max'"": 92022.06"," '""min'"": 85884.93"," """"label"""": """"Mid Level""""}"," {'""max'"": 101841.52"," '""min'"": 92022.06"," '""label'"": '""Senior Level'""}"," {'""max'"": 106034.0"," '""min'"": 101841.52"," '""label'"": '""Lead Level'""}]""",1890696000.00,2544816000.00,2217744000.00,VND,"[{'max'"": 2061238408"," '""min'"": 1890696000"," '""label'"": '""Cấp mới vào nghề'""}"," {'""max'"": 2208529480"," '""min'"": 2061238408"," '""label'"": '""Cấp trung cấp'""}"," {'""max'"": 2444196581"," '""min'"": 2208529480"," '""label'"": '""Cấp cao cấp'""}"," {'""max'"": 2544816000"," '""min'"": 2444196581"," '""label'"": '""Lead Level'""}]""",2026-01-27 15:44:54.424881+00
155,Considerable preparation needed. Usually requires 2-4 years of technical experience.,Considerable preparation needed. Usually requires 2-4 years of technical experience.,Bachelor's degree in Engineering or Architecture required. Professional license may be required.,Bachelor's degree in Engineering or Architecture required. Professional license may be required.,72974.00,142397.00,107685.00,USD,"[{""max"""": 90948.18"," '""min'"": 72974.0"," '""label'"": '""Entry Level'""}"," {'""max'"": 108925.67"," '""min'"": 90948.18"," """"label"""": """"Mid Level""""}"," {'""max'"": 132142.6"," '""min'"": 108925.67"," '""label'"": '""Senior Level'""}"," {'""max'"": 142397.0"," '""min'"": 132142.6"," '""label'"": '""Lead Level'""}]""",1751376000.00,3417528000.00,2584440000.00,VND,"[{'max'"": 2182756354"," '""min'"": 1751376000"," '""label'"": '""Cấp mới vào nghề'""}"," {'""max'"": 2614216114"," '""min'"": 2182756354"," '""label'"": '""Cấp trung cấp'""}"," {'""max'"": 3171422314"," '""min'"": 2614216114"," '""label'"": '""Cấp cao cấp'""}"," {'""max'"": 3417528000"," '""min'"": 3171422314"," '""label'"": '""Lead Level'""}]""",2026-01-27 15:44:54.424881+00
156,Considerable preparation needed. Usually requires 2-4 years of technical experience.,Considerable preparation needed. Usually requires 2-4 years of technical experience.,Bachelor's degree in Engineering or Architecture required. Professional license may be required.,Bachelor's degree in Engineering or Architecture required. Professional license may be required.,59037.00,185300.00,122168.00,USD,"[{""max"""": 90624.82"," '""min'"": 59037.0"," '""label'"": '""Entry Level'""}"," {'""max'"": 124760.21"," '""min'"": 90624.82"," """"label"""": """"Mid Level""""}"," {'""max'"": 166200.52"," '""min'"": 124760.21"," '""label'"": '""Senior Level'""}"," {'""max'"": 185300.0"," '""min'"": 166200.52"," '""label'"": '""Lead Level'""}]""",1416888000.00,4447200000.00,2932032000.00,VND,"[{'max'"": 2174995785"," '""min'"": 1416888000"," '""label'"": '""Cấp mới vào nghề'""}"," {'""max'"": 2994244952"," '""min'"": 2174995785"," '""label'"": '""Cấp trung cấp'""}"," {'""max'"": 3988812370"," '""min'"": 2994244952"," '""label'"": '""Cấp cao cấp'""}"," {'""max'"": 4447200000"," '""min'"": 3988812370"," '""label'"": '""Lead Level'""}]""",2026-01-27 15:44:54.424881+00
157,Considerable preparation needed. Usually requires 2-4 years of technical experience.,Considerable preparation needed. Usually requires 2-4 years of technical experience.,Bachelor's degree in Engineering or Architecture required. Professional license may be required.,Bachelor's degree in Engineering or Architecture required. Professional license may be required.,52745.00,147562.00,100153.00,USD,"[{""max"""": 77373.84"," '""min'"": 52745.0"," '""label'"": '""Entry Level'""}"," {'""max'"": 102898.09"," '""min'"": 77373.84"," """"label"""": """"Mid Level""""}"," {'""max'"": 133315.18"," '""min'"": 102898.09"," '""label'"": '""Senior Level'""}"," {'""max'"": 147562.0"," '""min'"": 133315.18"," '""label'"": '""Lead Level'""}]""",1265880000.00,3541488000.00,2403672000.00,VND,"[{'max'"": 1856972227"," '""min'"": 1265880000"," '""label'"": '""Cấp mới vào nghề'""}"," {'""max'"": 2469554164"," '""min'"": 1856972227"," '""label'"": '""Cấp trung cấp'""}"," {'""max'"": 3199564321"," '""min'"": 2469554164"," '""label'"": '""Cấp cao cấp'""}"," {'""max'"": 3541488000"," '""min'"": 3199564321"," '""label'"": '""Lead Level'""}]""",2026-01-27 15:44:54.424881+00
158,Considerable preparation needed. Usually requires 2-4 years of technical experience.,Considerable preparation needed. Usually requires 2-4 years of technical experience.,Bachelor's degree in Engineering or Architecture required. Professional license may be required.,Bachelor's degree in Engineering or Architecture required. Professional license may be required.,49652.00,163571.00,106611.00,USD,"[{""max"""": 84081.24"," '""min'"": 49652.0"," '""label'"": '""Entry Level'""}"," {'""max'"": 110714.74"," '""min'"": 84081.24"," """"label"""": """"Mid Level""""}"," {'""max'"": 142731.67"," '""min'"": 110714.74"," '""label'"": '""Senior Level'""}"," {'""max'"": 163571.0"," '""min'"": 142731.67"," '""label'"": '""Lead Level'""}]""",1191648000.00,3925704000.00,2558664000.00,VND,"[{'max'"": 2017949838"," '""min'"": 1191648000"," '""label'"": '""Cấp mới vào nghề'""}"," {'""max'"": 2657153797"," '""min'"": 2017949838"," '""label'"": '""Cấp trung cấp'""}"," {'""max'"": 3425560187"," '""min'"": 2657153797"," '""label'"": '""Cấp cao cấp'""}"," {'""max'"": 3925704000"," '""min'"": 3425560187"," '""label'"": '""Lead Level'""}]""",2026-01-27 15:44:54.424881+00
159,Considerable preparation needed. Usually requires 2-4 years of technical experience.,Considerable preparation needed. Usually requires 2-4 years of technical experience.,Bachelor's degree in Engineering or Architecture required. Professional license may be required.,Bachelor's degree in Engineering or Architecture required. Professional license may be required.,68005.00,135619.00,101812.00,USD,"[{""max"""": 88994.18"," '""min'"": 68005.0"," '""label'"": '""Entry Level'""}"," {'""max'"": 101533.35"," '""min'"": 88994.18"," """"label"""": """"Mid Level""""}"," {'""max'"": 124701.76"," '""min'"": 101533.35"," '""label'"": '""Senior Level'""}"," {'""max'"": 135619.0"," '""min'"": 124701.76"," '""label'"": '""Lead Level'""}]""",1632120000.00,3254856000.00,2443488000.00,VND,"[{'max'"": 2135860436"," '""min'"": 1632120000"," '""label'"": '""Cấp mới vào nghề'""}"," {'""max'"": 2436800378"," '""min'"": 2135860436"," '""label'"": '""Cấp trung cấp'""}"," {'""max'"": 2992842234"," '""min'"": 2436800378"," '""label'"": '""Cấp cao cấp'""}"," {'""max'"": 3254856000"," '""min'"": 2992842234"," '""label'"": '""Lead Level'""}]""",2026-01-27 15:44:54.424881+00
160,Considerable preparation needed. Usually requires 2-4 years of technical experience.,Considerable preparation needed. Usually requires 2-4 years of technical experience.,Bachelor's degree in Engineering or Architecture required. Professional license may be required.,Bachelor's degree in Engineering or Architecture required. Professional license may be required.,55575.00,136854.00,96214.00,USD,"[{""max"""": 82088.7"," '""min'"": 55575.0"," '""label'"": '""Entry Level'""}"," {'""max'"": 101143.61"," '""min'"": 82088.7"," """"label"""": """"Mid Level""""}"," {'""max'"": 123108.22"," '""min'"": 101143.61"," '""label'"": '""Senior Level'""}"," {'""max'"": 136854.0"," '""min'"": 123108.22"," '""label'"": '""Lead Level'""}]""",1333800000.00,3284496000.00,2309136000.00,VND,"[{'max'"": 1970128874"," '""min'"": 1333800000"," '""label'"": '""Cấp mới vào nghề'""}"," {'""max'"": 2427446724"," '""min'"": 1970128874"," '""label'"": '""Cấp trung cấp'""}"," {'""max'"": 2954597341"," '""min'"": 2427446724"," '""label'"": '""Cấp cao cấp'""}"," {'""max'"": 3284496000"," '""min'"": 2954597341"," '""label'"": '""Lead Level'""}]""",2026-01-27 15:44:54.424881+00
161,Considerable preparation needed. Usually requires 2-4 years of technical experience.,Considerable preparation needed. Usually requires 2-4 years of technical experience.,Bachelor's degree in Engineering or Architecture required. Professional license may be required.,Bachelor's degree in Engineering or Architecture required. Professional license may be required.,78044.00,173353.00,125698.00,USD,"[{""max"""": 103401.61"," '""min'"": 78044.0"," '""label'"": '""Entry Level'""}"," {'""max'"": 126214.1"," '""min'"": 103401.61"," """"label"""": """"Mid Level""""}"," {'""max'"": 163800.34"," '""min'"": 126214.1"," '""label'"": '""Senior Level'""}"," {'""max'"": 173353.0"," '""min'"": 163800.34"," '""label'"": '""Lead Level'""}]""",1873056000.00,4160472000.00,3016752000.00,VND,"[{'max'"": 2481638602"," '""min'"": 1873056000"," '""label'"": '""Cấp mới vào nghề'""}"," {'""max'"": 3029138333"," '""min'"": 2481638602"," '""label'"": '""Cấp trung cấp'""}"," {'""max'"": 3931208078"," '""min'"": 3029138333"," '""label'"": '""Cấp cao cấp'""}"," {'""max'"": 4160472000"," '""min'"": 3931208078"," '""label'"": '""Lead Level'""}]""",2026-01-27 15:44:54.424881+00
162,Considerable preparation needed. Usually requires 2-4 years of technical experience.,Considerable preparation needed. Usually requires 2-4 years of technical experience.,Bachelor's degree in Engineering or Architecture required. Professional license may be required.,Bachelor's degree in Engineering or Architecture required. Professional license may be required.,49764.00,183740.00,116752.00,USD,"[{""max"""": 91870.91"," '""min'"": 49764.0"," '""label'"": '""Entry Level'""}"," {'""max'"": 124690.65"," '""min'"": 91870.91"," """"label"""": """"Mid Level""""}"," {'""max'"": 169389.99"," '""min'"": 124690.65"," '""label'"": '""Senior Level'""}"," {'""max'"": 183740.0"," '""min'"": 169389.99"," '""label'"": '""Lead Level'""}]""",1194336000.00,4409760000.00,2802048000.00,VND,"[{'max'"": 2204901958"," '""min'"": 1194336000"," '""label'"": '""Cấp mới vào nghề'""}"," {'""max'"": 2992575660"," '""min'"": 2204901958"," '""label'"": '""Cấp trung cấp'""}"," {'""max'"": 4065359794"," '""min'"": 2992575660"," '""label'"": '""Cấp cao cấp'""}"," {'""max'"": 4409760000"," '""min'"": 4065359794"," '""label'"": '""Lead Level'""}]""",2026-01-27 15:44:54.424881+00
163,Considerable preparation needed. Usually requires 2-4 years of technical experience.,Considerable preparation needed. Usually requires 2-4 years of technical experience.,Bachelor's degree in Engineering or Architecture required. Professional license may be required.,Bachelor's degree in Engineering or Architecture required. Professional license may be required.,59897.00,187398.00,123647.00,USD,"[{""max"""": 100146.89"," '""min'"": 59897.0"," '""label'"": '""Entry Level'""}"," {'""max'"": 134093.53"," '""min'"": 100146.89"," """"label"""": """"Mid Level""""}"," {'""max'"": 175196.68"," '""min'"": 134093.53"," '""label'"": '""Senior Level'""}"," {'""max'"": 187398.0"," '""min'"": 175196.68"," '""label'"": '""Lead Level'""}]""",1437528000.00,4497552000.00,2967528000.00,VND,"[{'max'"": 2403525280"," '""min'"": 1437528000"," '""label'"": '""Cấp mới vào nghề'""}"," {'""max'"": 3218244793"," '""min'"": 2403525280"," '""label'"": '""Cấp trung cấp'""}"," {'""max'"": 4204720428"," '""min'"": 3218244793"," '""label'"": '""Cấp cao cấp'""}"," {'""max'"": 4497552000"," '""min'"": 4204720428"," '""label'"": '""Lead Level'""}]""",2026-01-27 15:44:54.424881+00
164,Considerable preparation needed. Usually requires 2-4 years of technical experience.,Considerable preparation needed. Usually requires 2-4 years of technical experience.,Bachelor's degree in Engineering or Architecture required. Professional license may be required.,Bachelor's degree in Engineering or Architecture required. Professional license may be required.,62529.00,101882.00,82205.00,USD,"[{""max"""": 72630.13"," '""min'"": 62529.0"," '""label'"": '""Entry Level'""}"," {'""max'"": 85448.8"," '""min'"": 72630.13"," """"label"""": """"Mid Level""""}"," {'""max'"": 98511.05"," '""min'"": 85448.8"," '""label'"": '""Senior Level'""}"," {'""max'"": 101882.0"," '""min'"": 98511.05"," '""label'"": '""Lead Level'""}]""",1500696000.00,2445168000.00,1972920000.00,VND,"[{'max'"": 1743123107"," '""min'"": 1500696000"," '""label'"": '""Cấp mới vào nghề'""}"," {'""max'"": 2050771310"," '""min'"": 1743123107"," '""label'"": '""Cấp trung cấp'""}"," {'""max'"": 2364265139"," '""min'"": 2050771310"," '""label'"": '""Cấp cao cấp'""}"," {'""max'"": 2445168000"," '""min'"": 2364265139"," '""label'"": '""Lead Level'""}]""",2026-01-27 15:44:54.424881+00
165,Considerable preparation needed. Usually requires 2-4 years of technical experience.,Considerable preparation needed. Usually requires 2-4 years of technical experience.,Bachelor's degree in Engineering or Architecture required. Professional license may be required.,Bachelor's degree in Engineering or Architecture required. Professional license may be required.,74646.00,198998.00,136822.00,USD,"[{""max"""": 116110.01"," '""min'"": 74646.0"," '""label'"": '""Entry Level'""}"," {'""max'"": 134750.96"," '""min'"": 116110.01"," """"label"""": """"Mid Level""""}"," {'""max'"": 177639.25"," '""min'"": 134750.96"," '""label'"": '""Senior Level'""}"," {'""max'"": 198998.0"," '""min'"": 177639.25"," '""label'"": '""Lead Level'""}]""",1791504000.00,4775952000.00,3283728000.00,VND,"[{'max'"": 2786640321"," '""min'"": 1791504000"," '""label'"": '""Cấp mới vào nghề'""}"," {'""max'"": 3234022979"," '""min'"": 2786640321"," '""label'"": '""Cấp trung cấp'""}"," {'""max'"": 4263341940"," '""min'"": 3234022979"," '""label'"": '""Cấp cao cấp'""}"," {'""max'"": 4775952000"," '""min'"": 4263341940"," '""label'"": '""Lead Level'""}]""",2026-01-27 15:44:54.424881+00
166,Considerable preparation needed. Usually requires 2-4 years of technical experience.,Considerable preparation needed. Usually requires 2-4 years of technical experience.,Bachelor's degree in Engineering or Architecture required. Professional license may be required.,Bachelor's degree in Engineering or Architecture required. Professional license may be required.,76798.00,134688.00,105743.00,USD,"[{""max"""": 96802.13"," '""min'"": 76798.0"," '""label'"": '""Entry Level'""}"," {'""max'"": 105898.75"," '""min'"": 96802.13"," """"label"""": """"Mid Level""""}"," {'""max'"": 126670.51"," '""min'"": 105898.75"," '""label'"": '""Senior Level'""}"," {'""max'"": 134688.0"," '""min'"": 126670.51"," '""label'"": '""Lead Level'""}]""",1843152000.00,3232512000.00,2537832000.00,VND,"[{'max'"": 2323251106"," '""min'"": 1843152000"," '""label'"": '""Cấp mới vào nghề'""}"," {'""max'"": 2541569885"," '""min'"": 2323251106"," '""label'"": '""Cấp trung cấp'""}"," {'""max'"": 3040092327"," '""min'"": 2541569885"," '""label'"": '""Cấp cao cấp'""}"," {'""max'"": 3232512000"," '""min'"": 3040092327"," '""label'"": '""Lead Level'""}]""",2026-01-27 15:44:54.424881+00
167,Considerable preparation needed. Usually requires 2-4 years of technical experience.,Considerable preparation needed. Usually requires 2-4 years of technical experience.,Bachelor's degree in Engineering or Architecture required. Professional license may be required.,Bachelor's degree in Engineering or Architecture required. Professional license may be required.,49790.00,149311.00,99550.00,USD,"[{""max"""": 76185.31"," '""min'"": 49790.0"," '""label'"": '""Entry Level'""}"," {'""max'"": 106813.0"," '""min'"": 76185.31"," """"label"""": """"Mid Level""""}"," {'""max'"": 138074.99"," '""min'"": 106813.0"," '""label'"": '""Senior Level'""}"," {'""max'"": 149311.0"," '""min'"": 138074.99"," '""label'"": '""Lead Level'""}]""",1194960000.00,3583464000.00,2389200000.00,VND,"[{'max'"": 1828447421"," '""min'"": 1194960000"," '""label'"": '""Cấp mới vào nghề'""}"," {'""max'"": 2563512002"," '""min'"": 1828447421"," '""label'"": '""Cấp trung cấp'""}"," {'""max'"": 3313799785"," '""min'"": 2563512002"," '""label'"": '""Cấp cao cấp'""}"," {'""max'"": 3583464000"," '""min'"": 3313799785"," '""label'"": '""Lead Level'""}]""",2026-01-27 15:44:54.424881+00
168,Considerable preparation needed. Usually requires 2-4 years of technical experience.,Considerable preparation needed. Usually requires 2-4 years of technical experience.,Bachelor's degree in Engineering or Architecture required. Professional license may be required.,Bachelor's degree in Engineering or Architecture required. Professional license may be required.,45728.00,184942.00,115335.00,USD,"[{""max"""": 81741.28"," '""min'"": 45728.0"," '""label'"": '""Entry Level'""}"," {'""max'"": 120375.69"," '""min'"": 81741.28"," """"label"""": """"Mid Level""""}"," {'""max'"": 170489.34"," '""min'"": 120375.69"," '""label'"": '""Senior Level'""}"," {'""max'"": 184942.0"," '""min'"": 170489.34"," '""label'"": '""Lead Level'""}]""",1097472000.00,4438608000.00,2768040000.00,VND,"[{'max'"": 1961790814"," '""min'"": 1097472000"," '""label'"": '""Cấp mới vào nghề'""}"," {'""max'"": 2889016554"," '""min'"": 1961790814"," '""label'"": '""Cấp trung cấp'""}"," {'""max'"": 4091744069"," '""min'"": 2889016554"," '""label'"": '""Cấp cao cấp'""}"," {'""max'"": 4438608000"," '""min'"": 4091744069"," '""label'"": '""Lead Level'""}]""",2026-01-27 15:44:54.424881+00
169,Considerable preparation needed. Usually requires 2-4 years of technical experience.,Considerable preparation needed. Usually requires 2-4 years of technical experience.,Bachelor's degree in Engineering or Architecture required. Professional license may be required.,Bachelor's degree in Engineering or Architecture required. Professional license may be required.,55451.00,141666.00,98558.00,USD,"[{""max"""": 78563.43"," '""min'"": 55451.0"," '""label'"": '""Entry Level'""}"," {'""max'"": 102638.08"," '""min'"": 78563.43"," """"label"""": """"Mid Level""""}"," {'""max'"": 127345.74"," '""min'"": 102638.08"," '""label'"": '""Senior Level'""}"," {'""max'"": 141666.0"," '""min'"": 127345.74"," '""label'"": '""Lead Level'""}]""",1330824000.00,3399984000.00,2365392000.00,VND,"[{'max'"": 1885522328"," '""min'"": 1330824000"," '""label'"": '""Cấp mới vào nghề'""}"," {'""max'"": 2463313928"," '""min'"": 1885522328"," '""label'"": '""Cấp trung cấp'""}"," {'""max'"": 3056297844"," '""min'"": 2463313928"," '""label'"": '""Cấp cao cấp'""}"," {'""max'"": 3399984000"," '""min'"": 3056297844"," '""label'"": '""Lead Level'""}]""",2026-01-27 15:44:54.424881+00
170,Considerable preparation needed. Usually requires 2-4 years of technical experience.,Considerable preparation needed. Usually requires 2-4 years of technical experience.,Bachelor's degree in Engineering or Architecture required. Professional license may be required.,Bachelor's degree in Engineering or Architecture required. Professional license may be required.,64368.00,192220.00,128294.00,USD,"[{""max"""": 103828.55"," '""min'"": 64368.0"," '""label'"": '""Entry Level'""}"," {'""max'"": 127073.67"," '""min'"": 103828.55"," """"label"""": """"Mid Level""""}"," {'""max'"": 181268.67"," '""min'"": 127073.67"," '""label'"": '""Senior Level'""}"," {'""max'"": 192220.0"," '""min'"": 181268.67"," '""label'"": '""Lead Level'""}]""",1544832000.00,4613280000.00,3079056000.00,VND,"[{'max'"": 2491885166"," '""min'"": 1544832000"," '""label'"": '""Cấp mới vào nghề'""}"," {'""max'"": 3049768079"," '""min'"": 2491885166"," '""label'"": '""Cấp trung cấp'""}"," {'""max'"": 4350448141"," '""min'"": 3049768079"," '""label'"": '""Cấp cao cấp'""}"," {'""max'"": 4613280000"," '""min'"": 4350448141"," '""label'"": '""Lead Level'""}]""",2026-01-27 15:44:54.424881+00
171,Considerable preparation needed. Usually requires 2-4 years of technical experience.,Considerable preparation needed. Usually requires 2-4 years of technical experience.,Bachelor's degree in Engineering or Architecture required. Professional license may be required.,Bachelor's degree in Engineering or Architecture required. Professional license may be required.,48683.00,195265.00,121974.00,USD,"[{""max"""": 92319.65"," '""min'"": 48683.0"," '""label'"": '""Entry Level'""}"," {'""max'"": 132410.93"," '""min'"": 92319.65"," """"label"""": """"Mid Level""""}"," {'""max'"": 181447.71"," '""min'"": 132410.93"," '""label'"": '""Senior Level'""}"," {'""max'"": 195265.0"," '""min'"": 181447.71"," '""label'"": '""Lead Level'""}]""",1168392000.00,4686360000.00,2927376000.00,VND,"[{'max'"": 2215671715"," '""min'"": 1168392000"," '""label'"": '""Cấp mới vào nghề'""}"," {'""max'"": 3177862305"," '""min'"": 2215671715"," '""label'"": '""Cấp trung cấp'""}"," {'""max'"": 4354745078"," '""min'"": 3177862305"," '""label'"": '""Cấp cao cấp'""}"," {'""max'"": 4686360000"," '""min'"": 4354745078"," '""label'"": '""Lead Level'""}]""",2026-01-27 15:44:54.424881+00
172,Considerable preparation needed. Usually requires 2-4 years of technical experience.,Considerable preparation needed. Usually requires 2-4 years of technical experience.,Bachelor's degree in Engineering or Architecture required. Professional license may be required.,Bachelor's degree in Engineering or Architecture required. Professional license may be required.,59906.00,117324.00,88615.00,USD,"[{""max"""": 74949.61"," '""min'"": 59906.0"," '""label'"": '""Entry Level'""}"," {'""max'"": 93016.44"," '""min'"": 74949.61"," """"label"""": """"Mid Level""""}"," {'""max'"": 108845.64"," '""min'"": 93016.44"," '""label'"": '""Senior Level'""}"," {'""max'"": 117324.0"," '""min'"": 108845.64"," '""label'"": '""Lead Level'""}]""",1437744000.00,2815776000.00,2126760000.00,VND,"[{'max'"": 1798790596"," '""min'"": 1437744000"," '""label'"": '""Cấp mới vào nghề'""}"," {'""max'"": 2232394630"," '""min'"": 1798790596"," '""label'"": '""Cấp trung cấp'""}"," {'""max'"": 2612295358"," '""min'"": 2232394630"," '""label'"": '""Cấp cao cấp'""}"," {'""max'"": 2815776000"," '""min'"": 2612295358"," '""label'"": '""Lead Level'""}]""",2026-01-27 15:44:54.424881+00
173,Considerable preparation needed. Usually requires 2-4 years of technical experience.,Considerable preparation needed. Usually requires 2-4 years of technical experience.,Bachelor's degree in Engineering or Architecture required. Professional license may be required.,Bachelor's degree in Engineering or Architecture required. Professional license may be required.,40650.00,114084.00,77367.00,USD,"[{""max"""": 63065.5"," '""min'"": 40650.0"," '""label'"": '""Entry Level'""}"," {'""max'"": 80728.79"," '""min'"": 63065.5"," """"label"""": """"Mid Level""""}"," {'""max'"": 105985.41"," '""min'"": 80728.79"," '""label'"": '""Senior Level'""}"," {'""max'"": 114084.0"," '""min'"": 105985.41"," '""label'"": '""Lead Level'""}]""",975600000.00,2738016000.00,1856808000.00,VND,"[{'max'"": 1513572072"," '""min'"": 975600000"," '""label'"": '""Cấp mới vào nghề'""}"," {'""max'"": 1937490849"," '""min'"": 1513572072"," '""label'"": '""Cấp trung cấp'""}"," {'""max'"": 2543649765"," '""min'"": 1937490849"," '""label'"": '""Cấp cao cấp'""}"," {'""max'"": 2738016000"," '""min'"": 2543649765"," '""label'"": '""Lead Level'""}]""",2026-01-27 15:44:54.424881+00
174,Considerable preparation needed. Usually requires 2-4 years of technical experience.,Considerable preparation needed. Usually requires 2-4 years of technical experience.,Bachelor's degree in Engineering or Architecture required. Professional license may be required.,Bachelor's degree in Engineering or Architecture required. Professional license may be required.,47065.00,147835.00,97450.00,USD,"[{""max"""": 75217.15"," '""min'"": 47065.0"," '""label'"": '""Entry Level'""}"," {'""max'"": 103259.48"," '""min'"": 75217.15"," """"label"""": """"Mid Level""""}"," {'""max'"": 133849.78"," '""min'"": 103259.48"," '""label'"": '""Senior Level'""}"," {'""max'"": 147835.0"," '""min'"": 133849.78"," '""label'"": '""Lead Level'""}]""",1129560000.00,3548040000.00,2338800000.00,VND,"[{'max'"": 1805211661"," '""min'"": 1129560000"," '""label'"": '""Cấp mới vào nghề'""}"," {'""max'"": 2478227508"," '""min'"": 1805211661"," '""label'"": '""Cấp trung cấp'""}"," {'""max'"": 3212394623"," '""min'"": 2478227508"," '""label'"": '""Cấp cao cấp'""}"," {'""max'"": 3548040000"," '""min'"": 3212394623"," '""label'"": '""Lead Level'""}]""",2026-01-27 15:44:54.424881+00
175,Considerable preparation needed. Usually requires 2-4 years of technical experience.,Considerable preparation needed. Usually requires 2-4 years of technical experience.,Bachelor's degree in Engineering or Architecture required. Professional license may be required.,Bachelor's degree in Engineering or Architecture required. Professional license may be required.,54366.00,136317.00,95341.00,USD,"[{""max"""": 79086.54"," '""min'"": 54366.0"," '""label'"": '""Entry Level'""}"," {'""max'"": 97514.21"," '""min'"": 79086.54"," """"label"""": """"Mid Level""""}"," {'""max'"": 124133.3"," '""min'"": 97514.21"," '""label'"": '""Senior Level'""}"," {'""max'"": 136317.0"," '""min'"": 124133.3"," '""label'"": '""Lead Level'""}]""",1304784000.00,3271608000.00,2288184000.00,VND,"[{'max'"": 1898076927"," '""min'"": 1304784000"," '""label'"": '""Cấp mới vào nghề'""}"," {'""max'"": 2340341045"," '""min'"": 1898076927"," '""label'"": '""Cấp trung cấp'""}"," {'""max'"": 2979199205"," '""min'"": 2340341045"," '""label'"": '""Cấp cao cấp'""}"," {'""max'"": 3271608000"," '""min'"": 2979199205"," '""label'"": '""Lead Level'""}]""",2026-01-27 15:44:54.424881+00
176,Considerable preparation needed. Usually requires 2-4 years of technical experience.,Considerable preparation needed. Usually requires 2-4 years of technical experience.,Bachelor's degree in Engineering or Architecture required. Professional license may be required.,Bachelor's degree in Engineering or Architecture required. Professional license may be required.,50237.00,154151.00,102194.00,USD,"[{""max"""": 83422.58"," '""min'"": 50237.0"," '""label'"": '""Entry Level'""}"," {'""max'"": 104757.12"," '""min'"": 83422.58"," """"label"""": """"Mid Level""""}"," {'""max'"": 135572.14"," '""min'"": 104757.12"," '""label'"": '""Senior Level'""}"," {'""max'"": 154151.0"," '""min'"": 135572.14"," '""label'"": '""Lead Level'""}]""",1205688000.00,3699624000.00,2452656000.00,VND,"[{'max'"": 2002141841"," '""min'"": 1205688000"," '""label'"": '""Cấp mới vào nghề'""}"," {'""max'"": 2514170884"," '""min'"": 2002141841"," '""label'"": '""Cấp trung cấp'""}"," {'""max'"": 3253731335"," '""min'"": 2514170884"," '""label'"": '""Cấp cao cấp'""}"," {'""max'"": 3699624000"," '""min'"": 3253731335"," '""label'"": '""Lead Level'""}]""",2026-01-27 15:44:54.424881+00
177,Considerable preparation needed. Usually requires 2-4 years of technical experience.,Considerable preparation needed. Usually requires 2-4 years of technical experience.,Bachelor's degree in Engineering or Architecture required. Professional license may be required.,Bachelor's degree in Engineering or Architecture required. Professional license may be required.,71701.00,135698.00,103699.00,USD,"[{""max"""": 90452.27"," '""min'"": 71701.0"," '""label'"": '""Entry Level'""}"," {'""max'"": 105588.96"," '""min'"": 90452.27"," """"label"""": """"Mid Level""""}"," {'""max'"": 124865.3"," '""min'"": 105588.96"," '""label'"": '""Senior Level'""}"," {'""max'"": 135698.0"," '""min'"": 124865.3"," '""label'"": '""Lead Level'""}]""",1720824000.00,3256752000.00,2488776000.00,VND,"[{'max'"": 2170854433"," '""min'"": 1720824000"," '""label'"": '""Cấp mới vào nghề'""}"," {'""max'"": 2534135090"," '""min'"": 2170854433"," '""label'"": '""Cấp trung cấp'""}"," {'""max'"": 2996767106"," '""min'"": 2534135090"," '""label'"": '""Cấp cao cấp'""}"," {'""max'"": 3256752000"," '""min'"": 2996767106"," '""label'"": '""Lead Level'""}]""",2026-01-27 15:44:54.424881+00
178,Considerable preparation needed. Usually requires 2-4 years of technical experience.,Considerable preparation needed. Usually requires 2-4 years of technical experience.,Bachelor's degree in Engineering or Architecture required. Professional license may be required.,Bachelor's degree in Engineering or Architecture required. Professional license may be required.,63754.00,137987.00,100870.00,USD,"[{""max"""": 86607.96"," '""min'"": 63754.0"," '""label'"": '""Entry Level'""}"," {'""max'"": 104836.14"," '""min'"": 86607.96"," """"label"""": """"Mid Level""""}"," {'""max'"": 126490.65"," '""min'"": 104836.14"," '""label'"": '""Senior Level'""}"," {'""max'"": 137987.0"," '""min'"": 126490.65"," '""label'"": '""Lead Level'""}]""",1530096000.00,3311688000.00,2420880000.00,VND,"[{'max'"": 2078591035"," '""min'"": 1530096000"," '""label'"": '""Cấp mới vào nghề'""}"," {'""max'"": 2516067319"," '""min'"": 2078591035"," '""label'"": '""Cấp trung cấp'""}"," {'""max'"": 3035775681"," '""min'"": 2516067319"," '""label'"": '""Cấp cao cấp'""}"," {'""max'"": 3311688000"," '""min'"": 3035775681"," '""label'"": '""Lead Level'""}]""",2026-01-27 15:44:54.424881+00
179,Considerable preparation needed. Usually requires 2-4 years of technical experience.,Considerable preparation needed. Usually requires 2-4 years of technical experience.,Bachelor's degree in Engineering or Architecture required. Professional license may be required.,Bachelor's degree in Engineering or Architecture required. Professional license may be required.,70568.00,156279.00,113423.00,USD,"[{""max"""": 98532.26"," '""min'"": 70568.0"," '""label'"": '""Entry Level'""}"," {'""max'"": 117407.83"," '""min'"": 98532.26"," """"label"""": """"Mid Level""""}"," {'""max'"": 145326.31"," '""min'"": 117407.83"," '""label'"": '""Senior Level'""}"," {'""max'"": 156279.0"," '""min'"": 145326.31"," '""label'"": '""Lead Level'""}]""",1693632000.00,3750696000.00,2722152000.00,VND,"[{'max'"": 2364774164"," '""min'"": 1693632000"," '""label'"": '""Cấp mới vào nghề'""}"," {'""max'"": 2817787807"," '""min'"": 2364774164"," '""label'"": '""Cấp trung cấp'""}"," {'""max'"": 3487831400"," '""min'"": 2817787807"," '""label'"": '""Cấp cao cấp'""}"," {'""max'"": 3750696000"," '""min'"": 3487831400"," '""label'"": '""Lead Level'""}]""",2026-01-27 15:44:54.424881+00
180,Considerable preparation needed. Usually requires 2-4 years of technical experience.,Considerable preparation needed. Usually requires 2-4 years of technical experience.,Bachelor's degree in Engineering or Architecture required. Professional license may be required.,Bachelor's degree in Engineering or Architecture required. Professional license may be required.,59941.00,179966.00,119953.00,USD,"[{""max"""": 94957.13"," '""min'"": 59941.0"," '""label'"": '""Entry Level'""}"," {'""max'"": 129608.87"," '""min'"": 94957.13"," """"label"""": """"Mid Level""""}"," {'""max'"": 159628.04"," '""min'"": 129608.87"," '""label'"": '""Senior Level'""}"," {'""max'"": 179966.0"," '""min'"": 159628.04"," '""label'"": '""Lead Level'""}]""",1438584000.00,4319184000.00,2878872000.00,VND,"[{'max'"": 2278971185"," '""min'"": 1438584000"," '""label'"": '""Cấp mới vào nghề'""}"," {'""max'"": 3110612782"," '""min'"": 2278971185"," '""label'"": '""Cấp trung cấp'""}"," {'""max'"": 3831073010"," '""min'"": 3110612782"," '""label'"": '""Cấp cao cấp'""}"," {'""max'"": 4319184000"," '""min'"": 3831073010"," '""label'"": '""Lead Level'""}]""",2026-01-27 15:44:54.424881+00
181,Considerable preparation needed. Usually requires 2-4 years of technical experience.,Considerable preparation needed. Usually requires 2-4 years of technical experience.,Bachelor's degree in Engineering or Architecture required. Professional license may be required.,Bachelor's degree in Engineering or Architecture required. Professional license may be required.,50085.00,106753.00,78419.00,USD,"[{""max"""": 64568.54"," '""min'"": 50085.0"," '""label'"": '""Entry Level'""}"," {'""max'"": 78998.18"," '""min'"": 64568.54"," """"label"""": """"Mid Level""""}"," {'""max'"": 101277.44"," '""min'"": 78998.18"," '""label'"": '""Senior Level'""}"," {'""max'"": 106753.0"," '""min'"": 101277.44"," '""label'"": '""Lead Level'""}]""",1202040000.00,2562072000.00,1882056000.00,VND,"[{'max'"": 1549644936"," '""min'"": 1202040000"," '""label'"": '""Cấp mới vào nghề'""}"," {'""max'"": 1895956377"," '""min'"": 1549644936"," '""label'"": '""Cấp trung cấp'""}"," {'""max'"": 2430658499"," '""min'"": 1895956377"," '""label'"": '""Cấp cao cấp'""}"," {'""max'"": 2562072000"," '""min'"": 2430658499"," '""label'"": '""Lead Level'""}]""",2026-01-27 15:44:54.424881+00
182,Considerable preparation needed. Usually requires 2-4 years of technical experience.,Considerable preparation needed. Usually requires 2-4 years of technical experience.,Bachelor's degree in Engineering or Architecture required. Professional license may be required.,Bachelor's degree in Engineering or Architecture required. Professional license may be required.,78374.00,185514.00,131944.00,USD,"[{""max"""": 111671.37"," '""min'"": 78374.0"," '""label'"": '""Entry Level'""}"," {'""max'"": 132913.48"," '""min'"": 111671.37"," """"label"""": """"Mid Level""""}"," {'""max'"": 172458.94"," '""min'"": 132913.48"," '""label'"": '""Senior Level'""}"," {'""max'"": 185514.0"," '""min'"": 172458.94"," '""label'"": '""Lead Level'""}]""",1880976000.00,4452336000.00,3166656000.00,VND,"[{'max'"": 2680112951"," '""min'"": 1880976000"," '""label'"": '""Cấp mới vào nghề'""}"," {'""max'"": 3189923639"," '""min'"": 2680112951"," '""label'"": '""Cấp trung cấp'""}"," {'""max'"": 4139014572"," '""min'"": 3189923639"," '""label'"": '""Cấp cao cấp'""}"," {'""max'"": 4452336000"," '""min'"": 4139014572"," '""label'"": '""Lead Level'""}]""",2026-01-27 15:44:54.424881+00
183,Considerable preparation needed. Usually requires 2-4 years of technical experience.,Considerable preparation needed. Usually requires 2-4 years of technical experience.,Bachelor's degree in Engineering or Architecture required. Professional license may be required.,Bachelor's degree in Engineering or Architecture required. Professional license may be required.,61481.00,148199.00,104840.00,USD,"[{""max"""": 86454.88"," '""min'"": 61481.0"," '""label'"": '""Entry Level'""}"," {'""max'"": 107435.32"," '""min'"": 86454.88"," """"label"""": """"Mid Level""""}"," {'""max'"": 138391.24"," '""min'"": 107435.32"," '""label'"": '""Senior Level'""}"," {'""max'"": 148199.0"," '""min'"": 138391.24"," '""label'"": '""Lead Level'""}]""",1475544000.00,3556776000.00,2516160000.00,VND,"[{'max'"": 2074917196"," '""min'"": 1475544000"," '""label'"": '""Cấp mới vào nghề'""}"," {'""max'"": 2578447625"," '""min'"": 2074917196"," '""label'"": '""Cấp trung cấp'""}"," {'""max'"": 3321389879"," '""min'"": 2578447625"," '""label'"": '""Cấp cao cấp'""}"," {'""max'"": 3556776000"," '""min'"": 3321389879"," '""label'"": '""Lead Level'""}]""",2026-01-27 15:44:54.424881+00
184,Considerable preparation needed. Usually requires 2-4 years of technical experience.,Considerable preparation needed. Usually requires 2-4 years of technical experience.,Bachelor's degree in Engineering or Architecture required. Professional license may be required.,Bachelor's degree in Engineering or Architecture required. Professional license may be required.,46636.00,142224.00,94430.00,USD,"[{""max"""": 75393.4"," '""min'"": 46636.0"," '""label'"": '""Entry Level'""}"," {'""max'"": 96866.04"," '""min'"": 75393.4"," """"label"""": """"Mid Level""""}"," {'""max'"": 133846.62"," '""min'"": 96866.04"," '""label'"": '""Senior Level'""}"," {'""max'"": 142224.0"," '""min'"": 133846.62"," '""label'"": '""Lead Level'""}]""",1119264000.00,3413376000.00,2266320000.00,VND,"[{'max'"": 1809441537"," '""min'"": 1119264000"," '""label'"": '""Cấp mới vào nghề'""}"," {'""max'"": 2324785074"," '""min'"": 1809441537"," '""label'"": '""Cấp trung cấp'""}"," {'""max'"": 3212318958"," '""min'"": 2324785074"," '""label'"": '""Cấp cao cấp'""}"," {'""max'"": 3413376000"," '""min'"": 3212318958"," '""label'"": '""Lead Level'""}]""",2026-01-27 15:44:54.424881+00
185,Considerable preparation needed. Usually requires 2-4 years of technical experience.,Considerable preparation needed. Usually requires 2-4 years of technical experience.,Bachelor's degree in Engineering or Architecture required. Professional license may be required.,Bachelor's degree in Engineering or Architecture required. Professional license may be required.,51552.00,122468.00,87010.00,USD,"[{""max"""": 74913.73"," '""min'"": 51552.0"," '""label'"": '""Entry Level'""}"," {'""max'"": 88795.52"," '""min'"": 74913.73"," """"label"""": """"Mid Level""""}"," {'""max'"": 113483.41"," '""min'"": 88795.52"," '""label'"": '""Senior Level'""}"," {'""max'"": 122468.0"," '""min'"": 113483.41"," '""label'"": '""Lead Level'""}]""",1237248000.00,2939232000.00,2088240000.00,VND,"[{'max'"": 1797929481"," '""min'"": 1237248000"," '""label'"": '""Cấp mới vào nghề'""}"," {'""max'"": 2131092472"," '""min'"": 1797929481"," '""label'"": '""Cấp trung cấp'""}"," {'""max'"": 2723601912"," '""min'"": 2131092472"," '""label'"": '""Cấp cao cấp'""}"," {'""max'"": 2939232000"," '""min'"": 2723601912"," '""label'"": '""Lead Level'""}]""",2026-01-27 15:44:54.424881+00
186,Considerable preparation needed. Usually requires 2-4 years of technical experience.,Considerable preparation needed. Usually requires 2-4 years of technical experience.,Bachelor's degree in Engineering or Architecture required. Professional license may be required.,Bachelor's degree in Engineering or Architecture required. Professional license may be required.,72725.00,129838.00,101281.00,USD,"[{""max"""": 87236.85"," '""min'"": 72725.0"," '""label'"": '""Entry Level'""}"," {'""max'"": 105079.86"," '""min'"": 87236.85"," """"label"""": """"Mid Level""""}"," {'""max'"": 124926.23"," '""min'"": 105079.86"," '""label'"": '""Senior Level'""}"," {'""max'"": 129838.0"," '""min'"": 124926.23"," '""label'"": '""Lead Level'""}]""",1745400000.00,3116112000.00,2430744000.00,VND,"[{'max'"": 2093684362"," '""min'"": 1745400000"," '""label'"": '""Cấp mới vào nghề'""}"," {'""max'"": 2521916689"," '""min'"": 2093684362"," '""label'"": '""Cấp trung cấp'""}"," {'""max'"": 2998229524"," '""min'"": 2521916689"," '""label'"": '""Cấp cao cấp'""}"," {'""max'"": 3116112000"," '""min'"": 2998229524"," '""label'"": '""Lead Level'""}]""",2026-01-27 15:44:54.424881+00
187,Considerable preparation needed. Usually requires 2-4 years of technical experience.,Considerable preparation needed. Usually requires 2-4 years of technical experience.,Bachelor's degree in Engineering or Architecture required. Professional license may be required.,Bachelor's degree in Engineering or Architecture required. Professional license may be required.,59314.00,189623.00,124468.00,USD,"[{""max"""": 96805.54"," '""min'"": 59314.0"," '""label'"": '""Entry Level'""}"," {'""max'"": 132452.59"," '""min'"": 96805.54"," """"label"""": """"Mid Level""""}"," {'""max'"": 168083.62"," '""min'"": 132452.59"," '""label'"": '""Senior Level'""}"," {'""max'"": 189623.0"," '""min'"": 168083.62"," '""label'"": '""Lead Level'""}]""",1423536000.00,4550952000.00,2987232000.00,VND,"[{'max'"": 2323332956"," '""min'"": 1423536000"," '""label'"": '""Cấp mới vào nghề'""}"," {'""max'"": 3178862062"," '""min'"": 2323332956"," '""label'"": '""Cấp trung cấp'""}"," {'""max'"": 4034006799"," '""min'"": 3178862062"," '""label'"": '""Cấp cao cấp'""}"," {'""max'"": 4550952000"," '""min'"": 4034006799"," '""label'"": '""Lead Level'""}]""",2026-01-27 15:44:54.424881+00
188,Considerable preparation needed. Usually requires 2-4 years of technical experience.,Considerable preparation needed. Usually requires 2-4 years of technical experience.,Bachelor's degree in Engineering or Architecture required. Professional license may be required.,Bachelor's degree in Engineering or Architecture required. Professional license may be required.,76181.00,147385.00,111783.00,USD,"[{""max"""": 94732.34"," '""min'"": 76181.0"," '""label'"": '""Entry Level'""}"," {'""max'"": 115950.29"," '""min'"": 94732.34"," """"label"""": """"Mid Level""""}"," {'""max'"": 139416.68"," '""min'"": 115950.29"," '""label'"": '""Senior Level'""}"," {'""max'"": 147385.0"," '""min'"": 139416.68"," '""label'"": '""Lead Level'""}]""",1828344000.00,3537240000.00,2682792000.00,VND,"[{'max'"": 2273576072"," '""min'"": 1828344000"," '""label'"": '""Cấp mới vào nghề'""}"," {'""max'"": 2782806897"," '""min'"": 2273576072"," '""label'"": '""Cấp trung cấp'""}"," {'""max'"": 3346000215"," '""min'"": 2782806897"," '""label'"": '""Cấp cao cấp'""}"," {'""max'"": 3537240000"," '""min'"": 3346000215"," '""label'"": '""Lead Level'""}]""",2026-01-27 15:44:54.424881+00
189,Considerable preparation needed. Usually requires 2-4 years of technical experience.,Considerable preparation needed. Usually requires 2-4 years of technical experience.,Bachelor's degree in Engineering or Architecture required. Professional license may be required.,Bachelor's degree in Engineering or Architecture required. Professional license may be required.,62025.00,133723.00,97874.00,USD,"[{""max"""": 81531.71"," '""min'"": 62025.0"," '""label'"": '""Entry Level'""}"," {'""max'"": 97008.24"," '""min'"": 81531.71"," """"label"""": """"Mid Level""""}"," {'""max'"": 127288.69"," '""min'"": 97008.24"," '""label'"": '""Senior Level'""}"," {'""max'"": 133723.0"," '""min'"": 127288.69"," '""label'"": '""Lead Level'""}]""",1488600000.00,3209352000.00,2348976000.00,VND,"[{'max'"": 1956760926"," '""min'"": 1488600000"," '""label'"": '""Cấp mới vào nghề'""}"," {'""max'"": 2328197806"," '""min'"": 1956760926"," '""label'"": '""Cấp trung cấp'""}"," {'""max'"": 3054928557"," '""min'"": 2328197806"," '""label'"": '""Cấp cao cấp'""}"," {'""max'"": 3209352000"," '""min'"": 3054928557"," '""label'"": '""Lead Level'""}]""",2026-01-27 15:44:54.424881+00
190,Considerable preparation needed. Usually requires 2-4 years of technical experience.,Considerable preparation needed. Usually requires 2-4 years of technical experience.,Bachelor's degree in Engineering or Architecture required. Professional license may be required.,Bachelor's degree in Engineering or Architecture required. Professional license may be required.,75196.00,139126.00,107161.00,USD,"[{""max"""": 94252.15"," '""min'"": 75196.0"," '""label'"": '""Entry Level'""}"," {'""max'"": 109376.18"," '""min'"": 94252.15"," """"label"""": """"Mid Level""""}"," {'""max'"": 127995.95"," '""min'"": 109376.18"," '""label'"": '""Senior Level'""}"," {'""max'"": 139126.0"," '""min'"": 127995.95"," '""label'"": '""Lead Level'""}]""",1804704000.00,3339024000.00,2571864000.00,VND,"[{'max'"": 2262051533"," '""min'"": 1804704000"," '""label'"": '""Cấp mới vào nghề'""}"," {'""max'"": 2625028433"," '""min'"": 2262051533"," '""label'"": '""Cấp trung cấp'""}"," {'""max'"": 3071902808"," '""min'"": 2625028433"," '""label'"": '""Cấp cao cấp'""}"," {'""max'"": 3339024000"," '""min'"": 3071902808"," '""label'"": '""Lead Level'""}]""",2026-01-27 15:44:54.424881+00
191,Considerable preparation needed. Usually requires 2-4 years of technical experience.,Considerable preparation needed. Usually requires 2-4 years of technical experience.,Bachelor's degree in Engineering or Architecture required. Professional license may be required.,Bachelor's degree in Engineering or Architecture required. Professional license may be required.,63738.00,105756.00,84747.00,USD,"[{""max"""": 77309.98"," '""min'"": 63738.0"," '""label'"": '""Entry Level'""}"," {'""max'"": 86167.53"," '""min'"": 77309.98"," """"label"""": """"Mid Level""""}"," {'""max'"": 98392.29"," '""min'"": 86167.53"," '""label'"": '""Senior Level'""}"," {'""max'"": 105756.0"," '""min'"": 98392.29"," '""label'"": '""Lead Level'""}]""",1529712000.00,2538144000.00,2033928000.00,VND,"[{'max'"": 1855439583"," '""min'"": 1529712000"," '""label'"": '""Cấp mới vào nghề'""}"," {'""max'"": 2068020728"," '""min'"": 1855439583"," '""label'"": '""Cấp trung cấp'""}"," {'""max'"": 2361415066"," '""min'"": 2068020728"," '""label'"": '""Cấp cao cấp'""}"," {'""max'"": 2538144000"," '""min'"": 2361415066"," '""label'"": '""Lead Level'""}]""",2026-01-27 15:44:54.424881+00
192,Considerable preparation needed. Usually requires 2-4 years of technical experience.,Considerable preparation needed. Usually requires 2-4 years of technical experience.,Bachelor's degree in Engineering or Architecture required. Professional license may be required.,Bachelor's degree in Engineering or Architecture required. Professional license may be required.,63218.00,183660.00,123439.00,USD,"[{""max"""": 100425.57"," '""min'"": 63218.0"," '""label'"": '""Entry Level'""}"," {'""max'"": 127920.58"," '""min'"": 100425.57"," """"label"""": """"Mid Level""""}"," {'""max'"": 172397.02"," '""min'"": 127920.58"," '""label'"": '""Senior Level'""}"," {'""max'"": 183660.0"," '""min'"": 172397.02"," '""label'"": '""Lead Level'""}]""",1517232000.00,4407840000.00,2962536000.00,VND,"[{'max'"": 2410213651"," '""min'"": 1517232000"," '""label'"": '""Cấp mới vào nghề'""}"," {'""max'"": 3070093917"," '""min'"": 2410213651"," '""label'"": '""Cấp trung cấp'""}"," {'""max'"": 4137528447"," '""min'"": 3070093917"," '""label'"": '""Cấp cao cấp'""}"," {'""max'"": 4407840000"," '""min'"": 4137528447"," '""label'"": '""Lead Level'""}]""",2026-01-27 15:44:54.424881+00
193,Considerable preparation needed. Usually requires 2-4 years of technical experience.,Considerable preparation needed. Usually requires 2-4 years of technical experience.,Bachelor's degree in Engineering or Architecture required. Professional license may be required.,Bachelor's degree in Engineering or Architecture required. Professional license may be required.,79249.00,115077.00,97163.00,USD,"[{""max"""": 88383.66"," '""min'"": 79249.0"," '""label'"": '""Entry Level'""}"," {'""max'"": 97780.46"," '""min'"": 88383.66"," """"label"""": """"Mid Level""""}"," {'""max'"": 109435.27"," '""min'"": 97780.46"," '""label'"": '""Senior Level'""}"," {'""max'"": 115077.0"," '""min'"": 109435.27"," '""label'"": '""Lead Level'""}]""",1901976000.00,2761848000.00,2331912000.00,VND,"[{'max'"": 2121207958"," '""min'"": 1901976000"," '""label'"": '""Cấp mới vào nghề'""}"," {'""max'"": 2346731071"," '""min'"": 2121207958"," '""label'"": '""Cấp trung cấp'""}"," {'""max'"": 2626446522"," '""min'"": 2346731071"," '""label'"": '""Cấp cao cấp'""}"," {'""max'"": 2761848000"," '""min'"": 2626446522"," '""label'"": '""Lead Level'""}]""",2026-01-27 15:44:54.424881+00
194,Considerable preparation needed. Usually requires 2-4 years of technical experience.,Considerable preparation needed. Usually requires 2-4 years of technical experience.,Bachelor's degree in Engineering or Architecture required. Professional license may be required.,Bachelor's degree in Engineering or Architecture required. Professional license may be required.,59701.00,147513.00,103607.00,USD,"[{""max"""": 84468.22"," '""min'"": 59701.0"," '""label'"": '""Entry Level'""}"," {'""max'"": 103435.73"," '""min'"": 84468.22"," """"label"""": """"Mid Level""""}"," {'""max'"": 134087.56"," '""min'"": 103435.73"," '""label'"": '""Senior Level'""}"," {'""max'"": 147513.0"," '""min'"": 134087.56"," '""label'"": '""Lead Level'""}]""",1432824000.00,3540312000.00,2486568000.00,VND,"[{'max'"": 2027237191"," '""min'"": 1432824000"," '""label'"": '""Cấp mới vào nghề'""}"," {'""max'"": 2482457443"," '""min'"": 2027237191"," '""label'"": '""Cấp trung cấp'""}"," {'""max'"": 3218101537"," '""min'"": 2482457443"," '""label'"": '""Cấp cao cấp'""}"," {'""max'"": 3540312000"," '""min'"": 3218101537"," '""label'"": '""Lead Level'""}]""",2026-01-27 15:44:54.424881+00
195,Considerable preparation needed. Usually requires 2-4 years of technical experience.,Considerable preparation needed. Usually requires 2-4 years of technical experience.,Bachelor's degree in Engineering or Architecture required. Professional license may be required.,Bachelor's degree in Engineering or Architecture required. Professional license may be required.,66505.00,100171.00,83338.00,USD,"[{""max"""": 77456.27"," '""min'"": 66505.0"," '""label'"": '""Entry Level'""}"," {'""max'"": 84507.22"," '""min'"": 77456.27"," """"label"""": """"Mid Level""""}"," {'""max'"": 94947.78"," '""min'"": 84507.22"," '""label'"": '""Senior Level'""}"," {'""max'"": 100171.0"," '""min'"": 94947.78"," '""label'"": '""Lead Level'""}]""",1596120000.00,2404104000.00,2000112000.00,VND,"[{'max'"": 1858950423"," '""min'"": 1596120000"," '""label'"": '""Cấp mới vào nghề'""}"," {'""max'"": 2028173221"," '""min'"": 1858950423"," '""label'"": '""Cấp trung cấp'""}"," {'""max'"": 2278746787"," '""min'"": 2028173221"," '""label'"": '""Cấp cao cấp'""}"," {'""max'"": 2404104000"," '""min'"": 2278746787"," '""label'"": '""Lead Level'""}]""",2026-01-27 15:44:54.424881+00
196,Considerable preparation needed. Usually requires 2-4 years of technical experience.,Considerable preparation needed. Usually requires 2-4 years of technical experience.,Bachelor's degree in Engineering or Architecture required. Professional license may be required.,Bachelor's degree in Engineering or Architecture required. Professional license may be required.,41638.00,101274.00,71456.00,USD,"[{""max"""": 60469.23"," '""min'"": 41638.0"," '""label'"": '""Entry Level'""}"," {'""max'"": 71795.42"," '""min'"": 60469.23"," """"label"""": """"Mid Level""""}"," {'""max'"": 92616.05"," '""min'"": 71795.42"," '""label'"": '""Senior Level'""}"," {'""max'"": 101274.0"," '""min'"": 92616.05"," '""label'"": '""Lead Level'""}]""",999312000.00,2430576000.00,1714944000.00,VND,"[{'max'"": 1451261415"," '""min'"": 999312000"," '""label'"": '""Cấp mới vào nghề'""}"," {'""max'"": 1723089985"," '""min'"": 1451261415"," '""label'"": '""Cấp trung cấp'""}"," {'""max'"": 2222785223"," '""min'"": 1723089985"," '""label'"": '""Cấp cao cấp'""}"," {'""max'"": 2430576000"," '""min'"": 2222785223"," '""label'"": '""Lead Level'""}]""",2026-01-27 15:44:54.424881+00
197,Considerable preparation needed. Usually requires 2-4 years of technical experience.,Considerable preparation needed. Usually requires 2-4 years of technical experience.,Bachelor's degree in Engineering or Architecture required. Professional license may be required.,Bachelor's degree in Engineering or Architecture required. Professional license may be required.,48058.00,168622.00,108340.00,USD,"[{""max"""": 89952.58"," '""min'"": 48058.0"," '""label'"": '""Entry Level'""}"," {'""max'"": 112735.56"," '""min'"": 89952.58"," """"label"""": """"Mid Level""""}"," {'""max'"": 153459.39"," '""min'"": 112735.56"," '""label'"": '""Senior Level'""}"," {'""max'"": 168622.0"," '""min'"": 153459.39"," '""label'"": '""Lead Level'""}]""",1153392000.00,4046928000.00,2600160000.00,VND,"[{'max'"": 2158861881"," '""min'"": 1153392000"," '""label'"": '""Cấp mới vào nghề'""}"," {'""max'"": 2705653532"," '""min'"": 2158861881"," '""label'"": '""Cấp trung cấp'""}"," {'""max'"": 3683025384"," '""min'"": 2705653532"," '""label'"": '""Cấp cao cấp'""}"," {'""max'"": 4046928000"," '""min'"": 3683025384"," '""label'"": '""Lead Level'""}]""",2026-01-27 15:44:54.424881+00
198,Considerable preparation needed. Usually requires 2-4 years of technical experience.,Considerable preparation needed. Usually requires 2-4 years of technical experience.,Bachelor's degree in Engineering or Architecture required. Professional license may be required.,Bachelor's degree in Engineering or Architecture required. Professional license may be required.,68826.00,132622.00,100724.00,USD,"[{""max"""": 86054.14"," '""min'"": 68826.0"," '""label'"": '""Entry Level'""}"," {'""max'"": 105852.93"," '""min'"": 86054.14"," """"label"""": """"Mid Level""""}"," {'""max'"": 122506.77"," '""min'"": 105852.93"," '""label'"": '""Senior Level'""}"," {'""max'"": 132622.0"," '""min'"": 122506.77"," '""label'"": '""Lead Level'""}]""",1651824000.00,3182928000.00,2417376000.00,VND,"[{'max'"": 2065299384"," '""min'"": 1651824000"," '""label'"": '""Cấp mới vào nghề'""}"," {'""max'"": 2540470382"," '""min'"": 2065299384"," '""label'"": '""Cấp trung cấp'""}"," {'""max'"": 2940162494"," '""min'"": 2540470382"," '""label'"": '""Cấp cao cấp'""}"," {'""max'"": 3182928000"," '""min'"": 2940162494"," '""label'"": '""Lead Level'""}]""",2026-01-27 15:44:54.424881+00
199,Considerable preparation needed. Usually requires 2-4 years of technical experience.,Considerable preparation needed. Usually requires 2-4 years of technical experience.,Bachelor's degree in Engineering or Architecture required. Professional license may be required.,Bachelor's degree in Engineering or Architecture required. Professional license may be required.,71915.00,185810.00,128862.00,USD,"[{""max"""": 106074.14"," '""min'"": 71915.0"," '""label'"": '""Entry Level'""}"," {'""max'"": 130644.52"," '""min'"": 106074.14"," """"label"""": """"Mid Level""""}"," {'""max'"": 169844.46"," '""min'"": 130644.52"," '""label'"": '""Senior Level'""}"," {'""max'"": 185810.0"," '""min'"": 169844.46"," '""label'"": '""Lead Level'""}]""",1725960000.00,4459440000.00,3092688000.00,VND,"[{'max'"": 2545779435"," '""min'"": 1725960000"," '""label'"": '""Cấp mới vào nghề'""}"," {'""max'"": 3135468489"," '""min'"": 2545779435"," '""label'"": '""Cấp trung cấp'""}"," {'""max'"": 4076267072"," '""min'"": 3135468489"," '""label'"": '""Cấp cao cấp'""}"," {'""max'"": 4459440000"," '""min'"": 4076267072"," '""label'"": '""Lead Level'""}]""",2026-01-27 15:44:54.424881+00
200,Considerable preparation needed. Usually requires 2-4 years of technical experience.,Considerable preparation needed. Usually requires 2-4 years of technical experience.,Bachelor's degree in Engineering or Architecture required. Professional license may be required.,Bachelor's degree in Engineering or Architecture required. Professional license may be required.,53123.00,146323.00,99723.00,USD,"[{""max"""": 84492.82"," '""min'"": 53123.0"," '""label'"": '""Entry Level'""}"," {'""max'"": 101232.62"," '""min'"": 84492.82"," """"label"""": """"Mid Level""""}"," {'""max'"": 134490.62"," '""min'"": 101232.62"," '""label'"": '""Senior Level'""}"," {'""max'"": 146323.0"," '""min'"": 134490.62"," '""label'"": '""Lead Level'""}]""",1274952000.00,3511752000.00,2393352000.00,VND,"[{'max'"": 2027827775"," '""min'"": 1274952000"," '""label'"": '""Cấp mới vào nghề'""}"," {'""max'"": 2429582996"," '""min'"": 2027827775"," '""label'"": '""Cấp trung cấp'""}"," {'""max'"": 3227774789"," '""min'"": 2429582996"," '""label'"": '""Cấp cao cấp'""}"," {'""max'"": 3511752000"," '""min'"": 3227774789"," '""label'"": '""Lead Level'""}]""",2026-01-27 15:44:54.424881+00
201,Considerable preparation needed. Usually requires 2-4 years of technical experience.,Considerable preparation needed. Usually requires 2-4 years of technical experience.,Bachelor's degree in Engineering or Architecture required. Professional license may be required.,Bachelor's degree in Engineering or Architecture required. Professional license may be required.,56963.00,121719.00,89341.00,USD,"[{""max"""": 78757.97"," '""min'"": 56963.0"," '""label'"": '""Entry Level'""}"," {'""max'"": 89529.42"," '""min'"": 78757.97"," """"label"""": """"Mid Level""""}"," {'""max'"": 111842.25"," '""min'"": 89529.42"," '""label'"": '""Senior Level'""}"," {'""max'"": 121719.0"," '""min'"": 111842.25"," '""label'"": '""Lead Level'""}]""",1367112000.00,2921256000.00,2144184000.00,VND,"[{'max'"": 1890191257"," '""min'"": 1367112000"," '""label'"": '""Cấp mới vào nghề'""}"," {'""max'"": 2148706130"," '""min'"": 1890191257"," '""label'"": '""Cấp trung cấp'""}"," {'""max'"": 2684213958"," '""min'"": 2148706130"," '""label'"": '""Cấp cao cấp'""}"," {'""max'"": 2921256000"," '""min'"": 2684213958"," '""label'"": '""Lead Level'""}]""",2026-01-27 15:44:54.424881+00
202,Considerable preparation needed. Usually requires 2-4 years of technical experience.,Considerable preparation needed. Usually requires 2-4 years of technical experience.,Bachelor's degree in Engineering or Architecture required. Professional license may be required.,Bachelor's degree in Engineering or Architecture required. Professional license may be required.,76916.00,102574.00,89745.00,USD,"[{""max"""": 83577.05"," '""min'"": 76916.0"," '""label'"": '""Entry Level'""}"," {'""max'"": 91571.04"," '""min'"": 83577.05"," """"label"""": """"Mid Level""""}"," {'""max'"": 100378.36"," '""min'"": 91571.04"," '""label'"": '""Senior Level'""}"," {'""max'"": 102574.0"," '""min'"": 100378.36"," '""label'"": '""Lead Level'""}]""",1845984000.00,2461776000.00,2153880000.00,VND,"[{'max'"": 2005849141"," '""min'"": 1845984000"," '""label'"": '""Cấp mới vào nghề'""}"," {'""max'"": 2197704961"," '""min'"": 2005849141"," '""label'"": '""Cấp trung cấp'""}"," {'""max'"": 2409080626"," '""min'"": 2197704961"," '""label'"": '""Cấp cao cấp'""}"," {'""max'"": 2461776000"," '""min'"": 2409080626"," '""label'"": '""Lead Level'""}]""",2026-01-27 15:44:54.424881+00
203,Considerable preparation needed. Usually requires 2-4 years of technical experience.,Considerable preparation needed. Usually requires 2-4 years of technical experience.,Bachelor's degree in Engineering or Architecture required. Professional license may be required.,Bachelor's degree in Engineering or Architecture required. Professional license may be required.,60005.00,103435.00,81720.00,USD,"[{""max"""": 74597.93"," '""min'"": 60005.0"," '""label'"": '""Entry Level'""}"," {'""max'"": 81235.03"," '""min'"": 74597.93"," """"label"""": """"Mid Level""""}"," {'""max'"": 97772.17"," '""min'"": 81235.03"," '""label'"": '""Senior Level'""}"," {'""max'"": 103435.0"," '""min'"": 97772.17"," '""label'"": '""Lead Level'""}]""",1440120000.00,2482440000.00,1961280000.00,VND,"[{'max'"": 1790350381"," '""min'"": 1440120000"," '""label'"": '""Cấp mới vào nghề'""}"," {'""max'"": 1949640686"," '""min'"": 1790350381"," '""label'"": '""Cấp trung cấp'""}"," {'""max'"": 2346532036"," '""min'"": 1949640686"," '""label'"": '""Cấp cao cấp'""}"," {'""max'"": 2482440000"," '""min'"": 2346532036"," '""label'"": '""Lead Level'""}]""",2026-01-27 15:44:54.424881+00
204,Considerable preparation needed. Usually requires 2-4 years of research or laboratory experience.,Considerable preparation needed. Usually requires 2-4 years of research or laboratory experience.,Bachelor's degree in relevant science field required. Advanced degree preferred for research positions.,Bachelor's degree in relevant science field required. Advanced degree preferred for research positions.,66732.00,137205.00,101968.00,USD,"[{""max"""": 88911.36"," '""min'"": 66732.0"," '""label'"": '""Entry Level'""}"," {'""max'"": 105102.09"," '""min'"": 88911.36"," """"label"""": """"Mid Level""""}"," {'""max'"": 125281.13"," '""min'"": 105102.09"," '""label'"": '""Senior Level'""}"," {'""max'"": 137205.0"," '""min'"": 125281.13"," '""label'"": '""Lead Level'""}]""",1601568000.00,3292920000.00,2447232000.00,VND,"[{'max'"": 2133872602"," '""min'"": 1601568000"," '""label'"": '""Cấp mới vào nghề'""}"," {'""max'"": 2522450155"," '""min'"": 2133872602"," '""label'"": '""Cấp trung cấp'""}"," {'""max'"": 3006747077"," '""min'"": 2522450155"," '""label'"": '""Cấp cao cấp'""}"," {'""max'"": 3292920000"," '""min'"": 3006747077"," '""label'"": '""Lead Level'""}]""",2026-01-27 15:44:54.424881+00
205,Considerable preparation needed. Usually requires 2-4 years of research or laboratory experience.,Considerable preparation needed. Usually requires 2-4 years of research or laboratory experience.,Bachelor's degree in relevant science field required. Advanced degree preferred for research positions.,Bachelor's degree in relevant science field required. Advanced degree preferred for research positions.,67937.00,187980.00,127958.00,USD,"[{""max"""": 106815.13"," '""min'"": 67937.0"," '""label'"": '""Entry Level'""}"," {'""max'"": 135138.49"," '""min'"": 106815.13"," """"label"""": """"Mid Level""""}"," {'""max'"": 174746.04"," '""min'"": 135138.49"," '""label'"": '""Senior Level'""}"," {'""max'"": 187980.0"," '""min'"": 174746.04"," '""label'"": '""Lead Level'""}]""",1630488000.00,4511520000.00,3070992000.00,VND,"[{'max'"": 2563563220"," '""min'"": 1630488000"," '""label'"": '""Cấp mới vào nghề'""}"," {'""max'"": 3243323766"," '""min'"": 2563563220"," '""label'"": '""Cấp trung cấp'""}"," {'""max'"": 4193904968"," '""min'"": 3243323766"," '""label'"": '""Cấp cao cấp'""}"," {'""max'"": 4511520000"," '""min'"": 4193904968"," '""label'"": '""Lead Level'""}]""",2026-01-27 15:44:54.424881+00
206,Considerable preparation needed. Usually requires 2-4 years of research or laboratory experience.,Considerable preparation needed. Usually requires 2-4 years of research or laboratory experience.,Bachelor's degree in relevant science field required. Advanced degree preferred for research positions.,Bachelor's degree in relevant science field required. Advanced degree preferred for research positions.,74456.00,180640.00,127548.00,USD,"[{""max"""": 101598.21"," '""min'"": 74456.0"," '""label'"": '""Entry Level'""}"," {'""max'"": 135070.33"," '""min'"": 101598.21"," """"label"""": """"Mid Level""""}"," {'""max'"": 168932.25"," '""min'"": 135070.33"," '""label'"": '""Senior Level'""}"," {'""max'"": 180640.0"," '""min'"": 168932.25"," '""label'"": '""Lead Level'""}]""",1786944000.00,4335360000.00,3061152000.00,VND,"[{'max'"": 2438357008"," '""min'"": 1786944000"," '""label'"": '""Cấp mới vào nghề'""}"," {'""max'"": 3241687842"," '""min'"": 2438357008"," '""label'"": '""Cấp trung cấp'""}"," {'""max'"": 4054373997"," '""min'"": 3241687842"," '""label'"": '""Cấp cao cấp'""}"," {'""max'"": 4335360000"," '""min'"": 4054373997"," '""label'"": '""Lead Level'""}]""",2026-01-27 15:44:54.424881+00
207,Considerable preparation needed. Usually requires 2-4 years of research or laboratory experience.,Considerable preparation needed. Usually requires 2-4 years of research or laboratory experience.,Bachelor's degree in relevant science field required. Advanced degree preferred for research positions.,Bachelor's degree in relevant science field required. Advanced degree preferred for research positions.,65145.00,150698.00,107921.00,USD,"[{""max"""": 87015.27"," '""min'"": 65145.0"," '""label'"": '""Entry Level'""}"," {'""max'"": 107662.17"," '""min'"": 87015.27"," """"label"""": """"Mid Level""""}"," {'""max'"": 143490.88"," '""min'"": 107662.17"," '""label'"": '""Senior Level'""}"," {'""max'"": 150698.0"," '""min'"": 143490.88"," '""label'"": '""Lead Level'""}]""",1563480000.00,3616752000.00,2590104000.00,VND,"[{'max'"": 2088366362"," '""min'"": 1563480000"," '""label'"": '""Cấp mới vào nghề'""}"," {'""max'"": 2583892164"," '""min'"": 2088366362"," '""label'"": '""Cấp trung cấp'""}"," {'""max'"": 3443781006"," '""min'"": 2583892164"," '""label'"": '""Cấp cao cấp'""}"," {'""max'"": 3616752000"," '""min'"": 3443781006"," '""label'"": '""Lead Level'""}]""",2026-01-27 15:44:54.424881+00
269,Considerable preparation needed. Usually requires 1-3 years of social service experience.,Considerable preparation needed. Usually requires 1-3 years of social service experience.,"Bachelor''s degree in Social Work, Psychology, or related field required.","Bachelor''s degree in Social Work, Psychology, or related field required.",49687.00,124097.00,86892.00,USD,"[{""max"""": 71178.86"," '""min'"": 49687.0"," '""label'"": '""Entry Level'""}"," {'""max'"": 103783.18"," '""min'"": 71178.86"," """"label"""": """"Mid Level""""}"," {'""max'"": 124097.0"," '""min'"": 103783.18"," '""label'"": '""Senior Level'""}]""",1192488000.00,2978328000.00,2085408000.00,VND,"[{'max'"": 1708292747"," '""min'"": 1192488000"," '""label'"": '""Cấp mới vào nghề'""}"," {'""max'"": 2490796253"," '""min'"": 1708292747"," '""label'"": '""Cấp trung cấp'""}"," {'""max'"": 2978328000"," '""min'"": 2490796253"," '""label'"": '""Cấp cao cấp'""}]""",2026-01-27 15:44:54.424881+00
208,Considerable preparation needed. Usually requires 2-4 years of research or laboratory experience.,Considerable preparation needed. Usually requires 2-4 years of research or laboratory experience.,Bachelor's degree in relevant science field required. Advanced degree preferred for research positions.,Bachelor's degree in relevant science field required. Advanced degree preferred for research positions.,55521.00,120367.00,87944.00,USD,"[{""max"""": 74640.58"," '""min'"": 55521.0"," '""label'"": '""Entry Level'""}"," {'""max'"": 93287.23"," '""min'"": 74640.58"," """"label"""": """"Mid Level""""}"," {'""max'"": 114903.72"," '""min'"": 93287.23"," '""label'"": '""Senior Level'""}"," {'""max'"": 120367.0"," '""min'"": 114903.72"," '""label'"": '""Lead Level'""}]""",1332504000.00,2888808000.00,2110656000.00,VND,"[{'max'"": 1791373979"," '""min'"": 1332504000"," '""label'"": '""Cấp mới vào nghề'""}"," {'""max'"": 2238893501"," '""min'"": 1791373979"," '""label'"": '""Cấp trung cấp'""}"," {'""max'"": 2757689175"," '""min'"": 2238893501"," '""label'"": '""Cấp cao cấp'""}"," {'""max'"": 2888808000"," '""min'"": 2757689175"," '""label'"": '""Lead Level'""}]""",2026-01-27 15:44:54.424881+00
209,Considerable preparation needed. Usually requires 2-4 years of research or laboratory experience.,Considerable preparation needed. Usually requires 2-4 years of research or laboratory experience.,Bachelor's degree in relevant science field required. Advanced degree preferred for research positions.,Bachelor's degree in relevant science field required. Advanced degree preferred for research positions.,77769.00,152234.00,115001.00,USD,"[{""max"""": 101477.59"," '""min'"": 77769.0"," '""label'"": '""Entry Level'""}"," {'""max'"": 118259.3"," '""min'"": 101477.59"," """"label"""": """"Mid Level""""}"," {'""max'"": 143530.67"," '""min'"": 118259.3"," '""label'"": '""Senior Level'""}"," {'""max'"": 152234.0"," '""min'"": 143530.67"," '""label'"": '""Lead Level'""}]""",1866456000.00,3653616000.00,2760024000.00,VND,"[{'max'"": 2435462222"," '""min'"": 1866456000"," '""label'"": '""Cấp mới vào nghề'""}"," {'""max'"": 2838223148"," '""min'"": 2435462222"," '""label'"": '""Cấp trung cấp'""}"," {'""max'"": 3444736180"," '""min'"": 2838223148"," '""label'"": '""Cấp cao cấp'""}"," {'""max'"": 3653616000"," '""min'"": 3444736180"," '""label'"": '""Lead Level'""}]""",2026-01-27 15:44:54.424881+00
210,Considerable preparation needed. Usually requires 2-4 years of research or laboratory experience.,Considerable preparation needed. Usually requires 2-4 years of research or laboratory experience.,Bachelor's degree in relevant science field required. Advanced degree preferred for research positions.,Bachelor's degree in relevant science field required. Advanced degree preferred for research positions.,56867.00,152930.00,104898.00,USD,"[{""max"""": 81503.72"," '""min'"": 56867.0"," '""label'"": '""Entry Level'""}"," {'""max'"": 112338.68"," '""min'"": 81503.72"," """"label"""": """"Mid Level""""}"," {'""max'"": 138727.37"," '""min'"": 112338.68"," '""label'"": '""Senior Level'""}"," {'""max'"": 152930.0"," '""min'"": 138727.37"," '""label'"": '""Lead Level'""}]""",1364808000.00,3670320000.00,2517552000.00,VND,"[{'max'"": 1956089334"," '""min'"": 1364808000"," '""label'"": '""Cấp mới vào nghề'""}"," {'""max'"": 2696128236"," '""min'"": 1956089334"," '""label'"": '""Cấp trung cấp'""}"," {'""max'"": 3329456985"," '""min'"": 2696128236"," '""label'"": '""Cấp cao cấp'""}"," {'""max'"": 3670320000"," '""min'"": 3329456985"," '""label'"": '""Lead Level'""}]""",2026-01-27 15:44:54.424881+00
211,Considerable preparation needed. Usually requires 2-4 years of research or laboratory experience.,Considerable preparation needed. Usually requires 2-4 years of research or laboratory experience.,Bachelor's degree in relevant science field required. Advanced degree preferred for research positions.,Bachelor's degree in relevant science field required. Advanced degree preferred for research positions.,74856.00,168346.00,121601.00,USD,"[{""max"""": 106628.58"," '""min'"": 74856.0"," '""label'"": '""Entry Level'""}"," {'""max'"": 124201.18"," '""min'"": 106628.58"," """"label"""": """"Mid Level""""}"," {'""max'"": 156926.69"," '""min'"": 124201.18"," '""label'"": '""Senior Level'""}"," {'""max'"": 168346.0"," '""min'"": 156926.69"," '""label'"": '""Lead Level'""}]""",1796544000.00,4040304000.00,2918424000.00,VND,"[{'max'"": 2559086011"," '""min'"": 1796544000"," '""label'"": '""Cấp mới vào nghề'""}"," {'""max'"": 2980828412"," '""min'"": 2559086011"," '""label'"": '""Cấp trung cấp'""}"," {'""max'"": 3766240588"," '""min'"": 2980828412"," '""label'"": '""Cấp cao cấp'""}"," {'""max'"": 4040304000"," '""min'"": 3766240588"," '""label'"": '""Lead Level'""}]""",2026-01-27 15:44:54.424881+00
212,Considerable preparation needed. Usually requires 2-4 years of research or laboratory experience.,Considerable preparation needed. Usually requires 2-4 years of research or laboratory experience.,Bachelor's degree in relevant science field required. Advanced degree preferred for research positions.,Bachelor's degree in relevant science field required. Advanced degree preferred for research positions.,72893.00,144872.00,108882.00,USD,"[{""max"""": 92385.28"," '""min'"": 72893.0"," '""label'"": '""Entry Level'""}"," {'""max'"": 111387.69"," '""min'"": 92385.28"," """"label"""": """"Mid Level""""}"," {'""max'"": 136866.16"," '""min'"": 111387.69"," '""label'"": '""Senior Level'""}"," {'""max'"": 144872.0"," '""min'"": 136866.16"," '""label'"": '""Lead Level'""}]""",1749432000.00,3476928000.00,2613168000.00,VND,"[{'max'"": 2217246698"," '""min'"": 1749432000"," '""label'"": '""Cấp mới vào nghề'""}"," {'""max'"": 2673304487"," '""min'"": 2217246698"," '""label'"": '""Cấp trung cấp'""}"," {'""max'"": 3284787771"," '""min'"": 2673304487"," '""label'"": '""Cấp cao cấp'""}"," {'""max'"": 3476928000"," '""min'"": 3284787771"," '""label'"": '""Lead Level'""}]""",2026-01-27 15:44:54.424881+00
213,Considerable preparation needed. Usually requires 2-4 years of research or laboratory experience.,Considerable preparation needed. Usually requires 2-4 years of research or laboratory experience.,Bachelor's degree in relevant science field required. Advanced degree preferred for research positions.,Bachelor's degree in relevant science field required. Advanced degree preferred for research positions.,71494.00,130261.00,100877.00,USD,"[{""max"""": 88380.73"," '""min'"": 71494.0"," '""label'"": '""Entry Level'""}"," {'""max'"": 100891.5"," '""min'"": 88380.73"," """"label"""": """"Mid Level""""}"," {'""max'"": 121018.48"," '""min'"": 100891.5"," '""label'"": '""Senior Level'""}"," {'""max'"": 130261.0"," '""min'"": 121018.48"," '""label'"": '""Lead Level'""}]""",1715856000.00,3126264000.00,2421048000.00,VND,"[{'max'"": 2121137612"," '""min'"": 1715856000"," '""label'"": '""Cấp mới vào nghề'""}"," {'""max'"": 2421395924"," '""min'"": 2121137612"," '""label'"": '""Cấp trung cấp'""}"," {'""max'"": 2904443499"," '""min'"": 2421395924"," '""label'"": '""Cấp cao cấp'""}"," {'""max'"": 3126264000"," '""min'"": 2904443499"," '""label'"": '""Lead Level'""}]""",2026-01-27 15:44:54.424881+00
270,Considerable preparation needed. Usually requires 1-3 years of social service experience.,Considerable preparation needed. Usually requires 1-3 years of social service experience.,"Bachelor''s degree in Social Work, Psychology, or related field required.","Bachelor''s degree in Social Work, Psychology, or related field required.",72424.00,158037.00,115230.00,USD,"[{""max"""": 102111.32"," '""min'"": 72424.0"," '""label'"": '""Entry Level'""}"," {'""max'"": 130358.29"," '""min'"": 102111.32"," """"label"""": """"Mid Level""""}"," {'""max'"": 158037.0"," '""min'"": 130358.29"," '""label'"": '""Senior Level'""}]""",1738176000.00,3792888000.00,2765520000.00,VND,"[{'max'"": 2450671742"," '""min'"": 1738176000"," '""label'"": '""Cấp mới vào nghề'""}"," {'""max'"": 3128598948"," '""min'"": 2450671742"," '""label'"": '""Cấp trung cấp'""}"," {'""max'"": 3792888000"," '""min'"": 3128598948"," '""label'"": '""Cấp cao cấp'""}]""",2026-01-27 15:44:54.424881+00
214,Considerable preparation needed. Usually requires 2-4 years of research or laboratory experience.,Considerable preparation needed. Usually requires 2-4 years of research or laboratory experience.,Bachelor's degree in relevant science field required. Advanced degree preferred for research positions.,Bachelor's degree in relevant science field required. Advanced degree preferred for research positions.,65993.00,175003.00,120498.00,USD,"[{""max"""": 96018.9"," '""min'"": 65993.0"," '""label'"": '""Entry Level'""}"," {'""max'"": 121220.76"," '""min'"": 96018.9"," """"label"""": """"Mid Level""""}"," {'""max'"": 158953.92"," '""min'"": 121220.76"," '""label'"": '""Senior Level'""}"," {'""max'"": 175003.0"," '""min'"": 158953.92"," '""label'"": '""Lead Level'""}]""",1583832000.00,4200072000.00,2891952000.00,VND,"[{'max'"": 2304453703"," '""min'"": 1583832000"," '""label'"": '""Cấp mới vào nghề'""}"," {'""max'"": 2909298130"," '""min'"": 2304453703"," '""label'"": '""Cấp trung cấp'""}"," {'""max'"": 3814893962"," '""min'"": 2909298130"," '""label'"": '""Cấp cao cấp'""}"," {'""max'"": 4200072000"," '""min'"": 3814893962"," '""label'"": '""Lead Level'""}]""",2026-01-27 15:44:54.424881+00
215,Considerable preparation needed. Usually requires 2-4 years of research or laboratory experience.,Considerable preparation needed. Usually requires 2-4 years of research or laboratory experience.,Bachelor's degree in relevant science field required. Advanced degree preferred for research positions.,Bachelor's degree in relevant science field required. Advanced degree preferred for research positions.,48845.00,188126.00,118485.00,USD,"[{""max"""": 94504.81"," '""min'"": 48845.0"," '""label'"": '""Entry Level'""}"," {'""max'"": 122033.85"," '""min'"": 94504.81"," """"label"""": """"Mid Level""""}"," {'""max'"": 163781.45"," '""min'"": 122033.85"," '""label'"": '""Senior Level'""}"," {'""max'"": 188126.0"," '""min'"": 163781.45"," '""label'"": '""Lead Level'""}]""",1172280000.00,4515024000.00,2843640000.00,VND,"[{'max'"": 2268115354"," '""min'"": 1172280000"," '""label'"": '""Cấp mới vào nghề'""}"," {'""max'"": 2928812517"," '""min'"": 2268115354"," '""label'"": '""Cấp trung cấp'""}"," {'""max'"": 3930754742"," '""min'"": 2928812517"," '""label'"": '""Cấp cao cấp'""}"," {'""max'"": 4515024000"," '""min'"": 3930754742"," '""label'"": '""Lead Level'""}]""",2026-01-27 15:44:54.424881+00
216,Considerable preparation needed. Usually requires 2-4 years of research or laboratory experience.,Considerable preparation needed. Usually requires 2-4 years of research or laboratory experience.,Bachelor's degree in relevant science field required. Advanced degree preferred for research positions.,Bachelor's degree in relevant science field required. Advanced degree preferred for research positions.,56513.00,192306.00,124409.00,USD,"[{""max"""": 94432.05"," '""min'"": 56513.0"," '""label'"": '""Entry Level'""}"," {'""max'"": 124032.31"," '""min'"": 94432.05"," """"label"""": """"Mid Level""""}"," {'""max'"": 171333.27"," '""min'"": 124032.31"," '""label'"": '""Senior Level'""}"," {'""max'"": 192306.0"," '""min'"": 171333.27"," '""label'"": '""Lead Level'""}]""",1356312000.00,4615344000.00,2985816000.00,VND,"[{'max'"": 2266369225"," '""min'"": 1356312000"," '""label'"": '""Cấp mới vào nghề'""}"," {'""max'"": 2976775533"," '""min'"": 2266369225"," '""label'"": '""Cấp trung cấp'""}"," {'""max'"": 4111998500"," '""min'"": 2976775533"," '""label'"": '""Cấp cao cấp'""}"," {'""max'"": 4615344000"," '""min'"": 4111998500"," '""label'"": '""Lead Level'""}]""",2026-01-27 15:44:54.424881+00
217,Considerable preparation needed. Usually requires 2-4 years of research or laboratory experience.,Considerable preparation needed. Usually requires 2-4 years of research or laboratory experience.,Bachelor's degree in relevant science field required. Advanced degree preferred for research positions.,Bachelor's degree in relevant science field required. Advanced degree preferred for research positions.,49095.00,191481.00,120288.00,USD,"[{""max"""": 85511.5"," '""min'"": 49095.0"," '""label'"": '""Entry Level'""}"," {'""max'"": 126745.39"," '""min'"": 85511.5"," """"label"""": """"Mid Level""""}"," {'""max'"": 170087.95"," '""min'"": 126745.39"," '""label'"": '""Senior Level'""}"," {'""max'"": 191481.0"," '""min'"": 170087.95"," '""label'"": '""Lead Level'""}]""",1178280000.00,4595544000.00,2886912000.00,VND,"[{'max'"": 2052275976"," '""min'"": 1178280000"," '""label'"": '""Cấp mới vào nghề'""}"," {'""max'"": 3041889425"," '""min'"": 2052275976"," '""label'"": '""Cấp trung cấp'""}"," {'""max'"": 4082110734"," '""min'"": 3041889425"," '""label'"": '""Cấp cao cấp'""}"," {'""max'"": 4595544000"," '""min'"": 4082110734"," '""label'"": '""Lead Level'""}]""",2026-01-27 15:44:54.424881+00
218,Considerable preparation needed. Usually requires 2-4 years of research or laboratory experience.,Considerable preparation needed. Usually requires 2-4 years of research or laboratory experience.,Bachelor's degree in relevant science field required. Advanced degree preferred for research positions.,Bachelor's degree in relevant science field required. Advanced degree preferred for research positions.,75195.00,176786.00,125990.00,USD,"[{""max"""": 104503.68"," '""min'"": 75195.0"," '""label'"": '""Entry Level'""}"," {'""max'"": 132574.23"," '""min'"": 104503.68"," """"label"""": """"Mid Level""""}"," {'""max'"": 165036.4"," '""min'"": 132574.23"," '""label'"": '""Senior Level'""}"," {'""max'"": 176786.0"," '""min'"": 165036.4"," '""label'"": '""Lead Level'""}]""",1804680000.00,4242864000.00,3023760000.00,VND,"[{'max'"": 2508088347"," '""min'"": 1804680000"," '""label'"": '""Cấp mới vào nghề'""}"," {'""max'"": 3181781461"," '""min'"": 2508088347"," '""label'"": '""Cấp trung cấp'""}"," {'""max'"": 3960873658"," '""min'"": 3181781461"," '""label'"": '""Cấp cao cấp'""}"," {'""max'"": 4242864000"," '""min'"": 3960873658"," '""label'"": '""Lead Level'""}]""",2026-01-27 15:44:54.424881+00
219,Considerable preparation needed. Usually requires 2-4 years of research or laboratory experience.,Considerable preparation needed. Usually requires 2-4 years of research or laboratory experience.,Bachelor's degree in relevant science field required. Advanced degree preferred for research positions.,Bachelor's degree in relevant science field required. Advanced degree preferred for research positions.,53555.00,139539.00,96547.00,USD,"[{""max"""": 78774.17"," '""min'"": 53555.0"," '""label'"": '""Entry Level'""}"," {'""max'"": 98033.31"," '""min'"": 78774.17"," """"label"""": """"Mid Level""""}"," {'""max'"": 124338.74"," '""min'"": 98033.31"," '""label'"": '""Senior Level'""}"," {'""max'"": 139539.0"," '""min'"": 124338.74"," '""label'"": '""Lead Level'""}]""",1285320000.00,3348936000.00,2317128000.00,VND,"[{'max'"": 1890580063"," '""min'"": 1285320000"," '""label'"": '""Cấp mới vào nghề'""}"," {'""max'"": 2352799400"," '""min'"": 1890580063"," '""label'"": '""Cấp trung cấp'""}"," {'""max'"": 2984129810"," '""min'"": 2352799400"," '""label'"": '""Cấp cao cấp'""}"," {'""max'"": 3348936000"," '""min'"": 2984129810"," '""label'"": '""Lead Level'""}]""",2026-01-27 15:44:54.424881+00
271,Considerable preparation needed. Usually requires 1-3 years of social service experience.,Considerable preparation needed. Usually requires 1-3 years of social service experience.,"Bachelor''s degree in Social Work, Psychology, or related field required.","Bachelor''s degree in Social Work, Psychology, or related field required.",63590.00,171613.00,117601.00,USD,"[{""max"""": 97361.97"," '""min'"": 63590.0"," '""label'"": '""Entry Level'""}"," {'""max'"": 136250.73"," '""min'"": 97361.97"," """"label"""": """"Mid Level""""}"," {'""max'"": 171613.0"," '""min'"": 136250.73"," '""label'"": '""Senior Level'""}]""",1526160000.00,4118712000.00,2822424000.00,VND,"[{'max'"": 2336687365"," '""min'"": 1526160000"," '""label'"": '""Cấp mới vào nghề'""}"," {'""max'"": 3270017550"," '""min'"": 2336687365"," '""label'"": '""Cấp trung cấp'""}"," {'""max'"": 4118712000"," '""min'"": 3270017550"," '""label'"": '""Cấp cao cấp'""}]""",2026-01-27 15:44:54.424881+00
220,Considerable preparation needed. Usually requires 2-4 years of research or laboratory experience.,Considerable preparation needed. Usually requires 2-4 years of research or laboratory experience.,Bachelor's degree in relevant science field required. Advanced degree preferred for research positions.,Bachelor's degree in relevant science field required. Advanced degree preferred for research positions.,45830.00,183974.00,114902.00,USD,"[{""max"""": 84962.7"," '""min'"": 45830.0"," '""label'"": '""Entry Level'""}"," {'""max'"": 117531.22"," '""min'"": 84962.7"," """"label"""": """"Mid Level""""}"," {'""max'"": 168904.72"," '""min'"": 117531.22"," '""label'"": '""Senior Level'""}"," {'""max'"": 183974.0"," '""min'"": 168904.72"," '""label'"": '""Lead Level'""}]""",1099920000.00,4415376000.00,2757648000.00,VND,"[{'max'"": 2039104737"," '""min'"": 1099920000"," '""label'"": '""Cấp mới vào nghề'""}"," {'""max'"": 2820749367"," '""min'"": 2039104737"," '""label'"": '""Cấp trung cấp'""}"," {'""max'"": 4053713200"," '""min'"": 2820749367"," '""label'"": '""Cấp cao cấp'""}"," {'""max'"": 4415376000"," '""min'"": 4053713200"," '""label'"": '""Lead Level'""}]""",2026-01-27 15:44:54.424881+00
221,Considerable preparation needed. Usually requires 2-4 years of research or laboratory experience.,Considerable preparation needed. Usually requires 2-4 years of research or laboratory experience.,Bachelor's degree in relevant science field required. Advanced degree preferred for research positions.,Bachelor's degree in relevant science field required. Advanced degree preferred for research positions.,44035.00,135814.00,89924.00,USD,"[{""max"""": 72633.93"," '""min'"": 44035.0"," '""label'"": '""Entry Level'""}"," {'""max'"": 89345.3"," '""min'"": 72633.93"," """"label"""": """"Mid Level""""}"," {'""max'"": 121757.09"," '""min'"": 89345.3"," '""label'"": '""Senior Level'""}"," {'""max'"": 135814.0"," '""min'"": 121757.09"," '""label'"": '""Lead Level'""}]""",1056840000.00,3259536000.00,2158176000.00,VND,"[{'max'"": 1743214311"," '""min'"": 1056840000"," '""label'"": '""Cấp mới vào nghề'""}"," {'""max'"": 2144287233"," '""min'"": 1743214311"," '""label'"": '""Cấp trung cấp'""}"," {'""max'"": 2922170210"," '""min'"": 2144287233"," '""label'"": '""Cấp cao cấp'""}"," {'""max'"": 3259536000"," '""min'"": 2922170210"," '""label'"": '""Lead Level'""}]""",2026-01-27 15:44:54.424881+00
222,Considerable preparation needed. Usually requires 2-4 years of research or laboratory experience.,Considerable preparation needed. Usually requires 2-4 years of research or laboratory experience.,Bachelor's degree in relevant science field required. Advanced degree preferred for research positions.,Bachelor's degree in relevant science field required. Advanced degree preferred for research positions.,79774.00,138247.00,109010.00,USD,"[{""max"""": 97736.87"," '""min'"": 79774.0"," '""label'"": '""Entry Level'""}"," {'""max'"": 111612.3"," '""min'"": 97736.87"," """"label"""": """"Mid Level""""}"," {'""max'"": 129108.36"," '""min'"": 111612.3"," '""label'"": '""Senior Level'""}"," {'""max'"": 138247.0"," '""min'"": 129108.36"," '""label'"": '""Lead Level'""}]""",1914576000.00,3317928000.00,2616240000.00,VND,"[{'max'"": 2345684799"," '""min'"": 1914576000"," '""label'"": '""Cấp mới vào nghề'""}"," {'""max'"": 2678695155"," '""min'"": 2345684799"," '""label'"": '""Cấp trung cấp'""}"," {'""max'"": 3098600665"," '""min'"": 2678695155"," '""label'"": '""Cấp cao cấp'""}"," {'""max'"": 3317928000"," '""min'"": 3098600665"," '""label'"": '""Lead Level'""}]""",2026-01-27 15:44:54.424881+00
223,Considerable preparation needed. Usually requires 2-4 years of research or laboratory experience.,Considerable preparation needed. Usually requires 2-4 years of research or laboratory experience.,Bachelor's degree in relevant science field required. Advanced degree preferred for research positions.,Bachelor's degree in relevant science field required. Advanced degree preferred for research positions.,76327.00,144880.00,110603.00,USD,"[{""max"""": 100061.45"," '""min'"": 76327.0"," '""label'"": '""Entry Level'""}"," {'""max'"": 110391.62"," '""min'"": 100061.45"," """"label"""": """"Mid Level""""}"," {'""max'"": 135245.79"," '""min'"": 110391.62"," '""label'"": '""Senior Level'""}"," {'""max'"": 144880.0"," '""min'"": 135245.79"," '""label'"": '""Lead Level'""}]""",1831848000.00,3477120000.00,2654472000.00,VND,"[{'max'"": 2401474853"," '""min'"": 1831848000"," '""label'"": '""Cấp mới vào nghề'""}"," {'""max'"": 2649398931"," '""min'"": 2401474853"," '""label'"": '""Cấp trung cấp'""}"," {'""max'"": 3245898877"," '""min'"": 2649398931"," '""label'"": '""Cấp cao cấp'""}"," {'""max'"": 3477120000"," '""min'"": 3245898877"," '""label'"": '""Lead Level'""}]""",2026-01-27 15:44:54.424881+00
224,Considerable preparation needed. Usually requires 2-4 years of research or laboratory experience.,Considerable preparation needed. Usually requires 2-4 years of research or laboratory experience.,Bachelor's degree in relevant science field required. Advanced degree preferred for research positions.,Bachelor's degree in relevant science field required. Advanced degree preferred for research positions.,62411.00,191083.00,126747.00,USD,"[{""max"""": 107410.7"," '""min'"": 62411.0"," '""label'"": '""Entry Level'""}"," {'""max'"": 135778.32"," '""min'"": 107410.7"," """"label"""": """"Mid Level""""}"," {'""max'"": 168351.95"," '""min'"": 135778.32"," '""label'"": '""Senior Level'""}"," {'""max'"": 191083.0"," '""min'"": 168351.95"," '""label'"": '""Lead Level'""}]""",1497864000.00,4585992000.00,3041928000.00,VND,"[{'max'"": 2577856767"," '""min'"": 1497864000"," '""label'"": '""Cấp mới vào nghề'""}"," {'""max'"": 3258679699"," '""min'"": 2577856767"," '""label'"": '""Cấp trung cấp'""}"," {'""max'"": 4040446734"," '""min'"": 3258679699"," '""label'"": '""Cấp cao cấp'""}"," {'""max'"": 4585992000"," '""min'"": 4040446734"," '""label'"": '""Lead Level'""}]""",2026-01-27 15:44:54.424881+00
225,Considerable preparation needed. Usually requires 2-4 years of research or laboratory experience.,Considerable preparation needed. Usually requires 2-4 years of research or laboratory experience.,Bachelor's degree in relevant science field required. Advanced degree preferred for research positions.,Bachelor's degree in relevant science field required. Advanced degree preferred for research positions.,74514.00,192133.00,133323.00,USD,"[{""max"""": 115312.83"," '""min'"": 74514.0"," '""label'"": '""Entry Level'""}"," {'""max'"": 134872.63"," '""min'"": 115312.83"," """"label"""": """"Mid Level""""}"," {'""max'"": 178158.18"," '""min'"": 134872.63"," '""label'"": '""Senior Level'""}"," {'""max'"": 192133.0"," '""min'"": 178158.18"," '""label'"": '""Lead Level'""}]""",1788336000.00,4611192000.00,3199752000.00,VND,"[{'max'"": 2767507957"," '""min'"": 1788336000"," '""label'"": '""Cấp mới vào nghề'""}"," {'""max'"": 3236943176"," '""min'"": 2767507957"," '""label'"": '""Cấp trung cấp'""}"," {'""max'"": 4275796239"," '""min'"": 3236943176"," '""label'"": '""Cấp cao cấp'""}"," {'""max'"": 4611192000"," '""min'"": 4275796239"," '""label'"": '""Lead Level'""}]""",2026-01-27 15:44:54.424881+00
272,Considerable preparation needed. Usually requires 1-3 years of social service experience.,Considerable preparation needed. Usually requires 1-3 years of social service experience.,"Bachelor''s degree in Social Work, Psychology, or related field required.","Bachelor''s degree in Social Work, Psychology, or related field required.",40826.00,155878.00,98352.00,USD,"[{""max"""": 69690.53"," '""min'"": 40826.0"," '""label'"": '""Entry Level'""}"," {'""max'"": 125000.38"," '""min'"": 69690.53"," """"label"""": """"Mid Level""""}"," {'""max'"": 155878.0"," '""min'"": 125000.38"," '""label'"": '""Senior Level'""}]""",979824000.00,3741072000.00,2360448000.00,VND,"[{'max'"": 1672572732"," '""min'"": 979824000"," '""label'"": '""Cấp mới vào nghề'""}"," {'""max'"": 3000009118"," '""min'"": 1672572732"," '""label'"": '""Cấp trung cấp'""}"," {'""max'"": 3741072000"," '""min'"": 3000009118"," '""label'"": '""Cấp cao cấp'""}]""",2026-01-27 15:44:54.424881+00
226,Considerable preparation needed. Usually requires 2-4 years of research or laboratory experience.,Considerable preparation needed. Usually requires 2-4 years of research or laboratory experience.,Bachelor's degree in relevant science field required. Advanced degree preferred for research positions.,Bachelor's degree in relevant science field required. Advanced degree preferred for research positions.,65541.00,139476.00,102508.00,USD,"[{""max"""": 85971.45"," '""min'"": 65541.0"," '""label'"": '""Entry Level'""}"," {'""max'"": 106545.38"," '""min'"": 85971.45"," """"label"""": """"Mid Level""""}"," {'""max'"": 126729.77"," '""min'"": 106545.38"," '""label'"": '""Senior Level'""}"," {'""max'"": 139476.0"," '""min'"": 126729.77"," '""label'"": '""Lead Level'""}]""",1572984000.00,3347424000.00,2460192000.00,VND,"[{'max'"": 2063314872"," '""min'"": 1572984000"," '""label'"": '""Cấp mới vào nghề'""}"," {'""max'"": 2557089026"," '""min'"": 2063314872"," '""label'"": '""Cấp trung cấp'""}"," {'""max'"": 3041514483"," '""min'"": 2557089026"," '""label'"": '""Cấp cao cấp'""}"," {'""max'"": 3347424000"," '""min'"": 3041514483"," '""label'"": '""Lead Level'""}]""",2026-01-27 15:44:54.424881+00
227,Considerable preparation needed. Usually requires 2-4 years of research or laboratory experience.,Considerable preparation needed. Usually requires 2-4 years of research or laboratory experience.,Bachelor's degree in relevant science field required. Advanced degree preferred for research positions.,Bachelor's degree in relevant science field required. Advanced degree preferred for research positions.,73303.00,177236.00,125269.00,USD,"[{""max"""": 102832.93"," '""min'"": 73303.0"," '""label'"": '""Entry Level'""}"," {'""max'"": 130476.55"," '""min'"": 102832.93"," """"label"""": """"Mid Level""""}"," {'""max'"": 158190.15"," '""min'"": 130476.55"," '""label'"": '""Senior Level'""}"," {'""max'"": 177236.0"," '""min'"": 158190.15"," '""label'"": '""Lead Level'""}]""",1759272000.00,4253664000.00,3006456000.00,VND,"[{'max'"": 2467990239"," '""min'"": 1759272000"," '""label'"": '""Cấp mới vào nghề'""}"," {'""max'"": 3131437125"," '""min'"": 2467990239"," '""label'"": '""Cấp trung cấp'""}"," {'""max'"": 3796563653"," '""min'"": 3131437125"," '""label'"": '""Cấp cao cấp'""}"," {'""max'"": 4253664000"," '""min'"": 3796563653"," '""label'"": '""Lead Level'""}]""",2026-01-27 15:44:54.424881+00
228,Considerable preparation needed. Usually requires 2-4 years of research or laboratory experience.,Considerable preparation needed. Usually requires 2-4 years of research or laboratory experience.,Bachelor's degree in relevant science field required. Advanced degree preferred for research positions.,Bachelor's degree in relevant science field required. Advanced degree preferred for research positions.,74281.00,169341.00,121811.00,USD,"[{""max"""": 99967.79"," '""min'"": 74281.0"," '""label'"": '""Entry Level'""}"," {'""max'"": 126112.02"," '""min'"": 99967.79"," """"label"""": """"Mid Level""""}"," {'""max'"": 156729.03"," '""min'"": 126112.02"," '""label'"": '""Senior Level'""}"," {'""max'"": 169341.0"," '""min'"": 156729.03"," '""label'"": '""Lead Level'""}]""",1782744000.00,4064184000.00,2923464000.00,VND,"[{'max'"": 2399226983"," '""min'"": 1782744000"," '""label'"": '""Cấp mới vào nghề'""}"," {'""max'"": 3026688485"," '""min'"": 2399226983"," '""label'"": '""Cấp trung cấp'""}"," {'""max'"": 3761496823"," '""min'"": 3026688485"," '""label'"": '""Cấp cao cấp'""}"," {'""max'"": 4064184000"," '""min'"": 3761496823"," '""label'"": '""Lead Level'""}]""",2026-01-27 15:44:54.424881+00
229,Considerable preparation needed. Usually requires 2-4 years of research or laboratory experience.,Considerable preparation needed. Usually requires 2-4 years of research or laboratory experience.,Bachelor's degree in relevant science field required. Advanced degree preferred for research positions.,Bachelor's degree in relevant science field required. Advanced degree preferred for research positions.,59996.00,142830.00,101413.00,USD,"[{""max"""": 85035.84"," '""min'"": 59996.0"," '""label'"": '""Entry Level'""}"," {'""max'"": 108233.85"," '""min'"": 85035.84"," """"label"""": """"Mid Level""""}"," {'""max'"": 128693.2"," '""min'"": 108233.85"," '""label'"": '""Senior Level'""}"," {'""max'"": 142830.0"," '""min'"": 128693.2"," '""label'"": '""Lead Level'""}]""",1439904000.00,3427920000.00,2433912000.00,VND,"[{'max'"": 2040860165"," '""min'"": 1439904000"," '""label'"": '""Cấp mới vào nghề'""}"," {'""max'"": 2597612428"," '""min'"": 2040860165"," '""label'"": '""Cấp trung cấp'""}"," {'""max'"": 3088636910"," '""min'"": 2597612428"," '""label'"": '""Cấp cao cấp'""}"," {'""max'"": 3427920000"," '""min'"": 3088636910"," '""label'"": '""Lead Level'""}]""",2026-01-27 15:44:54.424881+00
230,Considerable preparation needed. Usually requires 2-4 years of research or laboratory experience.,Considerable preparation needed. Usually requires 2-4 years of research or laboratory experience.,Bachelor's degree in relevant science field required. Advanced degree preferred for research positions.,Bachelor's degree in relevant science field required. Advanced degree preferred for research positions.,57554.00,165592.00,111573.00,USD,"[{""max"""": 86191.84"," '""min'"": 57554.0"," '""label'"": '""Entry Level'""}"," {'""max'"": 118700.6"," '""min'"": 86191.84"," """"label"""": """"Mid Level""""}"," {'""max'"": 154445.14"," '""min'"": 118700.6"," '""label'"": '""Senior Level'""}"," {'""max'"": 165592.0"," '""min'"": 154445.14"," '""label'"": '""Lead Level'""}]""",1381296000.00,3974208000.00,2677752000.00,VND,"[{'max'"": 2068604057"," '""min'"": 1381296000"," '""label'"": '""Cấp mới vào nghề'""}"," {'""max'"": 2848814391"," '""min'"": 2068604057"," '""label'"": '""Cấp trung cấp'""}"," {'""max'"": 3706683343"," '""min'"": 2848814391"," '""label'"": '""Cấp cao cấp'""}"," {'""max'"": 3974208000"," '""min'"": 3706683343"," '""label'"": '""Lead Level'""}]""",2026-01-27 15:44:54.424881+00
231,Considerable preparation needed. Usually requires 2-4 years of research or laboratory experience.,Considerable preparation needed. Usually requires 2-4 years of research or laboratory experience.,Bachelor's degree in relevant science field required. Advanced degree preferred for research positions.,Bachelor's degree in relevant science field required. Advanced degree preferred for research positions.,63160.00,122408.00,92784.00,USD,"[{""max"""": 79947.46"," '""min'"": 63160.0"," '""label'"": '""Entry Level'""}"," {'""max'"": 93900.53"," '""min'"": 79947.46"," """"label"""": """"Mid Level""""}"," {'""max'"": 114866.43"," '""min'"": 93900.53"," '""label'"": '""Senior Level'""}"," {'""max'"": 122408.0"," '""min'"": 114866.43"," '""label'"": '""Lead Level'""}]""",1515840000.00,2937792000.00,2226816000.00,VND,"[{'max'"": 1918738976"," '""min'"": 1515840000"," '""label'"": '""Cấp mới vào nghề'""}"," {'""max'"": 2253612830"," '""min'"": 1918738976"," '""label'"": '""Cấp trung cấp'""}"," {'""max'"": 2756794407"," '""min'"": 2253612830"," '""label'"": '""Cấp cao cấp'""}"," {'""max'"": 2937792000"," '""min'"": 2756794407"," '""label'"": '""Lead Level'""}]""",2026-01-27 15:44:54.424881+00
273,Considerable preparation needed. Usually requires 1-3 years of social service experience.,Considerable preparation needed. Usually requires 1-3 years of social service experience.,"Bachelor''s degree in Social Work, Psychology, or related field required.","Bachelor''s degree in Social Work, Psychology, or related field required.",44906.00,123426.00,84166.00,USD,"[{""max"""": 68848.22"," '""min'"": 44906.0"," '""label'"": '""Entry Level'""}"," {'""max'"": 99659.89"," '""min'"": 68848.22"," """"label"""": """"Mid Level""""}"," {'""max'"": 123426.0"," '""min'"": 99659.89"," '""label'"": '""Senior Level'""}]""",1077744000.00,2962224000.00,2019984000.00,VND,"[{'max'"": 1652357249"," '""min'"": 1077744000"," '""label'"": '""Cấp mới vào nghề'""}"," {'""max'"": 2391837367"," '""min'"": 1652357249"," '""label'"": '""Cấp trung cấp'""}"," {'""max'"": 2962224000"," '""min'"": 2391837367"," '""label'"": '""Cấp cao cấp'""}]""",2026-01-27 15:44:54.424881+00
232,Considerable preparation needed. Usually requires 2-4 years of research or laboratory experience.,Considerable preparation needed. Usually requires 2-4 years of research or laboratory experience.,Bachelor's degree in relevant science field required. Advanced degree preferred for research positions.,Bachelor's degree in relevant science field required. Advanced degree preferred for research positions.,68329.00,184053.00,126191.00,USD,"[{""max"""": 100319.23"," '""min'"": 68329.0"," '""label'"": '""Entry Level'""}"," {'""max'"": 125962.21"," '""min'"": 100319.23"," """"label"""": """"Mid Level""""}"," {'""max'"": 169495.62"," '""min'"": 125962.21"," '""label'"": '""Senior Level'""}"," {'""max'"": 184053.0"," '""min'"": 169495.62"," '""label'"": '""Lead Level'""}]""",1639896000.00,4417272000.00,3028584000.00,VND,"[{'max'"": 2407661630"," '""min'"": 1639896000"," '""label'"": '""Cấp mới vào nghề'""}"," {'""max'"": 3023093076"," '""min'"": 2407661630"," '""label'"": '""Cấp trung cấp'""}"," {'""max'"": 4067894865"," '""min'"": 3023093076"," '""label'"": '""Cấp cao cấp'""}"," {'""max'"": 4417272000"," '""min'"": 4067894865"," '""label'"": '""Lead Level'""}]""",2026-01-27 15:44:54.424881+00
233,Considerable preparation needed. Usually requires 2-4 years of research or laboratory experience.,Considerable preparation needed. Usually requires 2-4 years of research or laboratory experience.,Bachelor's degree in relevant science field required. Advanced degree preferred for research positions.,Bachelor's degree in relevant science field required. Advanced degree preferred for research positions.,41539.00,188768.00,115153.00,USD,"[{""max"""": 88195.63"," '""min'"": 41539.0"," '""label'"": '""Entry Level'""}"," {'""max'"": 114386.12"," '""min'"": 88195.63"," """"label"""": """"Mid Level""""}"," {'""max'"": 167195.55"," '""min'"": 114386.12"," '""label'"": '""Senior Level'""}"," {'""max'"": 188768.0"," '""min'"": 167195.55"," '""label'"": '""Lead Level'""}]""",996936000.00,4530432000.00,2763672000.00,VND,"[{'max'"": 2116695082"," '""min'"": 996936000"," '""label'"": '""Cấp mới vào nghề'""}"," {'""max'"": 2745266769"," '""min'"": 2116695082"," '""label'"": '""Cấp trung cấp'""}"," {'""max'"": 4012693236"," '""min'"": 2745266769"," '""label'"": '""Cấp cao cấp'""}"," {'""max'"": 4530432000"," '""min'"": 4012693236"," '""label'"": '""Lead Level'""}]""",2026-01-27 15:44:54.424881+00
234,Considerable preparation needed. Usually requires 2-4 years of research or laboratory experience.,Considerable preparation needed. Usually requires 2-4 years of research or laboratory experience.,Bachelor's degree in relevant science field required. Advanced degree preferred for research positions.,Bachelor's degree in relevant science field required. Advanced degree preferred for research positions.,74176.00,199699.00,136937.00,USD,"[{""max"""": 106370.13"," '""min'"": 74176.0"," '""label'"": '""Entry Level'""}"," {'""max'"": 138417.24"," '""min'"": 106370.13"," """"label"""": """"Mid Level""""}"," {'""max'"": 180791.7"," '""min'"": 138417.24"," '""label'"": '""Senior Level'""}"," {'""max'"": 199699.0"," '""min'"": 180791.7"," '""label'"": '""Lead Level'""}]""",1780224000.00,4792776000.00,3286488000.00,VND,"[{'max'"": 2552883084"," '""min'"": 1780224000"," '""label'"": '""Cấp mới vào nghề'""}"," {'""max'"": 3322013873"," '""min'"": 2552883084"," '""label'"": '""Cấp trung cấp'""}"," {'""max'"": 4339000868"," '""min'"": 3322013873"," '""label'"": '""Cấp cao cấp'""}"," {'""max'"": 4792776000"," '""min'"": 4339000868"," '""label'"": '""Lead Level'""}]""",2026-01-27 15:44:54.424881+00
235,Considerable preparation needed. Usually requires 2-4 years of research or laboratory experience.,Considerable preparation needed. Usually requires 2-4 years of research or laboratory experience.,Bachelor's degree in relevant science field required. Advanced degree preferred for research positions.,Bachelor's degree in relevant science field required. Advanced degree preferred for research positions.,73047.00,144743.00,108895.00,USD,"[{""max"""": 97596.84"," '""min'"": 73047.0"," '""label'"": '""Entry Level'""}"," {'""max'"": 110009.55"," '""min'"": 97596.84"," """"label"""": """"Mid Level""""}"," {'""max'"": 138530.35"," '""min'"": 110009.55"," '""label'"": '""Senior Level'""}"," {'""max'"": 144743.0"," '""min'"": 138530.35"," '""label'"": '""Lead Level'""}]""",1753128000.00,3473832000.00,2613480000.00,VND,"[{'max'"": 2342324108"," '""min'"": 1753128000"," '""label'"": '""Cấp mới vào nghề'""}"," {'""max'"": 2640229096"," '""min'"": 2342324108"," '""label'"": '""Cấp trung cấp'""}"," {'""max'"": 3324728426"," '""min'"": 2640229096"," '""label'"": '""Cấp cao cấp'""}"," {'""max'"": 3473832000"," '""min'"": 3324728426"," '""label'"": '""Lead Level'""}]""",2026-01-27 15:44:54.424881+00
236,Considerable preparation needed. Usually requires 2-4 years of research or laboratory experience.,Considerable preparation needed. Usually requires 2-4 years of research or laboratory experience.,Bachelor's degree in relevant science field required. Advanced degree preferred for research positions.,Bachelor's degree in relevant science field required. Advanced degree preferred for research positions.,62773.00,189840.00,126306.00,USD,"[{""max"""": 104806.4"," '""min'"": 62773.0"," '""label'"": '""Entry Level'""}"," {'""max'"": 124650.66"," '""min'"": 104806.4"," """"label"""": """"Mid Level""""}"," {'""max'"": 175544.41"," '""min'"": 124650.66"," '""label'"": '""Senior Level'""}"," {'""max'"": 189840.0"," '""min'"": 175544.41"," '""label'"": '""Lead Level'""}]""",1506552000.00,4556160000.00,3031344000.00,VND,"[{'max'"": 2515353704"," '""min'"": 1506552000"," '""label'"": '""Cấp mới vào nghề'""}"," {'""max'"": 2991615903"," '""min'"": 2515353704"," '""label'"": '""Cấp trung cấp'""}"," {'""max'"": 4213065939"," '""min'"": 2991615903"," '""label'"": '""Cấp cao cấp'""}"," {'""max'"": 4556160000"," '""min'"": 4213065939"," '""label'"": '""Lead Level'""}]""",2026-01-27 15:44:54.424881+00
237,Considerable preparation needed. Usually requires 2-4 years of research or laboratory experience.,Considerable preparation needed. Usually requires 2-4 years of research or laboratory experience.,Bachelor's degree in relevant science field required. Advanced degree preferred for research positions.,Bachelor's degree in relevant science field required. Advanced degree preferred for research positions.,62685.00,151035.00,106860.00,USD,"[{""max"""": 93143.06"," '""min'"": 62685.0"," '""label'"": '""Entry Level'""}"," {'""max'"": 113275.4"," '""min'"": 93143.06"," """"label"""": """"Mid Level""""}"," {'""max'"": 142453.62"," '""min'"": 113275.4"," '""label'"": '""Senior Level'""}"," {'""max'"": 151035.0"," '""min'"": 142453.62"," '""label'"": '""Lead Level'""}]""",1504440000.00,3624840000.00,2564640000.00,VND,"[{'max'"": 2235433533"," '""min'"": 1504440000"," '""label'"": '""Cấp mới vào nghề'""}"," {'""max'"": 2718609480"," '""min'"": 2235433533"," '""label'"": '""Cấp trung cấp'""}"," {'""max'"": 3418886943"," '""min'"": 2718609480"," '""label'"": '""Cấp cao cấp'""}"," {'""max'"": 3624840000"," '""min'"": 3418886943"," '""label'"": '""Lead Level'""}]""",2026-01-27 15:44:54.424881+00
274,Considerable preparation needed. Usually requires 1-3 years of social service experience.,Considerable preparation needed. Usually requires 1-3 years of social service experience.,"Bachelor''s degree in Social Work, Psychology, or related field required.","Bachelor''s degree in Social Work, Psychology, or related field required.",45850.00,147954.00,96902.00,USD,"[{""max"""": 73222.29"," '""min'"": 45850.0"," '""label'"": '""Entry Level'""}"," {'""max'"": 121760.29"," '""min'"": 73222.29"," """"label"""": """"Mid Level""""}"," {'""max'"": 147954.0"," '""min'"": 121760.29"," '""label'"": '""Senior Level'""}]""",1100400000.00,3550896000.00,2325648000.00,VND,"[{'max'"": 1757334998"," '""min'"": 1100400000"," '""label'"": '""Cấp mới vào nghề'""}"," {'""max'"": 2922246891"," '""min'"": 1757334998"," '""label'"": '""Cấp trung cấp'""}"," {'""max'"": 3550896000"," '""min'"": 2922246891"," '""label'"": '""Cấp cao cấp'""}]""",2026-01-27 15:44:54.424881+00
238,Considerable preparation needed. Usually requires 2-4 years of research or laboratory experience.,Considerable preparation needed. Usually requires 2-4 years of research or laboratory experience.,Bachelor's degree in relevant science field required. Advanced degree preferred for research positions.,Bachelor's degree in relevant science field required. Advanced degree preferred for research positions.,58555.00,154885.00,106720.00,USD,"[{""max"""": 90182.96"," '""min'"": 58555.0"," '""label'"": '""Entry Level'""}"," {'""max'"": 108800.4"," '""min'"": 90182.96"," """"label"""": """"Mid Level""""}"," {'""max'"": 138718.61"," '""min'"": 108800.4"," '""label'"": '""Senior Level'""}"," {'""max'"": 154885.0"," '""min'"": 138718.61"," '""label'"": '""Lead Level'""}]""",1405320000.00,3717240000.00,2561280000.00,VND,"[{'max'"": 2164391090"," '""min'"": 1405320000"," '""label'"": '""Cấp mới vào nghề'""}"," {'""max'"": 2611209564"," '""min'"": 2164391090"," '""label'"": '""Cấp trung cấp'""}"," {'""max'"": 3329246553"," '""min'"": 2611209564"," '""label'"": '""Cấp cao cấp'""}"," {'""max'"": 3717240000"," '""min'"": 3329246553"," '""label'"": '""Lead Level'""}]""",2026-01-27 15:44:54.424881+00
239,Considerable preparation needed. Usually requires 2-4 years of research or laboratory experience.,Considerable preparation needed. Usually requires 2-4 years of research or laboratory experience.,Bachelor's degree in relevant science field required. Advanced degree preferred for research positions.,Bachelor's degree in relevant science field required. Advanced degree preferred for research positions.,78242.00,188276.00,133259.00,USD,"[{""max"""": 112100.27"," '""min'"": 78242.0"," '""label'"": '""Entry Level'""}"," {'""max'"": 136646.0"," '""min'"": 112100.27"," """"label"""": """"Mid Level""""}"," {'""max'"": 171411.22"," '""min'"": 136646.0"," '""label'"": '""Senior Level'""}"," {'""max'"": 188276.0"," '""min'"": 171411.22"," '""label'"": '""Lead Level'""}]""",1877808000.00,4518624000.00,3198216000.00,VND,"[{'max'"": 2690406422"," '""min'"": 1877808000"," '""label'"": '""Cấp mới vào nghề'""}"," {'""max'"": 3279503957"," '""min'"": 2690406422"," '""label'"": '""Cấp trung cấp'""}"," {'""max'"": 4113869243"," '""min'"": 3279503957"," '""label'"": '""Cấp cao cấp'""}"," {'""max'"": 4518624000"," '""min'"": 4113869243"," '""label'"": '""Lead Level'""}]""",2026-01-27 15:44:54.424881+00
240,Considerable preparation needed. Usually requires 2-4 years of research or laboratory experience.,Considerable preparation needed. Usually requires 2-4 years of research or laboratory experience.,Bachelor's degree in relevant science field required. Advanced degree preferred for research positions.,Bachelor's degree in relevant science field required. Advanced degree preferred for research positions.,40185.00,116515.00,78350.00,USD,"[{""max"""": 62143.49"," '""min'"": 40185.0"," '""label'"": '""Entry Level'""}"," {'""max'"": 82295.68"," '""min'"": 62143.49"," """"label"""": """"Mid Level""""}"," {'""max'"": 103691.61"," '""min'"": 82295.68"," '""label'"": '""Senior Level'""}"," {'""max'"": 116515.0"," '""min'"": 103691.61"," '""label'"": '""Lead Level'""}]""",964440000.00,2796360000.00,1880400000.00,VND,"[{'max'"": 1491443670"," '""min'"": 964440000"," '""label'"": '""Cấp mới vào nghề'""}"," {'""max'"": 1975096401"," '""min'"": 1491443670"," '""label'"": '""Cấp trung cấp'""}"," {'""max'"": 2488598710"," '""min'"": 1975096401"," '""label'"": '""Cấp cao cấp'""}"," {'""max'"": 2796360000"," '""min'"": 2488598710"," '""label'"": '""Lead Level'""}]""",2026-01-27 15:44:54.424881+00
241,Considerable preparation needed. Usually requires 2-4 years of research or laboratory experience.,Considerable preparation needed. Usually requires 2-4 years of research or laboratory experience.,Bachelor's degree in relevant science field required. Advanced degree preferred for research positions.,Bachelor's degree in relevant science field required. Advanced degree preferred for research positions.,50548.00,158390.00,104469.00,USD,"[{""max"""": 81872.34"," '""min'"": 50548.0"," '""label'"": '""Entry Level'""}"," {'""max'"": 103478.74"," '""min'"": 81872.34"," """"label"""": """"Mid Level""""}"," {'""max'"": 145589.23"," '""min'"": 103478.74"," '""label'"": '""Senior Level'""}"," {'""max'"": 158390.0"," '""min'"": 145589.23"," '""label'"": '""Lead Level'""}]""",1213152000.00,3801360000.00,2507256000.00,VND,"[{'max'"": 1964936148"," '""min'"": 1213152000"," '""label'"": '""Cấp mới vào nghề'""}"," {'""max'"": 2483489666"," '""min'"": 1964936148"," '""label'"": '""Cấp trung cấp'""}"," {'""max'"": 3494141519"," '""min'"": 2483489666"," '""label'"": '""Cấp cao cấp'""}"," {'""max'"": 3801360000"," '""min'"": 3494141519"," '""label'"": '""Lead Level'""}]""",2026-01-27 15:44:54.424881+00
242,Considerable preparation needed. Usually requires 2-4 years of research or laboratory experience.,Considerable preparation needed. Usually requires 2-4 years of research or laboratory experience.,Bachelor's degree in relevant science field required. Advanced degree preferred for research positions.,Bachelor's degree in relevant science field required. Advanced degree preferred for research positions.,66426.00,128186.00,97306.00,USD,"[{""max"""": 87357.39"," '""min'"": 66426.0"," '""label'"": '""Entry Level'""}"," {'""max'"": 100965.6"," '""min'"": 87357.39"," """"label"""": """"Mid Level""""}"," {'""max'"": 120142.32"," '""min'"": 100965.6"," '""label'"": '""Senior Level'""}"," {'""max'"": 128186.0"," '""min'"": 120142.32"," '""label'"": '""Lead Level'""}]""",1594224000.00,3076464000.00,2335344000.00,VND,"[{'max'"": 2096577242"," '""min'"": 1594224000"," '""label'"": '""Cấp mới vào nghề'""}"," {'""max'"": 2423174346"," '""min'"": 2096577242"," '""label'"": '""Cấp trung cấp'""}"," {'""max'"": 2883415766"," '""min'"": 2423174346"," '""label'"": '""Cấp cao cấp'""}"," {'""max'"": 3076464000"," '""min'"": 2883415766"," '""label'"": '""Lead Level'""}]""",2026-01-27 15:44:54.424881+00
243,Considerable preparation needed. Usually requires 2-4 years of research or laboratory experience.,Considerable preparation needed. Usually requires 2-4 years of research or laboratory experience.,Bachelor's degree in relevant science field required. Advanced degree preferred for research positions.,Bachelor's degree in relevant science field required. Advanced degree preferred for research positions.,47533.00,198873.00,123203.00,USD,"[{""max"""": 88554.46"," '""min'"": 47533.0"," '""label'"": '""Entry Level'""}"," {'""max'"": 131802.42"," '""min'"": 88554.46"," """"label"""": """"Mid Level""""}"," {'""max'"": 180434.7"," '""min'"": 131802.42"," '""label'"": '""Senior Level'""}"," {'""max'"": 198873.0"," '""min'"": 180434.7"," '""label'"": '""Lead Level'""}]""",1140792000.00,4772952000.00,2956872000.00,VND,"[{'max'"": 2125307096"," '""min'"": 1140792000"," '""label'"": '""Cấp mới vào nghề'""}"," {'""max'"": 3163257999"," '""min'"": 2125307096"," '""label'"": '""Cấp trung cấp'""}"," {'""max'"": 4330432749"," '""min'"": 3163257999"," '""label'"": '""Cấp cao cấp'""}"," {'""max'"": 4772952000"," '""min'"": 4330432749"," '""label'"": '""Lead Level'""}]""",2026-01-27 15:44:54.424881+00
275,Considerable preparation needed. Usually requires 1-3 years of social service experience.,Considerable preparation needed. Usually requires 1-3 years of social service experience.,"Bachelor''s degree in Social Work, Psychology, or related field required.","Bachelor''s degree in Social Work, Psychology, or related field required.",50276.00,141547.00,95911.00,USD,"[{""max"""": 80743.64"," '""min'"": 50276.0"," '""label'"": '""Entry Level'""}"," {'""max'"": 114929.0"," '""min'"": 80743.64"," """"label"""": """"Mid Level""""}"," {'""max'"": 141547.0"," '""min'"": 114929.0"," '""label'"": '""Senior Level'""}]""",1206624000.00,3397128000.00,2301864000.00,VND,"[{'max'"": 1937847470"," '""min'"": 1206624000"," '""label'"": '""Cấp mới vào nghề'""}"," {'""max'"": 2758296111"," '""min'"": 1937847470"," '""label'"": '""Cấp trung cấp'""}"," {'""max'"": 3397128000"," '""min'"": 2758296111"," '""label'"": '""Cấp cao cấp'""}]""",2026-01-27 15:44:54.424881+00
244,Considerable preparation needed. Usually requires 2-4 years of research or laboratory experience.,Considerable preparation needed. Usually requires 2-4 years of research or laboratory experience.,Bachelor's degree in relevant science field required. Advanced degree preferred for research positions.,Bachelor's degree in relevant science field required. Advanced degree preferred for research positions.,59721.00,140983.00,100352.00,USD,"[{""max"""": 86701.51"," '""min'"": 59721.0"," '""label'"": '""Entry Level'""}"," {'""max'"": 103894.97"," '""min'"": 86701.51"," """"label"""": """"Mid Level""""}"," {'""max'"": 126716.92"," '""min'"": 103894.97"," '""label'"": '""Senior Level'""}"," {'""max'"": 140983.0"," '""min'"": 126716.92"," '""label'"": '""Lead Level'""}]""",1433304000.00,3383592000.00,2408448000.00,VND,"[{'max'"": 2080836267"," '""min'"": 1433304000"," '""label'"": '""Cấp mới vào nghề'""}"," {'""max'"": 2493479366"," '""min'"": 2080836267"," '""label'"": '""Cấp trung cấp'""}"," {'""max'"": 3041205998"," '""min'"": 2493479366"," '""label'"": '""Cấp cao cấp'""}"," {'""max'"": 3383592000"," '""min'"": 3041205998"," '""label'"": '""Lead Level'""}]""",2026-01-27 15:44:54.424881+00
245,Considerable preparation needed. Usually requires 2-4 years of research or laboratory experience.,Considerable preparation needed. Usually requires 2-4 years of research or laboratory experience.,Bachelor's degree in relevant science field required. Advanced degree preferred for research positions.,Bachelor's degree in relevant science field required. Advanced degree preferred for research positions.,46387.00,164750.00,105568.00,USD,"[{""max"""": 83595.03"," '""min'"": 46387.0"," '""label'"": '""Entry Level'""}"," {'""max'"": 106707.66"," '""min'"": 83595.03"," """"label"""": """"Mid Level""""}"," {'""max'"": 152031.64"," '""min'"": 106707.66"," '""label'"": '""Senior Level'""}"," {'""max'"": 164750.0"," '""min'"": 152031.64"," '""label'"": '""Lead Level'""}]""",1113288000.00,3954000000.00,2533632000.00,VND,"[{'max'"": 2006280725"," '""min'"": 1113288000"," '""label'"": '""Cấp mới vào nghề'""}"," {'""max'"": 2560983822"," '""min'"": 2006280725"," '""label'"": '""Cấp trung cấp'""}"," {'""max'"": 3648759320"," '""min'"": 2560983822"," '""label'"": '""Cấp cao cấp'""}"," {'""max'"": 3954000000"," '""min'"": 3648759320"," '""label'"": '""Lead Level'""}]""",2026-01-27 15:44:54.424881+00
246,Considerable preparation needed. Usually requires 2-4 years of research or laboratory experience.,Considerable preparation needed. Usually requires 2-4 years of research or laboratory experience.,Bachelor's degree in relevant science field required. Advanced degree preferred for research positions.,Bachelor's degree in relevant science field required. Advanced degree preferred for research positions.,68972.00,158585.00,113778.00,USD,"[{""max"""": 95404.03"," '""min'"": 68972.0"," '""label'"": '""Entry Level'""}"," {'""max'"": 112886.13"," '""min'"": 95404.03"," """"label"""": """"Mid Level""""}"," {'""max'"": 146363.46"," '""min'"": 112886.13"," '""label'"": '""Senior Level'""}"," {'""max'"": 158585.0"," '""min'"": 146363.46"," '""label'"": '""Lead Level'""}]""",1655328000.00,3806040000.00,2730672000.00,VND,"[{'max'"": 2289696709"," '""min'"": 1655328000"," '""label'"": '""Cấp mới vào nghề'""}"," {'""max'"": 2709267158"," '""min'"": 2289696709"," '""label'"": '""Cấp trung cấp'""}"," {'""max'"": 3512722948"," '""min'"": 2709267158"," '""label'"": '""Cấp cao cấp'""}"," {'""max'"": 3806040000"," '""min'"": 3512722948"," '""label'"": '""Lead Level'""}]""",2026-01-27 15:44:54.424881+00
247,Considerable preparation needed. Usually requires 2-4 years of research or laboratory experience.,Considerable preparation needed. Usually requires 2-4 years of research or laboratory experience.,Bachelor's degree in relevant science field required. Advanced degree preferred for research positions.,Bachelor's degree in relevant science field required. Advanced degree preferred for research positions.,57039.00,148477.00,102758.00,USD,"[{""max"""": 88134.38"," '""min'"": 57039.0"," '""label'"": '""Entry Level'""}"," {'""max'"": 103537.13"," '""min'"": 88134.38"," """"label"""": """"Mid Level""""}"," {'""max'"": 136407.18"," '""min'"": 103537.13"," '""label'"": '""Senior Level'""}"," {'""max'"": 148477.0"," '""min'"": 136407.18"," '""label'"": '""Lead Level'""}]""",1368936000.00,3563448000.00,2466192000.00,VND,"[{'max'"": 2115225040"," '""min'"": 1368936000"," '""label'"": '""Cấp mới vào nghề'""}"," {'""max'"": 2484891157"," '""min'"": 2115225040"," '""label'"": '""Cấp trung cấp'""}"," {'""max'"": 3273772203"," '""min'"": 2484891157"," '""label'"": '""Cấp cao cấp'""}"," {'""max'"": 3563448000"," '""min'"": 3273772203"," '""label'"": '""Lead Level'""}]""",2026-01-27 15:44:54.424881+00
248,Considerable preparation needed. Usually requires 2-4 years of research or laboratory experience.,Considerable preparation needed. Usually requires 2-4 years of research or laboratory experience.,Bachelor's degree in relevant science field required. Advanced degree preferred for research positions.,Bachelor's degree in relevant science field required. Advanced degree preferred for research positions.,61344.00,107576.00,84460.00,USD,"[{""max"""": 76839.76"," '""min'"": 61344.0"," '""label'"": '""Entry Level'""}"," {'""max'"": 84903.78"," '""min'"": 76839.76"," """"label"""": """"Mid Level""""}"," {'""max'"": 103057.08"," '""min'"": 84903.78"," '""label'"": '""Senior Level'""}"," {'""max'"": 107576.0"," '""min'"": 103057.08"," '""label'"": '""Lead Level'""}]""",1472256000.00,2581824000.00,2027040000.00,VND,"[{'max'"": 1844154357"," '""min'"": 1472256000"," '""label'"": '""Cấp mới vào nghề'""}"," {'""max'"": 2037690724"," '""min'"": 1844154357"," '""label'"": '""Cấp trung cấp'""}"," {'""max'"": 2473369845"," '""min'"": 2037690724"," '""label'"": '""Cấp cao cấp'""}"," {'""max'"": 2581824000"," '""min'"": 2473369845"," '""label'"": '""Lead Level'""}]""",2026-01-27 15:44:54.424881+00
249,Considerable preparation needed. Usually requires 2-4 years of research or laboratory experience.,Considerable preparation needed. Usually requires 2-4 years of research or laboratory experience.,Bachelor's degree in relevant science field required. Advanced degree preferred for research positions.,Bachelor's degree in relevant science field required. Advanced degree preferred for research positions.,52667.00,173454.00,113060.00,USD,"[{""max"""": 85495.94"," '""min'"": 52667.0"," '""label'"": '""Entry Level'""}"," {'""max'"": 119095.58"," '""min'"": 85495.94"," """"label"""": """"Mid Level""""}"," {'""max'"": 161367.68"," '""min'"": 119095.58"," '""label'"": '""Senior Level'""}"," {'""max'"": 173454.0"," '""min'"": 161367.68"," '""label'"": '""Lead Level'""}]""",1264008000.00,4162896000.00,2713440000.00,VND,"[{'max'"": 2051902637"," '""min'"": 1264008000"," '""label'"": '""Cấp mới vào nghề'""}"," {'""max'"": 2858293904"," '""min'"": 2051902637"," '""label'"": '""Cấp trung cấp'""}"," {'""max'"": 3872824351"," '""min'"": 2858293904"," '""label'"": '""Cấp cao cấp'""}"," {'""max'"": 4162896000"," '""min'"": 3872824351"," '""label'"": '""Lead Level'""}]""",2026-01-27 15:44:54.424881+00
276,Considerable preparation needed. Usually requires 1-3 years of social service experience.,Considerable preparation needed. Usually requires 1-3 years of social service experience.,"Bachelor''s degree in Social Work, Psychology, or related field required.","Bachelor''s degree in Social Work, Psychology, or related field required.",74792.00,150662.00,112727.00,USD,"[{""max"""": 95091.92"," '""min'"": 74792.0"," '""label'"": '""Entry Level'""}"," {'""max'"": 127067.63"," '""min'"": 95091.92"," """"label"""": """"Mid Level""""}"," {'""max'"": 150662.0"," '""min'"": 127067.63"," '""label'"": '""Senior Level'""}]""",1795008000.00,3615888000.00,2705448000.00,VND,"[{'max'"": 2282206164"," '""min'"": 1795008000"," '""label'"": '""Cấp mới vào nghề'""}"," {'""max'"": 3049623197"," '""min'"": 2282206164"," '""label'"": '""Cấp trung cấp'""}"," {'""max'"": 3615888000"," '""min'"": 3049623197"," '""label'"": '""Cấp cao cấp'""}]""",2026-01-27 15:44:54.424881+00
250,Considerable preparation needed. Usually requires 2-4 years of research or laboratory experience.,Considerable preparation needed. Usually requires 2-4 years of research or laboratory experience.,Bachelor's degree in relevant science field required. Advanced degree preferred for research positions.,Bachelor's degree in relevant science field required. Advanced degree preferred for research positions.,55006.00,192671.00,123838.00,USD,"[{""max"""": 96916.52"," '""min'"": 55006.0"," '""label'"": '""Entry Level'""}"," {'""max'"": 132922.56"," '""min'"": 96916.52"," """"label"""": """"Mid Level""""}"," {'""max'"": 174681.38"," '""min'"": 132922.56"," '""label'"": '""Senior Level'""}"," {'""max'"": 192671.0"," '""min'"": 174681.38"," '""label'"": '""Lead Level'""}]""",1320144000.00,4624104000.00,2972112000.00,VND,"[{'max'"": 2325996435"," '""min'"": 1320144000"," '""label'"": '""Cấp mới vào nghề'""}"," {'""max'"": 3190141368"," '""min'"": 2325996435"," '""label'"": '""Cấp trung cấp'""}"," {'""max'"": 4192353196"," '""min'"": 3190141368"," '""label'"": '""Cấp cao cấp'""}"," {'""max'"": 4624104000"," '""min'"": 4192353196"," '""label'"": '""Lead Level'""}]""",2026-01-27 15:44:54.424881+00
251,Considerable preparation needed. Usually requires 2-4 years of research or laboratory experience.,Considerable preparation needed. Usually requires 2-4 years of research or laboratory experience.,Bachelor's degree in relevant science field required. Advanced degree preferred for research positions.,Bachelor's degree in relevant science field required. Advanced degree preferred for research positions.,75711.00,160116.00,117913.00,USD,"[{""max"""": 102445.94"," '""min'"": 75711.0"," '""label'"": '""Entry Level'""}"," {'""max'"": 116700.01"," '""min'"": 102445.94"," """"label"""": """"Mid Level""""}"," {'""max'"": 150353.1"," '""min'"": 116700.01"," '""label'"": '""Senior Level'""}"," {'""max'"": 160116.0"," '""min'"": 150353.1"," '""label'"": '""Lead Level'""}]""",1817064000.00,3842784000.00,2829912000.00,VND,"[{'max'"": 2458702522"," '""min'"": 1817064000"," '""label'"": '""Cấp mới vào nghề'""}"," {'""max'"": 2800800341"," '""min'"": 2458702522"," '""label'"": '""Cấp trung cấp'""}"," {'""max'"": 3608474331"," '""min'"": 2800800341"," '""label'"": '""Cấp cao cấp'""}"," {'""max'"": 3842784000"," '""min'"": 3608474331"," '""label'"": '""Lead Level'""}]""",2026-01-27 15:44:54.424881+00
252,Considerable preparation needed. Usually requires 2-4 years of research or laboratory experience.,Considerable preparation needed. Usually requires 2-4 years of research or laboratory experience.,Bachelor's degree in relevant science field required. Advanced degree preferred for research positions.,Bachelor's degree in relevant science field required. Advanced degree preferred for research positions.,55091.00,161129.00,108110.00,USD,"[{""max"""": 84677.14"," '""min'"": 55091.0"," '""label'"": '""Entry Level'""}"," {'""max'"": 112268.08"," '""min'"": 84677.14"," """"label"""": """"Mid Level""""}"," {'""max'"": 142170.41"," '""min'"": 112268.08"," '""label'"": '""Senior Level'""}"," {'""max'"": 161129.0"," '""min'"": 142170.41"," '""label'"": '""Lead Level'""}]""",1322184000.00,3867096000.00,2594640000.00,VND,"[{'max'"": 2032251280"," '""min'"": 1322184000"," '""label'"": '""Cấp mới vào nghề'""}"," {'""max'"": 2694434023"," '""min'"": 2032251280"," '""label'"": '""Cấp trung cấp'""}"," {'""max'"": 3412089931"," '""min'"": 2694434023"," '""label'"": '""Cấp cao cấp'""}"," {'""max'"": 3867096000"," '""min'"": 3412089931"," '""label'"": '""Lead Level'""}]""",2026-01-27 15:44:54.424881+00
253,Considerable preparation needed. Usually requires 2-4 years of research or laboratory experience.,Considerable preparation needed. Usually requires 2-4 years of research or laboratory experience.,Bachelor's degree in relevant science field required. Advanced degree preferred for research positions.,Bachelor's degree in relevant science field required. Advanced degree preferred for research positions.,40549.00,172786.00,106667.00,USD,"[{""max"""": 74952.2"," '""min'"": 40549.0"," '""label'"": '""Entry Level'""}"," {'""max'"": 109699.0"," '""min'"": 74952.2"," """"label"""": """"Mid Level""""}"," {'""max'"": 153574.17"," '""min'"": 109699.0"," '""label'"": '""Senior Level'""}"," {'""max'"": 172786.0"," '""min'"": 153574.17"," '""label'"": '""Lead Level'""}]""",973176000.00,4146864000.00,2560008000.00,VND,"[{'max'"": 1798852760"," '""min'"": 973176000"," '""label'"": '""Cấp mới vào nghề'""}"," {'""max'"": 2632775955"," '""min'"": 1798852760"," '""label'"": '""Cấp trung cấp'""}"," {'""max'"": 3685780174"," '""min'"": 2632775955"," '""label'"": '""Cấp cao cấp'""}"," {'""max'"": 4146864000"," '""min'"": 3685780174"," '""label'"": '""Lead Level'""}]""",2026-01-27 15:44:54.424881+00
254,Considerable preparation needed. Usually requires 2-4 years of research or laboratory experience.,Considerable preparation needed. Usually requires 2-4 years of research or laboratory experience.,Bachelor's degree in relevant science field required. Advanced degree preferred for research positions.,Bachelor's degree in relevant science field required. Advanced degree preferred for research positions.,74574.00,193131.00,133852.00,USD,"[{""max"""": 114318.88"," '""min'"": 74574.0"," '""label'"": '""Entry Level'""}"," {'""max'"": 139782.91"," '""min'"": 114318.88"," """"label"""": """"Mid Level""""}"," {'""max'"": 179135.48"," '""min'"": 139782.91"," '""label'"": '""Senior Level'""}"," {'""max'"": 193131.0"," '""min'"": 179135.48"," '""label'"": '""Lead Level'""}]""",1789776000.00,4635144000.00,3212448000.00,VND,"[{'max'"": 2743653218"," '""min'"": 1789776000"," '""label'"": '""Cấp mới vào nghề'""}"," {'""max'"": 3354789770"," '""min'"": 2743653218"," '""label'"": '""Cấp trung cấp'""}"," {'""max'"": 4299251418"," '""min'"": 3354789770"," '""label'"": '""Cấp cao cấp'""}"," {'""max'"": 4635144000"," '""min'"": 4299251418"," '""label'"": '""Lead Level'""}]""",2026-01-27 15:44:54.424881+00
255,Considerable preparation needed. Usually requires 2-4 years of research or laboratory experience.,Considerable preparation needed. Usually requires 2-4 years of research or laboratory experience.,Bachelor's degree in relevant science field required. Advanced degree preferred for research positions.,Bachelor's degree in relevant science field required. Advanced degree preferred for research positions.,46089.00,161028.00,103558.00,USD,"[{""max"""": 78764.02"," '""min'"": 46089.0"," '""label'"": '""Entry Level'""}"," {'""max'"": 102076.95"," '""min'"": 78764.02"," """"label"""": """"Mid Level""""}"," {'""max'"": 150145.16"," '""min'"": 102076.95"," '""label'"": '""Senior Level'""}"," {'""max'"": 161028.0"," '""min'"": 150145.16"," '""label'"": '""Lead Level'""}]""",1106136000.00,3864672000.00,2485392000.00,VND,"[{'max'"": 1890336377"," '""min'"": 1106136000"," '""label'"": '""Cấp mới vào nghề'""}"," {'""max'"": 2449846711"," '""min'"": 1890336377"," '""label'"": '""Cấp trung cấp'""}"," {'""max'"": 3603483771"," '""min'"": 2449846711"," '""label'"": '""Cấp cao cấp'""}"," {'""max'"": 3864672000"," '""min'"": 3603483771"," '""label'"": '""Lead Level'""}]""",2026-01-27 15:44:54.424881+00
277,Considerable preparation needed. Usually requires 1-3 years of social service experience.,Considerable preparation needed. Usually requires 1-3 years of social service experience.,"Bachelor''s degree in Social Work, Psychology, or related field required.","Bachelor''s degree in Social Work, Psychology, or related field required.",67623.00,161830.00,114726.00,USD,"[{""max"""": 100353.94"," '""min'"": 67623.0"," '""label'"": '""Entry Level'""}"," {'""max'"": 137505.18"," '""min'"": 100353.94"," """"label"""": """"Mid Level""""}"," {'""max'"": 161830.0"," '""min'"": 137505.18"," '""label'"": '""Senior Level'""}]""",1622952000.00,3883920000.00,2753424000.00,VND,"[{'max'"": 2408494539"," '""min'"": 1622952000"," '""label'"": '""Cấp mới vào nghề'""}"," {'""max'"": 3300124378"," '""min'"": 2408494539"," '""label'"": '""Cấp trung cấp'""}"," {'""max'"": 3883920000"," '""min'"": 3300124378"," '""label'"": '""Cấp cao cấp'""}]""",2026-01-27 15:44:54.424881+00
256,Considerable preparation needed. Usually requires 2-4 years of research or laboratory experience.,Considerable preparation needed. Usually requires 2-4 years of research or laboratory experience.,Bachelor's degree in relevant science field required. Advanced degree preferred for research positions.,Bachelor's degree in relevant science field required. Advanced degree preferred for research positions.,49885.00,196415.00,123150.00,USD,"[{""max"""": 91483.47"," '""min'"": 49885.0"," '""label'"": '""Entry Level'""}"," {'""max'"": 121580.52"," '""min'"": 91483.47"," """"label"""": """"Mid Level""""}"," {'""max'"": 173268.06"," '""min'"": 121580.52"," '""label'"": '""Senior Level'""}"," {'""max'"": 196415.0"," '""min'"": 173268.06"," '""label'"": '""Lead Level'""}]""",1197240000.00,4713960000.00,2955600000.00,VND,"[{'max'"": 2195603242"," '""min'"": 1197240000"," '""label'"": '""Cấp mới vào nghề'""}"," {'""max'"": 2917932598"," '""min'"": 2195603242"," '""label'"": '""Cấp trung cấp'""}"," {'""max'"": 4158433475"," '""min'"": 2917932598"," '""label'"": '""Cấp cao cấp'""}"," {'""max'"": 4713960000"," '""min'"": 4158433475"," '""label'"": '""Lead Level'""}]""",2026-01-27 15:44:54.424881+00
257,Considerable preparation needed. Usually requires 2-4 years of research or laboratory experience.,Considerable preparation needed. Usually requires 2-4 years of research or laboratory experience.,Bachelor's degree in relevant science field required. Advanced degree preferred for research positions.,Bachelor's degree in relevant science field required. Advanced degree preferred for research positions.,73517.00,123448.00,98482.00,USD,"[{""max"""": 86249.02"," '""min'"": 73517.0"," '""label'"": '""Entry Level'""}"," {'""max'"": 102078.91"," '""min'"": 86249.02"," """"label"""": """"Mid Level""""}"," {'""max'"": 117389.1"," '""min'"": 102078.91"," '""label'"": '""Senior Level'""}"," {'""max'"": 123448.0"," '""min'"": 117389.1"," '""label'"": '""Lead Level'""}]""",1764408000.00,2962752000.00,2363568000.00,VND,"[{'max'"": 2069976422"," '""min'"": 1764408000"," '""label'"": '""Cấp mới vào nghề'""}"," {'""max'"": 2449893874"," '""min'"": 2069976422"," '""label'"": '""Cấp trung cấp'""}"," {'""max'"": 2817338317"," '""min'"": 2449893874"," '""label'"": '""Cấp cao cấp'""}"," {'""max'"": 2962752000"," '""min'"": 2817338317"," '""label'"": '""Lead Level'""}]""",2026-01-27 15:44:54.424881+00
258,Considerable preparation needed. Usually requires 2-4 years of research or laboratory experience.,Considerable preparation needed. Usually requires 2-4 years of research or laboratory experience.,Bachelor's degree in relevant science field required. Advanced degree preferred for research positions.,Bachelor's degree in relevant science field required. Advanced degree preferred for research positions.,47331.00,178188.00,112759.00,USD,"[{""max"""": 84224.7"," '""min'"": 47331.0"," '""label'"": '""Entry Level'""}"," {'""max'"": 121646.65"," '""min'"": 84224.7"," """"label"""": """"Mid Level""""}"," {'""max'"": 160459.67"," '""min'"": 121646.65"," '""label'"": '""Senior Level'""}"," {'""max'"": 178188.0"," '""min'"": 160459.67"," '""label'"": '""Lead Level'""}]""",1135944000.00,4276512000.00,2706216000.00,VND,"[{'max'"": 2021392770"," '""min'"": 1135944000"," '""label'"": '""Cấp mới vào nghề'""}"," {'""max'"": 2919519720"," '""min'"": 2021392770"," '""label'"": '""Cấp trung cấp'""}"," {'""max'"": 3851032199"," '""min'"": 2919519720"," '""label'"": '""Cấp cao cấp'""}"," {'""max'"": 4276512000"," '""min'"": 3851032199"," '""label'"": '""Lead Level'""}]""",2026-01-27 15:44:54.424881+00
259,Considerable preparation needed. Usually requires 2-4 years of research or laboratory experience.,Considerable preparation needed. Usually requires 2-4 years of research or laboratory experience.,Bachelor's degree in relevant science field required. Advanced degree preferred for research positions.,Bachelor's degree in relevant science field required. Advanced degree preferred for research positions.,44483.00,190025.00,117254.00,USD,"[{""max"""": 94465.07"," '""min'"": 44483.0"," '""label'"": '""Entry Level'""}"," {'""max'"": 120521.88"," '""min'"": 94465.07"," """"label"""": """"Mid Level""""}"," {'""max'"": 167108.4"," '""min'"": 120521.88"," '""label'"": '""Senior Level'""}"," {'""max'"": 190025.0"," '""min'"": 167108.4"," '""label'"": '""Lead Level'""}]""",1067592000.00,4560600000.00,2814096000.00,VND,"[{'max'"": 2267161788"," '""min'"": 1067592000"," '""label'"": '""Cấp mới vào nghề'""}"," {'""max'"": 2892525063"," '""min'"": 2267161788"," '""label'"": '""Cấp trung cấp'""}"," {'""max'"": 4010601557"," '""min'"": 2892525063"," '""label'"": '""Cấp cao cấp'""}"," {'""max'"": 4560600000"," '""min'"": 4010601557"," '""label'"": '""Lead Level'""}]""",2026-01-27 15:44:54.424881+00
260,Considerable preparation needed. Usually requires 2-4 years of research or laboratory experience.,Considerable preparation needed. Usually requires 2-4 years of research or laboratory experience.,Bachelor's degree in relevant science field required. Advanced degree preferred for research positions.,Bachelor's degree in relevant science field required. Advanced degree preferred for research positions.,41314.00,138022.00,89668.00,USD,"[{""max"""": 70828.21"," '""min'"": 41314.0"," '""label'"": '""Entry Level'""}"," {'""max'"": 95935.76"," '""min'"": 70828.21"," """"label"""": """"Mid Level""""}"," {'""max'"": 123064.58"," '""min'"": 95935.76"," '""label'"": '""Senior Level'""}"," {'""max'"": 138022.0"," '""min'"": 123064.58"," '""label'"": '""Lead Level'""}]""",991536000.00,3312528000.00,2152032000.00,VND,"[{'max'"": 1699877036"," '""min'"": 991536000"," '""label'"": '""Cấp mới vào nghề'""}"," {'""max'"": 2302458345"," '""min'"": 1699877036"," '""label'"": '""Cấp trung cấp'""}"," {'""max'"": 2953550008"," '""min'"": 2302458345"," '""label'"": '""Cấp cao cấp'""}"," {'""max'"": 3312528000"," '""min'"": 2953550008"," '""label'"": '""Lead Level'""}]""",2026-01-27 15:44:54.424881+00
261,Considerable preparation needed. Usually requires 2-4 years of research or laboratory experience.,Considerable preparation needed. Usually requires 2-4 years of research or laboratory experience.,Bachelor's degree in relevant science field required. Advanced degree preferred for research positions.,Bachelor's degree in relevant science field required. Advanced degree preferred for research positions.,65082.00,147825.00,106453.00,USD,"[{""max"""": 92640.84"," '""min'"": 65082.0"," '""label'"": '""Entry Level'""}"," {'""max'"": 106975.28"," '""min'"": 92640.84"," """"label"""": """"Mid Level""""}"," {'""max'"": 139840.77"," '""min'"": 106975.28"," '""label'"": '""Senior Level'""}"," {'""max'"": 147825.0"," '""min'"": 139840.77"," '""label'"": '""Lead Level'""}]""",1561968000.00,3547800000.00,2554872000.00,VND,"[{'max'"": 2223380208"," '""min'"": 1561968000"," '""label'"": '""Cấp mới vào nghề'""}"," {'""max'"": 2567406835"," '""min'"": 2223380208"," '""label'"": '""Cấp trung cấp'""}"," {'""max'"": 3356178534"," '""min'"": 2567406835"," '""label'"": '""Cấp cao cấp'""}"," {'""max'"": 3547800000"," '""min'"": 3356178534"," '""label'"": '""Lead Level'""}]""",2026-01-27 15:44:54.424881+00
278,Considerable preparation needed. Usually requires 1-3 years of social service experience.,Considerable preparation needed. Usually requires 1-3 years of social service experience.,"Bachelor''s degree in Social Work, Psychology, or related field required.","Bachelor''s degree in Social Work, Psychology, or related field required.",62242.00,157722.00,109982.00,USD,"[{""max"""": 91205.52"," '""min'"": 62242.0"," '""label'"": '""Entry Level'""}"," {'""max'"": 127631.19"," '""min'"": 91205.52"," """"label"""": """"Mid Level""""}"," {'""max'"": 157722.0"," '""min'"": 127631.19"," '""label'"": '""Senior Level'""}]""",1493808000.00,3785328000.00,2639568000.00,VND,"[{'max'"": 2188932546"," '""min'"": 1493808000"," '""label'"": '""Cấp mới vào nghề'""}"," {'""max'"": 3063148533"," '""min'"": 2188932546"," '""label'"": '""Cấp trung cấp'""}"," {'""max'"": 3785328000"," '""min'"": 3063148533"," '""label'"": '""Cấp cao cấp'""}]""",2026-01-27 15:44:54.424881+00
262,Considerable preparation needed. Usually requires 2-4 years of research or laboratory experience.,Considerable preparation needed. Usually requires 2-4 years of research or laboratory experience.,Bachelor's degree in relevant science field required. Advanced degree preferred for research positions.,Bachelor's degree in relevant science field required. Advanced degree preferred for research positions.,58979.00,137862.00,98420.00,USD,"[{""max"""": 85297.9"," '""min'"": 58979.0"," '""label'"": '""Entry Level'""}"," {'""max'"": 97748.58"," '""min'"": 85297.9"," """"label"""": """"Mid Level""""}"," {'""max'"": 130515.9"," '""min'"": 97748.58"," '""label'"": '""Senior Level'""}"," {'""max'"": 137862.0"," '""min'"": 130515.9"," '""label'"": '""Lead Level'""}]""",1415496000.00,3308688000.00,2362080000.00,VND,"[{'max'"": 2047149711"," '""min'"": 1415496000"," '""label'"": '""Cấp mới vào nghề'""}"," {'""max'"": 2345965922"," '""min'"": 2047149711"," '""label'"": '""Cấp trung cấp'""}"," {'""max'"": 3132381642"," '""min'"": 2345965922"," '""label'"": '""Cấp cao cấp'""}"," {'""max'"": 3308688000"," '""min'"": 3132381642"," '""label'"": '""Lead Level'""}]""",2026-01-27 15:44:54.424881+00
263,Considerable preparation needed. Usually requires 2-4 years of research or laboratory experience.,Considerable preparation needed. Usually requires 2-4 years of research or laboratory experience.,Bachelor's degree in relevant science field required. Advanced degree preferred for research positions.,Bachelor's degree in relevant science field required. Advanced degree preferred for research positions.,76845.00,155989.00,116417.00,USD,"[{""max"""": 102409.57"," '""min'"": 76845.0"," '""label'"": '""Entry Level'""}"," {'""max'"": 118274.44"," '""min'"": 102409.57"," """"label"""": """"Mid Level""""}"," {'""max'"": 145119.94"," '""min'"": 118274.44"," '""label'"": '""Senior Level'""}"," {'""max'"": 155989.0"," '""min'"": 145119.94"," '""label'"": '""Lead Level'""}]""",1844280000.00,3743736000.00,2794008000.00,VND,"[{'max'"": 2457829730"," '""min'"": 1844280000"," '""label'"": '""Cấp mới vào nghề'""}"," {'""max'"": 2838586491"," '""min'"": 2457829730"," '""label'"": '""Cấp trung cấp'""}"," {'""max'"": 3482878518"," '""min'"": 2838586491"," '""label'"": '""Cấp cao cấp'""}"," {'""max'"": 3743736000"," '""min'"": 3482878518"," '""label'"": '""Lead Level'""}]""",2026-01-27 15:44:54.424881+00
264,Considerable preparation needed. Usually requires 2-4 years of research or laboratory experience.,Considerable preparation needed. Usually requires 2-4 years of research or laboratory experience.,Bachelor's degree in relevant science field required. Advanced degree preferred for research positions.,Bachelor's degree in relevant science field required. Advanced degree preferred for research positions.,61139.00,116078.00,88608.00,USD,"[{""max"""": 79142.61"," '""min'"": 61139.0"," '""label'"": '""Entry Level'""}"," {'""max'"": 90747.2"," '""min'"": 79142.61"," """"label"""": """"Mid Level""""}"," {'""max'"": 107185.91"," '""min'"": 90747.2"," '""label'"": '""Senior Level'""}"," {'""max'"": 116078.0"," '""min'"": 107185.91"," '""label'"": '""Lead Level'""}]""",1467336000.00,2785872000.00,2126592000.00,VND,"[{'max'"": 1899422599"," '""min'"": 1467336000"," '""label'"": '""Cấp mới vào nghề'""}"," {'""max'"": 2177932735"," '""min'"": 1899422599"," '""label'"": '""Cấp trung cấp'""}"," {'""max'"": 2572461956"," '""min'"": 2177932735"," '""label'"": '""Cấp cao cấp'""}"," {'""max'"": 2785872000"," '""min'"": 2572461956"," '""label'"": '""Lead Level'""}]""",2026-01-27 15:44:54.424881+00
265,Considerable preparation needed. Usually requires 1-3 years of social service experience.,Considerable preparation needed. Usually requires 1-3 years of social service experience.,"Bachelor''s degree in Social Work, Psychology, or related field required.","Bachelor''s degree in Social Work, Psychology, or related field required.",60950.00,171994.00,116472.00,USD,"[{""max"""": 93113.6"," '""min'"": 60950.0"," '""label'"": '""Entry Level'""}"," {'""max'"": 140488.41"," '""min'"": 93113.6"," """"label"""": """"Mid Level""""}"," {'""max'"": 171994.0"," '""min'"": 140488.41"," '""label'"": '""Senior Level'""}]""",1462800000.00,4127856000.00,2795328000.00,VND,"[{'max'"": 2234726473"," '""min'"": 1462800000"," '""label'"": '""Cấp mới vào nghề'""}"," {'""max'"": 3371721852"," '""min'"": 2234726473"," '""label'"": '""Cấp trung cấp'""}"," {'""max'"": 4127856000"," '""min'"": 3371721852"," '""label'"": '""Cấp cao cấp'""}]""",2026-01-27 15:44:54.424881+00
266,Considerable preparation needed. Usually requires 1-3 years of social service experience.,Considerable preparation needed. Usually requires 1-3 years of social service experience.,"Bachelor''s degree in Social Work, Psychology, or related field required.","Bachelor''s degree in Social Work, Psychology, or related field required.",49030.00,107322.00,78176.00,USD,"[{""max"""": 68469.92"," '""min'"": 49030.0"," '""label'"": '""Entry Level'""}"," {'""max'"": 87684.03"," '""min'"": 68469.92"," """"label"""": """"Mid Level""""}"," {'""max'"": 107322.0"," '""min'"": 87684.03"," '""label'"": '""Senior Level'""}]""",1176720000.00,2575728000.00,1876224000.00,VND,"[{'max'"": 1643278102"," '""min'"": 1176720000"," '""label'"": '""Cấp mới vào nghề'""}"," {'""max'"": 2104416727"," '""min'"": 1643278102"," '""label'"": '""Cấp trung cấp'""}"," {'""max'"": 2575728000"," '""min'"": 2104416727"," '""label'"": '""Cấp cao cấp'""}]""",2026-01-27 15:44:54.424881+00
267,Considerable preparation needed. Usually requires 1-3 years of social service experience.,Considerable preparation needed. Usually requires 1-3 years of social service experience.,"Bachelor''s degree in Social Work, Psychology, or related field required.","Bachelor''s degree in Social Work, Psychology, or related field required.",65339.00,103290.00,84314.00,USD,"[{""max"""": 75949.89"," '""min'"": 65339.0"," '""label'"": '""Entry Level'""}"," {'""max'"": 92761.34"," '""min'"": 75949.89"," """"label"""": """"Mid Level""""}"," {'""max'"": 103290.0"," '""min'"": 92761.34"," '""label'"": '""Senior Level'""}]""",1568136000.00,2478960000.00,2023536000.00,VND,"[{'max'"": 1822797429"," '""min'"": 1568136000"," '""label'"": '""Cấp mới vào nghề'""}"," {'""max'"": 2226272094"," '""min'"": 1822797429"," '""label'"": '""Cấp trung cấp'""}"," {'""max'"": 2478960000"," '""min'"": 2226272094"," '""label'"": '""Cấp cao cấp'""}]""",2026-01-27 15:44:54.424881+00
268,Considerable preparation needed. Usually requires 1-3 years of social service experience.,Considerable preparation needed. Usually requires 1-3 years of social service experience.,"Bachelor''s degree in Social Work, Psychology, or related field required.","Bachelor''s degree in Social Work, Psychology, or related field required.",54667.00,196820.00,125743.00,USD,"[{""max"""": 94971.14"," '""min'"": 54667.0"," '""label'"": '""Entry Level'""}"," {'""max'"": 159108.11"," '""min'"": 94971.14"," """"label"""": """"Mid Level""""}"," {'""max'"": 196820.0"," '""min'"": 159108.11"," '""label'"": '""Senior Level'""}]""",1312008000.00,4723680000.00,3017832000.00,VND,"[{'max'"": 2279307338"," '""min'"": 1312008000"," '""label'"": '""Cấp mới vào nghề'""}"," {'""max'"": 3818594681"," '""min'"": 2279307338"," '""label'"": '""Cấp trung cấp'""}"," {'""max'"": 4723680000"," '""min'"": 3818594681"," '""label'"": '""Cấp cao cấp'""}]""",2026-01-27 15:44:54.424881+00
279,Considerable preparation needed. Usually requires 1-3 years of social service experience.,Considerable preparation needed. Usually requires 1-3 years of social service experience.,"Bachelor''s degree in Social Work, Psychology, or related field required.","Bachelor''s degree in Social Work, Psychology, or related field required.",72394.00,190935.00,131664.00,USD,"[{""max"""": 111739.71"," '""min'"": 72394.0"," '""label'"": '""Entry Level'""}"," {'""max'"": 150997.98"," '""min'"": 111739.71"," """"label"""": """"Mid Level""""}"," {'""max'"": 190935.0"," '""min'"": 150997.98"," '""label'"": '""Senior Level'""}]""",1737456000.00,4582440000.00,3159936000.00,VND,"[{'max'"": 2681752934"," '""min'"": 1737456000"," '""label'"": '""Cấp mới vào nghề'""}"," {'""max'"": 3623951609"," '""min'"": 2681752934"," '""label'"": '""Cấp trung cấp'""}"," {'""max'"": 4582440000"," '""min'"": 3623951609"," '""label'"": '""Cấp cao cấp'""}]""",2026-01-27 15:44:54.424881+00
280,Considerable preparation needed. Usually requires 1-3 years of social service experience.,Considerable preparation needed. Usually requires 1-3 years of social service experience.,"Bachelor''s degree in Social Work, Psychology, or related field required.","Bachelor''s degree in Social Work, Psychology, or related field required.",41718.00,137828.00,89773.00,USD,"[{""max"""": 71345.19"," '""min'"": 41718.0"," '""label'"": '""Entry Level'""}"," {'""max'"": 108412.55"," '""min'"": 71345.19"," """"label"""": """"Mid Level""""}"," {'""max'"": 137828.0"," '""min'"": 108412.55"," '""label'"": '""Senior Level'""}]""",1001232000.00,3307872000.00,2154552000.00,VND,"[{'max'"": 1712284557"," '""min'"": 1001232000"," '""label'"": '""Cấp mới vào nghề'""}"," {'""max'"": 2601901274"," '""min'"": 1712284557"," '""label'"": '""Cấp trung cấp'""}"," {'""max'"": 3307872000"," '""min'"": 2601901274"," '""label'"": '""Cấp cao cấp'""}]""",2026-01-27 15:44:54.424881+00
281,Considerable preparation needed. Usually requires 1-3 years of social service experience.,Considerable preparation needed. Usually requires 1-3 years of social service experience.,"Bachelor''s degree in Social Work, Psychology, or related field required.","Bachelor''s degree in Social Work, Psychology, or related field required.",53596.00,122047.00,87821.00,USD,"[{""max"""": 73347.71"," '""min'"": 53596.0"," '""label'"": '""Entry Level'""}"," {'""max'"": 102330.92"," '""min'"": 73347.71"," """"label"""": """"Mid Level""""}"," {'""max'"": 122047.0"," '""min'"": 102330.92"," '""label'"": '""Senior Level'""}]""",1286304000.00,2929128000.00,2107704000.00,VND,"[{'max'"": 1760344967"," '""min'"": 1286304000"," '""label'"": '""Cấp mới vào nghề'""}"," {'""max'"": 2455942132"," '""min'"": 1760344967"," '""label'"": '""Cấp trung cấp'""}"," {'""max'"": 2929128000"," '""min'"": 2455942132"," '""label'"": '""Cấp cao cấp'""}]""",2026-01-27 15:44:54.424881+00
282,Extensive preparation needed. Usually requires 3-5 years of legal practice experience.,Extensive preparation needed. Usually requires 3-5 years of legal practice experience.,Juris Doctor (J.D.) degree required. Bar admission required.,Juris Doctor (J.D.) degree required. Bar admission required.,61178.00,164515.00,112846.00,USD,"[{""max"""": 97314.39"," '""min'"": 61178.0"," '""label'"": '""Entry Level'""}"," {'""max'"": 116606.1"," '""min'"": 97314.39"," """"label"""": """"Mid Level""""}"," {'""max'"": 149058.07"," '""min'"": 116606.1"," '""label'"": '""Senior Level'""}"," {'""max'"": 164515.0"," '""min'"": 149058.07"," '""label'"": '""Lead Level'""}]""",1468272000.00,3948360000.00,2708304000.00,VND,"[{'max'"": 2335545424"," '""min'"": 1468272000"," '""label'"": '""Cấp mới vào nghề'""}"," {'""max'"": 2798546329"," '""min'"": 2335545424"," '""label'"": '""Cấp trung cấp'""}"," {'""max'"": 3577393680"," '""min'"": 2798546329"," '""label'"": '""Cấp cao cấp'""}"," {'""max'"": 3948360000"," '""min'"": 3577393680"," '""label'"": '""Lead Level'""}]""",2026-01-27 15:44:54.424881+00
283,Extensive preparation needed. Usually requires 3-5 years of legal practice experience.,Extensive preparation needed. Usually requires 3-5 years of legal practice experience.,Juris Doctor (J.D.) degree required. Bar admission required.,Juris Doctor (J.D.) degree required. Bar admission required.,62747.00,172757.00,117752.00,USD,"[{""max"""": 96297.07"," '""min'"": 62747.0"," '""label'"": '""Entry Level'""}"," {'""max'"": 118414.28"," '""min'"": 96297.07"," """"label"""": """"Mid Level""""}"," {'""max'"": 160946.19"," '""min'"": 118414.28"," '""label'"": '""Senior Level'""}"," {'""max'"": 172757.0"," '""min'"": 160946.19"," '""label'"": '""Lead Level'""}]""",1505928000.00,4146168000.00,2826048000.00,VND,"[{'max'"": 2311129633"," '""min'"": 1505928000"," '""label'"": '""Cấp mới vào nghề'""}"," {'""max'"": 2841942833"," '""min'"": 2311129633"," '""label'"": '""Cấp trung cấp'""}"," {'""max'"": 3862708571"," '""min'"": 2841942833"," '""label'"": '""Cấp cao cấp'""}"," {'""max'"": 4146168000"," '""min'"": 3862708571"," '""label'"": '""Lead Level'""}]""",2026-01-27 15:44:54.424881+00
284,Extensive preparation needed. Usually requires 3-5 years of legal practice experience.,Extensive preparation needed. Usually requires 3-5 years of legal practice experience.,Juris Doctor (J.D.) degree required. Bar admission required.,Juris Doctor (J.D.) degree required. Bar admission required.,42867.00,101598.00,72232.00,USD,"[{""max"""": 62750.44"," '""min'"": 42867.0"," '""label'"": '""Entry Level'""}"," {'""max'"": 73967.88"," '""min'"": 62750.44"," """"label"""": """"Mid Level""""}"," {'""max'"": 93428.36"," '""min'"": 73967.88"," '""label'"": '""Senior Level'""}"," {'""max'"": 101598.0"," '""min'"": 93428.36"," '""label'"": '""Lead Level'""}]""",1028808000.00,2438352000.00,1733568000.00,VND,"[{'max'"": 1506010472"," '""min'"": 1028808000"," '""label'"": '""Cấp mới vào nghề'""}"," {'""max'"": 1775229200"," '""min'"": 1506010472"," '""label'"": '""Cấp trung cấp'""}"," {'""max'"": 2242280716"," '""min'"": 1775229200"," '""label'"": '""Cấp cao cấp'""}"," {'""max'"": 2438352000"," '""min'"": 2242280716"," '""label'"": '""Lead Level'""}]""",2026-01-27 15:44:54.424881+00
285,Extensive preparation needed. Usually requires 3-5 years of legal practice experience.,Extensive preparation needed. Usually requires 3-5 years of legal practice experience.,Juris Doctor (J.D.) degree required. Bar admission required.,Juris Doctor (J.D.) degree required. Bar admission required.,60133.00,164083.00,112108.00,USD,"[{""max"""": 88767.36"," '""min'"": 60133.0"," '""label'"": '""Entry Level'""}"," {'""max'"": 111000.26"," '""min'"": 88767.36"," """"label"""": """"Mid Level""""}"," {'""max'"": 145722.68"," '""min'"": 111000.26"," '""label'"": '""Senior Level'""}"," {'""max'"": 164083.0"," '""min'"": 145722.68"," '""label'"": '""Lead Level'""}]""",1443192000.00,3937992000.00,2690592000.00,VND,"[{'max'"": 2130416648"," '""min'"": 1443192000"," '""label'"": '""Cấp mới vào nghề'""}"," {'""max'"": 2664006277"," '""min'"": 2130416648"," '""label'"": '""Cấp trung cấp'""}"," {'""max'"": 3497344368"," '""min'"": 2664006277"," '""label'"": '""Cấp cao cấp'""}"," {'""max'"": 3937992000"," '""min'"": 3497344368"," '""label'"": '""Lead Level'""}]""",2026-01-27 15:44:54.424881+00
536,Some preparation needed. Usually requires few months of food service experience.,Some preparation needed. Usually requires few months of food service experience.,High school diploma preferred. Food safety certification often required.,High school diploma preferred. Food safety certification often required.,44444.00,125540.00,84992.00,USD,"[{""max"""": 72363.92"," '""min'"": 44444.0"," '""label'"": '""Entry Level'""}"," {'""max'"": 125540.0"," '""min'"": 72363.92"," """"label"""": """"Experienced""""}]""",1066656000.00,3012960000.00,2039808000.00,VND,"[{'max'"": 1736734123"," '""min'"": 1066656000"," '""label'"": '""Cấp mới vào nghề'""}"," {'""max'"": 3012960000"," '""min'"": 1736734123"," '""label'"": '""Experienced'""}]""",2026-01-27 15:44:54.424881+00
286,Extensive preparation needed. Usually requires 3-5 years of legal practice experience.,Extensive preparation needed. Usually requires 3-5 years of legal practice experience.,Juris Doctor (J.D.) degree required. Bar admission required.,Juris Doctor (J.D.) degree required. Bar admission required.,58739.00,140018.00,99378.00,USD,"[{""max"""": 81829.34"," '""min'"": 58739.0"," '""label'"": '""Entry Level'""}"," {'""max'"": 104522.17"," '""min'"": 81829.34"," """"label"""": """"Mid Level""""}"," {'""max'"": 127999.4"," '""min'"": 104522.17"," '""label'"": '""Senior Level'""}"," {'""max'"": 140018.0"," '""min'"": 127999.4"," '""label'"": '""Lead Level'""}]""",1409736000.00,3360432000.00,2385072000.00,VND,"[{'max'"": 1963904165"," '""min'"": 1409736000"," '""label'"": '""Cấp mới vào nghề'""}"," {'""max'"": 2508532133"," '""min'"": 1963904165"," '""label'"": '""Cấp trung cấp'""}"," {'""max'"": 3071985548"," '""min'"": 2508532133"," '""label'"": '""Cấp cao cấp'""}"," {'""max'"": 3360432000"," '""min'"": 3071985548"," '""label'"": '""Lead Level'""}]""",2026-01-27 15:44:54.424881+00
287,Extensive preparation needed. Usually requires 3-5 years of legal practice experience.,Extensive preparation needed. Usually requires 3-5 years of legal practice experience.,Juris Doctor (J.D.) degree required. Bar admission required.,Juris Doctor (J.D.) degree required. Bar admission required.,54729.00,198136.00,126432.00,USD,"[{""max"""": 102855.98"," '""min'"": 54729.0"," '""label'"": '""Entry Level'""}"," {'""max'"": 131686.14"," '""min'"": 102855.98"," """"label"""": """"Mid Level""""}"," {'""max'"": 174075.88"," '""min'"": 131686.14"," '""label'"": '""Senior Level'""}"," {'""max'"": 198136.0"," '""min'"": 174075.88"," '""label'"": '""Lead Level'""}]""",1313496000.00,4755264000.00,3034368000.00,VND,"[{'max'"": 2468543545"," '""min'"": 1313496000"," '""label'"": '""Cấp mới vào nghề'""}"," {'""max'"": 3160467351"," '""min'"": 2468543545"," '""label'"": '""Cấp trung cấp'""}"," {'""max'"": 4177821046"," '""min'"": 3160467351"," '""label'"": '""Cấp cao cấp'""}"," {'""max'"": 4755264000"," '""min'"": 4177821046"," '""label'"": '""Lead Level'""}]""",2026-01-27 15:44:54.424881+00
288,Extensive preparation needed. Usually requires 3-5 years of legal practice experience.,Extensive preparation needed. Usually requires 3-5 years of legal practice experience.,Juris Doctor (J.D.) degree required. Bar admission required.,Juris Doctor (J.D.) degree required. Bar admission required.,74391.00,196842.00,135616.00,USD,"[{""max"""": 105144.83"," '""min'"": 74391.0"," '""label'"": '""Entry Level'""}"," {'""max'"": 142378.7"," '""min'"": 105144.83"," """"label"""": """"Mid Level""""}"," {'""max'"": 180513.86"," '""min'"": 142378.7"," '""label'"": '""Senior Level'""}"," {'""max'"": 196842.0"," '""min'"": 180513.86"," '""label'"": '""Lead Level'""}]""",1785384000.00,4724208000.00,3254784000.00,VND,"[{'max'"": 2523475979"," '""min'"": 1785384000"," '""label'"": '""Cấp mới vào nghề'""}"," {'""max'"": 3417088767"," '""min'"": 2523475979"," '""label'"": '""Cấp trung cấp'""}"," {'""max'"": 4332332543"," '""min'"": 3417088767"," '""label'"": '""Cấp cao cấp'""}"," {'""max'"": 4724208000"," '""min'"": 4332332543"," '""label'"": '""Lead Level'""}]""",2026-01-27 15:44:54.424881+00
289,Extensive preparation needed. Usually requires 3-5 years of legal practice experience.,Extensive preparation needed. Usually requires 3-5 years of legal practice experience.,Juris Doctor (J.D.) degree required. Bar admission required.,Juris Doctor (J.D.) degree required. Bar admission required.,59142.00,175657.00,117399.00,USD,"[{""max"""": 99454.31"," '""min'"": 59142.0"," '""label'"": '""Entry Level'""}"," {'""max'"": 121052.59"," '""min'"": 99454.31"," """"label"""": """"Mid Level""""}"," {'""max'"": 159899.92"," '""min'"": 121052.59"," '""label'"": '""Senior Level'""}"," {'""max'"": 175657.0"," '""min'"": 159899.92"," '""label'"": '""Lead Level'""}]""",1419408000.00,4215768000.00,2817576000.00,VND,"[{'max'"": 2386903534"," '""min'"": 1419408000"," '""label'"": '""Cấp mới vào nghề'""}"," {'""max'"": 2905262239"," '""min'"": 2386903534"," '""label'"": '""Cấp trung cấp'""}"," {'""max'"": 3837598125"," '""min'"": 2905262239"," '""label'"": '""Cấp cao cấp'""}"," {'""max'"": 4215768000"," '""min'"": 3837598125"," '""label'"": '""Lead Level'""}]""",2026-01-27 15:44:54.424881+00
290,Considerable preparation needed. Usually requires 1-3 years of teaching or training experience.,Considerable preparation needed. Usually requires 1-3 years of teaching or training experience.,Bachelor's degree required. Teaching certification or Master's degree often required.,Bachelor's degree required. Teaching certification or Master's degree often required.,74440.00,108562.00,91501.00,USD,"[{""max"""": 84471.27"," '""min'"": 74440.0"," '""label'"": '""Entry Level'""}"," {'""max'"": 97296.92"," '""min'"": 84471.27"," """"label"""": """"Mid Level""""}"," {'""max'"": 108562.0"," '""min'"": 97296.92"," '""label'"": '""Senior Level'""}]""",1786560000.00,2605488000.00,2196024000.00,VND,"[{'max'"": 2027310549"," '""min'"": 1786560000"," '""label'"": '""Cấp mới vào nghề'""}"," {'""max'"": 2335126090"," '""min'"": 2027310549"," '""label'"": '""Cấp trung cấp'""}"," {'""max'"": 2605488000"," '""min'"": 2335126090"," '""label'"": '""Cấp cao cấp'""}]""",2026-01-27 15:44:54.424881+00
291,Considerable preparation needed. Usually requires 1-3 years of teaching or training experience.,Considerable preparation needed. Usually requires 1-3 years of teaching or training experience.,Bachelor's degree required. Teaching certification or Master's degree often required.,Bachelor's degree required. Teaching certification or Master's degree often required.,47020.00,110317.00,78668.00,USD,"[{""max"""": 63015.63"," '""min'"": 47020.0"," '""label'"": '""Entry Level'""}"," {'""max'"": 93414.45"," '""min'"": 63015.63"," """"label"""": """"Mid Level""""}"," {'""max'"": 110317.0"," '""min'"": 93414.45"," '""label'"": '""Senior Level'""}]""",1128480000.00,2647608000.00,1888032000.00,VND,"[{'max'"": 1512375190"," '""min'"": 1128480000"," '""label'"": '""Cấp mới vào nghề'""}"," {'""max'"": 2241946918"," '""min'"": 1512375190"," '""label'"": '""Cấp trung cấp'""}"," {'""max'"": 2647608000"," '""min'"": 2241946918"," '""label'"": '""Cấp cao cấp'""}]""",2026-01-27 15:44:54.424881+00
292,Considerable preparation needed. Usually requires 1-3 years of teaching or training experience.,Considerable preparation needed. Usually requires 1-3 years of teaching or training experience.,Bachelor's degree required. Teaching certification or Master's degree often required.,Bachelor's degree required. Teaching certification or Master's degree often required.,42759.00,173919.00,108339.00,USD,"[{""max"""": 83626.18"," '""min'"": 42759.0"," '""label'"": '""Entry Level'""}"," {'""max'"": 133466.48"," '""min'"": 83626.18"," """"label"""": """"Mid Level""""}"," {'""max'"": 173919.0"," '""min'"": 133466.48"," '""label'"": '""Senior Level'""}]""",1026216000.00,4174056000.00,2600136000.00,VND,"[{'max'"": 2007028424"," '""min'"": 1026216000"," '""label'"": '""Cấp mới vào nghề'""}"," {'""max'"": 3203195496"," '""min'"": 2007028424"," '""label'"": '""Cấp trung cấp'""}"," {'""max'"": 4174056000"," '""min'"": 3203195496"," '""label'"": '""Cấp cao cấp'""}]""",2026-01-27 15:44:54.424881+00
537,Some preparation needed. Usually requires few months of food service experience.,Some preparation needed. Usually requires few months of food service experience.,High school diploma preferred. Food safety certification often required.,High school diploma preferred. Food safety certification often required.,77419.00,139603.00,108511.00,USD,"[{""max"""": 95465.82"," '""min'"": 77419.0"," '""label'"": '""Entry Level'""}"," {'""max'"": 139603.0"," '""min'"": 95465.82"," """"label"""": """"Experienced""""}]""",1858056000.00,3350472000.00,2604264000.00,VND,"[{'max'"": 2291179689"," '""min'"": 1858056000"," '""label'"": '""Cấp mới vào nghề'""}"," {'""max'"": 3350472000"," '""min'"": 2291179689"," '""label'"": '""Experienced'""}]""",2026-01-27 15:44:54.424881+00
293,Considerable preparation needed. Usually requires 1-3 years of teaching or training experience.,Considerable preparation needed. Usually requires 1-3 years of teaching or training experience.,Bachelor's degree required. Teaching certification or Master's degree often required.,Bachelor's degree required. Teaching certification or Master's degree often required.,41004.00,133069.00,87036.00,USD,"[{""max"""": 66074.02"," '""min'"": 41004.0"," '""label'"": '""Entry Level'""}"," {'""max'"": 108886.05"," '""min'"": 66074.02"," """"label"""": """"Mid Level""""}"," {'""max'"": 133069.0"," '""min'"": 108886.05"," '""label'"": '""Senior Level'""}]""",984096000.00,3193656000.00,2088864000.00,VND,"[{'max'"": 1585776584"," '""min'"": 984096000"," '""label'"": '""Cấp mới vào nghề'""}"," {'""max'"": 2613265277"," '""min'"": 1585776584"," '""label'"": '""Cấp trung cấp'""}"," {'""max'"": 3193656000"," '""min'"": 2613265277"," '""label'"": '""Cấp cao cấp'""}]""",2026-01-27 15:44:54.424881+00
294,Considerable preparation needed. Usually requires 1-3 years of teaching or training experience.,Considerable preparation needed. Usually requires 1-3 years of teaching or training experience.,Bachelor's degree required. Teaching certification or Master's degree often required.,Bachelor's degree required. Teaching certification or Master's degree often required.,58634.00,102538.00,80586.00,USD,"[{""max"""": 72808.07"," '""min'"": 58634.0"," '""label'"": '""Entry Level'""}"," {'""max'"": 90666.53"," '""min'"": 72808.07"," """"label"""": """"Mid Level""""}"," {'""max'"": 102538.0"," '""min'"": 90666.53"," '""label'"": '""Senior Level'""}]""",1407216000.00,2460912000.00,1934064000.00,VND,"[{'max'"": 1747393778"," '""min'"": 1407216000"," '""label'"": '""Cấp mới vào nghề'""}"," {'""max'"": 2175996745"," '""min'"": 1747393778"," '""label'"": '""Cấp trung cấp'""}"," {'""max'"": 2460912000"," '""min'"": 2175996745"," '""label'"": '""Cấp cao cấp'""}]""",2026-01-27 15:44:54.424881+00
295,Considerable preparation needed. Usually requires 1-3 years of teaching or training experience.,Considerable preparation needed. Usually requires 1-3 years of teaching or training experience.,Bachelor's degree required. Teaching certification or Master's degree often required.,Bachelor's degree required. Teaching certification or Master's degree often required.,71506.00,101938.00,86722.00,USD,"[{""max"""": 81005.82"," '""min'"": 71506.0"," '""label'"": '""Entry Level'""}"," {'""max'"": 92067.78"," '""min'"": 81005.82"," """"label"""": """"Mid Level""""}"," {'""max'"": 101938.0"," '""min'"": 92067.78"," '""label'"": '""Senior Level'""}]""",1716144000.00,2446512000.00,2081328000.00,VND,"[{'max'"": 1944139761"," '""min'"": 1716144000"," '""label'"": '""Cấp mới vào nghề'""}"," {'""max'"": 2209626671"," '""min'"": 1944139761"," '""label'"": '""Cấp trung cấp'""}"," {'""max'"": 2446512000"," '""min'"": 2209626671"," '""label'"": '""Cấp cao cấp'""}]""",2026-01-27 15:44:54.424881+00
296,Considerable preparation needed. Usually requires 1-3 years of teaching or training experience.,Considerable preparation needed. Usually requires 1-3 years of teaching or training experience.,Bachelor's degree required. Teaching certification or Master's degree often required.,Bachelor's degree required. Teaching certification or Master's degree often required.,69986.00,173464.00,121725.00,USD,"[{""max"""": 98426.48"," '""min'"": 69986.0"," '""label'"": '""Entry Level'""}"," {'""max'"": 143811.44"," '""min'"": 98426.48"," """"label"""": """"Mid Level""""}"," {'""max'"": 173464.0"," '""min'"": 143811.44"," '""label'"": '""Senior Level'""}]""",1679664000.00,4163136000.00,2921400000.00,VND,"[{'max'"": 2362235432"," '""min'"": 1679664000"," '""label'"": '""Cấp mới vào nghề'""}"," {'""max'"": 3451474658"," '""min'"": 2362235432"," '""label'"": '""Cấp trung cấp'""}"," {'""max'"": 4163136000"," '""min'"": 3451474658"," '""label'"": '""Cấp cao cấp'""}]""",2026-01-27 15:44:54.424881+00
297,Considerable preparation needed. Usually requires 1-3 years of teaching or training experience.,Considerable preparation needed. Usually requires 1-3 years of teaching or training experience.,Bachelor's degree required. Teaching certification or Master's degree often required.,Bachelor's degree required. Teaching certification or Master's degree often required.,76824.00,117084.00,96954.00,USD,"[{""max"""": 90571.13"," '""min'"": 76824.0"," '""label'"": '""Entry Level'""}"," {'""max'"": 105227.94"," '""min'"": 90571.13"," """"label"""": """"Mid Level""""}"," {'""max'"": 117084.0"," '""min'"": 105227.94"," '""label'"": '""Senior Level'""}]""",1843776000.00,2810016000.00,2326896000.00,VND,"[{'max'"": 2173707087"," '""min'"": 1843776000"," '""label'"": '""Cấp mới vào nghề'""}"," {'""max'"": 2525470675"," '""min'"": 2173707087"," '""label'"": '""Cấp trung cấp'""}"," {'""max'"": 2810016000"," '""min'"": 2525470675"," '""label'"": '""Cấp cao cấp'""}]""",2026-01-27 15:44:54.424881+00
298,Considerable preparation needed. Usually requires 1-3 years of teaching or training experience.,Considerable preparation needed. Usually requires 1-3 years of teaching or training experience.,Bachelor's degree required. Teaching certification or Master's degree often required.,Bachelor's degree required. Teaching certification or Master's degree often required.,75097.00,115959.00,95528.00,USD,"[{""max"""": 87484.56"," '""min'"": 75097.0"," '""label'"": '""Entry Level'""}"," {'""max'"": 104546.51"," '""min'"": 87484.56"," """"label"""": """"Mid Level""""}"," {'""max'"": 115959.0"," '""min'"": 104546.51"," '""label'"": '""Senior Level'""}]""",1802328000.00,2783016000.00,2292672000.00,VND,"[{'max'"": 2099629477"," '""min'"": 1802328000"," '""label'"": '""Cấp mới vào nghề'""}"," {'""max'"": 2509116162"," '""min'"": 2099629477"," '""label'"": '""Cấp trung cấp'""}"," {'""max'"": 2783016000"," '""min'"": 2509116162"," '""label'"": '""Cấp cao cấp'""}]""",2026-01-27 15:44:54.424881+00
299,Considerable preparation needed. Usually requires 1-3 years of teaching or training experience.,Considerable preparation needed. Usually requires 1-3 years of teaching or training experience.,Bachelor's degree required. Teaching certification or Master's degree often required.,Bachelor's degree required. Teaching certification or Master's degree often required.,74452.00,133159.00,103805.00,USD,"[{""max"""": 90812.66"," '""min'"": 74452.0"," '""label'"": '""Entry Level'""}"," {'""max'"": 118374.94"," '""min'"": 90812.66"," """"label"""": """"Mid Level""""}"," {'""max'"": 133159.0"," '""min'"": 118374.94"," '""label'"": '""Senior Level'""}]""",1786848000.00,3195816000.00,2491320000.00,VND,"[{'max'"": 2179503774"," '""min'"": 1786848000"," '""label'"": '""Cấp mới vào nghề'""}"," {'""max'"": 2840998556"," '""min'"": 2179503774"," '""label'"": '""Cấp trung cấp'""}"," {'""max'"": 3195816000"," '""min'"": 2840998556"," '""label'"": '""Cấp cao cấp'""}]""",2026-01-27 15:44:54.424881+00
300,Considerable preparation needed. Usually requires 1-3 years of teaching or training experience.,Considerable preparation needed. Usually requires 1-3 years of teaching or training experience.,Bachelor's degree required. Teaching certification or Master's degree often required.,Bachelor's degree required. Teaching certification or Master's degree often required.,57536.00,144785.00,101160.00,USD,"[{""max"""": 83968.32"," '""min'"": 57536.0"," '""label'"": '""Entry Level'""}"," {'""max'"": 122396.08"," '""min'"": 83968.32"," """"label"""": """"Mid Level""""}"," {'""max'"": 144785.0"," '""min'"": 122396.08"," '""label'"": '""Senior Level'""}]""",1380864000.00,3474840000.00,2427840000.00,VND,"[{'max'"": 2015239677"," '""min'"": 1380864000"," '""label'"": '""Cấp mới vào nghề'""}"," {'""max'"": 2937506028"," '""min'"": 2015239677"," '""label'"": '""Cấp trung cấp'""}"," {'""max'"": 3474840000"," '""min'"": 2937506028"," '""label'"": '""Cấp cao cấp'""}]""",2026-01-27 15:44:54.424881+00
301,Considerable preparation needed. Usually requires 1-3 years of teaching or training experience.,Considerable preparation needed. Usually requires 1-3 years of teaching or training experience.,Bachelor's degree required. Teaching certification or Master's degree often required.,Bachelor's degree required. Teaching certification or Master's degree often required.,59292.00,116252.00,87772.00,USD,"[{""max"""": 75542.68"," '""min'"": 59292.0"," '""label'"": '""Entry Level'""}"," {'""max'"": 99244.14"," '""min'"": 75542.68"," """"label"""": """"Mid Level""""}"," {'""max'"": 116252.0"," '""min'"": 99244.14"," '""label'"": '""Senior Level'""}]""",1423008000.00,2790048000.00,2106528000.00,VND,"[{'max'"": 1813024396"," '""min'"": 1423008000"," '""label'"": '""Cấp mới vào nghề'""}"," {'""max'"": 2381859253"," '""min'"": 1813024396"," '""label'"": '""Cấp trung cấp'""}"," {'""max'"": 2790048000"," '""min'"": 2381859253"," '""label'"": '""Cấp cao cấp'""}]""",2026-01-27 15:44:54.424881+00
302,Considerable preparation needed. Usually requires 1-3 years of teaching or training experience.,Considerable preparation needed. Usually requires 1-3 years of teaching or training experience.,Bachelor's degree required. Teaching certification or Master's degree often required.,Bachelor's degree required. Teaching certification or Master's degree often required.,52248.00,175207.00,113727.00,USD,"[{""max"""": 86651.17"," '""min'"": 52248.0"," '""label'"": '""Entry Level'""}"," {'""max'"": 140687.83"," '""min'"": 86651.17"," """"label"""": """"Mid Level""""}"," {'""max'"": 175207.0"," '""min'"": 140687.83"," '""label'"": '""Senior Level'""}]""",1253952000.00,4204968000.00,2729448000.00,VND,"[{'max'"": 2079628167"," '""min'"": 1253952000"," '""label'"": '""Cấp mới vào nghề'""}"," {'""max'"": 3376507862"," '""min'"": 2079628167"," '""label'"": '""Cấp trung cấp'""}"," {'""max'"": 4204968000"," '""min'"": 3376507862"," '""label'"": '""Cấp cao cấp'""}]""",2026-01-27 15:44:54.424881+00
303,Considerable preparation needed. Usually requires 1-3 years of teaching or training experience.,Considerable preparation needed. Usually requires 1-3 years of teaching or training experience.,Bachelor's degree required. Teaching certification or Master's degree often required.,Bachelor's degree required. Teaching certification or Master's degree often required.,52969.00,145011.00,98990.00,USD,"[{""max"""": 84877.65"," '""min'"": 52969.0"," '""label'"": '""Entry Level'""}"," {'""max'"": 114959.77"," '""min'"": 84877.65"," """"label"""": """"Mid Level""""}"," {'""max'"": 145011.0"," '""min'"": 114959.77"," '""label'"": '""Senior Level'""}]""",1271256000.00,3480264000.00,2375760000.00,VND,"[{'max'"": 2037063603"," '""min'"": 1271256000"," '""label'"": '""Cấp mới vào nghề'""}"," {'""max'"": 2759034368"," '""min'"": 2037063603"," '""label'"": '""Cấp trung cấp'""}"," {'""max'"": 3480264000"," '""min'"": 2759034368"," '""label'"": '""Cấp cao cấp'""}]""",2026-01-27 15:44:54.424881+00
304,Considerable preparation needed. Usually requires 1-3 years of teaching or training experience.,Considerable preparation needed. Usually requires 1-3 years of teaching or training experience.,Bachelor's degree required. Teaching certification or Master's degree often required.,Bachelor's degree required. Teaching certification or Master's degree often required.,74850.00,179141.00,126995.00,USD,"[{""max"""": 104778.53"," '""min'"": 74850.0"," '""label'"": '""Entry Level'""}"," {'""max'"": 149818.4"," '""min'"": 104778.53"," """"label"""": """"Mid Level""""}"," {'""max'"": 179141.0"," '""min'"": 149818.4"," '""label'"": '""Senior Level'""}]""",1796400000.00,4299384000.00,3047880000.00,VND,"[{'max'"": 2514684730"," '""min'"": 1796400000"," '""label'"": '""Cấp mới vào nghề'""}"," {'""max'"": 3595641527"," '""min'"": 2514684730"," '""label'"": '""Cấp trung cấp'""}"," {'""max'"": 4299384000"," '""min'"": 3595641527"," '""label'"": '""Cấp cao cấp'""}]""",2026-01-27 15:44:54.424881+00
305,Considerable preparation needed. Usually requires 1-3 years of teaching or training experience.,Considerable preparation needed. Usually requires 1-3 years of teaching or training experience.,Bachelor's degree required. Teaching certification or Master's degree often required.,Bachelor's degree required. Teaching certification or Master's degree often required.,61393.00,196358.00,128875.00,USD,"[{""max"""": 102099.92"," '""min'"": 61393.0"," '""label'"": '""Entry Level'""}"," {'""max'"": 153767.55"," '""min'"": 102099.92"," """"label"""": """"Mid Level""""}"," {'""max'"": 196358.0"," '""min'"": 153767.55"," '""label'"": '""Senior Level'""}]""",1473432000.00,4712592000.00,3093000000.00,VND,"[{'max'"": 2450398189"," '""min'"": 1473432000"," '""label'"": '""Cấp mới vào nghề'""}"," {'""max'"": 3690421310"," '""min'"": 2450398189"," '""label'"": '""Cấp trung cấp'""}"," {'""max'"": 4712592000"," '""min'"": 3690421310"," '""label'"": '""Cấp cao cấp'""}]""",2026-01-27 15:44:54.424881+00
306,Considerable preparation needed. Usually requires 1-3 years of teaching or training experience.,Considerable preparation needed. Usually requires 1-3 years of teaching or training experience.,Bachelor's degree required. Teaching certification or Master's degree often required.,Bachelor's degree required. Teaching certification or Master's degree often required.,42165.00,157765.00,99965.00,USD,"[{""max"""": 78851.33"," '""min'"": 42165.0"," '""label'"": '""Entry Level'""}"," {'""max'"": 127040.24"," '""min'"": 78851.33"," """"label"""": """"Mid Level""""}"," {'""max'"": 157765.0"," '""min'"": 127040.24"," '""label'"": '""Senior Level'""}]""",1011960000.00,3786360000.00,2399160000.00,VND,"[{'max'"": 1892432038"," '""min'"": 1011960000"," '""label'"": '""Cấp mới vào nghề'""}"," {'""max'"": 3048965827"," '""min'"": 1892432038"," '""label'"": '""Cấp trung cấp'""}"," {'""max'"": 3786360000"," '""min'"": 3048965827"," '""label'"": '""Cấp cao cấp'""}]""",2026-01-27 15:44:54.424881+00
307,Considerable preparation needed. Usually requires 1-3 years of teaching or training experience.,Considerable preparation needed. Usually requires 1-3 years of teaching or training experience.,Bachelor's degree required. Teaching certification or Master's degree often required.,Bachelor's degree required. Teaching certification or Master's degree often required.,62990.00,165471.00,114230.00,USD,"[{""max"""": 92649.16"," '""min'"": 62990.0"," '""label'"": '""Entry Level'""}"," {'""max'"": 129682.61"," '""min'"": 92649.16"," """"label"""": """"Mid Level""""}"," {'""max'"": 165471.0"," '""min'"": 129682.61"," '""label'"": '""Senior Level'""}]""",1511760000.00,3971304000.00,2741520000.00,VND,"[{'max'"": 2223579898"," '""min'"": 1511760000"," '""label'"": '""Cấp mới vào nghề'""}"," {'""max'"": 3112382562"," '""min'"": 2223579898"," '""label'"": '""Cấp trung cấp'""}"," {'""max'"": 3971304000"," '""min'"": 3112382562"," '""label'"": '""Cấp cao cấp'""}]""",2026-01-27 15:44:54.424881+00
308,Considerable preparation needed. Usually requires 1-3 years of teaching or training experience.,Considerable preparation needed. Usually requires 1-3 years of teaching or training experience.,Bachelor's degree required. Teaching certification or Master's degree often required.,Bachelor's degree required. Teaching certification or Master's degree often required.,56197.00,114060.00,85128.00,USD,"[{""max"""": 75048.21"," '""min'"": 56197.0"," '""label'"": '""Entry Level'""}"," {'""max'"": 99250.95"," '""min'"": 75048.21"," """"label"""": """"Mid Level""""}"," {'""max'"": 114060.0"," '""min'"": 99250.95"," '""label'"": '""Senior Level'""}]""",1348728000.00,2737440000.00,2043072000.00,VND,"[{'max'"": 1801156920"," '""min'"": 1348728000"," '""label'"": '""Cấp mới vào nghề'""}"," {'""max'"": 2382022689"," '""min'"": 1801156920"," '""label'"": '""Cấp trung cấp'""}"," {'""max'"": 2737440000"," '""min'"": 2382022689"," '""label'"": '""Cấp cao cấp'""}]""",2026-01-27 15:44:54.424881+00
309,Considerable preparation needed. Usually requires 1-3 years of teaching or training experience.,Considerable preparation needed. Usually requires 1-3 years of teaching or training experience.,Bachelor's degree required. Teaching certification or Master's degree often required.,Bachelor's degree required. Teaching certification or Master's degree often required.,41283.00,148855.00,95069.00,USD,"[{""max"""": 71520.37"," '""min'"": 41283.0"," '""label'"": '""Entry Level'""}"," {'""max'"": 118611.01"," '""min'"": 71520.37"," """"label"""": """"Mid Level""""}"," {'""max'"": 148855.0"," '""min'"": 118611.01"," '""label'"": '""Senior Level'""}]""",990792000.00,3572520000.00,2281656000.00,VND,"[{'max'"": 1716488937"," '""min'"": 990792000"," '""label'"": '""Cấp mới vào nghề'""}"," {'""max'"": 2846664211"," '""min'"": 1716488937"," '""label'"": '""Cấp trung cấp'""}"," {'""max'"": 3572520000"," '""min'"": 2846664211"," '""label'"": '""Cấp cao cấp'""}]""",2026-01-27 15:44:54.424881+00
310,Considerable preparation needed. Usually requires 1-3 years of teaching or training experience.,Considerable preparation needed. Usually requires 1-3 years of teaching or training experience.,Bachelor's degree required. Teaching certification or Master's degree often required.,Bachelor's degree required. Teaching certification or Master's degree often required.,58521.00,185030.00,121775.00,USD,"[{""max"""": 94435.01"," '""min'"": 58521.0"," '""label'"": '""Entry Level'""}"," {'""max'"": 142837.79"," '""min'"": 94435.01"," """"label"""": """"Mid Level""""}"," {'""max'"": 185030.0"," '""min'"": 142837.79"," '""label'"": '""Senior Level'""}]""",1404504000.00,4440720000.00,2922600000.00,VND,"[{'max'"": 2266440141"," '""min'"": 1404504000"," '""label'"": '""Cấp mới vào nghề'""}"," {'""max'"": 3428106849"," '""min'"": 2266440141"," '""label'"": '""Cấp trung cấp'""}"," {'""max'"": 4440720000"," '""min'"": 3428106849"," '""label'"": '""Cấp cao cấp'""}]""",2026-01-27 15:44:54.424881+00
311,Considerable preparation needed. Usually requires 1-3 years of teaching or training experience.,Considerable preparation needed. Usually requires 1-3 years of teaching or training experience.,Bachelor's degree required. Teaching certification or Master's degree often required.,Bachelor's degree required. Teaching certification or Master's degree often required.,70342.00,197601.00,133971.00,USD,"[{""max"""": 113992.07"," '""min'"": 70342.0"," '""label'"": '""Entry Level'""}"," {'""max'"": 162253.11"," '""min'"": 113992.07"," """"label"""": """"Mid Level""""}"," {'""max'"": 197601.0"," '""min'"": 162253.11"," '""label'"": '""Senior Level'""}]""",1688208000.00,4742424000.00,3215304000.00,VND,"[{'max'"": 2735809698"," '""min'"": 1688208000"," '""label'"": '""Cấp mới vào nghề'""}"," {'""max'"": 3894074535"," '""min'"": 2735809698"," '""label'"": '""Cấp trung cấp'""}"," {'""max'"": 4742424000"," '""min'"": 3894074535"," '""label'"": '""Cấp cao cấp'""}]""",2026-01-27 15:44:54.424881+00
312,Considerable preparation needed. Usually requires 1-3 years of teaching or training experience.,Considerable preparation needed. Usually requires 1-3 years of teaching or training experience.,Bachelor's degree required. Teaching certification or Master's degree often required.,Bachelor's degree required. Teaching certification or Master's degree often required.,58181.00,100460.00,79320.00,USD,"[{""max"""": 71425.47"," '""min'"": 58181.0"," '""label'"": '""Entry Level'""}"," {'""max'"": 86744.96"," '""min'"": 71425.47"," """"label"""": """"Mid Level""""}"," {'""max'"": 100460.0"," '""min'"": 86744.96"," '""label'"": '""Senior Level'""}]""",1396344000.00,2411040000.00,1903680000.00,VND,"[{'max'"": 1714211168"," '""min'"": 1396344000"," '""label'"": '""Cấp mới vào nghề'""}"," {'""max'"": 2081878929"," '""min'"": 1714211168"," '""label'"": '""Cấp trung cấp'""}"," {'""max'"": 2411040000"," '""min'"": 2081878929"," '""label'"": '""Cấp cao cấp'""}]""",2026-01-27 15:44:54.424881+00
313,Considerable preparation needed. Usually requires 1-3 years of teaching or training experience.,Considerable preparation needed. Usually requires 1-3 years of teaching or training experience.,Bachelor's degree required. Teaching certification or Master's degree often required.,Bachelor's degree required. Teaching certification or Master's degree often required.,42860.00,133599.00,88229.00,USD,"[{""max"""": 74482.41"," '""min'"": 42860.0"," '""label'"": '""Entry Level'""}"," {'""max'"": 110321.78"," '""min'"": 74482.41"," """"label"""": """"Mid Level""""}"," {'""max'"": 133599.0"," '""min'"": 110321.78"," '""label'"": '""Senior Level'""}]""",1028640000.00,3206376000.00,2117496000.00,VND,"[{'max'"": 1787577908"," '""min'"": 1028640000"," '""label'"": '""Cấp mới vào nghề'""}"," {'""max'"": 2647722809"," '""min'"": 1787577908"," '""label'"": '""Cấp trung cấp'""}"," {'""max'"": 3206376000"," '""min'"": 2647722809"," '""label'"": '""Cấp cao cấp'""}]""",2026-01-27 15:44:54.424881+00
314,Considerable preparation needed. Usually requires 1-3 years of teaching or training experience.,Considerable preparation needed. Usually requires 1-3 years of teaching or training experience.,Bachelor's degree required. Teaching certification or Master's degree often required.,Bachelor's degree required. Teaching certification or Master's degree often required.,52614.00,169044.00,110829.00,USD,"[{""max"""": 85970.71"," '""min'"": 52614.0"," '""label'"": '""Entry Level'""}"," {'""max'"": 128600.03"," '""min'"": 85970.71"," """"label"""": """"Mid Level""""}"," {'""max'"": 169044.0"," '""min'"": 128600.03"," '""label'"": '""Senior Level'""}]""",1262736000.00,4057056000.00,2659896000.00,VND,"[{'max'"": 2063296949"," '""min'"": 1262736000"," '""label'"": '""Cấp mới vào nghề'""}"," {'""max'"": 3086400813"," '""min'"": 2063296949"," '""label'"": '""Cấp trung cấp'""}"," {'""max'"": 4057056000"," '""min'"": 3086400813"," '""label'"": '""Cấp cao cấp'""}]""",2026-01-27 15:44:54.424881+00
315,Considerable preparation needed. Usually requires 1-3 years of teaching or training experience.,Considerable preparation needed. Usually requires 1-3 years of teaching or training experience.,Bachelor's degree required. Teaching certification or Master's degree often required.,Bachelor's degree required. Teaching certification or Master's degree often required.,78345.00,111377.00,94861.00,USD,"[{""max"""": 88672.0"," '""min'"": 78345.0"," '""label'"": '""Entry Level'""}"," {'""max'"": 100228.41"," '""min'"": 88672.0"," """"label"""": """"Mid Level""""}"," {'""max'"": 111377.0"," '""min'"": 100228.41"," '""label'"": '""Senior Level'""}]""",1880280000.00,2673048000.00,2276664000.00,VND,"[{'max'"": 2128128118"," '""min'"": 1880280000"," '""label'"": '""Cấp mới vào nghề'""}"," {'""max'"": 2405481840"," '""min'"": 2128128118"," '""label'"": '""Cấp trung cấp'""}"," {'""max'"": 2673048000"," '""min'"": 2405481840"," '""label'"": '""Cấp cao cấp'""}]""",2026-01-27 15:44:54.424881+00
316,Considerable preparation needed. Usually requires 1-3 years of teaching or training experience.,Considerable preparation needed. Usually requires 1-3 years of teaching or training experience.,Bachelor's degree required. Teaching certification or Master's degree often required.,Bachelor's degree required. Teaching certification or Master's degree often required.,55672.00,143315.00,99493.00,USD,"[{""max"""": 81354.45"," '""min'"": 55672.0"," '""label'"": '""Entry Level'""}"," {'""max'"": 117359.46"," '""min'"": 81354.45"," """"label"""": """"Mid Level""""}"," {'""max'"": 143315.0"," '""min'"": 117359.46"," '""label'"": '""Senior Level'""}]""",1336128000.00,3439560000.00,2387832000.00,VND,"[{'max'"": 1952506832"," '""min'"": 1336128000"," '""label'"": '""Cấp mới vào nghề'""}"," {'""max'"": 2816626956"," '""min'"": 1952506832"," '""label'"": '""Cấp trung cấp'""}"," {'""max'"": 3439560000"," '""min'"": 2816626956"," '""label'"": '""Cấp cao cấp'""}]""",2026-01-27 15:44:54.424881+00
317,Considerable preparation needed. Usually requires 1-3 years of teaching or training experience.,Considerable preparation needed. Usually requires 1-3 years of teaching or training experience.,Bachelor's degree required. Teaching certification or Master's degree often required.,Bachelor's degree required. Teaching certification or Master's degree often required.,57176.00,162015.00,109595.00,USD,"[{""max"""": 90239.78"," '""min'"": 57176.0"," '""label'"": '""Entry Level'""}"," {'""max'"": 134382.18"," '""min'"": 90239.78"," """"label"""": """"Mid Level""""}"," {'""max'"": 162015.0"," '""min'"": 134382.18"," '""label'"": '""Senior Level'""}]""",1372224000.00,3888360000.00,2630280000.00,VND,"[{'max'"": 2165754646"," '""min'"": 1372224000"," '""label'"": '""Cấp mới vào nghề'""}"," {'""max'"": 3225172204"," '""min'"": 2165754646"," '""label'"": '""Cấp trung cấp'""}"," {'""max'"": 3888360000"," '""min'"": 3225172204"," '""label'"": '""Cấp cao cấp'""}]""",2026-01-27 15:44:54.424881+00
318,Considerable preparation needed. Usually requires 1-3 years of teaching or training experience.,Considerable preparation needed. Usually requires 1-3 years of teaching or training experience.,Bachelor's degree required. Teaching certification or Master's degree often required.,Bachelor's degree required. Teaching certification or Master's degree often required.,63838.00,183056.00,123447.00,USD,"[{""max"""": 103500.27"," '""min'"": 63838.0"," '""label'"": '""Entry Level'""}"," {'""max'"": 144598.83"," '""min'"": 103500.27"," """"label"""": """"Mid Level""""}"," {'""max'"": 183056.0"," '""min'"": 144598.83"," '""label'"": '""Senior Level'""}]""",1532112000.00,4393344000.00,2962728000.00,VND,"[{'max'"": 2484006538"," '""min'"": 1532112000"," '""label'"": '""Cấp mới vào nghề'""}"," {'""max'"": 3470371979"," '""min'"": 2484006538"," '""label'"": '""Cấp trung cấp'""}"," {'""max'"": 4393344000"," '""min'"": 3470371979"," '""label'"": '""Cấp cao cấp'""}]""",2026-01-27 15:44:54.424881+00
319,Considerable preparation needed. Usually requires 1-3 years of teaching or training experience.,Considerable preparation needed. Usually requires 1-3 years of teaching or training experience.,Bachelor's degree required. Teaching certification or Master's degree often required.,Bachelor's degree required. Teaching certification or Master's degree often required.,77874.00,142524.00,110199.00,USD,"[{""max"""": 94519.71"," '""min'"": 77874.0"," '""label'"": '""Entry Level'""}"," {'""max'"": 123751.2"," '""min'"": 94519.71"," """"label"""": """"Mid Level""""}"," {'""max'"": 142524.0"," '""min'"": 123751.2"," '""label'"": '""Senior Level'""}]""",1868976000.00,3420576000.00,2644776000.00,VND,"[{'max'"": 2268473086"," '""min'"": 1868976000"," '""label'"": '""Cấp mới vào nghề'""}"," {'""max'"": 2970028900"," '""min'"": 2268473086"," '""label'"": '""Cấp trung cấp'""}"," {'""max'"": 3420576000"," '""min'"": 2970028900"," '""label'"": '""Cấp cao cấp'""}]""",2026-01-27 15:44:54.424881+00
320,Considerable preparation needed. Usually requires 1-3 years of teaching or training experience.,Considerable preparation needed. Usually requires 1-3 years of teaching or training experience.,Bachelor's degree required. Teaching certification or Master's degree often required.,Bachelor's degree required. Teaching certification or Master's degree often required.,75724.00,107458.00,91591.00,USD,"[{""max"""": 84122.97"," '""min'"": 75724.0"," '""label'"": '""Entry Level'""}"," {'""max'"": 98914.83"," '""min'"": 84122.97"," """"label"""": """"Mid Level""""}"," {'""max'"": 107458.0"," '""min'"": 98914.83"," '""label'"": '""Senior Level'""}]""",1817376000.00,2578992000.00,2198184000.00,VND,"[{'max'"": 2018951173"," '""min'"": 1817376000"," '""label'"": '""Cấp mới vào nghề'""}"," {'""max'"": 2373955826"," '""min'"": 2018951173"," '""label'"": '""Cấp trung cấp'""}"," {'""max'"": 2578992000"," '""min'"": 2373955826"," '""label'"": '""Cấp cao cấp'""}]""",2026-01-27 15:44:54.424881+00
321,Considerable preparation needed. Usually requires 1-3 years of teaching or training experience.,Considerable preparation needed. Usually requires 1-3 years of teaching or training experience.,Bachelor's degree required. Teaching certification or Master's degree often required.,Bachelor's degree required. Teaching certification or Master's degree often required.,58639.00,181606.00,120122.00,USD,"[{""max"""": 98848.27"," '""min'"": 58639.0"," '""label'"": '""Entry Level'""}"," {'""max'"": 141978.13"," '""min'"": 98848.27"," """"label"""": """"Mid Level""""}"," {'""max'"": 181606.0"," '""min'"": 141978.13"," '""label'"": '""Senior Level'""}]""",1407336000.00,4358544000.00,2882928000.00,VND,"[{'max'"": 2372358472"," '""min'"": 1407336000"," '""label'"": '""Cấp mới vào nghề'""}"," {'""max'"": 3407475196"," '""min'"": 2372358472"," '""label'"": '""Cấp trung cấp'""}"," {'""max'"": 4358544000"," '""min'"": 3407475196"," '""label'"": '""Cấp cao cấp'""}]""",2026-01-27 15:44:54.424881+00
322,Considerable preparation needed. Usually requires 1-3 years of teaching or training experience.,Considerable preparation needed. Usually requires 1-3 years of teaching or training experience.,Bachelor's degree required. Teaching certification or Master's degree often required.,Bachelor's degree required. Teaching certification or Master's degree often required.,76971.00,176917.00,126944.00,USD,"[{""max"""": 110290.33"," '""min'"": 76971.0"," '""label'"": '""Entry Level'""}"," {'""max'"": 150394.92"," '""min'"": 110290.33"," """"label"""": """"Mid Level""""}"," {'""max'"": 176917.0"," '""min'"": 150394.92"," '""label'"": '""Senior Level'""}]""",1847304000.00,4246008000.00,3046656000.00,VND,"[{'max'"": 2646967986"," '""min'"": 1847304000"," '""label'"": '""Cấp mới vào nghề'""}"," {'""max'"": 3609478117"," '""min'"": 2646967986"," '""label'"": '""Cấp trung cấp'""}"," {'""max'"": 4246008000"," '""min'"": 3609478117"," '""label'"": '""Cấp cao cấp'""}]""",2026-01-27 15:44:54.424881+00
323,Considerable preparation needed. Usually requires 1-3 years of teaching or training experience.,Considerable preparation needed. Usually requires 1-3 years of teaching or training experience.,Bachelor's degree required. Teaching certification or Master's degree often required.,Bachelor's degree required. Teaching certification or Master's degree often required.,63687.00,185374.00,124530.00,USD,"[{""max"""": 99992.46"," '""min'"": 63687.0"," '""label'"": '""Entry Level'""}"," {'""max'"": 154304.41"," '""min'"": 99992.46"," """"label"""": """"Mid Level""""}"," {'""max'"": 185374.0"," '""min'"": 154304.41"," '""label'"": '""Senior Level'""}]""",1528488000.00,4448976000.00,2988720000.00,VND,"[{'max'"": 2399819142"," '""min'"": 1528488000"," '""label'"": '""Cấp mới vào nghề'""}"," {'""max'"": 3703305825"," '""min'"": 2399819142"," '""label'"": '""Cấp trung cấp'""}"," {'""max'"": 4448976000"," '""min'"": 3703305825"," '""label'"": '""Cấp cao cấp'""}]""",2026-01-27 15:44:54.424881+00
324,Considerable preparation needed. Usually requires 1-3 years of teaching or training experience.,Considerable preparation needed. Usually requires 1-3 years of teaching or training experience.,Bachelor's degree required. Teaching certification or Master's degree often required.,Bachelor's degree required. Teaching certification or Master's degree often required.,73381.00,168182.00,120781.00,USD,"[{""max"""": 97185.04"," '""min'"": 73381.0"," '""label'"": '""Entry Level'""}"," {'""max'"": 135006.07"," '""min'"": 97185.04"," """"label"""": """"Mid Level""""}"," {'""max'"": 168182.0"," '""min'"": 135006.07"," '""label'"": '""Senior Level'""}]""",1761144000.00,4036368000.00,2898744000.00,VND,"[{'max'"": 2332440862"," '""min'"": 1761144000"," '""label'"": '""Cấp mới vào nghề'""}"," {'""max'"": 3240145705"," '""min'"": 2332440862"," '""label'"": '""Cấp trung cấp'""}"," {'""max'"": 4036368000"," '""min'"": 3240145705"," '""label'"": '""Cấp cao cấp'""}]""",2026-01-27 15:44:54.424881+00
325,Considerable preparation needed. Usually requires 1-3 years of teaching or training experience.,Considerable preparation needed. Usually requires 1-3 years of teaching or training experience.,Bachelor's degree required. Teaching certification or Master's degree often required.,Bachelor's degree required. Teaching certification or Master's degree often required.,42798.00,142181.00,92489.00,USD,"[{""max"""": 73543.59"," '""min'"": 42798.0"," '""label'"": '""Entry Level'""}"," {'""max'"": 109526.22"," '""min'"": 73543.59"," """"label"""": """"Mid Level""""}"," {'""max'"": 142181.0"," '""min'"": 109526.22"," '""label'"": '""Senior Level'""}]""",1027152000.00,3412344000.00,2219736000.00,VND,"[{'max'"": 1765046175"," '""min'"": 1027152000"," '""label'"": '""Cấp mới vào nghề'""}"," {'""max'"": 2628629317"," '""min'"": 1765046175"," '""label'"": '""Cấp trung cấp'""}"," {'""max'"": 3412344000"," '""min'"": 2628629317"," '""label'"": '""Cấp cao cấp'""}]""",2026-01-27 15:44:54.424881+00
326,Considerable preparation needed. Usually requires 1-3 years of teaching or training experience.,Considerable preparation needed. Usually requires 1-3 years of teaching or training experience.,Bachelor's degree required. Teaching certification or Master's degree often required.,Bachelor's degree required. Teaching certification or Master's degree often required.,46099.00,186858.00,116478.00,USD,"[{""max"""": 88910.38"," '""min'"": 46099.0"," '""label'"": '""Entry Level'""}"," {'""max'"": 141152.84"," '""min'"": 88910.38"," """"label"""": """"Mid Level""""}"," {'""max'"": 186858.0"," '""min'"": 141152.84"," '""label'"": '""Senior Level'""}]""",1106376000.00,4484592000.00,2795472000.00,VND,"[{'max'"": 2133849132"," '""min'"": 1106376000"," '""label'"": '""Cấp mới vào nghề'""}"," {'""max'"": 3387668161"," '""min'"": 2133849132"," '""label'"": '""Cấp trung cấp'""}"," {'""max'"": 4484592000"," '""min'"": 3387668161"," '""label'"": '""Cấp cao cấp'""}]""",2026-01-27 15:44:54.424881+00
327,Considerable preparation needed. Usually requires 1-3 years of teaching or training experience.,Considerable preparation needed. Usually requires 1-3 years of teaching or training experience.,Bachelor's degree required. Teaching certification or Master's degree often required.,Bachelor's degree required. Teaching certification or Master's degree often required.,71378.00,121052.00,96215.00,USD,"[{""max"""": 87198.02"," '""min'"": 71378.0"," '""label'"": '""Entry Level'""}"," {'""max'"": 107930.06"," '""min'"": 87198.02"," """"label"""": """"Mid Level""""}"," {'""max'"": 121052.0"," '""min'"": 107930.06"," '""label'"": '""Senior Level'""}]""",1713072000.00,2905248000.00,2309160000.00,VND,"[{'max'"": 2092752366"," '""min'"": 1713072000"," '""label'"": '""Cấp mới vào nghề'""}"," {'""max'"": 2590321508"," '""min'"": 2092752366"," '""label'"": '""Cấp trung cấp'""}"," {'""max'"": 2905248000"," '""min'"": 2590321508"," '""label'"": '""Cấp cao cấp'""}]""",2026-01-27 15:44:54.424881+00
328,Considerable preparation needed. Usually requires 1-3 years of teaching or training experience.,Considerable preparation needed. Usually requires 1-3 years of teaching or training experience.,Bachelor's degree required. Teaching certification or Master's degree often required.,Bachelor's degree required. Teaching certification or Master's degree often required.,59691.00,134625.00,97158.00,USD,"[{""max"""": 80211.23"," '""min'"": 59691.0"," '""label'"": '""Entry Level'""}"," {'""max'"": 108402.84"," '""min'"": 80211.23"," """"label"""": """"Mid Level""""}"," {'""max'"": 134625.0"," '""min'"": 108402.84"," '""label'"": '""Senior Level'""}]""",1432584000.00,3231000000.00,2331792000.00,VND,"[{'max'"": 1925069463"," '""min'"": 1432584000"," '""label'"": '""Cấp mới vào nghề'""}"," {'""max'"": 2601668059"," '""min'"": 1925069463"," '""label'"": '""Cấp trung cấp'""}"," {'""max'"": 3231000000"," '""min'"": 2601668059"," '""label'"": '""Cấp cao cấp'""}]""",2026-01-27 15:44:54.424881+00
329,Considerable preparation needed. Usually requires 1-3 years of teaching or training experience.,Considerable preparation needed. Usually requires 1-3 years of teaching or training experience.,Bachelor's degree required. Teaching certification or Master's degree often required.,Bachelor's degree required. Teaching certification or Master's degree often required.,53936.00,188180.00,121058.00,USD,"[{""max"""": 94596.96"," '""min'"": 53936.0"," '""label'"": '""Entry Level'""}"," {'""max'"": 145571.5"," '""min'"": 94596.96"," """"label"""": """"Mid Level""""}"," {'""max'"": 188180.0"," '""min'"": 145571.5"," '""label'"": '""Senior Level'""}]""",1294464000.00,4516320000.00,2905392000.00,VND,"[{'max'"": 2270327081"," '""min'"": 1294464000"," '""label'"": '""Cấp mới vào nghề'""}"," {'""max'"": 3493716093"," '""min'"": 2270327081"," '""label'"": '""Cấp trung cấp'""}"," {'""max'"": 4516320000"," '""min'"": 3493716093"," '""label'"": '""Cấp cao cấp'""}]""",2026-01-27 15:44:54.424881+00
330,Considerable preparation needed. Usually requires 1-3 years of teaching or training experience.,Considerable preparation needed. Usually requires 1-3 years of teaching or training experience.,Bachelor's degree required. Teaching certification or Master's degree often required.,Bachelor's degree required. Teaching certification or Master's degree often required.,53733.00,150098.00,101915.00,USD,"[{""max"""": 80128.73"," '""min'"": 53733.0"," '""label'"": '""Entry Level'""}"," {'""max'"": 118710.27"," '""min'"": 80128.73"," """"label"""": """"Mid Level""""}"," {'""max'"": 150098.0"," '""min'"": 118710.27"," '""label'"": '""Senior Level'""}]""",1289592000.00,3602352000.00,2445960000.00,VND,"[{'max'"": 1923089400"," '""min'"": 1289592000"," '""label'"": '""Cấp mới vào nghề'""}"," {'""max'"": 2849046471"," '""min'"": 1923089400"," '""label'"": '""Cấp trung cấp'""}"," {'""max'"": 3602352000"," '""min'"": 2849046471"," '""label'"": '""Cấp cao cấp'""}]""",2026-01-27 15:44:54.424881+00
331,Considerable preparation needed. Usually requires 1-3 years of teaching or training experience.,Considerable preparation needed. Usually requires 1-3 years of teaching or training experience.,Bachelor's degree required. Teaching certification or Master's degree often required.,Bachelor's degree required. Teaching certification or Master's degree often required.,73146.00,128520.00,100833.00,USD,"[{""max"""": 87624.96"," '""min'"": 73146.0"," '""label'"": '""Entry Level'""}"," {'""max'"": 114304.45"," '""min'"": 87624.96"," """"label"""": """"Mid Level""""}"," {'""max'"": 128520.0"," '""min'"": 114304.45"," '""label'"": '""Senior Level'""}]""",1755504000.00,3084480000.00,2419992000.00,VND,"[{'max'"": 2102998947"," '""min'"": 1755504000"," '""label'"": '""Cấp mới vào nghề'""}"," {'""max'"": 2743306749"," '""min'"": 2102998947"," '""label'"": '""Cấp trung cấp'""}"," {'""max'"": 3084480000"," '""min'"": 2743306749"," '""label'"": '""Cấp cao cấp'""}]""",2026-01-27 15:44:54.424881+00
332,Considerable preparation needed. Usually requires 1-3 years of teaching or training experience.,Considerable preparation needed. Usually requires 1-3 years of teaching or training experience.,Bachelor's degree required. Teaching certification or Master's degree often required.,Bachelor's degree required. Teaching certification or Master's degree often required.,40860.00,157458.00,99159.00,USD,"[{""max"""": 80471.02"," '""min'"": 40860.0"," '""label'"": '""Entry Level'""}"," {'""max'"": 120990.07"," '""min'"": 80471.02"," """"label"""": """"Mid Level""""}"," {'""max'"": 157458.0"," '""min'"": 120990.07"," '""label'"": '""Senior Level'""}]""",980640000.00,3778992000.00,2379816000.00,VND,"[{'max'"": 1931304376"," '""min'"": 980640000"," '""label'"": '""Cấp mới vào nghề'""}"," {'""max'"": 2903761703"," '""min'"": 1931304376"," '""label'"": '""Cấp trung cấp'""}"," {'""max'"": 3778992000"," '""min'"": 2903761703"," '""label'"": '""Cấp cao cấp'""}]""",2026-01-27 15:44:54.424881+00
333,Considerable preparation needed. Usually requires 1-3 years of teaching or training experience.,Considerable preparation needed. Usually requires 1-3 years of teaching or training experience.,Bachelor's degree required. Teaching certification or Master's degree often required.,Bachelor's degree required. Teaching certification or Master's degree often required.,68955.00,121563.00,95259.00,USD,"[{""max"""": 83388.85"," '""min'"": 68955.0"," '""label'"": '""Entry Level'""}"," {'""max'"": 106509.39"," '""min'"": 83388.85"," """"label"""": """"Mid Level""""}"," {'""max'"": 121563.0"," '""min'"": 106509.39"," '""label'"": '""Senior Level'""}]""",1654920000.00,2917512000.00,2286216000.00,VND,"[{'max'"": 2001332438"," '""min'"": 1654920000"," '""label'"": '""Cấp mới vào nghề'""}"," {'""max'"": 2556225300"," '""min'"": 2001332438"," '""label'"": '""Cấp trung cấp'""}"," {'""max'"": 2917512000"," '""min'"": 2556225300"," '""label'"": '""Cấp cao cấp'""}]""",2026-01-27 15:44:54.424881+00
334,Considerable preparation needed. Usually requires 1-3 years of teaching or training experience.,Considerable preparation needed. Usually requires 1-3 years of teaching or training experience.,Bachelor's degree required. Teaching certification or Master's degree often required.,Bachelor's degree required. Teaching certification or Master's degree often required.,59765.00,123564.00,91664.00,USD,"[{""max"""": 81752.64"," '""min'"": 59765.0"," '""label'"": '""Entry Level'""}"," {'""max'"": 105533.68"," '""min'"": 81752.64"," """"label"""": """"Mid Level""""}"," {'""max'"": 123564.0"," '""min'"": 105533.68"," '""label'"": '""Senior Level'""}]""",1434360000.00,2965536000.00,2199936000.00,VND,"[{'max'"": 1962063275"," '""min'"": 1434360000"," '""label'"": '""Cấp mới vào nghề'""}"," {'""max'"": 2532808286"," '""min'"": 1962063275"," '""label'"": '""Cấp trung cấp'""}"," {'""max'"": 2965536000"," '""min'"": 2532808286"," '""label'"": '""Cấp cao cấp'""}]""",2026-01-27 15:44:54.424881+00
335,Considerable preparation needed. Usually requires 1-3 years of teaching or training experience.,Considerable preparation needed. Usually requires 1-3 years of teaching or training experience.,Bachelor's degree required. Teaching certification or Master's degree often required.,Bachelor's degree required. Teaching certification or Master's degree often required.,66985.00,115697.00,91341.00,USD,"[{""max"""": 83202.73"," '""min'"": 66985.0"," '""label'"": '""Entry Level'""}"," {'""max'"": 102391.81"," '""min'"": 83202.73"," """"label"""": """"Mid Level""""}"," {'""max'"": 115697.0"," '""min'"": 102391.81"," '""label'"": '""Senior Level'""}]""",1607640000.00,2776728000.00,2192184000.00,VND,"[{'max'"": 1996865462"," '""min'"": 1607640000"," '""label'"": '""Cấp mới vào nghề'""}"," {'""max'"": 2457403488"," '""min'"": 1996865462"," '""label'"": '""Cấp trung cấp'""}"," {'""max'"": 2776728000"," '""min'"": 2457403488"," '""label'"": '""Cấp cao cấp'""}]""",2026-01-27 15:44:54.424881+00
336,Considerable preparation needed. Usually requires 1-3 years of teaching or training experience.,Considerable preparation needed. Usually requires 1-3 years of teaching or training experience.,Bachelor's degree required. Teaching certification or Master's degree often required.,Bachelor's degree required. Teaching certification or Master's degree often required.,74450.00,135476.00,104963.00,USD,"[{""max"""": 92374.55"," '""min'"": 74450.0"," '""label'"": '""Entry Level'""}"," {'""max'"": 115240.43"," '""min'"": 92374.55"," """"label"""": """"Mid Level""""}"," {'""max'"": 135476.0"," '""min'"": 115240.43"," '""label'"": '""Senior Level'""}]""",1786800000.00,3251424000.00,2519112000.00,VND,"[{'max'"": 2216989312"," '""min'"": 1786800000"," '""label'"": '""Cấp mới vào nghề'""}"," {'""max'"": 2765770268"," '""min'"": 2216989312"," '""label'"": '""Cấp trung cấp'""}"," {'""max'"": 3251424000"," '""min'"": 2765770268"," '""label'"": '""Cấp cao cấp'""}]""",2026-01-27 15:44:54.424881+00
337,Considerable preparation needed. Usually requires 1-3 years of teaching or training experience.,Considerable preparation needed. Usually requires 1-3 years of teaching or training experience.,Bachelor's degree required. Teaching certification or Master's degree often required.,Bachelor's degree required. Teaching certification or Master's degree often required.,52158.00,148801.00,100479.00,USD,"[{""max"""": 84901.58"," '""min'"": 52158.0"," '""label'"": '""Entry Level'""}"," {'""max'"": 123503.35"," '""min'"": 84901.58"," """"label"""": """"Mid Level""""}"," {'""max'"": 148801.0"," '""min'"": 123503.35"," '""label'"": '""Senior Level'""}]""",1251792000.00,3571224000.00,2411496000.00,VND,"[{'max'"": 2037637811"," '""min'"": 1251792000"," '""label'"": '""Cấp mới vào nghề'""}"," {'""max'"": 2964080518"," '""min'"": 2037637811"," '""label'"": '""Cấp trung cấp'""}"," {'""max'"": 3571224000"," '""min'"": 2964080518"," '""label'"": '""Cấp cao cấp'""}]""",2026-01-27 15:44:54.424881+00
338,Considerable preparation needed. Usually requires 1-3 years of teaching or training experience.,Considerable preparation needed. Usually requires 1-3 years of teaching or training experience.,Bachelor's degree required. Teaching certification or Master's degree often required.,Bachelor's degree required. Teaching certification or Master's degree often required.,79070.00,137380.00,108225.00,USD,"[{""max"""": 96945.11"," '""min'"": 79070.0"," '""label'"": '""Entry Level'""}"," {'""max'"": 122045.49"," '""min'"": 96945.11"," """"label"""": """"Mid Level""""}"," {'""max'"": 137380.0"," '""min'"": 122045.49"," '""label'"": '""Senior Level'""}]""",1897680000.00,3297120000.00,2597400000.00,VND,"[{'max'"": 2326682536"," '""min'"": 1897680000"," '""label'"": '""Cấp mới vào nghề'""}"," {'""max'"": 2929091834"," '""min'"": 2326682536"," '""label'"": '""Cấp trung cấp'""}"," {'""max'"": 3297120000"," '""min'"": 2929091834"," '""label'"": '""Cấp cao cấp'""}]""",2026-01-27 15:44:54.424881+00
339,Considerable preparation needed. Usually requires 1-3 years of teaching or training experience.,Considerable preparation needed. Usually requires 1-3 years of teaching or training experience.,Bachelor's degree required. Teaching certification or Master's degree often required.,Bachelor's degree required. Teaching certification or Master's degree often required.,69078.00,161556.00,115317.00,USD,"[{""max"""": 95390.4"," '""min'"": 69078.0"," '""label'"": '""Entry Level'""}"," {'""max'"": 134581.68"," '""min'"": 95390.4"," """"label"""": """"Mid Level""""}"," {'""max'"": 161556.0"," '""min'"": 134581.68"," '""label'"": '""Senior Level'""}]""",1657872000.00,3877344000.00,2767608000.00,VND,"[{'max'"": 2289369588"," '""min'"": 1657872000"," '""label'"": '""Cấp mới vào nghề'""}"," {'""max'"": 3229960281"," '""min'"": 2289369588"," '""label'"": '""Cấp trung cấp'""}"," {'""max'"": 3877344000"," '""min'"": 3229960281"," '""label'"": '""Cấp cao cấp'""}]""",2026-01-27 15:44:54.424881+00
340,Considerable preparation needed. Usually requires 1-3 years of teaching or training experience.,Considerable preparation needed. Usually requires 1-3 years of teaching or training experience.,Bachelor's degree required. Teaching certification or Master's degree often required.,Bachelor's degree required. Teaching certification or Master's degree often required.,59056.00,102294.00,80675.00,USD,"[{""max"""": 74064.79"," '""min'"": 59056.0"," '""label'"": '""Entry Level'""}"," {'""max'"": 90985.25"," '""min'"": 74064.79"," """"label"""": """"Mid Level""""}"," {'""max'"": 102294.0"," '""min'"": 90985.25"," '""label'"": '""Senior Level'""}]""",1417344000.00,2455056000.00,1936200000.00,VND,"[{'max'"": 1777555034"," '""min'"": 1417344000"," '""label'"": '""Cấp mới vào nghề'""}"," {'""max'"": 2183646019"," '""min'"": 1777555034"," '""label'"": '""Cấp trung cấp'""}"," {'""max'"": 2455056000"," '""min'"": 2183646019"," '""label'"": '""Cấp cao cấp'""}]""",2026-01-27 15:44:54.424881+00
341,Considerable preparation needed. Usually requires 1-3 years of teaching or training experience.,Considerable preparation needed. Usually requires 1-3 years of teaching or training experience.,Bachelor's degree required. Teaching certification or Master's degree often required.,Bachelor's degree required. Teaching certification or Master's degree often required.,43133.00,121923.00,82528.00,USD,"[{""max"""": 66440.7"," '""min'"": 43133.0"," '""label'"": '""Entry Level'""}"," {'""max'"": 97165.23"," '""min'"": 66440.7"," """"label"""": """"Mid Level""""}"," {'""max'"": 121923.0"," '""min'"": 97165.23"," '""label'"": '""Senior Level'""}]""",1035192000.00,2926152000.00,1980672000.00,VND,"[{'max'"": 1594576765"," '""min'"": 1035192000"," '""label'"": '""Cấp mới vào nghề'""}"," {'""max'"": 2331965597"," '""min'"": 1594576765"," '""label'"": '""Cấp trung cấp'""}"," {'""max'"": 2926152000"," '""min'"": 2331965597"," '""label'"": '""Cấp cao cấp'""}]""",2026-01-27 15:44:54.424881+00
342,Considerable preparation needed. Usually requires 1-3 years of teaching or training experience.,Considerable preparation needed. Usually requires 1-3 years of teaching or training experience.,Bachelor's degree required. Teaching certification or Master's degree often required.,Bachelor's degree required. Teaching certification or Master's degree often required.,51901.00,121624.00,86762.00,USD,"[{""max"""": 73513.7"," '""min'"": 51901.0"," '""label'"": '""Entry Level'""}"," {'""max'"": 100286.2"," '""min'"": 73513.7"," """"label"""": """"Mid Level""""}"," {'""max'"": 121624.0"," '""min'"": 100286.2"," '""label'"": '""Senior Level'""}]""",1245624000.00,2918976000.00,2082288000.00,VND,"[{'max'"": 1764328903"," '""min'"": 1245624000"," '""label'"": '""Cấp mới vào nghề'""}"," {'""max'"": 2406868738"," '""min'"": 1764328903"," '""label'"": '""Cấp trung cấp'""}"," {'""max'"": 2918976000"," '""min'"": 2406868738"," '""label'"": '""Cấp cao cấp'""}]""",2026-01-27 15:44:54.424881+00
343,Considerable preparation needed. Usually requires 1-3 years of teaching or training experience.,Considerable preparation needed. Usually requires 1-3 years of teaching or training experience.,Bachelor's degree required. Teaching certification or Master's degree often required.,Bachelor's degree required. Teaching certification or Master's degree often required.,75318.00,119651.00,97484.00,USD,"[{""max"""": 89119.56"," '""min'"": 75318.0"," '""label'"": '""Entry Level'""}"," {'""max'"": 107769.3"," '""min'"": 89119.56"," """"label"""": """"Mid Level""""}"," {'""max'"": 119651.0"," '""min'"": 107769.3"," '""label'"": '""Senior Level'""}]""",1807632000.00,2871624000.00,2339616000.00,VND,"[{'max'"": 2138869371"," '""min'"": 1807632000"," '""label'"": '""Cấp mới vào nghề'""}"," {'""max'"": 2586463296"," '""min'"": 2138869371"," '""label'"": '""Cấp trung cấp'""}"," {'""max'"": 2871624000"," '""min'"": 2586463296"," '""label'"": '""Cấp cao cấp'""}]""",2026-01-27 15:44:54.424881+00
344,Considerable preparation needed. Usually requires 1-3 years of teaching or training experience.,Considerable preparation needed. Usually requires 1-3 years of teaching or training experience.,Bachelor's degree required. Teaching certification or Master's degree often required.,Bachelor's degree required. Teaching certification or Master's degree often required.,57336.00,174534.00,115935.00,USD,"[{""max"""": 89037.46"," '""min'"": 57336.0"," '""label'"": '""Entry Level'""}"," {'""max'"": 138110.1"," '""min'"": 89037.46"," """"label"""": """"Mid Level""""}"," {'""max'"": 174534.0"," '""min'"": 138110.1"," '""label'"": '""Senior Level'""}]""",1376064000.00,4188816000.00,2782440000.00,VND,"[{'max'"": 2136899116"," '""min'"": 1376064000"," '""label'"": '""Cấp mới vào nghề'""}"," {'""max'"": 3314642374"," '""min'"": 2136899116"," '""label'"": '""Cấp trung cấp'""}"," {'""max'"": 4188816000"," '""min'"": 3314642374"," '""label'"": '""Cấp cao cấp'""}]""",2026-01-27 15:44:54.424881+00
345,Considerable preparation needed. Usually requires 1-3 years of teaching or training experience.,Considerable preparation needed. Usually requires 1-3 years of teaching or training experience.,Bachelor's degree required. Teaching certification or Master's degree often required.,Bachelor's degree required. Teaching certification or Master's degree often required.,53659.00,180572.00,117115.00,USD,"[{""max"""": 88101.52"," '""min'"": 53659.0"," '""label'"": '""Entry Level'""}"," {'""max'"": 136855.0"," '""min'"": 88101.52"," """"label"""": """"Mid Level""""}"," {'""max'"": 180572.0"," '""min'"": 136855.0"," '""label'"": '""Senior Level'""}]""",1287816000.00,4333728000.00,2810760000.00,VND,"[{'max'"": 2114436544"," '""min'"": 1287816000"," '""label'"": '""Cấp mới vào nghề'""}"," {'""max'"": 3284520002"," '""min'"": 2114436544"," '""label'"": '""Cấp trung cấp'""}"," {'""max'"": 4333728000"," '""min'"": 3284520002"," '""label'"": '""Cấp cao cấp'""}]""",2026-01-27 15:44:54.424881+00
346,Considerable preparation needed. Usually requires 1-3 years of teaching or training experience.,Considerable preparation needed. Usually requires 1-3 years of teaching or training experience.,Bachelor's degree required. Teaching certification or Master's degree often required.,Bachelor's degree required. Teaching certification or Master's degree often required.,60403.00,122592.00,91497.00,USD,"[{""max"""": 80974.75"," '""min'"": 60403.0"," '""label'"": '""Entry Level'""}"," {'""max'"": 101026.18"," '""min'"": 80974.75"," """"label"""": """"Mid Level""""}"," {'""max'"": 122592.0"," '""min'"": 101026.18"," '""label'"": '""Senior Level'""}]""",1449672000.00,2942208000.00,2195928000.00,VND,"[{'max'"": 1943394105"," '""min'"": 1449672000"," '""label'"": '""Cấp mới vào nghề'""}"," {'""max'"": 2424628421"," '""min'"": 1943394105"," '""label'"": '""Cấp trung cấp'""}"," {'""max'"": 2942208000"," '""min'"": 2424628421"," '""label'"": '""Cấp cao cấp'""}]""",2026-01-27 15:44:54.424881+00
347,Considerable preparation needed. Usually requires 1-3 years of teaching or training experience.,Considerable preparation needed. Usually requires 1-3 years of teaching or training experience.,Bachelor's degree required. Teaching certification or Master's degree often required.,Bachelor's degree required. Teaching certification or Master's degree often required.,57526.00,131751.00,94638.00,USD,"[{""max"""": 77346.78"," '""min'"": 57526.0"," '""label'"": '""Entry Level'""}"," {'""max'"": 109250.0"," '""min'"": 77346.78"," """"label"""": """"Mid Level""""}"," {'""max'"": 131751.0"," '""min'"": 109250.0"," '""label'"": '""Senior Level'""}]""",1380624000.00,3162024000.00,2271312000.00,VND,"[{'max'"": 1856322823"," '""min'"": 1380624000"," '""label'"": '""Cấp mới vào nghề'""}"," {'""max'"": 2621999987"," '""min'"": 1856322823"," '""label'"": '""Cấp trung cấp'""}"," {'""max'"": 3162024000"," '""min'"": 2621999987"," '""label'"": '""Cấp cao cấp'""}]""",2026-01-27 15:44:54.424881+00
348,Considerable preparation needed. Usually requires 1-3 years of teaching or training experience.,Considerable preparation needed. Usually requires 1-3 years of teaching or training experience.,Bachelor's degree required. Teaching certification or Master's degree often required.,Bachelor's degree required. Teaching certification or Master's degree often required.,68293.00,147448.00,107870.00,USD,"[{""max"""": 92666.21"," '""min'"": 68293.0"," '""label'"": '""Entry Level'""}"," {'""max'"": 127407.76"," '""min'"": 92666.21"," """"label"""": """"Mid Level""""}"," {'""max'"": 147448.0"," '""min'"": 127407.76"," '""label'"": '""Senior Level'""}]""",1639032000.00,3538752000.00,2588880000.00,VND,"[{'max'"": 2223988997"," '""min'"": 1639032000"," '""label'"": '""Cấp mới vào nghề'""}"," {'""max'"": 3057786180"," '""min'"": 2223988997"," '""label'"": '""Cấp trung cấp'""}"," {'""max'"": 3538752000"," '""min'"": 3057786180"," '""label'"": '""Cấp cao cấp'""}]""",2026-01-27 15:44:54.424881+00
349,Considerable preparation needed. Usually requires 1-3 years of teaching or training experience.,Considerable preparation needed. Usually requires 1-3 years of teaching or training experience.,Bachelor's degree required. Teaching certification or Master's degree often required.,Bachelor's degree required. Teaching certification or Master's degree often required.,65675.00,198739.00,132207.00,USD,"[{""max"""": 108994.5"," '""min'"": 65675.0"," '""label'"": '""Entry Level'""}"," {'""max'"": 156393.08"," '""min'"": 108994.5"," """"label"""": """"Mid Level""""}"," {'""max'"": 198739.0"," '""min'"": 156393.08"," '""label'"": '""Senior Level'""}]""",1576200000.00,4769736000.00,3172968000.00,VND,"[{'max'"": 2615867904"," '""min'"": 1576200000"," '""label'"": '""Cấp mới vào nghề'""}"," {'""max'"": 3753433936"," '""min'"": 2615867904"," '""label'"": '""Cấp trung cấp'""}"," {'""max'"": 4769736000"," '""min'"": 3753433936"," '""label'"": '""Cấp cao cấp'""}]""",2026-01-27 15:44:54.424881+00
350,Considerable preparation needed. Usually requires 1-3 years of teaching or training experience.,Considerable preparation needed. Usually requires 1-3 years of teaching or training experience.,Bachelor's degree required. Teaching certification or Master's degree often required.,Bachelor's degree required. Teaching certification or Master's degree often required.,42535.00,102497.00,72516.00,USD,"[{""max"""": 58628.42"," '""min'"": 42535.0"," '""label'"": '""Entry Level'""}"," {'""max'"": 83238.02"," '""min'"": 58628.42"," """"label"""": """"Mid Level""""}"," {'""max'"": 102497.0"," '""min'"": 83238.02"," '""label'"": '""Senior Level'""}]""",1020840000.00,2459928000.00,1740384000.00,VND,"[{'max'"": 1407081989"," '""min'"": 1020840000"," '""label'"": '""Cấp mới vào nghề'""}"," {'""max'"": 1997712483"," '""min'"": 1407081989"," '""label'"": '""Cấp trung cấp'""}"," {'""max'"": 2459928000"," '""min'"": 1997712483"," '""label'"": '""Cấp cao cấp'""}]""",2026-01-27 15:44:54.424881+00
351,Considerable preparation needed. Usually requires 1-3 years of teaching or training experience.,Considerable preparation needed. Usually requires 1-3 years of teaching or training experience.,Bachelor's degree required. Teaching certification or Master's degree often required.,Bachelor's degree required. Teaching certification or Master's degree often required.,56346.00,127023.00,91684.00,USD,"[{""max"""": 80526.13"," '""min'"": 56346.0"," '""label'"": '""Entry Level'""}"," {'""max'"": 103664.85"," '""min'"": 80526.13"," """"label"""": """"Mid Level""""}"," {'""max'"": 127023.0"," '""min'"": 103664.85"," '""label'"": '""Senior Level'""}]""",1352304000.00,3048552000.00,2200416000.00,VND,"[{'max'"": 1932627130"," '""min'"": 1352304000"," '""label'"": '""Cấp mới vào nghề'""}"," {'""max'"": 2487956353"," '""min'"": 1932627130"," '""label'"": '""Cấp trung cấp'""}"," {'""max'"": 3048552000"," '""min'"": 2487956353"," '""label'"": '""Cấp cao cấp'""}]""",2026-01-27 15:44:54.424881+00
352,Considerable preparation needed. Usually requires 1-3 years of teaching or training experience.,Considerable preparation needed. Usually requires 1-3 years of teaching or training experience.,Bachelor's degree required. Teaching certification or Master's degree often required.,Bachelor's degree required. Teaching certification or Master's degree often required.,63452.00,121796.00,92624.00,USD,"[{""max"""": 81637.65"," '""min'"": 63452.0"," '""label'"": '""Entry Level'""}"," {'""max'"": 102179.65"," '""min'"": 81637.65"," """"label"""": """"Mid Level""""}"," {'""max'"": 121796.0"," '""min'"": 102179.65"," '""label'"": '""Senior Level'""}]""",1522848000.00,2923104000.00,2222976000.00,VND,"[{'max'"": 1959303686"," '""min'"": 1522848000"," '""label'"": '""Cấp mới vào nghề'""}"," {'""max'"": 2452311534"," '""min'"": 1959303686"," '""label'"": '""Cấp trung cấp'""}"," {'""max'"": 2923104000"," '""min'"": 2452311534"," '""label'"": '""Cấp cao cấp'""}]""",2026-01-27 15:44:54.424881+00
353,Considerable preparation needed. Usually requires 1-3 years of teaching or training experience.,Considerable preparation needed. Usually requires 1-3 years of teaching or training experience.,Bachelor's degree required. Teaching certification or Master's degree often required.,Bachelor's degree required. Teaching certification or Master's degree often required.,61923.00,199943.00,130933.00,USD,"[{""max"""": 107462.45"," '""min'"": 61923.0"," '""label'"": '""Entry Level'""}"," {'""max'"": 157909.87"," '""min'"": 107462.45"," """"label"""": """"Mid Level""""}"," {'""max'"": 199943.0"," '""min'"": 157909.87"," '""label'"": '""Senior Level'""}]""",1486152000.00,4798632000.00,3142392000.00,VND,"[{'max'"": 2579098904"," '""min'"": 1486152000"," '""label'"": '""Cấp mới vào nghề'""}"," {'""max'"": 3789836802"," '""min'"": 2579098904"," '""label'"": '""Cấp trung cấp'""}"," {'""max'"": 4798632000"," '""min'"": 3789836802"," '""label'"": '""Cấp cao cấp'""}]""",2026-01-27 15:44:54.424881+00
354,Medium preparation needed. Usually requires 1-2 years of creative or performance experience.,Medium preparation needed. Usually requires 1-2 years of creative or performance experience.,Associate degree or certificate in relevant field. Portfolio or audition often required.,Associate degree or certificate in relevant field. Portfolio or audition often required.,47422.00,116114.00,81768.00,USD,"[{""max"""": 70068.13"," '""min'"": 47422.0"," '""label'"": '""Entry Level'""}"," {'""max'"": 96222.77"," '""min'"": 70068.13"," """"label"""": """"Mid Level""""}"," {'""max'"": 116114.0"," '""min'"": 96222.77"," '""label'"": '""Senior Level'""}]""",1138128000.00,2786736000.00,1962432000.00,VND,"[{'max'"": 1681635011"," '""min'"": 1138128000"," '""label'"": '""Cấp mới vào nghề'""}"," {'""max'"": 2309346428"," '""min'"": 1681635011"," '""label'"": '""Cấp trung cấp'""}"," {'""max'"": 2786736000"," '""min'"": 2309346428"," '""label'"": '""Cấp cao cấp'""}]""",2026-01-27 15:44:54.424881+00
355,Medium preparation needed. Usually requires 1-2 years of creative or performance experience.,Medium preparation needed. Usually requires 1-2 years of creative or performance experience.,Associate degree or certificate in relevant field. Portfolio or audition often required.,Associate degree or certificate in relevant field. Portfolio or audition often required.,78937.00,107844.00,93390.00,USD,"[{""max"""": 88433.84"," '""min'"": 78937.0"," '""label'"": '""Entry Level'""}"," {'""max'"": 98832.51"," '""min'"": 88433.84"," """"label"""": """"Mid Level""""}"," {'""max'"": 107844.0"," '""min'"": 98832.51"," '""label'"": '""Senior Level'""}]""",1894488000.00,2588256000.00,2241360000.00,VND,"[{'max'"": 2122412217"," '""min'"": 1894488000"," '""label'"": '""Cấp mới vào nghề'""}"," {'""max'"": 2371980249"," '""min'"": 2122412217"," '""label'"": '""Cấp trung cấp'""}"," {'""max'"": 2588256000"," '""min'"": 2371980249"," '""label'"": '""Cấp cao cấp'""}]""",2026-01-27 15:44:54.424881+00
356,Medium preparation needed. Usually requires 1-2 years of creative or performance experience.,Medium preparation needed. Usually requires 1-2 years of creative or performance experience.,Associate degree or certificate in relevant field. Portfolio or audition often required.,Associate degree or certificate in relevant field. Portfolio or audition often required.,68222.00,171112.00,119667.00,USD,"[{""max"""": 101236.16"," '""min'"": 68222.0"," '""label'"": '""Entry Level'""}"," {'""max'"": 140064.54"," '""min'"": 101236.16"," """"label"""": """"Mid Level""""}"," {'""max'"": 171112.0"," '""min'"": 140064.54"," '""label'"": '""Senior Level'""}]""",1637328000.00,4106688000.00,2872008000.00,VND,"[{'max'"": 2429667737"," '""min'"": 1637328000"," '""label'"": '""Cấp mới vào nghề'""}"," {'""max'"": 3361548945"," '""min'"": 2429667737"," '""label'"": '""Cấp trung cấp'""}"," {'""max'"": 4106688000"," '""min'"": 3361548945"," '""label'"": '""Cấp cao cấp'""}]""",2026-01-27 15:44:54.424881+00
357,Medium preparation needed. Usually requires 1-2 years of creative or performance experience.,Medium preparation needed. Usually requires 1-2 years of creative or performance experience.,Associate degree or certificate in relevant field. Portfolio or audition often required.,Associate degree or certificate in relevant field. Portfolio or audition often required.,42908.00,123273.00,83090.00,USD,"[{""max"""": 64906.03"," '""min'"": 42908.0"," '""label'"": '""Entry Level'""}"," {'""max'"": 96061.43"," '""min'"": 64906.03"," """"label"""": """"Mid Level""""}"," {'""max'"": 123273.0"," '""min'"": 96061.43"," '""label'"": '""Senior Level'""}]""",1029792000.00,2958552000.00,1994160000.00,VND,"[{'max'"": 1557744826"," '""min'"": 1029792000"," '""label'"": '""Cấp mới vào nghề'""}"," {'""max'"": 2305474368"," '""min'"": 1557744826"," '""label'"": '""Cấp trung cấp'""}"," {'""max'"": 2958552000"," '""min'"": 2305474368"," '""label'"": '""Cấp cao cấp'""}]""",2026-01-27 15:44:54.424881+00
358,Medium preparation needed. Usually requires 1-2 years of creative or performance experience.,Medium preparation needed. Usually requires 1-2 years of creative or performance experience.,Associate degree or certificate in relevant field. Portfolio or audition often required.,Associate degree or certificate in relevant field. Portfolio or audition often required.,61647.00,111156.00,86401.00,USD,"[{""max"""": 76065.22"," '""min'"": 61647.0"," '""label'"": '""Entry Level'""}"," {'""max'"": 95057.57"," '""min'"": 76065.22"," """"label"""": """"Mid Level""""}"," {'""max'"": 111156.0"," '""min'"": 95057.57"," '""label'"": '""Senior Level'""}]""",1479528000.00,2667744000.00,2073624000.00,VND,"[{'max'"": 1825565392"," '""min'"": 1479528000"," '""label'"": '""Cấp mới vào nghề'""}"," {'""max'"": 2281381648"," '""min'"": 1825565392"," '""label'"": '""Cấp trung cấp'""}"," {'""max'"": 2667744000"," '""min'"": 2281381648"," '""label'"": '""Cấp cao cấp'""}]""",2026-01-27 15:44:54.424881+00
359,Medium preparation needed. Usually requires 1-2 years of creative or performance experience.,Medium preparation needed. Usually requires 1-2 years of creative or performance experience.,Associate degree or certificate in relevant field. Portfolio or audition often required.,Associate degree or certificate in relevant field. Portfolio or audition often required.,44158.00,181502.00,112830.00,USD,"[{""max"""": 87955.39"," '""min'"": 44158.0"," '""label'"": '""Entry Level'""}"," {'""max'"": 140117.19"," '""min'"": 87955.39"," """"label"""": """"Mid Level""""}"," {'""max'"": 181502.0"," '""min'"": 140117.19"," '""label'"": '""Senior Level'""}]""",1059792000.00,4356048000.00,2707920000.00,VND,"[{'max'"": 2110929414"," '""min'"": 1059792000"," '""label'"": '""Cấp mới vào nghề'""}"," {'""max'"": 3362812479"," '""min'"": 2110929414"," '""label'"": '""Cấp trung cấp'""}"," {'""max'"": 4356048000"," '""min'"": 3362812479"," '""label'"": '""Cấp cao cấp'""}]""",2026-01-27 15:44:54.424881+00
360,Medium preparation needed. Usually requires 1-2 years of creative or performance experience.,Medium preparation needed. Usually requires 1-2 years of creative or performance experience.,Associate degree or certificate in relevant field. Portfolio or audition often required.,Associate degree or certificate in relevant field. Portfolio or audition often required.,49657.00,106516.00,78086.00,USD,"[{""max"""": 69027.97"," '""min'"": 49657.0"," '""label'"": '""Entry Level'""}"," {'""max'"": 87261.01"," '""min'"": 69027.97"," """"label"""": """"Mid Level""""}"," {'""max'"": 106516.0"," '""min'"": 87261.01"," '""label'"": '""Senior Level'""}]""",1191768000.00,2556384000.00,1874064000.00,VND,"[{'max'"": 1656671346"," '""min'"": 1191768000"," '""label'"": '""Cấp mới vào nghề'""}"," {'""max'"": 2094264360"," '""min'"": 1656671346"," '""label'"": '""Cấp trung cấp'""}"," {'""max'"": 2556384000"," '""min'"": 2094264360"," '""label'"": '""Cấp cao cấp'""}]""",2026-01-27 15:44:54.424881+00
361,Medium preparation needed. Usually requires 1-2 years of creative or performance experience.,Medium preparation needed. Usually requires 1-2 years of creative or performance experience.,Associate degree or certificate in relevant field. Portfolio or audition often required.,Associate degree or certificate in relevant field. Portfolio or audition often required.,61867.00,108236.00,85051.00,USD,"[{""max"""": 77079.79"," '""min'"": 61867.0"," '""label'"": '""Entry Level'""}"," {'""max'"": 96437.64"," '""min'"": 77079.79"," """"label"""": """"Mid Level""""}"," {'""max'"": 108236.0"," '""min'"": 96437.64"," '""label'"": '""Senior Level'""}]""",1484808000.00,2597664000.00,2041224000.00,VND,"[{'max'"": 1849915077"," '""min'"": 1484808000"," '""label'"": '""Cấp mới vào nghề'""}"," {'""max'"": 2314503474"," '""min'"": 1849915077"," '""label'"": '""Cấp trung cấp'""}"," {'""max'"": 2597664000"," '""min'"": 2314503474"," '""label'"": '""Cấp cao cấp'""}]""",2026-01-27 15:44:54.424881+00
362,Medium preparation needed. Usually requires 1-2 years of creative or performance experience.,Medium preparation needed. Usually requires 1-2 years of creative or performance experience.,Associate degree or certificate in relevant field. Portfolio or audition often required.,Associate degree or certificate in relevant field. Portfolio or audition often required.,76674.00,128098.00,102386.00,USD,"[{""max"""": 90168.01"," '""min'"": 76674.0"," '""label'"": '""Entry Level'""}"," {'""max'"": 112746.53"," '""min'"": 90168.01"," """"label"""": """"Mid Level""""}"," {'""max'"": 128098.0"," '""min'"": 112746.53"," '""label'"": '""Senior Level'""}]""",1840176000.00,3074352000.00,2457264000.00,VND,"[{'max'"": 2164032299"," '""min'"": 1840176000"," '""label'"": '""Cấp mới vào nghề'""}"," {'""max'"": 2705916694"," '""min'"": 2164032299"," '""label'"": '""Cấp trung cấp'""}"," {'""max'"": 3074352000"," '""min'"": 2705916694"," '""label'"": '""Cấp cao cấp'""}]""",2026-01-27 15:44:54.424881+00
363,Medium preparation needed. Usually requires 1-2 years of creative or performance experience.,Medium preparation needed. Usually requires 1-2 years of creative or performance experience.,Associate degree or certificate in relevant field. Portfolio or audition often required.,Associate degree or certificate in relevant field. Portfolio or audition often required.,79355.00,163920.00,121637.00,USD,"[{""max"""": 107255.8"," '""min'"": 79355.0"," '""label'"": '""Entry Level'""}"," {'""max'"": 138612.39"," '""min'"": 107255.8"," """"label"""": """"Mid Level""""}"," {'""max'"": 163920.0"," '""min'"": 138612.39"," '""label'"": '""Senior Level'""}]""",1904520000.00,3934080000.00,2919288000.00,VND,"[{'max'"": 2574139244"," '""min'"": 1904520000"," '""label'"": '""Cấp mới vào nghề'""}"," {'""max'"": 3326697386"," '""min'"": 2574139244"," '""label'"": '""Cấp trung cấp'""}"," {'""max'"": 3934080000"," '""min'"": 3326697386"," '""label'"": '""Cấp cao cấp'""}]""",2026-01-27 15:44:54.424881+00
364,Medium preparation needed. Usually requires 1-2 years of creative or performance experience.,Medium preparation needed. Usually requires 1-2 years of creative or performance experience.,Associate degree or certificate in relevant field. Portfolio or audition often required.,Associate degree or certificate in relevant field. Portfolio or audition often required.,58243.00,137454.00,97848.00,USD,"[{""max"""": 79807.16"," '""min'"": 58243.0"," '""label'"": '""Entry Level'""}"," {'""max'"": 114262.28"," '""min'"": 79807.16"," """"label"""": """"Mid Level""""}"," {'""max'"": 137454.0"," '""min'"": 114262.28"," '""label'"": '""Senior Level'""}]""",1397832000.00,3298896000.00,2348352000.00,VND,"[{'max'"": 1915371777"," '""min'"": 1397832000"," '""label'"": '""Cấp mới vào nghề'""}"," {'""max'"": 2742294650"," '""min'"": 1915371777"," '""label'"": '""Cấp trung cấp'""}"," {'""max'"": 3298896000"," '""min'"": 2742294650"," '""label'"": '""Cấp cao cấp'""}]""",2026-01-27 15:44:54.424881+00
365,Medium preparation needed. Usually requires 1-2 years of creative or performance experience.,Medium preparation needed. Usually requires 1-2 years of creative or performance experience.,Associate degree or certificate in relevant field. Portfolio or audition often required.,Associate degree or certificate in relevant field. Portfolio or audition often required.,51919.00,132912.00,92415.00,USD,"[{""max"""": 79633.17"," '""min'"": 51919.0"," '""label'"": '""Entry Level'""}"," {'""max'"": 109620.41"," '""min'"": 79633.17"," """"label"""": """"Mid Level""""}"," {'""max'"": 132912.0"," '""min'"": 109620.41"," '""label'"": '""Senior Level'""}]""",1246056000.00,3189888000.00,2217960000.00,VND,"[{'max'"": 1911196066"," '""min'"": 1246056000"," '""label'"": '""Cấp mới vào nghề'""}"," {'""max'"": 2630889876"," '""min'"": 1911196066"," '""label'"": '""Cấp trung cấp'""}"," {'""max'"": 3189888000"," '""min'"": 2630889876"," '""label'"": '""Cấp cao cấp'""}]""",2026-01-27 15:44:54.424881+00
366,Medium preparation needed. Usually requires 1-2 years of creative or performance experience.,Medium preparation needed. Usually requires 1-2 years of creative or performance experience.,Associate degree or certificate in relevant field. Portfolio or audition often required.,Associate degree or certificate in relevant field. Portfolio or audition often required.,57943.00,174936.00,116439.00,USD,"[{""max"""": 92014.89"," '""min'"": 57943.0"," '""label'"": '""Entry Level'""}"," {'""max'"": 142598.1"," '""min'"": 92014.89"," """"label"""": """"Mid Level""""}"," {'""max'"": 174936.0"," '""min'"": 142598.1"," '""label'"": '""Senior Level'""}]""",1390632000.00,4198464000.00,2794536000.00,VND,"[{'max'"": 2208357401"," '""min'"": 1390632000"," '""label'"": '""Cấp mới vào nghề'""}"," {'""max'"": 3422354411"," '""min'"": 2208357401"," '""label'"": '""Cấp trung cấp'""}"," {'""max'"": 4198464000"," '""min'"": 3422354411"," '""label'"": '""Cấp cao cấp'""}]""",2026-01-27 15:44:54.424881+00
367,Medium preparation needed. Usually requires 1-2 years of creative or performance experience.,Medium preparation needed. Usually requires 1-2 years of creative or performance experience.,Associate degree or certificate in relevant field. Portfolio or audition often required.,Associate degree or certificate in relevant field. Portfolio or audition often required.,50580.00,164213.00,107396.00,USD,"[{""max"""": 88045.56"," '""min'"": 50580.0"," '""label'"": '""Entry Level'""}"," {'""max'"": 131286.45"," '""min'"": 88045.56"," """"label"""": """"Mid Level""""}"," {'""max'"": 164213.0"," '""min'"": 131286.45"," '""label'"": '""Senior Level'""}]""",1213920000.00,3941112000.00,2577504000.00,VND,"[{'max'"": 2113093504"," '""min'"": 1213920000"," '""label'"": '""Cấp mới vào nghề'""}"," {'""max'"": 3150874822"," '""min'"": 2113093504"," '""label'"": '""Cấp trung cấp'""}"," {'""max'"": 3941112000"," '""min'"": 3150874822"," '""label'"": '""Cấp cao cấp'""}]""",2026-01-27 15:44:54.424881+00
368,Medium preparation needed. Usually requires 1-2 years of creative or performance experience.,Medium preparation needed. Usually requires 1-2 years of creative or performance experience.,Associate degree or certificate in relevant field. Portfolio or audition often required.,Associate degree or certificate in relevant field. Portfolio or audition often required.,64580.00,101244.00,82912.00,USD,"[{""max"""": 75547.24"," '""min'"": 64580.0"," '""label'"": '""Entry Level'""}"," {'""max'"": 91418.06"," '""min'"": 75547.24"," """"label"""": """"Mid Level""""}"," {'""max'"": 101244.0"," '""min'"": 91418.06"," '""label'"": '""Senior Level'""}]""",1549920000.00,2429856000.00,1989888000.00,VND,"[{'max'"": 1813133658"," '""min'"": 1549920000"," '""label'"": '""Cấp mới vào nghề'""}"," {'""max'"": 2194033478"," '""min'"": 1813133658"," '""label'"": '""Cấp trung cấp'""}"," {'""max'"": 2429856000"," '""min'"": 2194033478"," '""label'"": '""Cấp cao cấp'""}]""",2026-01-27 15:44:54.424881+00
369,Medium preparation needed. Usually requires 1-2 years of creative or performance experience.,Medium preparation needed. Usually requires 1-2 years of creative or performance experience.,Associate degree or certificate in relevant field. Portfolio or audition often required.,Associate degree or certificate in relevant field. Portfolio or audition often required.,57038.00,130593.00,93815.00,USD,"[{""max"""": 78946.89"," '""min'"": 57038.0"," '""label'"": '""Entry Level'""}"," {'""max'"": 111266.43"," '""min'"": 78946.89"," """"label"""": """"Mid Level""""}"," {'""max'"": 130593.0"," '""min'"": 111266.43"," '""label'"": '""Senior Level'""}]""",1368912000.00,3134232000.00,2251560000.00,VND,"[{'max'"": 1894725458"," '""min'"": 1368912000"," '""label'"": '""Cấp mới vào nghề'""}"," {'""max'"": 2670394387"," '""min'"": 1894725458"," '""label'"": '""Cấp trung cấp'""}"," {'""max'"": 3134232000"," '""min'"": 2670394387"," '""label'"": '""Cấp cao cấp'""}]""",2026-01-27 15:44:54.424881+00
370,Medium preparation needed. Usually requires 1-2 years of creative or performance experience.,Medium preparation needed. Usually requires 1-2 years of creative or performance experience.,Associate degree or certificate in relevant field. Portfolio or audition often required.,Associate degree or certificate in relevant field. Portfolio or audition often required.,76670.00,110882.00,93776.00,USD,"[{""max"""": 87048.64"," '""min'"": 76670.0"," '""label'"": '""Entry Level'""}"," {'""max'"": 102254.27"," '""min'"": 87048.64"," """"label"""": """"Mid Level""""}"," {'""max'"": 110882.0"," '""min'"": 102254.27"," '""label'"": '""Senior Level'""}]""",1840080000.00,2661168000.00,2250624000.00,VND,"[{'max'"": 2089167385"," '""min'"": 1840080000"," '""label'"": '""Cấp mới vào nghề'""}"," {'""max'"": 2454102405"," '""min'"": 2089167385"," '""label'"": '""Cấp trung cấp'""}"," {'""max'"": 2661168000"," '""min'"": 2454102405"," '""label'"": '""Cấp cao cấp'""}]""",2026-01-27 15:44:54.424881+00
371,Medium preparation needed. Usually requires 1-2 years of creative or performance experience.,Medium preparation needed. Usually requires 1-2 years of creative or performance experience.,Associate degree or certificate in relevant field. Portfolio or audition often required.,Associate degree or certificate in relevant field. Portfolio or audition often required.,55422.00,125880.00,90651.00,USD,"[{""max"""": 73077.82"," '""min'"": 55422.0"," '""label'"": '""Entry Level'""}"," {'""max'"": 104897.75"," '""min'"": 73077.82"," """"label"""": """"Mid Level""""}"," {'""max'"": 125880.0"," '""min'"": 104897.75"," '""label'"": '""Senior Level'""}]""",1330128000.00,3021120000.00,2175624000.00,VND,"[{'max'"": 1753867645"," '""min'"": 1330128000"," '""label'"": '""Cấp mới vào nghề'""}"," {'""max'"": 2517545969"," '""min'"": 1753867645"," '""label'"": '""Cấp trung cấp'""}"," {'""max'"": 3021120000"," '""min'"": 2517545969"," '""label'"": '""Cấp cao cấp'""}]""",2026-01-27 15:44:54.424881+00
372,Medium preparation needed. Usually requires 1-2 years of creative or performance experience.,Medium preparation needed. Usually requires 1-2 years of creative or performance experience.,Associate degree or certificate in relevant field. Portfolio or audition often required.,Associate degree or certificate in relevant field. Portfolio or audition often required.,57910.00,119043.00,88476.00,USD,"[{""max"""": 77213.76"," '""min'"": 57910.0"," '""label'"": '""Entry Level'""}"," {'""max'"": 103682.09"," '""min'"": 77213.76"," """"label"""": """"Mid Level""""}"," {'""max'"": 119043.0"," '""min'"": 103682.09"," '""label'"": '""Senior Level'""}]""",1389840000.00,2857032000.00,2123424000.00,VND,"[{'max'"": 1853130281"," '""min'"": 1389840000"," '""label'"": '""Cấp mới vào nghề'""}"," {'""max'"": 2488370087"," '""min'"": 1853130281"," '""label'"": '""Cấp trung cấp'""}"," {'""max'"": 2857032000"," '""min'"": 2488370087"," '""label'"": '""Cấp cao cấp'""}]""",2026-01-27 15:44:54.424881+00
373,Medium preparation needed. Usually requires 1-2 years of creative or performance experience.,Medium preparation needed. Usually requires 1-2 years of creative or performance experience.,Associate degree or certificate in relevant field. Portfolio or audition often required.,Associate degree or certificate in relevant field. Portfolio or audition often required.,54530.00,164860.00,109695.00,USD,"[{""max"""": 90332.14"," '""min'"": 54530.0"," '""label'"": '""Entry Level'""}"," {'""max'"": 128326.95"," '""min'"": 90332.14"," """"label"""": """"Mid Level""""}"," {'""max'"": 164860.0"," '""min'"": 128326.95"," '""label'"": '""Senior Level'""}]""",1308720000.00,3956640000.00,2632680000.00,VND,"[{'max'"": 2167971396"," '""min'"": 1308720000"," '""label'"": '""Cấp mới vào nghề'""}"," {'""max'"": 3079846807"," '""min'"": 2167971396"," '""label'"": '""Cấp trung cấp'""}"," {'""max'"": 3956640000"," '""min'"": 3079846807"," '""label'"": '""Cấp cao cấp'""}]""",2026-01-27 15:44:54.424881+00
374,Medium preparation needed. Usually requires 1-2 years of creative or performance experience.,Medium preparation needed. Usually requires 1-2 years of creative or performance experience.,Associate degree or certificate in relevant field. Portfolio or audition often required.,Associate degree or certificate in relevant field. Portfolio or audition often required.,73740.00,177812.00,125776.00,USD,"[{""max"""": 100803.69"," '""min'"": 73740.0"," '""label'"": '""Entry Level'""}"," {'""max'"": 142495.74"," '""min'"": 100803.69"," """"label"""": """"Mid Level""""}"," {'""max'"": 177812.0"," '""min'"": 142495.74"," '""label'"": '""Senior Level'""}]""",1769760000.00,4267488000.00,3018624000.00,VND,"[{'max'"": 2419288507"," '""min'"": 1769760000"," '""label'"": '""Cấp mới vào nghề'""}"," {'""max'"": 3419897805"," '""min'"": 2419288507"," '""label'"": '""Cấp trung cấp'""}"," {'""max'"": 4267488000"," '""min'"": 3419897805"," '""label'"": '""Cấp cao cấp'""}]""",2026-01-27 15:44:54.424881+00
375,Medium preparation needed. Usually requires 1-2 years of creative or performance experience.,Medium preparation needed. Usually requires 1-2 years of creative or performance experience.,Associate degree or certificate in relevant field. Portfolio or audition often required.,Associate degree or certificate in relevant field. Portfolio or audition often required.,56546.00,170813.00,113679.00,USD,"[{""max"""": 85762.52"," '""min'"": 56546.0"," '""label'"": '""Entry Level'""}"," {'""max'"": 132470.75"," '""min'"": 85762.52"," """"label"""": """"Mid Level""""}"," {'""max'"": 170813.0"," '""min'"": 132470.75"," '""label'"": '""Senior Level'""}]""",1357104000.00,4099512000.00,2728296000.00,VND,"[{'max'"": 2058300518"," '""min'"": 1357104000"," '""label'"": '""Cấp mới vào nghề'""}"," {'""max'"": 3179297912"," '""min'"": 2058300518"," '""label'"": '""Cấp trung cấp'""}"," {'""max'"": 4099512000"," '""min'"": 3179297912"," '""label'"": '""Cấp cao cấp'""}]""",2026-01-27 15:44:54.424881+00
376,Medium preparation needed. Usually requires 1-2 years of creative or performance experience.,Medium preparation needed. Usually requires 1-2 years of creative or performance experience.,Associate degree or certificate in relevant field. Portfolio or audition often required.,Associate degree or certificate in relevant field. Portfolio or audition often required.,68088.00,141848.00,104968.00,USD,"[{""max"""": 91845.27"," '""min'"": 68088.0"," '""label'"": '""Entry Level'""}"," {'""max'"": 120599.07"," '""min'"": 91845.27"," """"label"""": """"Mid Level""""}"," {'""max'"": 141848.0"," '""min'"": 120599.07"," '""label'"": '""Senior Level'""}]""",1634112000.00,3404352000.00,2519232000.00,VND,"[{'max'"": 2204286364"," '""min'"": 1634112000"," '""label'"": '""Cấp mới vào nghề'""}"," {'""max'"": 2894377667"," '""min'"": 2204286364"," '""label'"": '""Cấp trung cấp'""}"," {'""max'"": 3404352000"," '""min'"": 2894377667"," '""label'"": '""Cấp cao cấp'""}]""",2026-01-27 15:44:54.424881+00
377,Medium preparation needed. Usually requires 1-2 years of creative or performance experience.,Medium preparation needed. Usually requires 1-2 years of creative or performance experience.,Associate degree or certificate in relevant field. Portfolio or audition often required.,Associate degree or certificate in relevant field. Portfolio or audition often required.,72914.00,151008.00,111961.00,USD,"[{""max"""": 94384.53"," '""min'"": 72914.0"," '""label'"": '""Entry Level'""}"," {'""max'"": 126456.27"," '""min'"": 94384.53"," """"label"""": """"Mid Level""""}"," {'""max'"": 151008.0"," '""min'"": 126456.27"," '""label'"": '""Senior Level'""}]""",1749936000.00,3624192000.00,2687064000.00,VND,"[{'max'"": 2265228621"," '""min'"": 1749936000"," '""label'"": '""Cấp mới vào nghề'""}"," {'""max'"": 3034950534"," '""min'"": 2265228621"," '""label'"": '""Cấp trung cấp'""}"," {'""max'"": 3624192000"," '""min'"": 3034950534"," '""label'"": '""Cấp cao cấp'""}]""",2026-01-27 15:44:54.424881+00
378,Medium preparation needed. Usually requires 1-2 years of creative or performance experience.,Medium preparation needed. Usually requires 1-2 years of creative or performance experience.,Associate degree or certificate in relevant field. Portfolio or audition often required.,Associate degree or certificate in relevant field. Portfolio or audition often required.,40915.00,143424.00,92169.00,USD,"[{""max"""": 68107.52"," '""min'"": 40915.0"," '""label'"": '""Entry Level'""}"," {'""max'"": 114441.58"," '""min'"": 68107.52"," """"label"""": """"Mid Level""""}"," {'""max'"": 143424.0"," '""min'"": 114441.58"," '""label'"": '""Senior Level'""}]""",981960000.00,3442176000.00,2212056000.00,VND,"[{'max'"": 1634580476"," '""min'"": 981960000"," '""label'"": '""Cấp mới vào nghề'""}"," {'""max'"": 2746598009"," '""min'"": 1634580476"," '""label'"": '""Cấp trung cấp'""}"," {'""max'"": 3442176000"," '""min'"": 2746598009"," '""label'"": '""Cấp cao cấp'""}]""",2026-01-27 15:44:54.424881+00
379,Medium preparation needed. Usually requires 1-2 years of creative or performance experience.,Medium preparation needed. Usually requires 1-2 years of creative or performance experience.,Associate degree or certificate in relevant field. Portfolio or audition often required.,Associate degree or certificate in relevant field. Portfolio or audition often required.,54639.00,185242.00,119940.00,USD,"[{""max"""": 94257.51"," '""min'"": 54639.0"," '""label'"": '""Entry Level'""}"," {'""max'"": 143725.23"," '""min'"": 94257.51"," """"label"""": """"Mid Level""""}"," {'""max'"": 185242.0"," '""min'"": 143725.23"," '""label'"": '""Senior Level'""}]""",1311336000.00,4445808000.00,2878560000.00,VND,"[{'max'"": 2262180325"," '""min'"": 1311336000"," '""label'"": '""Cấp mới vào nghề'""}"," {'""max'"": 3449405493"," '""min'"": 2262180325"," '""label'"": '""Cấp trung cấp'""}"," {'""max'"": 4445808000"," '""min'"": 3449405493"," '""label'"": '""Cấp cao cấp'""}]""",2026-01-27 15:44:54.424881+00
380,Medium preparation needed. Usually requires 1-2 years of creative or performance experience.,Medium preparation needed. Usually requires 1-2 years of creative or performance experience.,Associate degree or certificate in relevant field. Portfolio or audition often required.,Associate degree or certificate in relevant field. Portfolio or audition often required.,47043.00,123405.00,85224.00,USD,"[{""max"""": 73279.6"," '""min'"": 47043.0"," '""label'"": '""Entry Level'""}"," {'""max'"": 100112.45"," '""min'"": 73279.6"," """"label"""": """"Mid Level""""}"," {'""max'"": 123405.0"," '""min'"": 100112.45"," '""label'"": '""Senior Level'""}]""",1129032000.00,2961720000.00,2045376000.00,VND,"[{'max'"": 1758710427"," '""min'"": 1129032000"," '""label'"": '""Cấp mới vào nghề'""}"," {'""max'"": 2402698801"," '""min'"": 1758710427"," '""label'"": '""Cấp trung cấp'""}"," {'""max'"": 2961720000"," '""min'"": 2402698801"," '""label'"": '""Cấp cao cấp'""}]""",2026-01-27 15:44:54.424881+00
381,Medium preparation needed. Usually requires 1-2 years of creative or performance experience.,Medium preparation needed. Usually requires 1-2 years of creative or performance experience.,Associate degree or certificate in relevant field. Portfolio or audition often required.,Associate degree or certificate in relevant field. Portfolio or audition often required.,75288.00,145743.00,110515.00,USD,"[{""max"""": 98455.33"," '""min'"": 75288.0"," '""label'"": '""Entry Level'""}"," {'""max'"": 124003.79"," '""min'"": 98455.33"," """"label"""": """"Mid Level""""}"," {'""max'"": 145743.0"," '""min'"": 124003.79"," '""label'"": '""Senior Level'""}]""",1806912000.00,3497832000.00,2652360000.00,VND,"[{'max'"": 2362927956"," '""min'"": 1806912000"," '""label'"": '""Cấp mới vào nghề'""}"," {'""max'"": 2976090870"," '""min'"": 2362927956"," '""label'"": '""Cấp trung cấp'""}"," {'""max'"": 3497832000"," '""min'"": 2976090870"," '""label'"": '""Cấp cao cấp'""}]""",2026-01-27 15:44:54.424881+00
382,Medium preparation needed. Usually requires 1-2 years of creative or performance experience.,Medium preparation needed. Usually requires 1-2 years of creative or performance experience.,Associate degree or certificate in relevant field. Portfolio or audition often required.,Associate degree or certificate in relevant field. Portfolio or audition often required.,64550.00,188022.00,126286.00,USD,"[{""max"""": 97270.15"," '""min'"": 64550.0"," '""label'"": '""Entry Level'""}"," {'""max'"": 148601.49"," '""min'"": 97270.15"," """"label"""": """"Mid Level""""}"," {'""max'"": 188022.0"," '""min'"": 148601.49"," '""label'"": '""Senior Level'""}]""",1549200000.00,4512528000.00,3030864000.00,VND,"[{'max'"": 2334483635"," '""min'"": 1549200000"," '""label'"": '""Cấp mới vào nghề'""}"," {'""max'"": 3566435812"," '""min'"": 2334483635"," '""label'"": '""Cấp trung cấp'""}"," {'""max'"": 4512528000"," '""min'"": 3566435812"," '""label'"": '""Cấp cao cấp'""}]""",2026-01-27 15:44:54.424881+00
383,Medium preparation needed. Usually requires 1-2 years of creative or performance experience.,Medium preparation needed. Usually requires 1-2 years of creative or performance experience.,Associate degree or certificate in relevant field. Portfolio or audition often required.,Associate degree or certificate in relevant field. Portfolio or audition often required.,79871.00,126138.00,103004.00,USD,"[{""max"""": 93586.77"," '""min'"": 79871.0"," '""label'"": '""Entry Level'""}"," {'""max'"": 113531.91"," '""min'"": 93586.77"," """"label"""": """"Mid Level""""}"," {'""max'"": 126138.0"," '""min'"": 113531.91"," '""label'"": '""Senior Level'""}]""",1916904000.00,3027312000.00,2472096000.00,VND,"[{'max'"": 2246082364"," '""min'"": 1916904000"," '""label'"": '""Cấp mới vào nghề'""}"," {'""max'"": 2724765757"," '""min'"": 2246082364"," '""label'"": '""Cấp trung cấp'""}"," {'""max'"": 3027312000"," '""min'"": 2724765757"," '""label'"": '""Cấp cao cấp'""}]""",2026-01-27 15:44:54.424881+00
384,Medium preparation needed. Usually requires 1-2 years of creative or performance experience.,Medium preparation needed. Usually requires 1-2 years of creative or performance experience.,Associate degree or certificate in relevant field. Portfolio or audition often required.,Associate degree or certificate in relevant field. Portfolio or audition often required.,61356.00,109245.00,85300.00,USD,"[{""max"""": 75929.13"," '""min'"": 61356.0"," '""label'"": '""Entry Level'""}"," {'""max'"": 92621.67"," '""min'"": 75929.13"," """"label"""": """"Mid Level""""}"," {'""max'"": 109245.0"," '""min'"": 92621.67"," '""label'"": '""Senior Level'""}]""",1472544000.00,2621880000.00,2047200000.00,VND,"[{'max'"": 1822299069"," '""min'"": 1472544000"," '""label'"": '""Cấp mới vào nghề'""}"," {'""max'"": 2222920007"," '""min'"": 1822299069"," '""label'"": '""Cấp trung cấp'""}"," {'""max'"": 2621880000"," '""min'"": 2222920007"," '""label'"": '""Cấp cao cấp'""}]""",2026-01-27 15:44:54.424881+00
385,Medium preparation needed. Usually requires 1-2 years of creative or performance experience.,Medium preparation needed. Usually requires 1-2 years of creative or performance experience.,Associate degree or certificate in relevant field. Portfolio or audition often required.,Associate degree or certificate in relevant field. Portfolio or audition often required.,69104.00,196444.00,132774.00,USD,"[{""max"""": 113611.48"," '""min'"": 69104.0"," '""label'"": '""Entry Level'""}"," {'""max'"": 157390.15"," '""min'"": 113611.48"," """"label"""": """"Mid Level""""}"," {'""max'"": 196444.0"," '""min'"": 157390.15"," '""label'"": '""Senior Level'""}]""",1658496000.00,4714656000.00,3186576000.00,VND,"[{'max'"": 2726675576"," '""min'"": 1658496000"," '""label'"": '""Cấp mới vào nghề'""}"," {'""max'"": 3777363683"," '""min'"": 2726675576"," '""label'"": '""Cấp trung cấp'""}"," {'""max'"": 4714656000"," '""min'"": 3777363683"," '""label'"": '""Cấp cao cấp'""}]""",2026-01-27 15:44:54.424881+00
386,Medium preparation needed. Usually requires 1-2 years of creative or performance experience.,Medium preparation needed. Usually requires 1-2 years of creative or performance experience.,Associate degree or certificate in relevant field. Portfolio or audition often required.,Associate degree or certificate in relevant field. Portfolio or audition often required.,77344.00,119374.00,98359.00,USD,"[{""max"""": 89711.92"," '""min'"": 77344.0"," '""label'"": '""Entry Level'""}"," {'""max'"": 108483.9"," '""min'"": 89711.92"," """"label"""": """"Mid Level""""}"," {'""max'"": 119374.0"," '""min'"": 108483.9"," '""label'"": '""Senior Level'""}]""",1856256000.00,2864976000.00,2360616000.00,VND,"[{'max'"": 2153086159"," '""min'"": 1856256000"," '""label'"": '""Cấp mới vào nghề'""}"," {'""max'"": 2603613497"," '""min'"": 2153086159"," '""label'"": '""Cấp trung cấp'""}"," {'""max'"": 2864976000"," '""min'"": 2603613497"," '""label'"": '""Cấp cao cấp'""}]""",2026-01-27 15:44:54.424881+00
387,Medium preparation needed. Usually requires 1-2 years of creative or performance experience.,Medium preparation needed. Usually requires 1-2 years of creative or performance experience.,Associate degree or certificate in relevant field. Portfolio or audition often required.,Associate degree or certificate in relevant field. Portfolio or audition often required.,72598.00,100658.00,86628.00,USD,"[{""max"""": 81378.6"," '""min'"": 72598.0"," '""label'"": '""Entry Level'""}"," {'""max'"": 92290.56"," '""min'"": 81378.6"," """"label"""": """"Mid Level""""}"," {'""max'"": 100658.0"," '""min'"": 92290.56"," '""label'"": '""Senior Level'""}]""",1742352000.00,2415792000.00,2079072000.00,VND,"[{'max'"": 1953086513"," '""min'"": 1742352000"," '""label'"": '""Cấp mới vào nghề'""}"," {'""max'"": 2214973383"," '""min'"": 1953086513"," '""label'"": '""Cấp trung cấp'""}"," {'""max'"": 2415792000"," '""min'"": 2214973383"," '""label'"": '""Cấp cao cấp'""}]""",2026-01-27 15:44:54.424881+00
388,Medium preparation needed. Usually requires 1-2 years of creative or performance experience.,Medium preparation needed. Usually requires 1-2 years of creative or performance experience.,Associate degree or certificate in relevant field. Portfolio or audition often required.,Associate degree or certificate in relevant field. Portfolio or audition often required.,52132.00,147948.00,100040.00,USD,"[{""max"""": 84589.72"," '""min'"": 52132.0"," '""label'"": '""Entry Level'""}"," {'""max'"": 118034.23"," '""min'"": 84589.72"," """"label"""": """"Mid Level""""}"," {'""max'"": 147948.0"," '""min'"": 118034.23"," '""label'"": '""Senior Level'""}]""",1251168000.00,3550752000.00,2400960000.00,VND,"[{'max'"": 2030153260"," '""min'"": 1251168000"," '""label'"": '""Cấp mới vào nghề'""}"," {'""max'"": 2832821447"," '""min'"": 2030153260"," '""label'"": '""Cấp trung cấp'""}"," {'""max'"": 3550752000"," '""min'"": 2832821447"," '""label'"": '""Cấp cao cấp'""}]""",2026-01-27 15:44:54.424881+00
389,Medium preparation needed. Usually requires 1-2 years of creative or performance experience.,Medium preparation needed. Usually requires 1-2 years of creative or performance experience.,Associate degree or certificate in relevant field. Portfolio or audition often required.,Associate degree or certificate in relevant field. Portfolio or audition often required.,76744.00,155159.00,115951.00,USD,"[{""max"""": 101973.43"," '""min'"": 76744.0"," '""label'"": '""Entry Level'""}"," {'""max'"": 132817.0"," '""min'"": 101973.43"," """"label"""": """"Mid Level""""}"," {'""max'"": 155159.0"," '""min'"": 132817.0"," '""label'"": '""Senior Level'""}]""",1841856000.00,3723816000.00,2782824000.00,VND,"[{'max'"": 2447362243"," '""min'"": 1841856000"," '""label'"": '""Cấp mới vào nghề'""}"," {'""max'"": 3187608052"," '""min'"": 2447362243"," '""label'"": '""Cấp trung cấp'""}"," {'""max'"": 3723816000"," '""min'"": 3187608052"," '""label'"": '""Cấp cao cấp'""}]""",2026-01-27 15:44:54.424881+00
390,Medium preparation needed. Usually requires 1-2 years of creative or performance experience.,Medium preparation needed. Usually requires 1-2 years of creative or performance experience.,Associate degree or certificate in relevant field. Portfolio or audition often required.,Associate degree or certificate in relevant field. Portfolio or audition often required.,47146.00,106874.00,77010.00,USD,"[{""max"""": 62746.86"," '""min'"": 47146.0"," '""label'"": '""Entry Level'""}"," {'""max'"": 89430.62"," '""min'"": 62746.86"," """"label"""": """"Mid Level""""}"," {'""max'"": 106874.0"," '""min'"": 89430.62"," '""label'"": '""Senior Level'""}]""",1131504000.00,2564976000.00,1848240000.00,VND,"[{'max'"": 1505924759"," '""min'"": 1131504000"," '""label'"": '""Cấp mới vào nghề'""}"," {'""max'"": 2146334810"," '""min'"": 1505924759"," '""label'"": '""Cấp trung cấp'""}"," {'""max'"": 2564976000"," '""min'"": 2146334810"," '""label'"": '""Cấp cao cấp'""}]""",2026-01-27 15:44:54.424881+00
391,Medium preparation needed. Usually requires 1-2 years of creative or performance experience.,Medium preparation needed. Usually requires 1-2 years of creative or performance experience.,Associate degree or certificate in relevant field. Portfolio or audition often required.,Associate degree or certificate in relevant field. Portfolio or audition often required.,61581.00,164619.00,113100.00,USD,"[{""max"""": 91028.64"," '""min'"": 61581.0"," '""label'"": '""Entry Level'""}"," {'""max'"": 130203.48"," '""min'"": 91028.64"," """"label"""": """"Mid Level""""}"," {'""max'"": 164619.0"," '""min'"": 130203.48"," '""label'"": '""Senior Level'""}]""",1477944000.00,3950856000.00,2714400000.00,VND,"[{'max'"": 2184687357"," '""min'"": 1477944000"," '""label'"": '""Cấp mới vào nghề'""}"," {'""max'"": 3124883402"," '""min'"": 2184687357"," '""label'"": '""Cấp trung cấp'""}"," {'""max'"": 3950856000"," '""min'"": 3124883402"," '""label'"": '""Cấp cao cấp'""}]""",2026-01-27 15:44:54.424881+00
392,Medium preparation needed. Usually requires 1-2 years of creative or performance experience.,Medium preparation needed. Usually requires 1-2 years of creative or performance experience.,Associate degree or certificate in relevant field. Portfolio or audition often required.,Associate degree or certificate in relevant field. Portfolio or audition often required.,64510.00,150209.00,107359.00,USD,"[{""max"""": 94405.31"," '""min'"": 64510.0"," '""label'"": '""Entry Level'""}"," {'""max'"": 123294.07"," '""min'"": 94405.31"," """"label"""": """"Mid Level""""}"," {'""max'"": 150209.0"," '""min'"": 123294.07"," '""label'"": '""Senior Level'""}]""",1548240000.00,3605016000.00,2576616000.00,VND,"[{'max'"": 2265727394"," '""min'"": 1548240000"," '""label'"": '""Cấp mới vào nghề'""}"," {'""max'"": 2959057730"," '""min'"": 2265727394"," '""label'"": '""Cấp trung cấp'""}"," {'""max'"": 3605016000"," '""min'"": 2959057730"," '""label'"": '""Cấp cao cấp'""}]""",2026-01-27 15:44:54.424881+00
393,Medium preparation needed. Usually requires 1-2 years of creative or performance experience.,Medium preparation needed. Usually requires 1-2 years of creative or performance experience.,Associate degree or certificate in relevant field. Portfolio or audition often required.,Associate degree or certificate in relevant field. Portfolio or audition often required.,75825.00,171701.00,123763.00,USD,"[{""max"""": 101759.86"," '""min'"": 75825.0"," '""label'"": '""Entry Level'""}"," {'""max'"": 141564.52"," '""min'"": 101759.86"," """"label"""": """"Mid Level""""}"," {'""max'"": 171701.0"," '""min'"": 141564.52"," '""label'"": '""Senior Level'""}]""",1819800000.00,4120824000.00,2970312000.00,VND,"[{'max'"": 2442236703"," '""min'"": 1819800000"," '""label'"": '""Cấp mới vào nghề'""}"," {'""max'"": 3397548553"," '""min'"": 2442236703"," '""label'"": '""Cấp trung cấp'""}"," {'""max'"": 4120824000"," '""min'"": 3397548553"," '""label'"": '""Cấp cao cấp'""}]""",2026-01-27 15:44:54.424881+00
394,Medium preparation needed. Usually requires 1-2 years of creative or performance experience.,Medium preparation needed. Usually requires 1-2 years of creative or performance experience.,Associate degree or certificate in relevant field. Portfolio or audition often required.,Associate degree or certificate in relevant field. Portfolio or audition often required.,57275.00,121712.00,89493.00,USD,"[{""max"""": 77835.72"," '""min'"": 57275.0"," '""label'"": '""Entry Level'""}"," {'""max'"": 99230.19"," '""min'"": 77835.72"," """"label"""": """"Mid Level""""}"," {'""max'"": 121712.0"," '""min'"": 99230.19"," '""label'"": '""Senior Level'""}]""",1374600000.00,2921088000.00,2147832000.00,VND,"[{'max'"": 1868057381"," '""min'"": 1374600000"," '""label'"": '""Cấp mới vào nghề'""}"," {'""max'"": 2381524508"," '""min'"": 1868057381"," '""label'"": '""Cấp trung cấp'""}"," {'""max'"": 2921088000"," '""min'"": 2381524508"," '""label'"": '""Cấp cao cấp'""}]""",2026-01-27 15:44:54.424881+00
395,Medium preparation needed. Usually requires 1-2 years of creative or performance experience.,Medium preparation needed. Usually requires 1-2 years of creative or performance experience.,Associate degree or certificate in relevant field. Portfolio or audition often required.,Associate degree or certificate in relevant field. Portfolio or audition often required.,76262.00,122366.00,99314.00,USD,"[{""max"""": 89012.89"," '""min'"": 76262.0"," '""label'"": '""Entry Level'""}"," {'""max'"": 110666.94"," '""min'"": 89012.89"," """"label"""": """"Mid Level""""}"," {'""max'"": 122366.0"," '""min'"": 110666.94"," '""label'"": '""Senior Level'""}]""",1830288000.00,2936784000.00,2383536000.00,VND,"[{'max'"": 2136309458"," '""min'"": 1830288000"," '""label'"": '""Cấp mới vào nghề'""}"," {'""max'"": 2656006652"," '""min'"": 2136309458"," '""label'"": '""Cấp trung cấp'""}"," {'""max'"": 2936784000"," '""min'"": 2656006652"," '""label'"": '""Cấp cao cấp'""}]""",2026-01-27 15:44:54.424881+00
396,Medium preparation needed. Usually requires 1-2 years of creative or performance experience.,Medium preparation needed. Usually requires 1-2 years of creative or performance experience.,Associate degree or certificate in relevant field. Portfolio or audition often required.,Associate degree or certificate in relevant field. Portfolio or audition often required.,45466.00,168028.00,106747.00,USD,"[{""max"""": 76962.56"," '""min'"": 45466.0"," '""label'"": '""Entry Level'""}"," {'""max'"": 127704.65"," '""min'"": 76962.56"," """"label"""": """"Mid Level""""}"," {'""max'"": 168028.0"," '""min'"": 127704.65"," '""label'"": '""Senior Level'""}]""",1091184000.00,4032672000.00,2561928000.00,VND,"[{'max'"": 1847101380"," '""min'"": 1091184000"," '""label'"": '""Cấp mới vào nghề'""}"," {'""max'"": 3064911559"," '""min'"": 1847101380"," '""label'"": '""Cấp trung cấp'""}"," {'""max'"": 4032672000"," '""min'"": 3064911559"," '""label'"": '""Cấp cao cấp'""}]""",2026-01-27 15:44:54.424881+00
397,Medium preparation needed. Usually requires 1-2 years of creative or performance experience.,Medium preparation needed. Usually requires 1-2 years of creative or performance experience.,Associate degree or certificate in relevant field. Portfolio or audition often required.,Associate degree or certificate in relevant field. Portfolio or audition often required.,50573.00,143538.00,97055.00,USD,"[{""max"""": 74081.36"," '""min'"": 50573.0"," '""label'"": '""Entry Level'""}"," {'""max'"": 112775.71"," '""min'"": 74081.36"," """"label"""": """"Mid Level""""}"," {'""max'"": 143538.0"," '""min'"": 112775.71"," '""label'"": '""Senior Level'""}]""",1213752000.00,3444912000.00,2329320000.00,VND,"[{'max'"": 1777952540"," '""min'"": 1213752000"," '""label'"": '""Cấp mới vào nghề'""}"," {'""max'"": 2706617027"," '""min'"": 1777952540"," '""label'"": '""Cấp trung cấp'""}"," {'""max'"": 3444912000"," '""min'"": 2706617027"," '""label'"": '""Cấp cao cấp'""}]""",2026-01-27 15:44:54.424881+00
398,Medium preparation needed. Usually requires 1-2 years of creative or performance experience.,Medium preparation needed. Usually requires 1-2 years of creative or performance experience.,Associate degree or certificate in relevant field. Portfolio or audition often required.,Associate degree or certificate in relevant field. Portfolio or audition often required.,62158.00,167174.00,114666.00,USD,"[{""max"""": 90644.32"," '""min'"": 62158.0"," '""label'"": '""Entry Level'""}"," {'""max'"": 135025.28"," '""min'"": 90644.32"," """"label"""": """"Mid Level""""}"," {'""max'"": 167174.0"," '""min'"": 135025.28"," '""label'"": '""Senior Level'""}]""",1491792000.00,4012176000.00,2751984000.00,VND,"[{'max'"": 2175463736"," '""min'"": 1491792000"," '""label'"": '""Cấp mới vào nghề'""}"," {'""max'"": 3240606808"," '""min'"": 2175463736"," '""label'"": '""Cấp trung cấp'""}"," {'""max'"": 4012176000"," '""min'"": 3240606808"," '""label'"": '""Cấp cao cấp'""}]""",2026-01-27 15:44:54.424881+00
399,Extensive preparation needed. Requires completion of residency or specialized training programs.,Extensive preparation needed. Requires completion of residency or specialized training programs.,"Professional degree required (M.D., D.O., Pharm.D., etc.). Professional license required.","Professional degree required (M.D., D.O., Pharm.D., etc.). Professional license required.",55326.00,136042.00,95684.00,USD,"[{""max"""": 78606.08"," '""min'"": 55326.0"," '""label'"": '""Entry Level'""}"," {'""max'"": 99895.34"," '""min'"": 78606.08"," """"label"""": """"Mid Level""""}"," {'""max'"": 125483.34"," '""min'"": 99895.34"," '""label'"": '""Senior Level'""}"," {'""max'"": 136042.0"," '""min'"": 125483.34"," '""label'"": '""Lead Level'""}]""",1327824000.00,3265008000.00,2296416000.00,VND,"[{'max'"": 1886545967"," '""min'"": 1327824000"," '""label'"": '""Cấp mới vào nghề'""}"," {'""max'"": 2397488120"," '""min'"": 1886545967"," '""label'"": '""Cấp trung cấp'""}"," {'""max'"": 3011600195"," '""min'"": 2397488120"," '""label'"": '""Cấp cao cấp'""}"," {'""max'"": 3265008000"," '""min'"": 3011600195"," '""label'"": '""Lead Level'""}]""",2026-01-27 15:44:54.424881+00
400,Extensive preparation needed. Requires completion of residency or specialized training programs.,Extensive preparation needed. Requires completion of residency or specialized training programs.,"Professional degree required (M.D., D.O., Pharm.D., etc.). Professional license required.","Professional degree required (M.D., D.O., Pharm.D., etc.). Professional license required.",62033.00,122064.00,92048.00,USD,"[{""max"""": 82890.77"," '""min'"": 62033.0"," '""label'"": '""Entry Level'""}"," {'""max'"": 95502.56"," '""min'"": 82890.77"," """"label"""": """"Mid Level""""}"," {'""max'"": 116336.44"," '""min'"": 95502.56"," '""label'"": '""Senior Level'""}"," {'""max'"": 122064.0"," '""min'"": 116336.44"," '""label'"": '""Lead Level'""}]""",1488792000.00,2929536000.00,2209152000.00,VND,"[{'max'"": 1989378410"," '""min'"": 1488792000"," '""label'"": '""Cấp mới vào nghề'""}"," {'""max'"": 2292061539"," '""min'"": 1989378410"," '""label'"": '""Cấp trung cấp'""}"," {'""max'"": 2792074462"," '""min'"": 2292061539"," '""label'"": '""Cấp cao cấp'""}"," {'""max'"": 2929536000"," '""min'"": 2792074462"," '""label'"": '""Lead Level'""}]""",2026-01-27 15:44:54.424881+00
401,Extensive preparation needed. Requires completion of residency or specialized training programs.,Extensive preparation needed. Requires completion of residency or specialized training programs.,"Professional degree required (M.D., D.O., Pharm.D., etc.). Professional license required.","Professional degree required (M.D., D.O., Pharm.D., etc.). Professional license required.",62419.00,127430.00,94924.00,USD,"[{""max"""": 79212.92"," '""min'"": 62419.0"," '""label'"": '""Entry Level'""}"," {'""max'"": 96319.47"," '""min'"": 79212.92"," """"label"""": """"Mid Level""""}"," {'""max'"": 120546.31"," '""min'"": 96319.47"," '""label'"": '""Senior Level'""}"," {'""max'"": 127430.0"," '""min'"": 120546.31"," '""label'"": '""Lead Level'""}]""",1498056000.00,3058320000.00,2278176000.00,VND,"[{'max'"": 1901110038"," '""min'"": 1498056000"," '""label'"": '""Cấp mới vào nghề'""}"," {'""max'"": 2311667248"," '""min'"": 1901110038"," '""label'"": '""Cấp trung cấp'""}"," {'""max'"": 2893111368"," '""min'"": 2311667248"," '""label'"": '""Cấp cao cấp'""}"," {'""max'"": 3058320000"," '""min'"": 2893111368"," '""label'"": '""Lead Level'""}]""",2026-01-27 15:44:54.424881+00
402,Extensive preparation needed. Requires completion of residency or specialized training programs.,Extensive preparation needed. Requires completion of residency or specialized training programs.,"Professional degree required (M.D., D.O., Pharm.D., etc.). Professional license required.","Professional degree required (M.D., D.O., Pharm.D., etc.). Professional license required.",56634.00,184035.00,120334.00,USD,"[{""max"""": 99419.25"," '""min'"": 56634.0"," '""label'"": '""Entry Level'""}"," {'""max'"": 121721.97"," '""min'"": 99419.25"," """"label"""": """"Mid Level""""}"," {'""max'"": 172154.64"," '""min'"": 121721.97"," '""label'"": '""Senior Level'""}"," {'""max'"": 184035.0"," '""min'"": 172154.64"," '""label'"": '""Lead Level'""}]""",1359216000.00,4416840000.00,2888016000.00,VND,"[{'max'"": 2386062113"," '""min'"": 1359216000"," '""label'"": '""Cấp mới vào nghề'""}"," {'""max'"": 2921327390"," '""min'"": 2386062113"," '""label'"": '""Cấp trung cấp'""}"," {'""max'"": 4131711344"," '""min'"": 2921327390"," '""label'"": '""Cấp cao cấp'""}"," {'""max'"": 4416840000"," '""min'"": 4131711344"," '""label'"": '""Lead Level'""}]""",2026-01-27 15:44:54.424881+00
403,Extensive preparation needed. Requires completion of residency or specialized training programs.,Extensive preparation needed. Requires completion of residency or specialized training programs.,"Professional degree required (M.D., D.O., Pharm.D., etc.). Professional license required.","Professional degree required (M.D., D.O., Pharm.D., etc.). Professional license required.",40770.00,183494.00,112132.00,USD,"[{""max"""": 89128.39"," '""min'"": 40770.0"," '""label'"": '""Entry Level'""}"," {'""max'"": 118189.08"," '""min'"": 89128.39"," """"label"""": """"Mid Level""""}"," {'""max'"": 162539.49"," '""min'"": 118189.08"," '""label'"": '""Senior Level'""}"," {'""max'"": 183494.0"," '""min'"": 162539.49"," '""label'"": '""Lead Level'""}]""",978480000.00,4403856000.00,2691168000.00,VND,"[{'max'"": 2139081449"," '""min'"": 978480000"," '""label'"": '""Cấp mới vào nghề'""}"," {'""max'"": 2836538019"," '""min'"": 2139081449"," '""label'"": '""Cấp trung cấp'""}"," {'""max'"": 3900947797"," '""min'"": 2836538019"," '""label'"": '""Cấp cao cấp'""}"," {'""max'"": 4403856000"," '""min'"": 3900947797"," '""label'"": '""Lead Level'""}]""",2026-01-27 15:44:54.424881+00
404,Extensive preparation needed. Requires completion of residency or specialized training programs.,Extensive preparation needed. Requires completion of residency or specialized training programs.,"Professional degree required (M.D., D.O., Pharm.D., etc.). Professional license required.","Professional degree required (M.D., D.O., Pharm.D., etc.). Professional license required.",52445.00,107401.00,79923.00,USD,"[{""max"""": 66981.85"," '""min'"": 52445.0"," '""label'"": '""Entry Level'""}"," {'""max'"": 82681.14"," '""min'"": 66981.85"," """"label"""": """"Mid Level""""}"," {'""max'"": 99516.2"," '""min'"": 82681.14"," '""label'"": '""Senior Level'""}"," {'""max'"": 107401.0"," '""min'"": 99516.2"," '""label'"": '""Lead Level'""}]""",1258680000.00,2577624000.00,1918152000.00,VND,"[{'max'"": 1607564456"," '""min'"": 1258680000"," '""label'"": '""Cấp mới vào nghề'""}"," {'""max'"": 1984347310"," '""min'"": 1607564456"," '""label'"": '""Cấp trung cấp'""}"," {'""max'"": 2388388787"," '""min'"": 1984347310"," '""label'"": '""Cấp cao cấp'""}"," {'""max'"": 2577624000"," '""min'"": 2388388787"," '""label'"": '""Lead Level'""}]""",2026-01-27 15:44:54.424881+00
405,Extensive preparation needed. Requires completion of residency or specialized training programs.,Extensive preparation needed. Requires completion of residency or specialized training programs.,"Professional degree required (M.D., D.O., Pharm.D., etc.). Professional license required.","Professional degree required (M.D., D.O., Pharm.D., etc.). Professional license required.",61119.00,168377.00,114748.00,USD,"[{""max"""": 88411.03"," '""min'"": 61119.0"," '""label'"": '""Entry Level'""}"," {'""max'"": 122669.04"," '""min'"": 88411.03"," """"label"""": """"Mid Level""""}"," {'""max'"": 153358.48"," '""min'"": 122669.04"," '""label'"": '""Senior Level'""}"," {'""max'"": 168377.0"," '""min'"": 153358.48"," '""label'"": '""Lead Level'""}]""",1466856000.00,4041048000.00,2753952000.00,VND,"[{'max'"": 2121864679"," '""min'"": 1466856000"," '""label'"": '""Cấp mới vào nghề'""}"," {'""max'"": 2944056892"," '""min'"": 2121864679"," '""label'"": '""Cấp trung cấp'""}"," {'""max'"": 3680603407"," '""min'"": 2944056892"," '""label'"": '""Cấp cao cấp'""}"," {'""max'"": 4041048000"," '""min'"": 3680603407"," '""label'"": '""Lead Level'""}]""",2026-01-27 15:44:54.424881+00
406,Extensive preparation needed. Requires completion of residency or specialized training programs.,Extensive preparation needed. Requires completion of residency or specialized training programs.,"Professional degree required (M.D., D.O., Pharm.D., etc.). Professional license required.","Professional degree required (M.D., D.O., Pharm.D., etc.). Professional license required.",43656.00,189035.00,116345.00,USD,"[{""max"""": 88413.43"," '""min'"": 43656.0"," '""label'"": '""Entry Level'""}"," {'""max'"": 120835.24"," '""min'"": 88413.43"," """"label"""": """"Mid Level""""}"," {'""max'"": 164676.17"," '""min'"": 120835.24"," '""label'"": '""Senior Level'""}"," {'""max'"": 189035.0"," '""min'"": 164676.17"," '""label'"": '""Lead Level'""}]""",1047744000.00,4536840000.00,2792280000.00,VND,"[{'max'"": 2121922317"," '""min'"": 1047744000"," '""label'"": '""Cấp mới vào nghề'""}"," {'""max'"": 2900045794"," '""min'"": 2121922317"," '""label'"": '""Cấp trung cấp'""}"," {'""max'"": 3952228091"," '""min'"": 2900045794"," '""label'"": '""Cấp cao cấp'""}"," {'""max'"": 4536840000"," '""min'"": 3952228091"," '""label'"": '""Lead Level'""}]""",2026-01-27 15:44:54.424881+00
407,Extensive preparation needed. Requires completion of residency or specialized training programs.,Extensive preparation needed. Requires completion of residency or specialized training programs.,"Professional degree required (M.D., D.O., Pharm.D., etc.). Professional license required.","Professional degree required (M.D., D.O., Pharm.D., etc.). Professional license required.",54814.00,129108.00,91961.00,USD,"[{""max"""": 76501.64"," '""min'"": 54814.0"," '""label'"": '""Entry Level'""}"," {'""max'"": 96119.17"," '""min'"": 76501.64"," """"label"""": """"Mid Level""""}"," {'""max'"": 122681.07"," '""min'"": 96119.17"," '""label'"": '""Senior Level'""}"," {'""max'"": 129108.0"," '""min'"": 122681.07"," '""label'"": '""Lead Level'""}]""",1315536000.00,3098592000.00,2207064000.00,VND,"[{'max'"": 1836039317"," '""min'"": 1315536000"," '""label'"": '""Cấp mới vào nghề'""}"," {'""max'"": 2306860191"," '""min'"": 1836039317"," '""label'"": '""Cấp trung cấp'""}"," {'""max'"": 2944345743"," '""min'"": 2306860191"," '""label'"": '""Cấp cao cấp'""}"," {'""max'"": 3098592000"," '""min'"": 2944345743"," '""label'"": '""Lead Level'""}]""",2026-01-27 15:44:54.424881+00
408,Extensive preparation needed. Requires completion of residency or specialized training programs.,Extensive preparation needed. Requires completion of residency or specialized training programs.,"Professional degree required (M.D., D.O., Pharm.D., etc.). Professional license required.","Professional degree required (M.D., D.O., Pharm.D., etc.). Professional license required.",72216.00,132720.00,102468.00,USD,"[{""max"""": 90792.5"," '""min'"": 72216.0"," '""label'"": '""Entry Level'""}"," {'""max'"": 104503.59"," '""min'"": 90792.5"," """"label"""": """"Mid Level""""}"," {'""max'"": 125861.29"," '""min'"": 104503.59"," '""label'"": '""Senior Level'""}"," {'""max'"": 132720.0"," '""min'"": 125861.29"," '""label'"": '""Lead Level'""}]""",1733184000.00,3185280000.00,2459232000.00,VND,"[{'max'"": 2179020062"," '""min'"": 1733184000"," '""label'"": '""Cấp mới vào nghề'""}"," {'""max'"": 2508086066"," '""min'"": 2179020062"," '""label'"": '""Cấp trung cấp'""}"," {'""max'"": 3020671032"," '""min'"": 2508086066"," '""label'"": '""Cấp cao cấp'""}"," {'""max'"": 3185280000"," '""min'"": 3020671032"," '""label'"": '""Lead Level'""}]""",2026-01-27 15:44:54.424881+00
409,Extensive preparation needed. Requires completion of residency or specialized training programs.,Extensive preparation needed. Requires completion of residency or specialized training programs.,"Professional degree required (M.D., D.O., Pharm.D., etc.). Professional license required.","Professional degree required (M.D., D.O., Pharm.D., etc.). Professional license required.",60681.00,146351.00,103516.00,USD,"[{""max"""": 88095.22"," '""min'"": 60681.0"," '""label'"": '""Entry Level'""}"," {'""max'"": 108132.64"," '""min'"": 88095.22"," """"label"""": """"Mid Level""""}"," {'""max'"": 134417.99"," '""min'"": 108132.64"," '""label'"": '""Senior Level'""}"," {'""max'"": 146351.0"," '""min'"": 134417.99"," '""label'"": '""Lead Level'""}]""",1456344000.00,3512424000.00,2484384000.00,VND,"[{'max'"": 2114285352"," '""min'"": 1456344000"," '""label'"": '""Cấp mới vào nghề'""}"," {'""max'"": 2595183252"," '""min'"": 2114285352"," '""label'"": '""Cấp trung cấp'""}"," {'""max'"": 3226031699"," '""min'"": 2595183252"," '""label'"": '""Cấp cao cấp'""}"," {'""max'"": 3512424000"," '""min'"": 3226031699"," '""label'"": '""Lead Level'""}]""",2026-01-27 15:44:54.424881+00
410,Extensive preparation needed. Requires completion of residency or specialized training programs.,Extensive preparation needed. Requires completion of residency or specialized training programs.,"Professional degree required (M.D., D.O., Pharm.D., etc.). Professional license required.","Professional degree required (M.D., D.O., Pharm.D., etc.). Professional license required.",53152.00,177962.00,115557.00,USD,"[{""max"""": 91279.87"," '""min'"": 53152.0"," '""label'"": '""Entry Level'""}"," {'""max'"": 123463.24"," '""min'"": 91279.87"," """"label"""": """"Mid Level""""}"," {'""max'"": 162399.85"," '""min'"": 123463.24"," '""label'"": '""Senior Level'""}"," {'""max'"": 177962.0"," '""min'"": 162399.85"," '""label'"": '""Lead Level'""}]""",1275648000.00,4271088000.00,2773368000.00,VND,"[{'max'"": 2190716809"," '""min'"": 1275648000"," '""label'"": '""Cấp mới vào nghề'""}"," {'""max'"": 2963117643"," '""min'"": 2190716809"," '""label'"": '""Cấp trung cấp'""}"," {'""max'"": 3897596405"," '""min'"": 2963117643"," '""label'"": '""Cấp cao cấp'""}"," {'""max'"": 4271088000"," '""min'"": 3897596405"," '""label'"": '""Lead Level'""}]""",2026-01-27 15:44:54.424881+00
411,Extensive preparation needed. Requires completion of residency or specialized training programs.,Extensive preparation needed. Requires completion of residency or specialized training programs.,"Professional degree required (M.D., D.O., Pharm.D., etc.). Professional license required.","Professional degree required (M.D., D.O., Pharm.D., etc.). Professional license required.",68735.00,191158.00,129946.00,USD,"[{""max"""": 105594.45"," '""min'"": 68735.0"," '""label'"": '""Entry Level'""}"," {'""max'"": 133367.15"," '""min'"": 105594.45"," """"label"""": """"Mid Level""""}"," {'""max'"": 169304.67"," '""min'"": 133367.15"," '""label'"": '""Senior Level'""}"," {'""max'"": 191158.0"," '""min'"": 169304.67"," '""label'"": '""Lead Level'""}]""",1649640000.00,4587792000.00,3118704000.00,VND,"[{'max'"": 2534266745"," '""min'"": 1649640000"," '""label'"": '""Cấp mới vào nghề'""}"," {'""max'"": 3200811520"," '""min'"": 2534266745"," '""label'"": '""Cấp trung cấp'""}"," {'""max'"": 4063312106"," '""min'"": 3200811520"," '""label'"": '""Cấp cao cấp'""}"," {'""max'"": 4587792000"," '""min'"": 4063312106"," '""label'"": '""Lead Level'""}]""",2026-01-27 15:44:54.424881+00
412,Extensive preparation needed. Requires completion of residency or specialized training programs.,Extensive preparation needed. Requires completion of residency or specialized training programs.,"Professional degree required (M.D., D.O., Pharm.D., etc.). Professional license required.","Professional degree required (M.D., D.O., Pharm.D., etc.). Professional license required.",47444.00,130416.00,88930.00,USD,"[{""max"""": 74992.12"," '""min'"": 47444.0"," '""label'"": '""Entry Level'""}"," {'""max'"": 88709.75"," '""min'"": 74992.12"," """"label"""": """"Mid Level""""}"," {'""max'"": 115723.08"," '""min'"": 88709.75"," '""label'"": '""Senior Level'""}"," {'""max'"": 130416.0"," '""min'"": 115723.08"," '""label'"": '""Lead Level'""}]""",1138656000.00,3129984000.00,2134320000.00,VND,"[{'max'"": 1799810820"," '""min'"": 1138656000"," '""label'"": '""Cấp mới vào nghề'""}"," {'""max'"": 2129033921"," '""min'"": 1799810820"," '""label'"": '""Cấp trung cấp'""}"," {'""max'"": 2777353835"," '""min'"": 2129033921"," '""label'"": '""Cấp cao cấp'""}"," {'""max'"": 3129984000"," '""min'"": 2777353835"," '""label'"": '""Lead Level'""}]""",2026-01-27 15:44:54.424881+00
413,Extensive preparation needed. Requires completion of residency or specialized training programs.,Extensive preparation needed. Requires completion of residency or specialized training programs.,"Professional degree required (M.D., D.O., Pharm.D., etc.). Professional license required.","Professional degree required (M.D., D.O., Pharm.D., etc.). Professional license required.",57947.00,195750.00,126848.00,USD,"[{""max"""": 103423.23"," '""min'"": 57947.0"," '""label'"": '""Entry Level'""}"," {'""max'"": 127569.08"," '""min'"": 103423.23"," """"label"""": """"Mid Level""""}"," {'""max'"": 176375.05"," '""min'"": 127569.08"," '""label'"": '""Senior Level'""}"," {'""max'"": 195750.0"," '""min'"": 176375.05"," '""label'"": '""Lead Level'""}]""",1390728000.00,4698000000.00,3044352000.00,VND,"[{'max'"": 2482157591"," '""min'"": 1390728000"," '""label'"": '""Cấp mới vào nghề'""}"," {'""max'"": 3061657845"," '""min'"": 2482157591"," '""label'"": '""Cấp trung cấp'""}"," {'""max'"": 4233001234"," '""min'"": 3061657845"," '""label'"": '""Cấp cao cấp'""}"," {'""max'"": 4698000000"," '""min'"": 4233001234"," '""label'"": '""Lead Level'""}]""",2026-01-27 15:44:54.424881+00
414,Extensive preparation needed. Requires completion of residency or specialized training programs.,Extensive preparation needed. Requires completion of residency or specialized training programs.,"Professional degree required (M.D., D.O., Pharm.D., etc.). Professional license required.","Professional degree required (M.D., D.O., Pharm.D., etc.). Professional license required.",79390.00,163420.00,121405.00,USD,"[{""max"""": 106715.97"," '""min'"": 79390.0"," '""label'"": '""Entry Level'""}"," {'""max'"": 127529.4"," '""min'"": 106715.97"," """"label"""": """"Mid Level""""}"," {'""max'"": 149812.56"," '""min'"": 127529.4"," '""label'"": '""Senior Level'""}"," {'""max'"": 163420.0"," '""min'"": 149812.56"," '""label'"": '""Lead Level'""}]""",1905360000.00,3922080000.00,2913720000.00,VND,"[{'max'"": 2561183316"," '""min'"": 1905360000"," '""label'"": '""Cấp mới vào nghề'""}"," {'""max'"": 3060705493"," '""min'"": 2561183316"," '""label'"": '""Cấp trung cấp'""}"," {'""max'"": 3595501548"," '""min'"": 3060705493"," '""label'"": '""Cấp cao cấp'""}"," {'""max'"": 3922080000"," '""min'"": 3595501548"," '""label'"": '""Lead Level'""}]""",2026-01-27 15:44:54.424881+00
415,Extensive preparation needed. Requires completion of residency or specialized training programs.,Extensive preparation needed. Requires completion of residency or specialized training programs.,"Professional degree required (M.D., D.O., Pharm.D., etc.). Professional license required.","Professional degree required (M.D., D.O., Pharm.D., etc.). Professional license required.",77348.00,124737.00,101042.00,USD,"[{""max"""": 93549.96"," '""min'"": 77348.0"," '""label'"": '""Entry Level'""}"," {'""max'"": 104153.34"," '""min'"": 93549.96"," """"label"""": """"Mid Level""""}"," {'""max'"": 120201.66"," '""min'"": 104153.34"," '""label'"": '""Senior Level'""}"," {'""max'"": 124737.0"," '""min'"": 120201.66"," '""label'"": '""Lead Level'""}]""",1856352000.00,2993688000.00,2425008000.00,VND,"[{'max'"": 2245199056"," '""min'"": 1856352000"," '""label'"": '""Cấp mới vào nghề'""}"," {'""max'"": 2499680219"," '""min'"": 2245199056"," '""label'"": '""Cấp trung cấp'""}"," {'""max'"": 2884839868"," '""min'"": 2499680219"," '""label'"": '""Cấp cao cấp'""}"," {'""max'"": 2993688000"," '""min'"": 2884839868"," '""label'"": '""Lead Level'""}]""",2026-01-27 15:44:54.424881+00
416,Extensive preparation needed. Requires completion of residency or specialized training programs.,Extensive preparation needed. Requires completion of residency or specialized training programs.,"Professional degree required (M.D., D.O., Pharm.D., etc.). Professional license required.","Professional degree required (M.D., D.O., Pharm.D., etc.). Professional license required.",70325.00,178738.00,124531.00,USD,"[{""max"""": 107535.06"," '""min'"": 70325.0"," '""label'"": '""Entry Level'""}"," {'""max'"": 124404.1"," '""min'"": 107535.06"," """"label"""": """"Mid Level""""}"," {'""max'"": 161849.63"," '""min'"": 124404.1"," '""label'"": '""Senior Level'""}"," {'""max'"": 178738.0"," '""min'"": 161849.63"," '""label'"": '""Lead Level'""}]""",1687800000.00,4289712000.00,2988744000.00,VND,"[{'max'"": 2580841504"," '""min'"": 1687800000"," '""label'"": '""Cấp mới vào nghề'""}"," {'""max'"": 2985698413"," '""min'"": 2580841504"," '""label'"": '""Cấp trung cấp'""}"," {'""max'"": 3884391070"," '""min'"": 2985698413"," '""label'"": '""Cấp cao cấp'""}"," {'""max'"": 4289712000"," '""min'"": 3884391070"," '""label'"": '""Lead Level'""}]""",2026-01-27 15:44:54.424881+00
417,Extensive preparation needed. Requires completion of residency or specialized training programs.,Extensive preparation needed. Requires completion of residency or specialized training programs.,"Professional degree required (M.D., D.O., Pharm.D., etc.). Professional license required.","Professional degree required (M.D., D.O., Pharm.D., etc.). Professional license required.",41978.00,128253.00,85115.00,USD,"[{""max"""": 64513.03"," '""min'"": 41978.0"," '""label'"": '""Entry Level'""}"," {'""max'"": 86708.69"," '""min'"": 64513.03"," """"label"""": """"Mid Level""""}"," {'""max'"": 115486.07"," '""min'"": 86708.69"," '""label'"": '""Senior Level'""}"," {'""max'"": 128253.0"," '""min'"": 115486.07"," '""label'"": '""Lead Level'""}]""",1007472000.00,3078072000.00,2042760000.00,VND,"[{'max'"": 1548312809"," '""min'"": 1007472000"," '""label'"": '""Cấp mới vào nghề'""}"," {'""max'"": 2081008672"," '""min'"": 1548312809"," '""label'"": '""Cấp trung cấp'""}"," {'""max'"": 2771665751"," '""min'"": 2081008672"," '""label'"": '""Cấp cao cấp'""}"," {'""max'"": 3078072000"," '""min'"": 2771665751"," '""label'"": '""Lead Level'""}]""",2026-01-27 15:44:54.424881+00
418,Extensive preparation needed. Requires completion of residency or specialized training programs.,Extensive preparation needed. Requires completion of residency or specialized training programs.,"Professional degree required (M.D., D.O., Pharm.D., etc.). Professional license required.","Professional degree required (M.D., D.O., Pharm.D., etc.). Professional license required.",69251.00,173307.00,121279.00,USD,"[{""max"""": 97009.07"," '""min'"": 69251.0"," '""label'"": '""Entry Level'""}"," {'""max'"": 127075.6"," '""min'"": 97009.07"," """"label"""": """"Mid Level""""}"," {'""max'"": 157862.33"," '""min'"": 127075.6"," '""label'"": '""Senior Level'""}"," {'""max'"": 173307.0"," '""min'"": 157862.33"," '""label'"": '""Lead Level'""}]""",1662024000.00,4159368000.00,2910696000.00,VND,"[{'max'"": 2328217709"," '""min'"": 1662024000"," '""label'"": '""Cấp mới vào nghề'""}"," {'""max'"": 3049814504"," '""min'"": 2328217709"," '""label'"": '""Cấp trung cấp'""}"," {'""max'"": 3788695911"," '""min'"": 3049814504"," '""label'"": '""Cấp cao cấp'""}"," {'""max'"": 4159368000"," '""min'"": 3788695911"," '""label'"": '""Lead Level'""}]""",2026-01-27 15:44:54.424881+00
419,Extensive preparation needed. Requires completion of residency or specialized training programs.,Extensive preparation needed. Requires completion of residency or specialized training programs.,"Professional degree required (M.D., D.O., Pharm.D., etc.). Professional license required.","Professional degree required (M.D., D.O., Pharm.D., etc.). Professional license required.",42280.00,186939.00,114609.00,USD,"[{""max"""": 84435.02"," '""min'"": 42280.0"," '""label'"": '""Entry Level'""}"," {'""max'"": 123076.79"," '""min'"": 84435.02"," """"label"""": """"Mid Level""""}"," {'""max'"": 172093.2"," '""min'"": 123076.79"," '""label'"": '""Senior Level'""}"," {'""max'"": 186939.0"," '""min'"": 172093.2"," '""label'"": '""Lead Level'""}]""",1014720000.00,4486536000.00,2750616000.00,VND,"[{'max'"": 2026440464"," '""min'"": 1014720000"," '""label'"": '""Cấp mới vào nghề'""}"," {'""max'"": 2953842904"," '""min'"": 2026440464"," '""label'"": '""Cấp trung cấp'""}"," {'""max'"": 4130236831"," '""min'"": 2953842904"," '""label'"": '""Cấp cao cấp'""}"," {'""max'"": 4486536000"," '""min'"": 4130236831"," '""label'"": '""Lead Level'""}]""",2026-01-27 15:44:54.424881+00
420,Extensive preparation needed. Requires completion of residency or specialized training programs.,Extensive preparation needed. Requires completion of residency or specialized training programs.,"Professional degree required (M.D., D.O., Pharm.D., etc.). Professional license required.","Professional degree required (M.D., D.O., Pharm.D., etc.). Professional license required.",42089.00,198251.00,120170.00,USD,"[{""max"""": 92109.29"," '""min'"": 42089.0"," '""label'"": '""Entry Level'""}"," {'""max'"": 120596.94"," '""min'"": 92109.29"," """"label"""": """"Mid Level""""}"," {'""max'"": 184004.02"," '""min'"": 120596.94"," '""label'"": '""Senior Level'""}"," {'""max'"": 198251.0"," '""min'"": 184004.02"," '""label'"": '""Lead Level'""}]""",1010136000.00,4758024000.00,2884080000.00,VND,"[{'max'"": 2210622861"," '""min'"": 1010136000"," '""label'"": '""Cấp mới vào nghề'""}"," {'""max'"": 2894326575"," '""min'"": 2210622861"," '""label'"": '""Cấp trung cấp'""}"," {'""max'"": 4416096400"," '""min'"": 2894326575"," '""label'"": '""Cấp cao cấp'""}"," {'""max'"": 4758024000"," '""min'"": 4416096400"," '""label'"": '""Lead Level'""}]""",2026-01-27 15:44:54.424881+00
421,Extensive preparation needed. Requires completion of residency or specialized training programs.,Extensive preparation needed. Requires completion of residency or specialized training programs.,"Professional degree required (M.D., D.O., Pharm.D., etc.). Professional license required.","Professional degree required (M.D., D.O., Pharm.D., etc.). Professional license required.",44057.00,190794.00,117425.00,USD,"[{""max"""": 84902.6"," '""min'"": 44057.0"," '""label'"": '""Entry Level'""}"," {'""max'"": 115460.84"," '""min'"": 84902.6"," """"label"""": """"Mid Level""""}"," {'""max'"": 167593.66"," '""min'"": 115460.84"," '""label'"": '""Senior Level'""}"," {'""max'"": 190794.0"," '""min'"": 167593.66"," '""label'"": '""Lead Level'""}]""",1057368000.00,4579056000.00,2818200000.00,VND,"[{'max'"": 2037662418"," '""min'"": 1057368000"," '""label'"": '""Cấp mới vào nghề'""}"," {'""max'"": 2771060084"," '""min'"": 2037662418"," '""label'"": '""Cấp trung cấp'""}"," {'""max'"": 4022247785"," '""min'"": 2771060084"," '""label'"": '""Cấp cao cấp'""}"," {'""max'"": 4579056000"," '""min'"": 4022247785"," '""label'"": '""Lead Level'""}]""",2026-01-27 15:44:54.424881+00
422,Extensive preparation needed. Requires completion of residency or specialized training programs.,Extensive preparation needed. Requires completion of residency or specialized training programs.,"Professional degree required (M.D., D.O., Pharm.D., etc.). Professional license required.","Professional degree required (M.D., D.O., Pharm.D., etc.). Professional license required.",58818.00,121257.00,90037.00,USD,"[{""max"""": 77990.3"," '""min'"": 58818.0"," '""label'"": '""Entry Level'""}"," {'""max'"": 89805.42"," '""min'"": 77990.3"," """"label"""": """"Mid Level""""}"," {'""max'"": 111458.78"," '""min'"": 89805.42"," '""label'"": '""Senior Level'""}"," {'""max'"": 121257.0"," '""min'"": 111458.78"," '""label'"": '""Lead Level'""}]""",1411632000.00,2910168000.00,2160888000.00,VND,"[{'max'"": 1871767128"," '""min'"": 1411632000"," '""label'"": '""Cấp mới vào nghề'""}"," {'""max'"": 2155329973"," '""min'"": 1871767128"," '""label'"": '""Cấp trung cấp'""}"," {'""max'"": 2675010721"," '""min'"": 2155329973"," '""label'"": '""Cấp cao cấp'""}"," {'""max'"": 2910168000"," '""min'"": 2675010721"," '""label'"": '""Lead Level'""}]""",2026-01-27 15:44:54.424881+00
423,Extensive preparation needed. Requires completion of residency or specialized training programs.,Extensive preparation needed. Requires completion of residency or specialized training programs.,"Professional degree required (M.D., D.O., Pharm.D., etc.). Professional license required.","Professional degree required (M.D., D.O., Pharm.D., etc.). Professional license required.",78914.00,121851.00,100382.00,USD,"[{""max"""": 90609.66"," '""min'"": 78914.0"," '""label'"": '""Entry Level'""}"," {'""max'"": 101580.62"," '""min'"": 90609.66"," """"label"""": """"Mid Level""""}"," {'""max'"": 116908.77"," '""min'"": 101580.62"," '""label'"": '""Senior Level'""}"," {'""max'"": 121851.0"," '""min'"": 116908.77"," '""label'"": '""Lead Level'""}]""",1893936000.00,2924424000.00,2409168000.00,VND,"[{'max'"": 2174631822"," '""min'"": 1893936000"," '""label'"": '""Cấp mới vào nghề'""}"," {'""max'"": 2437934792"," '""min'"": 2174631822"," '""label'"": '""Cấp trung cấp'""}"," {'""max'"": 2805810481"," '""min'"": 2437934792"," '""label'"": '""Cấp cao cấp'""}"," {'""max'"": 2924424000"," '""min'"": 2805810481"," '""label'"": '""Lead Level'""}]""",2026-01-27 15:44:54.424881+00
424,Extensive preparation needed. Requires completion of residency or specialized training programs.,Extensive preparation needed. Requires completion of residency or specialized training programs.,"Professional degree required (M.D., D.O., Pharm.D., etc.). Professional license required.","Professional degree required (M.D., D.O., Pharm.D., etc.). Professional license required.",71331.00,139515.00,105423.00,USD,"[{""max"""": 90340.53"," '""min'"": 71331.0"," '""label'"": '""Entry Level'""}"," {'""max'"": 105983.84"," '""min'"": 90340.53"," """"label"""": """"Mid Level""""}"," {'""max'"": 133340.19"," '""min'"": 105983.84"," '""label'"": '""Senior Level'""}"," {'""max'"": 139515.0"," '""min'"": 133340.19"," '""label'"": '""Lead Level'""}]""",1711944000.00,3348360000.00,2530152000.00,VND,"[{'max'"": 2168172758"," '""min'"": 1711944000"," '""label'"": '""Cấp mới vào nghề'""}"," {'""max'"": 2543612230"," '""min'"": 2168172758"," '""label'"": '""Cấp trung cấp'""}"," {'""max'"": 3200164662"," '""min'"": 2543612230"," '""label'"": '""Cấp cao cấp'""}"," {'""max'"": 3348360000"," '""min'"": 3200164662"," '""label'"": '""Lead Level'""}]""",2026-01-27 15:44:54.424881+00
425,Extensive preparation needed. Requires completion of residency or specialized training programs.,Extensive preparation needed. Requires completion of residency or specialized training programs.,"Professional degree required (M.D., D.O., Pharm.D., etc.). Professional license required.","Professional degree required (M.D., D.O., Pharm.D., etc.). Professional license required.",61002.00,107242.00,84122.00,USD,"[{""max"""": 72628.18"," '""min'"": 61002.0"," '""label'"": '""Entry Level'""}"," {'""max'"": 84740.03"," '""min'"": 72628.18"," """"label"""": """"Mid Level""""}"," {'""max'"": 99174.13"," '""min'"": 84740.03"," '""label'"": '""Senior Level'""}"," {'""max'"": 107242.0"," '""min'"": 99174.13"," '""label'"": '""Lead Level'""}]""",1464048000.00,2573808000.00,2018928000.00,VND,"[{'max'"": 1743076209"," '""min'"": 1464048000"," '""label'"": '""Cấp mới vào nghề'""}"," {'""max'"": 2033760687"," '""min'"": 1743076209"," '""label'"": '""Cấp trung cấp'""}"," {'""max'"": 2380179130"," '""min'"": 2033760687"," '""label'"": '""Cấp cao cấp'""}"," {'""max'"": 2573808000"," '""min'"": 2380179130"," '""label'"": '""Lead Level'""}]""",2026-01-27 15:44:54.424881+00
426,Extensive preparation needed. Requires completion of residency or specialized training programs.,Extensive preparation needed. Requires completion of residency or specialized training programs.,"Professional degree required (M.D., D.O., Pharm.D., etc.). Professional license required.","Professional degree required (M.D., D.O., Pharm.D., etc.). Professional license required.",54712.00,139289.00,97000.00,USD,"[{""max"""": 81052.83"," '""min'"": 54712.0"," '""label'"": '""Entry Level'""}"," {'""max'"": 100256.83"," '""min'"": 81052.83"," """"label"""": """"Mid Level""""}"," {'""max'"": 124675.21"," '""min'"": 100256.83"," '""label'"": '""Senior Level'""}"," {'""max'"": 139289.0"," '""min'"": 124675.21"," '""label'"": '""Lead Level'""}]""",1313088000.00,3342936000.00,2328000000.00,VND,"[{'max'"": 1945268004"," '""min'"": 1313088000"," '""label'"": '""Cấp mới vào nghề'""}"," {'""max'"": 2406164023"," '""min'"": 1945268004"," '""label'"": '""Cấp trung cấp'""}"," {'""max'"": 2992204944"," '""min'"": 2406164023"," '""label'"": '""Cấp cao cấp'""}"," {'""max'"": 3342936000"," '""min'"": 2992204944"," '""label'"": '""Lead Level'""}]""",2026-01-27 15:44:54.424881+00
427,Extensive preparation needed. Requires completion of residency or specialized training programs.,Extensive preparation needed. Requires completion of residency or specialized training programs.,"Professional degree required (M.D., D.O., Pharm.D., etc.). Professional license required.","Professional degree required (M.D., D.O., Pharm.D., etc.). Professional license required.",66832.00,176888.00,121860.00,USD,"[{""max"""": 94890.65"," '""min'"": 66832.0"," '""label'"": '""Entry Level'""}"," {'""max'"": 120800.02"," '""min'"": 94890.65"," """"label"""": """"Mid Level""""}"," {'""max'"": 163517.42"," '""min'"": 120800.02"," '""label'"": '""Senior Level'""}"," {'""max'"": 176888.0"," '""min'"": 163517.42"," '""label'"": '""Lead Level'""}]""",1603968000.00,4245312000.00,2924640000.00,VND,"[{'max'"": 2277375488"," '""min'"": 1603968000"," '""label'"": '""Cấp mới vào nghề'""}"," {'""max'"": 2899200508"," '""min'"": 2277375488"," '""label'"": '""Cấp trung cấp'""}"," {'""max'"": 3924418030"," '""min'"": 2899200508"," '""label'"": '""Cấp cao cấp'""}"," {'""max'"": 4245312000"," '""min'"": 3924418030"," '""label'"": '""Lead Level'""}]""",2026-01-27 15:44:54.424881+00
428,Extensive preparation needed. Requires completion of residency or specialized training programs.,Extensive preparation needed. Requires completion of residency or specialized training programs.,"Professional degree required (M.D., D.O., Pharm.D., etc.). Professional license required.","Professional degree required (M.D., D.O., Pharm.D., etc.). Professional license required.",67203.00,198372.00,132787.00,USD,"[{""max"""": 107429.22"," '""min'"": 67203.0"," '""label'"": '""Entry Level'""}"," {'""max'"": 140947.34"," '""min'"": 107429.22"," """"label"""": """"Mid Level""""}"," {'""max'"": 180077.11"," '""min'"": 140947.34"," '""label'"": '""Senior Level'""}"," {'""max'"": 198372.0"," '""min'"": 180077.11"," '""label'"": '""Lead Level'""}]""",1612872000.00,4760928000.00,3186888000.00,VND,"[{'max'"": 2578301234"," '""min'"": 1612872000"," '""label'"": '""Cấp mới vào nghề'""}"," {'""max'"": 3382736067"," '""min'"": 2578301234"," '""label'"": '""Cấp trung cấp'""}"," {'""max'"": 4321850662"," '""min'"": 3382736067"," '""label'"": '""Cấp cao cấp'""}"," {'""max'"": 4760928000"," '""min'"": 4321850662"," '""label'"": '""Lead Level'""}]""",2026-01-27 15:44:54.424881+00
429,Extensive preparation needed. Requires completion of residency or specialized training programs.,Extensive preparation needed. Requires completion of residency or specialized training programs.,"Professional degree required (M.D., D.O., Pharm.D., etc.). Professional license required.","Professional degree required (M.D., D.O., Pharm.D., etc.). Professional license required.",51290.00,118187.00,84738.00,USD,"[{""max"""": 74027.99"," '""min'"": 51290.0"," '""label'"": '""Entry Level'""}"," {'""max'"": 88849.2"," '""min'"": 74027.99"," """"label"""": """"Mid Level""""}"," {'""max'"": 110104.41"," '""min'"": 88849.2"," '""label'"": '""Senior Level'""}"," {'""max'"": 118187.0"," '""min'"": 110104.41"," '""label'"": '""Lead Level'""}]""",1230960000.00,2836488000.00,2033712000.00,VND,"[{'max'"": 1776671704"," '""min'"": 1230960000"," '""label'"": '""Cấp mới vào nghề'""}"," {'""max'"": 2132380803"," '""min'"": 1776671704"," '""label'"": '""Cấp trung cấp'""}"," {'""max'"": 2642505847"," '""min'"": 2132380803"," '""label'"": '""Cấp cao cấp'""}"," {'""max'"": 2836488000"," '""min'"": 2642505847"," '""label'"": '""Lead Level'""}]""",2026-01-27 15:44:54.424881+00
430,Extensive preparation needed. Requires completion of residency or specialized training programs.,Extensive preparation needed. Requires completion of residency or specialized training programs.,"Professional degree required (M.D., D.O., Pharm.D., etc.). Professional license required.","Professional degree required (M.D., D.O., Pharm.D., etc.). Professional license required.",50683.00,194398.00,122540.00,USD,"[{""max"""": 96787.65"," '""min'"": 50683.0"," '""label'"": '""Entry Level'""}"," {'""max'"": 124259.03"," '""min'"": 96787.65"," """"label"""": """"Mid Level""""}"," {'""max'"": 176817.32"," '""min'"": 124259.03"," '""label'"": '""Senior Level'""}"," {'""max'"": 194398.0"," '""min'"": 176817.32"," '""label'"": '""Lead Level'""}]""",1216392000.00,4665552000.00,2940960000.00,VND,"[{'max'"": 2322903638"," '""min'"": 1216392000"," '""label'"": '""Cấp mới vào nghề'""}"," {'""max'"": 2982216601"," '""min'"": 2322903638"," '""label'"": '""Cấp trung cấp'""}"," {'""max'"": 4243615776"," '""min'"": 2982216601"," '""label'"": '""Cấp cao cấp'""}"," {'""max'"": 4665552000"," '""min'"": 4243615776"," '""label'"": '""Lead Level'""}]""",2026-01-27 15:44:54.424881+00
431,Extensive preparation needed. Requires completion of residency or specialized training programs.,Extensive preparation needed. Requires completion of residency or specialized training programs.,"Professional degree required (M.D., D.O., Pharm.D., etc.). Professional license required.","Professional degree required (M.D., D.O., Pharm.D., etc.). Professional license required.",63043.00,122977.00,93010.00,USD,"[{""max"""": 80963.1"," '""min'"": 63043.0"," '""label'"": '""Entry Level'""}"," {'""max'"": 97331.53"," '""min'"": 80963.1"," """"label"""": """"Mid Level""""}"," {'""max'"": 113980.88"," '""min'"": 97331.53"," '""label'"": '""Senior Level'""}"," {'""max'"": 122977.0"," '""min'"": 113980.88"," '""label'"": '""Lead Level'""}]""",1513032000.00,2951448000.00,2232240000.00,VND,"[{'max'"": 1943114363"," '""min'"": 1513032000"," '""label'"": '""Cấp mới vào nghề'""}"," {'""max'"": 2335956806"," '""min'"": 1943114363"," '""label'"": '""Cấp trung cấp'""}"," {'""max'"": 2735541022"," '""min'"": 2335956806"," '""label'"": '""Cấp cao cấp'""}"," {'""max'"": 2951448000"," '""min'"": 2735541022"," '""label'"": '""Lead Level'""}]""",2026-01-27 15:44:54.424881+00
432,Extensive preparation needed. Requires completion of residency or specialized training programs.,Extensive preparation needed. Requires completion of residency or specialized training programs.,"Professional degree required (M.D., D.O., Pharm.D., etc.). Professional license required.","Professional degree required (M.D., D.O., Pharm.D., etc.). Professional license required.",49677.00,181838.00,115757.00,USD,"[{""max"""": 93408.87"," '""min'"": 49677.0"," '""label'"": '""Entry Level'""}"," {'""max'"": 117547.76"," '""min'"": 93408.87"," """"label"""": """"Mid Level""""}"," {'""max'"": 164436.96"," '""min'"": 117547.76"," '""label'"": '""Senior Level'""}"," {'""max'"": 181838.0"," '""min'"": 164436.96"," '""label'"": '""Lead Level'""}]""",1192248000.00,4364112000.00,2778168000.00,VND,"[{'max'"": 2241812989"," '""min'"": 1192248000"," '""label'"": '""Cấp mới vào nghề'""}"," {'""max'"": 2821146259"," '""min'"": 2241812989"," '""label'"": '""Cấp trung cấp'""}"," {'""max'"": 3946487035"," '""min'"": 2821146259"," '""label'"": '""Cấp cao cấp'""}"," {'""max'"": 4364112000"," '""min'"": 3946487035"," '""label'"": '""Lead Level'""}]""",2026-01-27 15:44:54.424881+00
433,Extensive preparation needed. Requires completion of residency or specialized training programs.,Extensive preparation needed. Requires completion of residency or specialized training programs.,"Professional degree required (M.D., D.O., Pharm.D., etc.). Professional license required.","Professional degree required (M.D., D.O., Pharm.D., etc.). Professional license required.",50915.00,122475.00,86695.00,USD,"[{""max"""": 71150.95"," '""min'"": 50915.0"," '""label'"": '""Entry Level'""}"," {'""max'"": 92242.72"," '""min'"": 71150.95"," """"label"""": """"Mid Level""""}"," {'""max'"": 113025.46"," '""min'"": 92242.72"," '""label'"": '""Senior Level'""}"," {'""max'"": 122475.0"," '""min'"": 113025.46"," '""label'"": '""Lead Level'""}]""",1221960000.00,2939400000.00,2080680000.00,VND,"[{'max'"": 1707622716"," '""min'"": 1221960000"," '""label'"": '""Cấp mới vào nghề'""}"," {'""max'"": 2213825279"," '""min'"": 1707622716"," '""label'"": '""Cấp trung cấp'""}"," {'""max'"": 2712611016"," '""min'"": 2213825279"," '""label'"": '""Cấp cao cấp'""}"," {'""max'"": 2939400000"," '""min'"": 2712611016"," '""label'"": '""Lead Level'""}]""",2026-01-27 15:44:54.424881+00
434,Extensive preparation needed. Requires completion of residency or specialized training programs.,Extensive preparation needed. Requires completion of residency or specialized training programs.,"Professional degree required (M.D., D.O., Pharm.D., etc.). Professional license required.","Professional degree required (M.D., D.O., Pharm.D., etc.). Professional license required.",63412.00,140410.00,101911.00,USD,"[{""max"""": 86838.65"," '""min'"": 63412.0"," '""label'"": '""Entry Level'""}"," {'""max'"": 106190.9"," '""min'"": 86838.65"," """"label"""": """"Mid Level""""}"," {'""max'"": 127512.86"," '""min'"": 106190.9"," '""label'"": '""Senior Level'""}"," {'""max'"": 140410.0"," '""min'"": 127512.86"," '""label'"": '""Lead Level'""}]""",1521888000.00,3369840000.00,2445864000.00,VND,"[{'max'"": 2084127499"," '""min'"": 1521888000"," '""label'"": '""Cấp mới vào nghề'""}"," {'""max'"": 2548581564"," '""min'"": 2084127499"," '""label'"": '""Cấp trung cấp'""}"," {'""max'"": 3060308547"," '""min'"": 2548581564"," '""label'"": '""Cấp cao cấp'""}"," {'""max'"": 3369840000"," '""min'"": 3060308547"," '""label'"": '""Lead Level'""}]""",2026-01-27 15:44:54.424881+00
435,Extensive preparation needed. Requires completion of residency or specialized training programs.,Extensive preparation needed. Requires completion of residency or specialized training programs.,"Professional degree required (M.D., D.O., Pharm.D., etc.). Professional license required.","Professional degree required (M.D., D.O., Pharm.D., etc.). Professional license required.",76757.00,138045.00,107401.00,USD,"[{""max"""": 96630.99"," '""min'"": 76757.0"," '""label'"": '""Entry Level'""}"," {'""max'"": 107291.41"," '""min'"": 96630.99"," """"label"""": """"Mid Level""""}"," {'""max'"": 127910.92"," '""min'"": 107291.41"," '""label'"": '""Senior Level'""}"," {'""max'"": 138045.0"," '""min'"": 127910.92"," '""label'"": '""Lead Level'""}]""",1842168000.00,3313080000.00,2577624000.00,VND,"[{'max'"": 2319143767"," '""min'"": 1842168000"," '""label'"": '""Cấp mới vào nghề'""}"," {'""max'"": 2574993745"," '""min'"": 2319143767"," '""label'"": '""Cấp trung cấp'""}"," {'""max'"": 3069862120"," '""min'"": 2574993745"," '""label'"": '""Cấp cao cấp'""}"," {'""max'"": 3313080000"," '""min'"": 3069862120"," '""label'"": '""Lead Level'""}]""",2026-01-27 15:44:54.424881+00
436,Extensive preparation needed. Requires completion of residency or specialized training programs.,Extensive preparation needed. Requires completion of residency or specialized training programs.,"Professional degree required (M.D., D.O., Pharm.D., etc.). Professional license required.","Professional degree required (M.D., D.O., Pharm.D., etc.). Professional license required.",67355.00,166677.00,117016.00,USD,"[{""max"""": 98924.67"," '""min'"": 67355.0"," '""label'"": '""Entry Level'""}"," {'""max'"": 121794.78"," '""min'"": 98924.67"," """"label"""": """"Mid Level""""}"," {'""max'"": 153512.07"," '""min'"": 121794.78"," '""label'"": '""Senior Level'""}"," {'""max'"": 166677.0"," '""min'"": 153512.07"," '""label'"": '""Lead Level'""}]""",1616520000.00,4000248000.00,2808384000.00,VND,"[{'max'"": 2374191973"," '""min'"": 1616520000"," '""label'"": '""Cấp mới vào nghề'""}"," {'""max'"": 2923074745"," '""min'"": 2374191973"," '""label'"": '""Cấp trung cấp'""}"," {'""max'"": 3684289663"," '""min'"": 2923074745"," '""label'"": '""Cấp cao cấp'""}"," {'""max'"": 4000248000"," '""min'"": 3684289663"," '""label'"": '""Lead Level'""}]""",2026-01-27 15:44:54.424881+00
437,Extensive preparation needed. Requires completion of residency or specialized training programs.,Extensive preparation needed. Requires completion of residency or specialized training programs.,"Professional degree required (M.D., D.O., Pharm.D., etc.). Professional license required.","Professional degree required (M.D., D.O., Pharm.D., etc.). Professional license required.",72578.00,112432.00,92505.00,USD,"[{""max"""": 84517.73"," '""min'"": 72578.0"," '""label'"": '""Entry Level'""}"," {'""max'"": 95012.8"," '""min'"": 84517.73"," """"label"""": """"Mid Level""""}"," {'""max'"": 108612.79"," '""min'"": 95012.8"," '""label'"": '""Senior Level'""}"," {'""max'"": 112432.0"," '""min'"": 108612.79"," '""label'"": '""Lead Level'""}]""",1741872000.00,2698368000.00,2220120000.00,VND,"[{'max'"": 2028425405"," '""min'"": 1741872000"," '""label'"": '""Cấp mới vào nghề'""}"," {'""max'"": 2280307174"," '""min'"": 2028425405"," '""label'"": '""Cấp trung cấp'""}"," {'""max'"": 2606706881"," '""min'"": 2280307174"," '""label'"": '""Cấp cao cấp'""}"," {'""max'"": 2698368000"," '""min'"": 2606706881"," '""label'"": '""Lead Level'""}]""",2026-01-27 15:44:54.424881+00
438,Extensive preparation needed. Requires completion of residency or specialized training programs.,Extensive preparation needed. Requires completion of residency or specialized training programs.,"Professional degree required (M.D., D.O., Pharm.D., etc.). Professional license required.","Professional degree required (M.D., D.O., Pharm.D., etc.). Professional license required.",60392.00,106103.00,83247.00,USD,"[{""max"""": 76284.77"," '""min'"": 60392.0"," '""label'"": '""Entry Level'""}"," {'""max'"": 83004.45"," '""min'"": 76284.77"," """"label"""": """"Mid Level""""}"," {'""max'"": 98769.71"," '""min'"": 83004.45"," '""label'"": '""Senior Level'""}"," {'""max'"": 106103.0"," '""min'"": 98769.71"," '""label'"": '""Lead Level'""}]""",1449408000.00,2546472000.00,1997928000.00,VND,"[{'max'"": 1830834485"," '""min'"": 1449408000"," '""label'"": '""Cấp mới vào nghề'""}"," {'""max'"": 1992106740"," '""min'"": 1830834485"," '""label'"": '""Cấp trung cấp'""}"," {'""max'"": 2370473154"," '""min'"": 1992106740"," '""label'"": '""Cấp cao cấp'""}"," {'""max'"": 2546472000"," '""min'"": 2370473154"," '""label'"": '""Lead Level'""}]""",2026-01-27 15:44:54.424881+00
439,Extensive preparation needed. Requires completion of residency or specialized training programs.,Extensive preparation needed. Requires completion of residency or specialized training programs.,"Professional degree required (M.D., D.O., Pharm.D., etc.). Professional license required.","Professional degree required (M.D., D.O., Pharm.D., etc.). Professional license required.",45106.00,147649.00,96377.00,USD,"[{""max"""": 76452.21"," '""min'"": 45106.0"," '""label'"": '""Entry Level'""}"," {'""max'"": 98194.87"," '""min'"": 76452.21"," """"label"""": """"Mid Level""""}"," {'""max'"": 131808.95"," '""min'"": 98194.87"," '""label'"": '""Senior Level'""}"," {'""max'"": 147649.0"," '""min'"": 131808.95"," '""label'"": '""Lead Level'""}]""",1082544000.00,3543576000.00,2313048000.00,VND,"[{'max'"": 1834853034"," '""min'"": 1082544000"," '""label'"": '""Cấp mới vào nghề'""}"," {'""max'"": 2356676858"," '""min'"": 1834853034"," '""label'"": '""Cấp trung cấp'""}"," {'""max'"": 3163414691"," '""min'"": 2356676858"," '""label'"": '""Cấp cao cấp'""}"," {'""max'"": 3543576000"," '""min'"": 3163414691"," '""label'"": '""Lead Level'""}]""",2026-01-27 15:44:54.424881+00
440,Extensive preparation needed. Requires completion of residency or specialized training programs.,Extensive preparation needed. Requires completion of residency or specialized training programs.,"Professional degree required (M.D., D.O., Pharm.D., etc.). Professional license required.","Professional degree required (M.D., D.O., Pharm.D., etc.). Professional license required.",71274.00,189435.00,130354.00,USD,"[{""max"""": 109129.57"," '""min'"": 71274.0"," '""label'"": '""Entry Level'""}"," {'""max'"": 140082.49"," '""min'"": 109129.57"," """"label"""": """"Mid Level""""}"," {'""max'"": 168447.62"," '""min'"": 140082.49"," '""label'"": '""Senior Level'""}"," {'""max'"": 189435.0"," '""min'"": 168447.62"," '""label'"": '""Lead Level'""}]""",1710576000.00,4546440000.00,3128496000.00,VND,"[{'max'"": 2619109631"," '""min'"": 1710576000"," '""label'"": '""Cấp mới vào nghề'""}"," {'""max'"": 3361979853"," '""min'"": 2619109631"," '""label'"": '""Cấp trung cấp'""}"," {'""max'"": 4042742784"," '""min'"": 3361979853"," '""label'"": '""Cấp cao cấp'""}"," {'""max'"": 4546440000"," '""min'"": 4042742784"," '""label'"": '""Lead Level'""}]""",2026-01-27 15:44:54.424881+00
441,Extensive preparation needed. Requires completion of residency or specialized training programs.,Extensive preparation needed. Requires completion of residency or specialized training programs.,"Professional degree required (M.D., D.O., Pharm.D., etc.). Professional license required.","Professional degree required (M.D., D.O., Pharm.D., etc.). Professional license required.",48364.00,138988.00,93676.00,USD,"[{""max"""": 72517.1"," '""min'"": 48364.0"," '""label'"": '""Entry Level'""}"," {'""max'"": 99782.46"," '""min'"": 72517.1"," """"label"""": """"Mid Level""""}"," {'""max'"": 126281.61"," '""min'"": 99782.46"," '""label'"": '""Senior Level'""}"," {'""max'"": 138988.0"," '""min'"": 126281.61"," '""label'"": '""Lead Level'""}]""",1160736000.00,3335712000.00,2248224000.00,VND,"[{'max'"": 1740410455"," '""min'"": 1160736000"," '""label'"": '""Cấp mới vào nghề'""}"," {'""max'"": 2394778992"," '""min'"": 1740410455"," '""label'"": '""Cấp trung cấp'""}"," {'""max'"": 3030758739"," '""min'"": 2394778992"," '""label'"": '""Cấp cao cấp'""}"," {'""max'"": 3335712000"," '""min'"": 3030758739"," '""label'"": '""Lead Level'""}]""",2026-01-27 15:44:54.424881+00
442,Extensive preparation needed. Requires completion of residency or specialized training programs.,Extensive preparation needed. Requires completion of residency or specialized training programs.,"Professional degree required (M.D., D.O., Pharm.D., etc.). Professional license required.","Professional degree required (M.D., D.O., Pharm.D., etc.). Professional license required.",43420.00,112583.00,78001.00,USD,"[{""max"""": 66239.02"," '""min'"": 43420.0"," '""label'"": '""Entry Level'""}"," {'""max'"": 80106.37"," '""min'"": 66239.02"," """"label"""": """"Mid Level""""}"," {'""max'"": 100597.17"," '""min'"": 80106.37"," '""label'"": '""Senior Level'""}"," {'""max'"": 112583.0"," '""min'"": 100597.17"," '""label'"": '""Lead Level'""}]""",1042080000.00,2701992000.00,1872024000.00,VND,"[{'max'"": 1589736455"," '""min'"": 1042080000"," '""label'"": '""Cấp mới vào nghề'""}"," {'""max'"": 1922552768"," '""min'"": 1589736455"," '""label'"": '""Cấp trung cấp'""}"," {'""max'"": 2414332112"," '""min'"": 1922552768"," '""label'"": '""Cấp cao cấp'""}"," {'""max'"": 2701992000"," '""min'"": 2414332112"," '""label'"": '""Lead Level'""}]""",2026-01-27 15:44:54.424881+00
443,Extensive preparation needed. Requires completion of residency or specialized training programs.,Extensive preparation needed. Requires completion of residency or specialized training programs.,"Professional degree required (M.D., D.O., Pharm.D., etc.). Professional license required.","Professional degree required (M.D., D.O., Pharm.D., etc.). Professional license required.",51220.00,185468.00,118344.00,USD,"[{""max"""": 95976.89"," '""min'"": 51220.0"," '""label'"": '""Entry Level'""}"," {'""max'"": 116985.34"," '""min'"": 95976.89"," """"label"""": """"Mid Level""""}"," {'""max'"": 165270.21"," '""min'"": 116985.34"," '""label'"": '""Senior Level'""}"," {'""max'"": 185468.0"," '""min'"": 165270.21"," '""label'"": '""Lead Level'""}]""",1229280000.00,4451232000.00,2840256000.00,VND,"[{'max'"": 2303445371"," '""min'"": 1229280000"," '""label'"": '""Cấp mới vào nghề'""}"," {'""max'"": 2807648067"," '""min'"": 2303445371"," '""label'"": '""Cấp trung cấp'""}"," {'""max'"": 3966485029"," '""min'"": 2807648067"," '""label'"": '""Cấp cao cấp'""}"," {'""max'"": 4451232000"," '""min'"": 3966485029"," '""label'"": '""Lead Level'""}]""",2026-01-27 15:44:54.424881+00
444,Extensive preparation needed. Requires completion of residency or specialized training programs.,Extensive preparation needed. Requires completion of residency or specialized training programs.,"Professional degree required (M.D., D.O., Pharm.D., etc.). Professional license required.","Professional degree required (M.D., D.O., Pharm.D., etc.). Professional license required.",62026.00,195747.00,128886.00,USD,"[{""max"""": 105029.51"," '""min'"": 62026.0"," '""label'"": '""Entry Level'""}"," {'""max'"": 138294.19"," '""min'"": 105029.51"," """"label"""": """"Mid Level""""}"," {'""max'"": 175491.12"," '""min'"": 138294.19"," '""label'"": '""Senior Level'""}"," {'""max'"": 195747.0"," '""min'"": 175491.12"," '""label'"": '""Lead Level'""}]""",1488624000.00,4697928000.00,3093264000.00,VND,"[{'max'"": 2520708271"," '""min'"": 1488624000"," '""label'"": '""Cấp mới vào nghề'""}"," {'""max'"": 3319060659"," '""min'"": 2520708271"," '""label'"": '""Cấp trung cấp'""}"," {'""max'"": 4211786911"," '""min'"": 3319060659"," '""label'"": '""Cấp cao cấp'""}"," {'""max'"": 4697928000"," '""min'"": 4211786911"," '""label'"": '""Lead Level'""}]""",2026-01-27 15:44:54.424881+00
445,Extensive preparation needed. Requires completion of residency or specialized training programs.,Extensive preparation needed. Requires completion of residency or specialized training programs.,"Professional degree required (M.D., D.O., Pharm.D., etc.). Professional license required.","Professional degree required (M.D., D.O., Pharm.D., etc.). Professional license required.",76444.00,144806.00,110625.00,USD,"[{""max"""": 94648.71"," '""min'"": 76444.0"," '""label'"": '""Entry Level'""}"," {'""max'"": 109753.63"," '""min'"": 94648.71"," """"label"""": """"Mid Level""""}"," {'""max'"": 137420.97"," '""min'"": 109753.63"," '""label'"": '""Senior Level'""}"," {'""max'"": 144806.0"," '""min'"": 137420.97"," '""label'"": '""Lead Level'""}]""",1834656000.00,3475344000.00,2655000000.00,VND,"[{'max'"": 2271568986"," '""min'"": 1834656000"," '""label'"": '""Cấp mới vào nghề'""}"," {'""max'"": 2634087083"," '""min'"": 2271568986"," '""label'"": '""Cấp trung cấp'""}"," {'""max'"": 3298103180"," '""min'"": 2634087083"," '""label'"": '""Cấp cao cấp'""}"," {'""max'"": 3475344000"," '""min'"": 3298103180"," '""label'"": '""Lead Level'""}]""",2026-01-27 15:44:54.424881+00
446,Extensive preparation needed. Requires completion of residency or specialized training programs.,Extensive preparation needed. Requires completion of residency or specialized training programs.,"Professional degree required (M.D., D.O., Pharm.D., etc.). Professional license required.","Professional degree required (M.D., D.O., Pharm.D., etc.). Professional license required.",75521.00,147965.00,111743.00,USD,"[{""max"""": 95748.89"," '""min'"": 75521.0"," '""label'"": '""Entry Level'""}"," {'""max'"": 116202.03"," '""min'"": 95748.89"," """"label"""": """"Mid Level""""}"," {'""max'"": 140552.97"," '""min'"": 116202.03"," '""label'"": '""Senior Level'""}"," {'""max'"": 147965.0"," '""min'"": 140552.97"," '""label'"": '""Lead Level'""}]""",1812504000.00,3551160000.00,2681832000.00,VND,"[{'max'"": 2297973435"," '""min'"": 1812504000"," '""label'"": '""Cấp mới vào nghề'""}"," {'""max'"": 2788848714"," '""min'"": 2297973435"," '""label'"": '""Cấp trung cấp'""}"," {'""max'"": 3373271369"," '""min'"": 2788848714"," '""label'"": '""Cấp cao cấp'""}"," {'""max'"": 3551160000"," '""min'"": 3373271369"," '""label'"": '""Lead Level'""}]""",2026-01-27 15:44:54.424881+00
447,Extensive preparation needed. Requires completion of residency or specialized training programs.,Extensive preparation needed. Requires completion of residency or specialized training programs.,"Professional degree required (M.D., D.O., Pharm.D., etc.). Professional license required.","Professional degree required (M.D., D.O., Pharm.D., etc.). Professional license required.",67711.00,184616.00,126163.00,USD,"[{""max"""": 100143.37"," '""min'"": 67711.0"," '""label'"": '""Entry Level'""}"," {'""max'"": 135803.1"," '""min'"": 100143.37"," """"label"""": """"Mid Level""""}"," {'""max'"": 169607.87"," '""min'"": 135803.1"," '""label'"": '""Senior Level'""}"," {'""max'"": 184616.0"," '""min'"": 169607.87"," '""label'"": '""Lead Level'""}]""",1625064000.00,4430784000.00,3027912000.00,VND,"[{'max'"": 2403440935"," '""min'"": 1625064000"," '""label'"": '""Cấp mới vào nghề'""}"," {'""max'"": 3259274458"," '""min'"": 2403440935"," '""label'"": '""Cấp trung cấp'""}"," {'""max'"": 4070588927"," '""min'"": 3259274458"," '""label'"": '""Cấp cao cấp'""}"," {'""max'"": 4430784000"," '""min'"": 4070588927"," '""label'"": '""Lead Level'""}]""",2026-01-27 15:44:54.424881+00
448,Extensive preparation needed. Requires completion of residency or specialized training programs.,Extensive preparation needed. Requires completion of residency or specialized training programs.,"Professional degree required (M.D., D.O., Pharm.D., etc.). Professional license required.","Professional degree required (M.D., D.O., Pharm.D., etc.). Professional license required.",54755.00,159895.00,107325.00,USD,"[{""max"""": 90011.52"," '""min'"": 54755.0"," '""label'"": '""Entry Level'""}"," {'""max'"": 108654.34"," '""min'"": 90011.52"," """"label"""": """"Mid Level""""}"," {'""max'"": 148302.6"," '""min'"": 108654.34"," '""label'"": '""Senior Level'""}"," {'""max'"": 159895.0"," '""min'"": 148302.6"," '""label'"": '""Lead Level'""}]""",1314120000.00,3837480000.00,2575800000.00,VND,"[{'max'"": 2160276512"," '""min'"": 1314120000"," '""label'"": '""Cấp mới vào nghề'""}"," {'""max'"": 2607704192"," '""min'"": 2160276512"," '""label'"": '""Cấp trung cấp'""}"," {'""max'"": 3559262298"," '""min'"": 2607704192"," '""label'"": '""Cấp cao cấp'""}"," {'""max'"": 3837480000"," '""min'"": 3559262298"," '""label'"": '""Lead Level'""}]""",2026-01-27 15:44:54.424881+00
449,Extensive preparation needed. Requires completion of residency or specialized training programs.,Extensive preparation needed. Requires completion of residency or specialized training programs.,"Professional degree required (M.D., D.O., Pharm.D., etc.). Professional license required.","Professional degree required (M.D., D.O., Pharm.D., etc.). Professional license required.",78418.00,126678.00,102548.00,USD,"[{""max"""": 92228.83"," '""min'"": 78418.0"," '""label'"": '""Entry Level'""}"," {'""max'"": 101874.78"," '""min'"": 92228.83"," """"label"""": """"Mid Level""""}"," {'""max'"": 120961.27"," '""min'"": 101874.78"," '""label'"": '""Senior Level'""}"," {'""max'"": 126678.0"," '""min'"": 120961.27"," '""label'"": '""Lead Level'""}]""",1882032000.00,3040272000.00,2461152000.00,VND,"[{'max'"": 2213491959"," '""min'"": 1882032000"," '""label'"": '""Cấp mới vào nghề'""}"," {'""max'"": 2444994652"," '""min'"": 2213491959"," '""label'"": '""Cấp trung cấp'""}"," {'""max'"": 2903070577"," '""min'"": 2444994652"," '""label'"": '""Cấp cao cấp'""}"," {'""max'"": 3040272000"," '""min'"": 2903070577"," '""label'"": '""Lead Level'""}]""",2026-01-27 15:44:54.424881+00
450,Extensive preparation needed. Requires completion of residency or specialized training programs.,Extensive preparation needed. Requires completion of residency or specialized training programs.,"Professional degree required (M.D., D.O., Pharm.D., etc.). Professional license required.","Professional degree required (M.D., D.O., Pharm.D., etc.). Professional license required.",77851.00,141255.00,109553.00,USD,"[{""max"""": 98100.86"," '""min'"": 77851.0"," '""label'"": '""Entry Level'""}"," {'""max'"": 112191.19"," '""min'"": 98100.86"," """"label"""": """"Mid Level""""}"," {'""max'"": 131148.8"," '""min'"": 112191.19"," '""label'"": '""Senior Level'""}"," {'""max'"": 141255.0"," '""min'"": 131148.8"," '""label'"": '""Lead Level'""}]""",1868424000.00,3390120000.00,2629272000.00,VND,"[{'max'"": 2354420607"," '""min'"": 1868424000"," '""label'"": '""Cấp mới vào nghề'""}"," {'""max'"": 2692588673"," '""min'"": 2354420607"," '""label'"": '""Cấp trung cấp'""}"," {'""max'"": 3147571170"," '""min'"": 2692588673"," '""label'"": '""Cấp cao cấp'""}"," {'""max'"": 3390120000"," '""min'"": 3147571170"," '""label'"": '""Lead Level'""}]""",2026-01-27 15:44:54.424881+00
451,Extensive preparation needed. Requires completion of residency or specialized training programs.,Extensive preparation needed. Requires completion of residency or specialized training programs.,"Professional degree required (M.D., D.O., Pharm.D., etc.). Professional license required.","Professional degree required (M.D., D.O., Pharm.D., etc.). Professional license required.",71330.00,182756.00,127043.00,USD,"[{""max"""": 100874.98"," '""min'"": 71330.0"," '""label'"": '""Entry Level'""}"," {'""max'"": 128792.12"," '""min'"": 100874.98"," """"label"""": """"Mid Level""""}"," {'""max'"": 169244.88"," '""min'"": 128792.12"," '""label'"": '""Senior Level'""}"," {'""max'"": 182756.0"," '""min'"": 169244.88"," '""label'"": '""Lead Level'""}]""",1711920000.00,4386144000.00,3049032000.00,VND,"[{'max'"": 2420999493"," '""min'"": 1711920000"," '""label'"": '""Cấp mới vào nghề'""}"," {'""max'"": 3091010803"," '""min'"": 2420999493"," '""label'"": '""Cấp trung cấp'""}"," {'""max'"": 4061877074"," '""min'"": 3091010803"," '""label'"": '""Cấp cao cấp'""}"," {'""max'"": 4386144000"," '""min'"": 4061877074"," '""label'"": '""Lead Level'""}]""",2026-01-27 15:44:54.424881+00
452,Extensive preparation needed. Requires completion of residency or specialized training programs.,Extensive preparation needed. Requires completion of residency or specialized training programs.,"Professional degree required (M.D., D.O., Pharm.D., etc.). Professional license required.","Professional degree required (M.D., D.O., Pharm.D., etc.). Professional license required.",46787.00,190998.00,118892.00,USD,"[{""max"""": 92559.8"," '""min'"": 46787.0"," '""label'"": '""Entry Level'""}"," {'""max'"": 119273.2"," '""min'"": 92559.8"," """"label"""": """"Mid Level""""}"," {'""max'"": 168255.36"," '""min'"": 119273.2"," '""label'"": '""Senior Level'""}"," {'""max'"": 190998.0"," '""min'"": 168255.36"," '""label'"": '""Lead Level'""}]""",1122888000.00,4583952000.00,2853408000.00,VND,"[{'max'"": 2221435246"," '""min'"": 1122888000"," '""label'"": '""Cấp mới vào nghề'""}"," {'""max'"": 2862556723"," '""min'"": 2221435246"," '""label'"": '""Cấp trung cấp'""}"," {'""max'"": 4038128525"," '""min'"": 2862556723"," '""label'"": '""Cấp cao cấp'""}"," {'""max'"": 4583952000"," '""min'"": 4038128525"," '""label'"": '""Lead Level'""}]""",2026-01-27 15:44:54.424881+00
453,Extensive preparation needed. Requires completion of residency or specialized training programs.,Extensive preparation needed. Requires completion of residency or specialized training programs.,"Professional degree required (M.D., D.O., Pharm.D., etc.). Professional license required.","Professional degree required (M.D., D.O., Pharm.D., etc.). Professional license required.",72609.00,124123.00,98366.00,USD,"[{""max"""": 90156.07"," '""min'"": 72609.0"," '""label'"": '""Entry Level'""}"," {'""max'"": 99967.94"," '""min'"": 90156.07"," """"label"""": """"Mid Level""""}"," {'""max'"": 119061.56"," '""min'"": 99967.94"," '""label'"": '""Senior Level'""}"," {'""max'"": 124123.0"," '""min'"": 119061.56"," '""label'"": '""Lead Level'""}]""",1742616000.00,2978952000.00,2360784000.00,VND,"[{'max'"": 2163745771"," '""min'"": 1742616000"," '""label'"": '""Cấp mới vào nghề'""}"," {'""max'"": 2399230524"," '""min'"": 2163745771"," '""label'"": '""Cấp trung cấp'""}"," {'""max'"": 2857477437"," '""min'"": 2399230524"," '""label'"": '""Cấp cao cấp'""}"," {'""max'"": 2978952000"," '""min'"": 2857477437"," '""label'"": '""Lead Level'""}]""",2026-01-27 15:44:54.424881+00
454,Extensive preparation needed. Requires completion of residency or specialized training programs.,Extensive preparation needed. Requires completion of residency or specialized training programs.,"Professional degree required (M.D., D.O., Pharm.D., etc.). Professional license required.","Professional degree required (M.D., D.O., Pharm.D., etc.). Professional license required.",71832.00,132403.00,102117.00,USD,"[{""max"""": 90728.44"," '""min'"": 71832.0"," '""label'"": '""Entry Level'""}"," {'""max'"": 104227.33"," '""min'"": 90728.44"," """"label"""": """"Mid Level""""}"," {'""max'"": 121808.36"," '""min'"": 104227.33"," '""label'"": '""Senior Level'""}"," {'""max'"": 132403.0"," '""min'"": 121808.36"," '""label'"": '""Lead Level'""}]""",1723968000.00,3177672000.00,2450808000.00,VND,"[{'max'"": 2177482576"," '""min'"": 1723968000"," '""label'"": '""Cấp mới vào nghề'""}"," {'""max'"": 2501455881"," '""min'"": 2177482576"," '""label'"": '""Cấp trung cấp'""}"," {'""max'"": 2923400668"," '""min'"": 2501455881"," '""label'"": '""Cấp cao cấp'""}"," {'""max'"": 3177672000"," '""min'"": 2923400668"," '""label'"": '""Lead Level'""}]""",2026-01-27 15:44:54.424881+00
455,Extensive preparation needed. Requires completion of residency or specialized training programs.,Extensive preparation needed. Requires completion of residency or specialized training programs.,"Professional degree required (M.D., D.O., Pharm.D., etc.). Professional license required.","Professional degree required (M.D., D.O., Pharm.D., etc.). Professional license required.",48676.00,173247.00,110961.00,USD,"[{""max"""": 81040.53"," '""min'"": 48676.0"," '""label'"": '""Entry Level'""}"," {'""max'"": 109797.63"," '""min'"": 81040.53"," """"label"""": """"Mid Level""""}"," {'""max'"": 154967.39"," '""min'"": 109797.63"," '""label'"": '""Senior Level'""}"," {'""max'"": 173247.0"," '""min'"": 154967.39"," '""label'"": '""Lead Level'""}]""",1168224000.00,4157928000.00,2663064000.00,VND,"[{'max'"": 1944972648"," '""min'"": 1168224000"," '""label'"": '""Cấp mới vào nghề'""}"," {'""max'"": 2635143104"," '""min'"": 1944972648"," '""label'"": '""Cấp trung cấp'""}"," {'""max'"": 3719217297"," '""min'"": 2635143104"," '""label'"": '""Cấp cao cấp'""}"," {'""max'"": 4157928000"," '""min'"": 3719217297"," '""label'"": '""Lead Level'""}]""",2026-01-27 15:44:54.424881+00
456,Extensive preparation needed. Requires completion of residency or specialized training programs.,Extensive preparation needed. Requires completion of residency or specialized training programs.,"Professional degree required (M.D., D.O., Pharm.D., etc.). Professional license required.","Professional degree required (M.D., D.O., Pharm.D., etc.). Professional license required.",44447.00,133457.00,88952.00,USD,"[{""max"""": 67591.48"," '""min'"": 44447.0"," '""label'"": '""Entry Level'""}"," {'""max'"": 95053.99"," '""min'"": 67591.48"," """"label"""": """"Mid Level""""}"," {'""max'"": 122360.05"," '""min'"": 95053.99"," '""label'"": '""Senior Level'""}"," {'""max'"": 133457.0"," '""min'"": 122360.05"," '""label'"": '""Lead Level'""}]""",1066728000.00,3202968000.00,2134848000.00,VND,"[{'max'"": 1622195617"," '""min'"": 1066728000"," '""label'"": '""Cấp mới vào nghề'""}"," {'""max'"": 2281295660"," '""min'"": 1622195617"," '""label'"": '""Cấp trung cấp'""}"," {'""max'"": 2936641115"," '""min'"": 2281295660"," '""label'"": '""Cấp cao cấp'""}"," {'""max'"": 3202968000"," '""min'"": 2936641115"," '""label'"": '""Lead Level'""}]""",2026-01-27 15:44:54.424881+00
457,Extensive preparation needed. Requires completion of residency or specialized training programs.,Extensive preparation needed. Requires completion of residency or specialized training programs.,"Professional degree required (M.D., D.O., Pharm.D., etc.). Professional license required.","Professional degree required (M.D., D.O., Pharm.D., etc.). Professional license required.",65754.00,101138.00,83446.00,USD,"[{""max"""": 76976.13"," '""min'"": 65754.0"," '""label'"": '""Entry Level'""}"," {'""max'"": 86064.67"," '""min'"": 76976.13"," """"label"""": """"Mid Level""""}"," {'""max'"": 94906.95"," '""min'"": 86064.67"," '""label'"": '""Senior Level'""}"," {'""max'"": 101138.0"," '""min'"": 94906.95"," '""label'"": '""Lead Level'""}]""",1578096000.00,2427312000.00,2002704000.00,VND,"[{'max'"": 1847427091"," '""min'"": 1578096000"," '""label'"": '""Cấp mới vào nghề'""}"," {'""max'"": 2065552114"," '""min'"": 1847427091"," '""label'"": '""Cấp trung cấp'""}"," {'""max'"": 2277766821"," '""min'"": 2065552114"," '""label'"": '""Cấp cao cấp'""}"," {'""max'"": 2427312000"," '""min'"": 2277766821"," '""label'"": '""Lead Level'""}]""",2026-01-27 15:44:54.424881+00
458,Extensive preparation needed. Requires completion of residency or specialized training programs.,Extensive preparation needed. Requires completion of residency or specialized training programs.,"Professional degree required (M.D., D.O., Pharm.D., etc.). Professional license required.","Professional degree required (M.D., D.O., Pharm.D., etc.). Professional license required.",56531.00,116233.00,86382.00,USD,"[{""max"""": 73631.82"," '""min'"": 56531.0"," '""label'"": '""Entry Level'""}"," {'""max'"": 90549.17"," '""min'"": 73631.82"," """"label"""": """"Mid Level""""}"," {'""max'"": 108863.54"," '""min'"": 90549.17"," '""label'"": '""Senior Level'""}"," {'""max'"": 116233.0"," '""min'"": 108863.54"," '""label'"": '""Lead Level'""}]""",1356744000.00,2789592000.00,2073168000.00,VND,"[{'max'"": 1767163632"," '""min'"": 1356744000"," '""label'"": '""Cấp mới vào nghề'""}"," {'""max'"": 2173180167"," '""min'"": 1767163632"," '""label'"": '""Cấp trung cấp'""}"," {'""max'"": 2612724876"," '""min'"": 2173180167"," '""label'"": '""Cấp cao cấp'""}"," {'""max'"": 2789592000"," '""min'"": 2612724876"," '""label'"": '""Lead Level'""}]""",2026-01-27 15:44:54.424881+00
459,Extensive preparation needed. Requires completion of residency or specialized training programs.,Extensive preparation needed. Requires completion of residency or specialized training programs.,"Professional degree required (M.D., D.O., Pharm.D., etc.). Professional license required.","Professional degree required (M.D., D.O., Pharm.D., etc.). Professional license required.",76509.00,189919.00,133214.00,USD,"[{""max"""": 105379.22"," '""min'"": 76509.0"," '""label'"": '""Entry Level'""}"," {'""max'"": 140041.58"," '""min'"": 105379.22"," """"label"""": """"Mid Level""""}"," {'""max'"": 176814.92"," '""min'"": 140041.58"," '""label'"": '""Senior Level'""}"," {'""max'"": 189919.0"," '""min'"": 176814.92"," '""label'"": '""Lead Level'""}]""",1836216000.00,4558056000.00,3197136000.00,VND,"[{'max'"": 2529101238"," '""min'"": 1836216000"," '""label'"": '""Cấp mới vào nghề'""}"," {'""max'"": 3360997996"," '""min'"": 2529101238"," '""label'"": '""Cấp trung cấp'""}"," {'""max'"": 4243558040"," '""min'"": 3360997996"," '""label'"": '""Cấp cao cấp'""}"," {'""max'"": 4558056000"," '""min'"": 4243558040"," '""label'"": '""Lead Level'""}]""",2026-01-27 15:44:54.424881+00
460,Extensive preparation needed. Requires completion of residency or specialized training programs.,Extensive preparation needed. Requires completion of residency or specialized training programs.,"Professional degree required (M.D., D.O., Pharm.D., etc.). Professional license required.","Professional degree required (M.D., D.O., Pharm.D., etc.). Professional license required.",42805.00,100894.00,71849.00,USD,"[{""max"""": 59323.79"," '""min'"": 42805.0"," '""label'"": '""Entry Level'""}"," {'""max'"": 70895.18"," '""min'"": 59323.79"," """"label"""": """"Mid Level""""}"," {'""max'"": 94626.79"," '""min'"": 70895.18"," '""label'"": '""Senior Level'""}"," {'""max'"": 100894.0"," '""min'"": 94626.79"," '""label'"": '""Lead Level'""}]""",1027320000.00,2421456000.00,1724376000.00,VND,"[{'max'"": 1423770900"," '""min'"": 1027320000"," '""label'"": '""Cấp mới vào nghề'""}"," {'""max'"": 1701484230"," '""min'"": 1423770900"," '""label'"": '""Cấp trung cấp'""}"," {'""max'"": 2271042866"," '""min'"": 1701484230"," '""label'"": '""Cấp cao cấp'""}"," {'""max'"": 2421456000"," '""min'"": 2271042866"," '""label'"": '""Lead Level'""}]""",2026-01-27 15:44:54.424881+00
461,Extensive preparation needed. Requires completion of residency or specialized training programs.,Extensive preparation needed. Requires completion of residency or specialized training programs.,"Professional degree required (M.D., D.O., Pharm.D., etc.). Professional license required.","Professional degree required (M.D., D.O., Pharm.D., etc.). Professional license required.",51912.00,124286.00,88099.00,USD,"[{""max"""": 75613.3"," '""min'"": 51912.0"," '""label'"": '""Entry Level'""}"," {'""max'"": 87111.92"," '""min'"": 75613.3"," """"label"""": """"Mid Level""""}"," {'""max'"": 116149.82"," '""min'"": 87111.92"," '""label'"": '""Senior Level'""}"," {'""max'"": 124286.0"," '""min'"": 116149.82"," '""label'"": '""Lead Level'""}]""",1245888000.00,2982864000.00,2114376000.00,VND,"[{'max'"": 1814719216"," '""min'"": 1245888000"," '""label'"": '""Cấp mới vào nghề'""}"," {'""max'"": 2090686106"," '""min'"": 1814719216"," '""label'"": '""Cấp trung cấp'""}"," {'""max'"": 2787595676"," '""min'"": 2090686106"," '""label'"": '""Cấp cao cấp'""}"," {'""max'"": 2982864000"," '""min'"": 2787595676"," '""label'"": '""Lead Level'""}]""",2026-01-27 15:44:54.424881+00
462,Extensive preparation needed. Requires completion of residency or specialized training programs.,Extensive preparation needed. Requires completion of residency or specialized training programs.,"Professional degree required (M.D., D.O., Pharm.D., etc.). Professional license required.","Professional degree required (M.D., D.O., Pharm.D., etc.). Professional license required.",66175.00,163656.00,114915.00,USD,"[{""max"""": 94274.18"," '""min'"": 66175.0"," '""label'"": '""Entry Level'""}"," {'""max'"": 113542.73"," '""min'"": 94274.18"," """"label"""": """"Mid Level""""}"," {'""max'"": 154762.86"," '""min'"": 113542.73"," '""label'"": '""Senior Level'""}"," {'""max'"": 163656.0"," '""min'"": 154762.86"," '""label'"": '""Lead Level'""}]""",1588200000.00,3927744000.00,2757960000.00,VND,"[{'max'"": 2262580386"," '""min'"": 1588200000"," '""label'"": '""Cấp mới vào nghề'""}"," {'""max'"": 2725025584"," '""min'"": 2262580386"," '""label'"": '""Cấp trung cấp'""}"," {'""max'"": 3714308686"," '""min'"": 2725025584"," '""label'"": '""Cấp cao cấp'""}"," {'""max'"": 3927744000"," '""min'"": 3714308686"," '""label'"": '""Lead Level'""}]""",2026-01-27 15:44:54.424881+00
463,Extensive preparation needed. Requires completion of residency or specialized training programs.,Extensive preparation needed. Requires completion of residency or specialized training programs.,"Professional degree required (M.D., D.O., Pharm.D., etc.). Professional license required.","Professional degree required (M.D., D.O., Pharm.D., etc.). Professional license required.",57218.00,155002.00,106110.00,USD,"[{""max"""": 82523.18"," '""min'"": 57218.0"," '""label'"": '""Entry Level'""}"," {'""max'"": 113854.02"," '""min'"": 82523.18"," """"label"""": """"Mid Level""""}"," {'""max'"": 145209.92"," '""min'"": 113854.02"," '""label'"": '""Senior Level'""}"," {'""max'"": 155002.0"," '""min'"": 145209.92"," '""label'"": '""Lead Level'""}]""",1373232000.00,3720048000.00,2546640000.00,VND,"[{'max'"": 1980556287"," '""min'"": 1373232000"," '""label'"": '""Cấp mới vào nghề'""}"," {'""max'"": 2732496384"," '""min'"": 1980556287"," '""label'"": '""Cấp trung cấp'""}"," {'""max'"": 3485037965"," '""min'"": 2732496384"," '""label'"": '""Cấp cao cấp'""}"," {'""max'"": 3720048000"," '""min'"": 3485037965"," '""label'"": '""Lead Level'""}]""",2026-01-27 15:44:54.424881+00
464,Extensive preparation needed. Requires completion of residency or specialized training programs.,Extensive preparation needed. Requires completion of residency or specialized training programs.,"Professional degree required (M.D., D.O., Pharm.D., etc.). Professional license required.","Professional degree required (M.D., D.O., Pharm.D., etc.). Professional license required.",55803.00,124376.00,90089.00,USD,"[{""max"""": 73268.66"," '""min'"": 55803.0"," '""label'"": '""Entry Level'""}"," {'""max'"": 93864.91"," '""min'"": 73268.66"," """"label"""": """"Mid Level""""}"," {'""max'"": 116166.7"," '""min'"": 93864.91"," '""label'"": '""Senior Level'""}"," {'""max'"": 124376.0"," '""min'"": 116166.7"," '""label'"": '""Lead Level'""}]""",1339272000.00,2985024000.00,2162136000.00,VND,"[{'max'"": 1758447895"," '""min'"": 1339272000"," '""label'"": '""Cấp mới vào nghề'""}"," {'""max'"": 2252757889"," '""min'"": 1758447895"," '""label'"": '""Cấp trung cấp'""}"," {'""max'"": 2788000840"," '""min'"": 2252757889"," '""label'"": '""Cấp cao cấp'""}"," {'""max'"": 2985024000"," '""min'"": 2788000840"," '""label'"": '""Lead Level'""}]""",2026-01-27 15:44:54.424881+00
465,Extensive preparation needed. Requires completion of residency or specialized training programs.,Extensive preparation needed. Requires completion of residency or specialized training programs.,"Professional degree required (M.D., D.O., Pharm.D., etc.). Professional license required.","Professional degree required (M.D., D.O., Pharm.D., etc.). Professional license required.",73677.00,156211.00,114944.00,USD,"[{""max"""": 102043.44"," '""min'"": 73677.0"," '""label'"": '""Entry Level'""}"," {'""max'"": 113620.03"," '""min'"": 102043.44"," """"label"""": """"Mid Level""""}"," {'""max'"": 148248.84"," '""min'"": 113620.03"," '""label'"": '""Senior Level'""}"," {'""max'"": 156211.0"," '""min'"": 148248.84"," '""label'"": '""Lead Level'""}]""",1768248000.00,3749064000.00,2758656000.00,VND,"[{'max'"": 2449042494"," '""min'"": 1768248000"," '""label'"": '""Cấp mới vào nghề'""}"," {'""max'"": 2726880807"," '""min'"": 2449042494"," '""label'"": '""Cấp trung cấp'""}"," {'""max'"": 3557972126"," '""min'"": 2726880807"," '""label'"": '""Cấp cao cấp'""}"," {'""max'"": 3749064000"," '""min'"": 3557972126"," '""label'"": '""Lead Level'""}]""",2026-01-27 15:44:54.424881+00
466,Extensive preparation needed. Requires completion of residency or specialized training programs.,Extensive preparation needed. Requires completion of residency or specialized training programs.,"Professional degree required (M.D., D.O., Pharm.D., etc.). Professional license required.","Professional degree required (M.D., D.O., Pharm.D., etc.). Professional license required.",74069.00,114434.00,94251.00,USD,"[{""max"""": 84390.32"," '""min'"": 74069.0"," '""label'"": '""Entry Level'""}"," {'""max'"": 94888.14"," '""min'"": 84390.32"," """"label"""": """"Mid Level""""}"," {'""max'"": 107821.45"," '""min'"": 94888.14"," '""label'"": '""Senior Level'""}"," {'""max'"": 114434.0"," '""min'"": 107821.45"," '""label'"": '""Lead Level'""}]""",1777656000.00,2746416000.00,2262024000.00,VND,"[{'max'"": 2025367673"," '""min'"": 1777656000"," '""label'"": '""Cấp mới vào nghề'""}"," {'""max'"": 2277315372"," '""min'"": 2025367673"," '""label'"": '""Cấp trung cấp'""}"," {'""max'"": 2587714901"," '""min'"": 2277315372"," '""label'"": '""Cấp cao cấp'""}"," {'""max'"": 2746416000"," '""min'"": 2587714901"," '""label'"": '""Lead Level'""}]""",2026-01-27 15:44:54.424881+00
467,Extensive preparation needed. Requires completion of residency or specialized training programs.,Extensive preparation needed. Requires completion of residency or specialized training programs.,"Professional degree required (M.D., D.O., Pharm.D., etc.). Professional license required.","Professional degree required (M.D., D.O., Pharm.D., etc.). Professional license required.",69329.00,131278.00,100303.00,USD,"[{""max"""": 87360.93"," '""min'"": 69329.0"," '""label'"": '""Entry Level'""}"," {'""max'"": 99699.75"," '""min'"": 87360.93"," """"label"""": """"Mid Level""""}"," {'""max'"": 120529.12"," '""min'"": 99699.75"," '""label'"": '""Senior Level'""}"," {'""max'"": 131278.0"," '""min'"": 120529.12"," '""label'"": '""Lead Level'""}]""",1663896000.00,3150672000.00,2407272000.00,VND,"[{'max'"": 2096662208"," '""min'"": 1663896000"," '""label'"": '""Cấp mới vào nghề'""}"," {'""max'"": 2392793975"," '""min'"": 2096662208"," '""label'"": '""Cấp trung cấp'""}"," {'""max'"": 2892698997"," '""min'"": 2392793975"," '""label'"": '""Cấp cao cấp'""}"," {'""max'"": 3150672000"," '""min'"": 2892698997"," '""label'"": '""Lead Level'""}]""",2026-01-27 15:44:54.424881+00
468,Extensive preparation needed. Requires completion of residency or specialized training programs.,Extensive preparation needed. Requires completion of residency or specialized training programs.,"Professional degree required (M.D., D.O., Pharm.D., etc.). Professional license required.","Professional degree required (M.D., D.O., Pharm.D., etc.). Professional license required.",45869.00,153048.00,99458.00,USD,"[{""max"""": 80048.79"," '""min'"": 45869.0"," '""label'"": '""Entry Level'""}"," {'""max'"": 100079.02"," '""min'"": 80048.79"," """"label"""": """"Mid Level""""}"," {'""max'"": 138199.24"," '""min'"": 100079.02"," '""label'"": '""Senior Level'""}"," {'""max'"": 153048.0"," '""min'"": 138199.24"," '""label'"": '""Lead Level'""}]""",1100856000.00,3673152000.00,2386992000.00,VND,"[{'max'"": 1921170854"," '""min'"": 1100856000"," '""label'"": '""Cấp mới vào nghề'""}"," {'""max'"": 2401896510"," '""min'"": 1921170854"," '""label'"": '""Cấp trung cấp'""}"," {'""max'"": 3316781764"," '""min'"": 2401896510"," '""label'"": '""Cấp cao cấp'""}"," {'""max'"": 3673152000"," '""min'"": 3316781764"," '""label'"": '""Lead Level'""}]""",2026-01-27 15:44:54.424881+00
469,Extensive preparation needed. Requires completion of residency or specialized training programs.,Extensive preparation needed. Requires completion of residency or specialized training programs.,"Professional degree required (M.D., D.O., Pharm.D., etc.). Professional license required.","Professional degree required (M.D., D.O., Pharm.D., etc.). Professional license required.",46898.00,194001.00,120449.00,USD,"[{""max"""": 87921.55"," '""min'"": 46898.0"," '""label'"": '""Entry Level'""}"," {'""max'"": 123053.39"," '""min'"": 87921.55"," """"label"""": """"Mid Level""""}"," {'""max'"": 173484.23"," '""min'"": 123053.39"," '""label'"": '""Senior Level'""}"," {'""max'"": 194001.0"," '""min'"": 173484.23"," '""label'"": '""Lead Level'""}]""",1125552000.00,4656024000.00,2890776000.00,VND,"[{'max'"": 2110117285"," '""min'"": 1125552000"," '""label'"": '""Cấp mới vào nghề'""}"," {'""max'"": 2953281283"," '""min'"": 2110117285"," '""label'"": '""Cấp trung cấp'""}"," {'""max'"": 4163621512"," '""min'"": 2953281283"," '""label'"": '""Cấp cao cấp'""}"," {'""max'"": 4656024000"," '""min'"": 4163621512"," '""label'"": '""Lead Level'""}]""",2026-01-27 15:44:54.424881+00
470,Extensive preparation needed. Requires completion of residency or specialized training programs.,Extensive preparation needed. Requires completion of residency or specialized training programs.,"Professional degree required (M.D., D.O., Pharm.D., etc.). Professional license required.","Professional degree required (M.D., D.O., Pharm.D., etc.). Professional license required.",40035.00,179376.00,109705.00,USD,"[{""max"""": 78720.71"," '""min'"": 40035.0"," '""label'"": '""Entry Level'""}"," {'""max'"": 117879.22"," '""min'"": 78720.71"," """"label"""": """"Mid Level""""}"," {'""max'"": 160142.53"," '""min'"": 117879.22"," '""label'"": '""Senior Level'""}"," {'""max'"": 179376.0"," '""min'"": 160142.53"," '""label'"": '""Lead Level'""}]""",960840000.00,4305024000.00,2632920000.00,VND,"[{'max'"": 1889297054"," '""min'"": 960840000"," '""label'"": '""Cấp mới vào nghề'""}"," {'""max'"": 2829101372"," '""min'"": 1889297054"," '""label'"": '""Cấp trung cấp'""}"," {'""max'"": 3843420809"," '""min'"": 2829101372"," '""label'"": '""Cấp cao cấp'""}"," {'""max'"": 4305024000"," '""min'"": 3843420809"," '""label'"": '""Lead Level'""}]""",2026-01-27 15:44:54.424881+00
471,Extensive preparation needed. Requires completion of residency or specialized training programs.,Extensive preparation needed. Requires completion of residency or specialized training programs.,"Professional degree required (M.D., D.O., Pharm.D., etc.). Professional license required.","Professional degree required (M.D., D.O., Pharm.D., etc.). Professional license required.",79793.00,182314.00,131053.00,USD,"[{""max"""": 112865.81"," '""min'"": 79793.0"," '""label'"": '""Entry Level'""}"," {'""max'"": 138141.16"," '""min'"": 112865.81"," """"label"""": """"Mid Level""""}"," {'""max'"": 168419.99"," '""min'"": 138141.16"," '""label'"": '""Senior Level'""}"," {'""max'"": 182314.0"," '""min'"": 168419.99"," '""label'"": '""Lead Level'""}]""",1915032000.00,4375536000.00,3145272000.00,VND,"[{'max'"": 2708779415"," '""min'"": 1915032000"," '""label'"": '""Cấp mới vào nghề'""}"," {'""max'"": 3315387952"," '""min'"": 2708779415"," '""label'"": '""Cấp trung cấp'""}"," {'""max'"": 4042079727"," '""min'"": 3315387952"," '""label'"": '""Cấp cao cấp'""}"," {'""max'"": 4375536000"," '""min'"": 4042079727"," '""label'"": '""Lead Level'""}]""",2026-01-27 15:44:54.424881+00
472,Extensive preparation needed. Requires completion of residency or specialized training programs.,Extensive preparation needed. Requires completion of residency or specialized training programs.,"Professional degree required (M.D., D.O., Pharm.D., etc.). Professional license required.","Professional degree required (M.D., D.O., Pharm.D., etc.). Professional license required.",52401.00,186129.00,119265.00,USD,"[{""max"""": 88379.61"," '""min'"": 52401.0"," '""label'"": '""Entry Level'""}"," {'""max'"": 118767.06"," '""min'"": 88379.61"," """"label"""": """"Mid Level""""}"," {'""max'"": 167079.69"," '""min'"": 118767.06"," '""label'"": '""Senior Level'""}"," {'""max'"": 186129.0"," '""min'"": 167079.69"," '""label'"": '""Lead Level'""}]""",1257624000.00,4467096000.00,2862360000.00,VND,"[{'max'"": 2121110680"," '""min'"": 1257624000"," '""label'"": '""Cấp mới vào nghề'""}"," {'""max'"": 2850409470"," '""min'"": 2121110680"," '""label'"": '""Cấp trung cấp'""}"," {'""max'"": 4009912489"," '""min'"": 2850409470"," '""label'"": '""Cấp cao cấp'""}"," {'""max'"": 4467096000"," '""min'"": 4009912489"," '""label'"": '""Lead Level'""}]""",2026-01-27 15:44:54.424881+00
473,Extensive preparation needed. Requires completion of residency or specialized training programs.,Extensive preparation needed. Requires completion of residency or specialized training programs.,"Professional degree required (M.D., D.O., Pharm.D., etc.). Professional license required.","Professional degree required (M.D., D.O., Pharm.D., etc.). Professional license required.",43566.00,105868.00,74717.00,USD,"[{""max"""": 60596.47"," '""min'"": 43566.0"," '""label'"": '""Entry Level'""}"," {'""max'"": 79614.49"," '""min'"": 60596.47"," """"label"""": """"Mid Level""""}"," {'""max'"": 95007.47"," '""min'"": 79614.49"," '""label'"": '""Senior Level'""}"," {'""max'"": 105868.0"," '""min'"": 95007.47"," '""label'"": '""Lead Level'""}]""",1045584000.00,2540832000.00,1793208000.00,VND,"[{'max'"": 1454315371"," '""min'"": 1045584000"," '""label'"": '""Cấp mới vào nghề'""}"," {'""max'"": 1910747712"," '""min'"": 1454315371"," '""label'"": '""Cấp trung cấp'""}"," {'""max'"": 2280179255"," '""min'"": 1910747712"," '""label'"": '""Cấp cao cấp'""}"," {'""max'"": 2540832000"," '""min'"": 2280179255"," '""label'"": '""Lead Level'""}]""",2026-01-27 15:44:54.424881+00
474,Extensive preparation needed. Requires completion of residency or specialized training programs.,Extensive preparation needed. Requires completion of residency or specialized training programs.,"Professional degree required (M.D., D.O., Pharm.D., etc.). Professional license required.","Professional degree required (M.D., D.O., Pharm.D., etc.). Professional license required.",45717.00,152860.00,99288.00,USD,"[{""max"""": 82249.08"," '""min'"": 45717.0"," '""label'"": '""Entry Level'""}"," {'""max'"": 105063.78"," '""min'"": 82249.08"," """"label"""": """"Mid Level""""}"," {'""max'"": 139500.61"," '""min'"": 105063.78"," '""label'"": '""Senior Level'""}"," {'""max'"": 152860.0"," '""min'"": 139500.61"," '""label'"": '""Lead Level'""}]""",1097208000.00,3668640000.00,2382912000.00,VND,"[{'max'"": 1973977837"," '""min'"": 1097208000"," '""label'"": '""Cấp mới vào nghề'""}"," {'""max'"": 2521530666"," '""min'"": 1973977837"," '""label'"": '""Cấp trung cấp'""}"," {'""max'"": 3348014688"," '""min'"": 2521530666"," '""label'"": '""Cấp cao cấp'""}"," {'""max'"": 3668640000"," '""min'"": 3348014688"," '""label'"": '""Lead Level'""}]""",2026-01-27 15:44:54.424881+00
475,Extensive preparation needed. Requires completion of residency or specialized training programs.,Extensive preparation needed. Requires completion of residency or specialized training programs.,"Professional degree required (M.D., D.O., Pharm.D., etc.). Professional license required.","Professional degree required (M.D., D.O., Pharm.D., etc.). Professional license required.",51480.00,183693.00,117586.00,USD,"[{""max"""": 87152.41"," '""min'"": 51480.0"," '""label'"": '""Entry Level'""}"," {'""max'"": 118869.72"," '""min'"": 87152.41"," """"label"""": """"Mid Level""""}"," {'""max'"": 166209.02"," '""min'"": 118869.72"," '""label'"": '""Senior Level'""}"," {'""max'"": 183693.0"," '""min'"": 166209.02"," '""label'"": '""Lead Level'""}]""",1235520000.00,4408632000.00,2822064000.00,VND,"[{'max'"": 2091657786"," '""min'"": 1235520000"," '""label'"": '""Cấp mới vào nghề'""}"," {'""max'"": 2852873269"," '""min'"": 2091657786"," '""label'"": '""Cấp trung cấp'""}"," {'""max'"": 3989016583"," '""min'"": 2852873269"," '""label'"": '""Cấp cao cấp'""}"," {'""max'"": 4408632000"," '""min'"": 3989016583"," '""label'"": '""Lead Level'""}]""",2026-01-27 15:44:54.424881+00
476,Extensive preparation needed. Requires completion of residency or specialized training programs.,Extensive preparation needed. Requires completion of residency or specialized training programs.,"Professional degree required (M.D., D.O., Pharm.D., etc.). Professional license required.","Professional degree required (M.D., D.O., Pharm.D., etc.). Professional license required.",70929.00,188574.00,129751.00,USD,"[{""max"""": 109884.08"," '""min'"": 70929.0"," '""label'"": '""Entry Level'""}"," {'""max'"": 131506.53"," '""min'"": 109884.08"," """"label"""": """"Mid Level""""}"," {'""max'"": 172442.07"," '""min'"": 131506.53"," '""label'"": '""Senior Level'""}"," {'""max'"": 188574.0"," '""min'"": 172442.07"," '""label'"": '""Lead Level'""}]""",1702296000.00,4525776000.00,3114024000.00,VND,"[{'max'"": 2637217938"," '""min'"": 1702296000"," '""label'"": '""Cấp mới vào nghề'""}"," {'""max'"": 3156156821"," '""min'"": 2637217938"," '""label'"": '""Cấp trung cấp'""}"," {'""max'"": 4138609613"," '""min'"": 3156156821"," '""label'"": '""Cấp cao cấp'""}"," {'""max'"": 4525776000"," '""min'"": 4138609613"," '""label'"": '""Lead Level'""}]""",2026-01-27 15:44:54.424881+00
477,Extensive preparation needed. Requires completion of residency or specialized training programs.,Extensive preparation needed. Requires completion of residency or specialized training programs.,"Professional degree required (M.D., D.O., Pharm.D., etc.). Professional license required.","Professional degree required (M.D., D.O., Pharm.D., etc.). Professional license required.",48730.00,100630.00,74680.00,USD,"[{""max"""": 63521.66"," '""min'"": 48730.0"," '""label'"": '""Entry Level'""}"," {'""max'"": 78573.77"," '""min'"": 63521.66"," """"label"""": """"Mid Level""""}"," {'""max'"": 93783.31"," '""min'"": 78573.77"," '""label'"": '""Senior Level'""}"," {'""max'"": 100630.0"," '""min'"": 93783.31"," '""label'"": '""Lead Level'""}]""",1169520000.00,2415120000.00,1792320000.00,VND,"[{'max'"": 1524519841"," '""min'"": 1169520000"," '""label'"": '""Cấp mới vào nghề'""}"," {'""max'"": 1885770414"," '""min'"": 1524519841"," '""label'"": '""Cấp trung cấp'""}"," {'""max'"": 2250799412"," '""min'"": 1885770414"," '""label'"": '""Cấp cao cấp'""}"," {'""max'"": 2415120000"," '""min'"": 2250799412"," '""label'"": '""Lead Level'""}]""",2026-01-27 15:44:54.424881+00
478,Extensive preparation needed. Requires completion of residency or specialized training programs.,Extensive preparation needed. Requires completion of residency or specialized training programs.,"Professional degree required (M.D., D.O., Pharm.D., etc.). Professional license required.","Professional degree required (M.D., D.O., Pharm.D., etc.). Professional license required.",54320.00,121918.00,88119.00,USD,"[{""max"""": 71944.21"," '""min'"": 54320.0"," '""label'"": '""Entry Level'""}"," {'""max'"": 89661.81"," '""min'"": 71944.21"," """"label"""": """"Mid Level""""}"," {'""max'"": 115901.96"," '""min'"": 89661.81"," '""label'"": '""Senior Level'""}"," {'""max'"": 121918.0"," '""min'"": 115901.96"," '""label'"": '""Lead Level'""}]""",1303680000.00,2926032000.00,2114856000.00,VND,"[{'max'"": 1726660955"," '""min'"": 1303680000"," '""label'"": '""Cấp mới vào nghề'""}"," {'""max'"": 2151883373"," '""min'"": 1726660955"," '""label'"": '""Cấp trung cấp'""}"," {'""max'"": 2781647154"," '""min'"": 2151883373"," '""label'"": '""Cấp cao cấp'""}"," {'""max'"": 2926032000"," '""min'"": 2781647154"," '""label'"": '""Lead Level'""}]""",2026-01-27 15:44:54.424881+00
479,Extensive preparation needed. Requires completion of residency or specialized training programs.,Extensive preparation needed. Requires completion of residency or specialized training programs.,"Professional degree required (M.D., D.O., Pharm.D., etc.). Professional license required.","Professional degree required (M.D., D.O., Pharm.D., etc.). Professional license required.",55076.00,177418.00,116247.00,USD,"[{""max"""": 90438.29"," '""min'"": 55076.0"," '""label'"": '""Entry Level'""}"," {'""max'"": 116485.51"," '""min'"": 90438.29"," """"label"""": """"Mid Level""""}"," {'""max'"": 155708.41"," '""min'"": 116485.51"," '""label'"": '""Senior Level'""}"," {'""max'"": 177418.0"," '""min'"": 155708.41"," '""label'"": '""Lead Level'""}]""",1321824000.00,4258032000.00,2789928000.00,VND,"[{'max'"": 2170518922"," '""min'"": 1321824000"," '""label'"": '""Cấp mới vào nghề'""}"," {'""max'"": 2795652146"," '""min'"": 2170518922"," '""label'"": '""Cấp trung cấp'""}"," {'""max'"": 3737001931"," '""min'"": 2795652146"," '""label'"": '""Cấp cao cấp'""}"," {'""max'"": 4258032000"," '""min'"": 3737001931"," '""label'"": '""Lead Level'""}]""",2026-01-27 15:44:54.424881+00
480,Extensive preparation needed. Requires completion of residency or specialized training programs.,Extensive preparation needed. Requires completion of residency or specialized training programs.,"Professional degree required (M.D., D.O., Pharm.D., etc.). Professional license required.","Professional degree required (M.D., D.O., Pharm.D., etc.). Professional license required.",41621.00,106669.00,74145.00,USD,"[{""max"""": 62631.56"," '""min'"": 41621.0"," '""label'"": '""Entry Level'""}"," {'""max'"": 75126.78"," '""min'"": 62631.56"," """"label"""": """"Mid Level""""}"," {'""max'"": 95105.8"," '""min'"": 75126.78"," '""label'"": '""Senior Level'""}"," {'""max'"": 106669.0"," '""min'"": 95105.8"," '""label'"": '""Lead Level'""}]""",998904000.00,2560056000.00,1779480000.00,VND,"[{'max'"": 1503157386"," '""min'"": 998904000"," '""label'"": '""Cấp mới vào nghề'""}"," {'""max'"": 1803042822"," '""min'"": 1503157386"," '""label'"": '""Cấp trung cấp'""}"," {'""max'"": 2282539217"," '""min'"": 1803042822"," '""label'"": '""Cấp cao cấp'""}"," {'""max'"": 2560056000"," '""min'"": 2282539217"," '""label'"": '""Lead Level'""}]""",2026-01-27 15:44:54.424881+00
481,Extensive preparation needed. Requires completion of residency or specialized training programs.,Extensive preparation needed. Requires completion of residency or specialized training programs.,"Professional degree required (M.D., D.O., Pharm.D., etc.). Professional license required.","Professional degree required (M.D., D.O., Pharm.D., etc.). Professional license required.",65191.00,137494.00,101342.00,USD,"[{""max"""": 84574.57"," '""min'"": 65191.0"," '""label'"": '""Entry Level'""}"," {'""max'"": 106511.72"," '""min'"": 84574.57"," """"label"""": """"Mid Level""""}"," {'""max'"": 130362.5"," '""min'"": 106511.72"," '""label'"": '""Senior Level'""}"," {'""max'"": 137494.0"," '""min'"": 130362.5"," '""label'"": '""Lead Level'""}]""",1564584000.00,3299856000.00,2432208000.00,VND,"[{'max'"": 2029789649"," '""min'"": 1564584000"," '""label'"": '""Cấp mới vào nghề'""}"," {'""max'"": 2556281364"," '""min'"": 2029789649"," '""label'"": '""Cấp trung cấp'""}"," {'""max'"": 3128700082"," '""min'"": 2556281364"," '""label'"": '""Cấp cao cấp'""}"," {'""max'"": 3299856000"," '""min'"": 3128700082"," '""label'"": '""Lead Level'""}]""",2026-01-27 15:44:54.424881+00
482,Extensive preparation needed. Requires completion of residency or specialized training programs.,Extensive preparation needed. Requires completion of residency or specialized training programs.,"Professional degree required (M.D., D.O., Pharm.D., etc.). Professional license required.","Professional degree required (M.D., D.O., Pharm.D., etc.). Professional license required.",47397.00,140400.00,93898.00,USD,"[{""max"""": 73536.46"," '""min'"": 47397.0"," '""label'"": '""Entry Level'""}"," {'""max'"": 100845.93"," '""min'"": 73536.46"," """"label"""": """"Mid Level""""}"," {'""max'"": 130919.64"," '""min'"": 100845.93"," '""label'"": '""Senior Level'""}"," {'""max'"": 140400.0"," '""min'"": 130919.64"," '""label'"": '""Lead Level'""}]""",1137528000.00,3369600000.00,2253552000.00,VND,"[{'max'"": 1764875019"," '""min'"": 1137528000"," '""label'"": '""Cấp mới vào nghề'""}"," {'""max'"": 2420302270"," '""min'"": 1764875019"," '""label'"": '""Cấp trung cấp'""}"," {'""max'"": 3142071445"," '""min'"": 2420302270"," '""label'"": '""Cấp cao cấp'""}"," {'""max'"": 3369600000"," '""min'"": 3142071445"," '""label'"": '""Lead Level'""}]""",2026-01-27 15:44:54.424881+00
483,Extensive preparation needed. Requires completion of residency or specialized training programs.,Extensive preparation needed. Requires completion of residency or specialized training programs.,"Professional degree required (M.D., D.O., Pharm.D., etc.). Professional license required.","Professional degree required (M.D., D.O., Pharm.D., etc.). Professional license required.",77757.00,110029.00,93893.00,USD,"[{""max"""": 87056.37"," '""min'"": 77757.0"," '""label'"": '""Entry Level'""}"," {'""max'"": 96295.46"," '""min'"": 87056.37"," """"label"""": """"Mid Level""""}"," {'""max'"": 105537.94"," '""min'"": 96295.46"," '""label'"": '""Senior Level'""}"," {'""max'"": 110029.0"," '""min'"": 105537.94"," '""label'"": '""Lead Level'""}]""",1866168000.00,2640696000.00,2253432000.00,VND,"[{'max'"": 2089352878"," '""min'"": 1866168000"," '""label'"": '""Cấp mới vào nghề'""}"," {'""max'"": 2311091067"," '""min'"": 2089352878"," '""label'"": '""Cấp trung cấp'""}"," {'""max'"": 2532910558"," '""min'"": 2311091067"," '""label'"": '""Cấp cao cấp'""}"," {'""max'"": 2640696000"," '""min'"": 2532910558"," '""label'"": '""Lead Level'""}]""",2026-01-27 15:44:54.424881+00
484,Extensive preparation needed. Requires completion of residency or specialized training programs.,Extensive preparation needed. Requires completion of residency or specialized training programs.,"Professional degree required (M.D., D.O., Pharm.D., etc.). Professional license required.","Professional degree required (M.D., D.O., Pharm.D., etc.). Professional license required.",53107.00,127641.00,90374.00,USD,"[{""max"""": 75574.47"," '""min'"": 53107.0"," '""label'"": '""Entry Level'""}"," {'""max'"": 95441.69"," '""min'"": 75574.47"," """"label"""": """"Mid Level""""}"," {'""max'"": 119360.96"," '""min'"": 95441.69"," '""label'"": '""Senior Level'""}"," {'""max'"": 127641.0"," '""min'"": 119360.96"," '""label'"": '""Lead Level'""}]""",1274568000.00,3063384000.00,2168976000.00,VND,"[{'max'"": 1813787183"," '""min'"": 1274568000"," '""label'"": '""Cấp mới vào nghề'""}"," {'""max'"": 2290600548"," '""min'"": 1813787183"," '""label'"": '""Cấp trung cấp'""}"," {'""max'"": 2864663082"," '""min'"": 2290600548"," '""label'"": '""Cấp cao cấp'""}"," {'""max'"": 3063384000"," '""min'"": 2864663082"," '""label'"": '""Lead Level'""}]""",2026-01-27 15:44:54.424881+00
485,Extensive preparation needed. Requires completion of residency or specialized training programs.,Extensive preparation needed. Requires completion of residency or specialized training programs.,"Professional degree required (M.D., D.O., Pharm.D., etc.). Professional license required.","Professional degree required (M.D., D.O., Pharm.D., etc.). Professional license required.",41428.00,134998.00,88213.00,USD,"[{""max"""": 72507.72"," '""min'"": 41428.0"," '""label'"": '""Entry Level'""}"," {'""max'"": 88514.63"," '""min'"": 72507.72"," """"label"""": """"Mid Level""""}"," {'""max'"": 120381.96"," '""min'"": 88514.63"," '""label'"": '""Senior Level'""}"," {'""max'"": 134998.0"," '""min'"": 120381.96"," '""label'"": '""Lead Level'""}]""",994272000.00,3239952000.00,2117112000.00,VND,"[{'max'"": 1740185210"," '""min'"": 994272000"," '""label'"": '""Cấp mới vào nghề'""}"," {'""max'"": 2124351193"," '""min'"": 1740185210"," '""label'"": '""Cấp trung cấp'""}"," {'""max'"": 2889167015"," '""min'"": 2124351193"," '""label'"": '""Cấp cao cấp'""}"," {'""max'"": 3239952000"," '""min'"": 2889167015"," '""label'"": '""Lead Level'""}]""",2026-01-27 15:44:54.424881+00
486,Extensive preparation needed. Requires completion of residency or specialized training programs.,Extensive preparation needed. Requires completion of residency or specialized training programs.,"Professional degree required (M.D., D.O., Pharm.D., etc.). Professional license required.","Professional degree required (M.D., D.O., Pharm.D., etc.). Professional license required.",55036.00,196398.00,125717.00,USD,"[{""max"""": 96812.8"," '""min'"": 55036.0"," '""label'"": '""Entry Level'""}"," {'""max'"": 123374.16"," '""min'"": 96812.8"," """"label"""": """"Mid Level""""}"," {'""max'"": 184190.62"," '""min'"": 123374.16"," '""label'"": '""Senior Level'""}"," {'""max'"": 196398.0"," '""min'"": 184190.62"," '""label'"": '""Lead Level'""}]""",1320864000.00,4713552000.00,3017208000.00,VND,"[{'max'"": 2323507280"," '""min'"": 1320864000"," '""label'"": '""Cấp mới vào nghề'""}"," {'""max'"": 2960979798"," '""min'"": 2323507280"," '""label'"": '""Cấp trung cấp'""}"," {'""max'"": 4420574970"," '""min'"": 2960979798"," '""label'"": '""Cấp cao cấp'""}"," {'""max'"": 4713552000"," '""min'"": 4420574970"," '""label'"": '""Lead Level'""}]""",2026-01-27 15:44:54.424881+00
487,Extensive preparation needed. Requires completion of residency or specialized training programs.,Extensive preparation needed. Requires completion of residency or specialized training programs.,"Professional degree required (M.D., D.O., Pharm.D., etc.). Professional license required.","Professional degree required (M.D., D.O., Pharm.D., etc.). Professional license required.",57134.00,126585.00,91859.00,USD,"[{""max"""": 81380.14"," '""min'"": 57134.0"," '""label'"": '""Entry Level'""}"," {'""max'"": 96248.75"," '""min'"": 81380.14"," """"label"""": """"Mid Level""""}"," {'""max'"": 114240.07"," '""min'"": 96248.75"," '""label'"": '""Senior Level'""}"," {'""max'"": 126585.0"," '""min'"": 114240.07"," '""label'"": '""Lead Level'""}]""",1371216000.00,3038040000.00,2204616000.00,VND,"[{'max'"": 1953123397"," '""min'"": 1371216000"," '""label'"": '""Cấp mới vào nghề'""}"," {'""max'"": 2309969979"," '""min'"": 1953123397"," '""label'"": '""Cấp trung cấp'""}"," {'""max'"": 2741761716"," '""min'"": 2309969979"," '""label'"": '""Cấp cao cấp'""}"," {'""max'"": 3038040000"," '""min'"": 2741761716"," '""label'"": '""Lead Level'""}]""",2026-01-27 15:44:54.424881+00
488,Extensive preparation needed. Requires completion of residency or specialized training programs.,Extensive preparation needed. Requires completion of residency or specialized training programs.,"Professional degree required (M.D., D.O., Pharm.D., etc.). Professional license required.","Professional degree required (M.D., D.O., Pharm.D., etc.). Professional license required.",68462.00,105264.00,86863.00,USD,"[{""max"""": 81050.7"," '""min'"": 68462.0"," '""label'"": '""Entry Level'""}"," {'""max'"": 89347.0"," '""min'"": 81050.7"," """"label"""": """"Mid Level""""}"," {'""max'"": 101866.51"," '""min'"": 89347.0"," '""label'"": '""Senior Level'""}"," {'""max'"": 105264.0"," '""min'"": 101866.51"," '""label'"": '""Lead Level'""}]""",1643088000.00,2526336000.00,2084712000.00,VND,"[{'max'"": 1945216682"," '""min'"": 1643088000"," '""label'"": '""Cấp mới vào nghề'""}"," {'""max'"": 2144327916"," '""min'"": 1945216682"," '""label'"": '""Cấp trung cấp'""}"," {'""max'"": 2444796221"," '""min'"": 2144327916"," '""label'"": '""Cấp cao cấp'""}"," {'""max'"": 2526336000"," '""min'"": 2444796221"," '""label'"": '""Lead Level'""}]""",2026-01-27 15:44:54.424881+00
489,Medium preparation needed. Usually requires 1-2 years of related experience or training.,Medium preparation needed. Usually requires 1-2 years of related experience or training.,Associate degree or certificate program required. Professional certification often required.,Associate degree or certificate program required. Professional certification often required.,45403.00,193356.00,119379.00,USD,"[{""max"""": 96121.2"," '""min'"": 45403.0"," '""label'"": '""Entry Level'""}"," {'""max'"": 148031.15"," '""min'"": 96121.2"," """"label"""": """"Mid Level""""}"," {'""max'"": 193356.0"," '""min'"": 148031.15"," '""label'"": '""Senior Level'""}]""",1089672000.00,4640544000.00,2865096000.00,VND,"[{'max'"": 2306908792"," '""min'"": 1089672000"," '""label'"": '""Cấp mới vào nghề'""}"," {'""max'"": 3552747513"," '""min'"": 2306908792"," '""label'"": '""Cấp trung cấp'""}"," {'""max'"": 4640544000"," '""min'"": 3552747513"," '""label'"": '""Cấp cao cấp'""}]""",2026-01-27 15:44:54.424881+00
490,Medium preparation needed. Usually requires 1-2 years of related experience or training.,Medium preparation needed. Usually requires 1-2 years of related experience or training.,Associate degree or certificate program required. Professional certification often required.,Associate degree or certificate program required. Professional certification often required.,47691.00,111872.00,79781.00,USD,"[{""max"""": 67254.71"," '""min'"": 47691.0"," '""label'"": '""Entry Level'""}"," {'""max'"": 90980.57"," '""min'"": 67254.71"," """"label"""": """"Mid Level""""}"," {'""max'"": 111872.0"," '""min'"": 90980.57"," '""label'"": '""Senior Level'""}]""",1144584000.00,2684928000.00,1914744000.00,VND,"[{'max'"": 1614113122"," '""min'"": 1144584000"," '""label'"": '""Cấp mới vào nghề'""}"," {'""max'"": 2183533696"," '""min'"": 1614113122"," '""label'"": '""Cấp trung cấp'""}"," {'""max'"": 2684928000"," '""min'"": 2183533696"," '""label'"": '""Cấp cao cấp'""}]""",2026-01-27 15:44:54.424881+00
491,Medium preparation needed. Usually requires 1-2 years of related experience or training.,Medium preparation needed. Usually requires 1-2 years of related experience or training.,Associate degree or certificate program required. Professional certification often required.,Associate degree or certificate program required. Professional certification often required.,62860.00,126169.00,94514.00,USD,"[{""max"""": 82571.2"," '""min'"": 62860.0"," '""label'"": '""Entry Level'""}"," {'""max'"": 105869.72"," '""min'"": 82571.2"," """"label"""": """"Mid Level""""}"," {'""max'"": 126169.0"," '""min'"": 105869.72"," '""label'"": '""Senior Level'""}]""",1508640000.00,3028056000.00,2268336000.00,VND,"[{'max'"": 1981708799"," '""min'"": 1508640000"," '""label'"": '""Cấp mới vào nghề'""}"," {'""max'"": 2540873161"," '""min'"": 1981708799"," '""label'"": '""Cấp trung cấp'""}"," {'""max'"": 3028056000"," '""min'"": 2540873161"," '""label'"": '""Cấp cao cấp'""}]""",2026-01-27 15:44:54.424881+00
492,Medium preparation needed. Usually requires 1-2 years of related experience or training.,Medium preparation needed. Usually requires 1-2 years of related experience or training.,Associate degree or certificate program required. Professional certification often required.,Associate degree or certificate program required. Professional certification often required.,54458.00,178390.00,116424.00,USD,"[{""max"""": 96251.17"," '""min'"": 54458.0"," '""label'"": '""Entry Level'""}"," {'""max'"": 138696.74"," '""min'"": 96251.17"," """"label"""": """"Mid Level""""}"," {'""max'"": 178390.0"," '""min'"": 138696.74"," '""label'"": '""Senior Level'""}]""",1306992000.00,4281360000.00,2794176000.00,VND,"[{'max'"": 2310028142"," '""min'"": 1306992000"," '""label'"": '""Cấp mới vào nghề'""}"," {'""max'"": 3328721820"," '""min'"": 2310028142"," '""label'"": '""Cấp trung cấp'""}"," {'""max'"": 4281360000"," '""min'"": 3328721820"," '""label'"": '""Cấp cao cấp'""}]""",2026-01-27 15:44:54.424881+00
493,Medium preparation needed. Usually requires 1-2 years of related experience or training.,Medium preparation needed. Usually requires 1-2 years of related experience or training.,Associate degree or certificate program required. Professional certification often required.,Associate degree or certificate program required. Professional certification often required.,71791.00,157057.00,114424.00,USD,"[{""max"""": 96067.59"," '""min'"": 71791.0"," '""label'"": '""Entry Level'""}"," {'""max'"": 130771.72"," '""min'"": 96067.59"," """"label"""": """"Mid Level""""}"," {'""max'"": 157057.0"," '""min'"": 130771.72"," '""label'"": '""Senior Level'""}]""",1722984000.00,3769368000.00,2746176000.00,VND,"[{'max'"": 2305622179"," '""min'"": 1722984000"," '""label'"": '""Cấp mới vào nghề'""}"," {'""max'"": 3138521226"," '""min'"": 2305622179"," '""label'"": '""Cấp trung cấp'""}"," {'""max'"": 3769368000"," '""min'"": 3138521226"," '""label'"": '""Cấp cao cấp'""}]""",2026-01-27 15:44:54.424881+00
494,Medium preparation needed. Usually requires 1-2 years of related experience or training.,Medium preparation needed. Usually requires 1-2 years of related experience or training.,Associate degree or certificate program required. Professional certification often required.,Associate degree or certificate program required. Professional certification often required.,45993.00,195224.00,120608.00,USD,"[{""max"""": 92651.2"," '""min'"": 45993.0"," '""label'"": '""Entry Level'""}"," {'""max'"": 148991.44"," '""min'"": 92651.2"," """"label"""": """"Mid Level""""}"," {'""max'"": 195224.0"," '""min'"": 148991.44"," '""label'"": '""Senior Level'""}]""",1103832000.00,4685376000.00,2894592000.00,VND,"[{'max'"": 2223628822"," '""min'"": 1103832000"," '""label'"": '""Cấp mới vào nghề'""}"," {'""max'"": 3575794594"," '""min'"": 2223628822"," '""label'"": '""Cấp trung cấp'""}"," {'""max'"": 4685376000"," '""min'"": 3575794594"," '""label'"": '""Cấp cao cấp'""}]""",2026-01-27 15:44:54.424881+00
495,Medium preparation needed. Usually requires 1-2 years of related experience or training.,Medium preparation needed. Usually requires 1-2 years of related experience or training.,Associate degree or certificate program required. Professional certification often required.,Associate degree or certificate program required. Professional certification often required.,62413.00,111406.00,86909.00,USD,"[{""max"""": 77455.1"," '""min'"": 62413.0"," '""label'"": '""Entry Level'""}"," {'""max'"": 97143.15"," '""min'"": 77455.1"," """"label"""": """"Mid Level""""}"," {'""max'"": 111406.0"," '""min'"": 97143.15"," '""label'"": '""Senior Level'""}]""",1497912000.00,2673744000.00,2085816000.00,VND,"[{'max'"": 1858922319"," '""min'"": 1497912000"," '""label'"": '""Cấp mới vào nghề'""}"," {'""max'"": 2331435558"," '""min'"": 1858922319"," '""label'"": '""Cấp trung cấp'""}"," {'""max'"": 2673744000"," '""min'"": 2331435558"," '""label'"": '""Cấp cao cấp'""}]""",2026-01-27 15:44:54.424881+00
496,Medium preparation needed. Usually requires 1-2 years of related experience or training.,Medium preparation needed. Usually requires 1-2 years of related experience or training.,Associate degree or certificate program required. Professional certification often required.,Associate degree or certificate program required. Professional certification often required.,45134.00,110550.00,77842.00,USD,"[{""max"""": 62046.73"," '""min'"": 45134.0"," '""label'"": '""Entry Level'""}"," {'""max'"": 89591.63"," '""min'"": 62046.73"," """"label"""": """"Mid Level""""}"," {'""max'"": 110550.0"," '""min'"": 89591.63"," '""label'"": '""Senior Level'""}]""",1083216000.00,2653200000.00,1868208000.00,VND,"[{'max'"": 1489121461"," '""min'"": 1083216000"," '""label'"": '""Cấp mới vào nghề'""}"," {'""max'"": 2150199155"," '""min'"": 1489121461"," '""label'"": '""Cấp trung cấp'""}"," {'""max'"": 2653200000"," '""min'"": 2150199155"," '""label'"": '""Cấp cao cấp'""}]""",2026-01-27 15:44:54.424881+00
497,Medium preparation needed. Usually requires 1-2 years of related experience or training.,Medium preparation needed. Usually requires 1-2 years of related experience or training.,Associate degree or certificate program required. Professional certification often required.,Associate degree or certificate program required. Professional certification often required.,71343.00,117524.00,94433.00,USD,"[{""max"""": 85044.77"," '""min'"": 71343.0"," '""label'"": '""Entry Level'""}"," {'""max'"": 104962.11"," '""min'"": 85044.77"," """"label"""": """"Mid Level""""}"," {'""max'"": 117524.0"," '""min'"": 104962.11"," '""label'"": '""Senior Level'""}]""",1712232000.00,2820576000.00,2266392000.00,VND,"[{'max'"": 2041074563"," '""min'"": 1712232000"," '""label'"": '""Cấp mới vào nghề'""}"," {'""max'"": 2519090529"," '""min'"": 2041074563"," '""label'"": '""Cấp trung cấp'""}"," {'""max'"": 2820576000"," '""min'"": 2519090529"," '""label'"": '""Cấp cao cấp'""}]""",2026-01-27 15:44:54.424881+00
498,Medium preparation needed. Usually requires 1-2 years of related experience or training.,Medium preparation needed. Usually requires 1-2 years of related experience or training.,Associate degree or certificate program required. Professional certification often required.,Associate degree or certificate program required. Professional certification often required.,55110.00,124477.00,89793.00,USD,"[{""max"""": 72967.7"," '""min'"": 55110.0"," '""label'"": '""Entry Level'""}"," {'""max'"": 102851.9"," '""min'"": 72967.7"," """"label"""": """"Mid Level""""}"," {'""max'"": 124477.0"," '""min'"": 102851.9"," '""label'"": '""Senior Level'""}]""",1322640000.00,2987448000.00,2155032000.00,VND,"[{'max'"": 1751224866"," '""min'"": 1322640000"," '""label'"": '""Cấp mới vào nghề'""}"," {'""max'"": 2468445500"," '""min'"": 1751224866"," '""label'"": '""Cấp trung cấp'""}"," {'""max'"": 2987448000"," '""min'"": 2468445500"," '""label'"": '""Cấp cao cấp'""}]""",2026-01-27 15:44:54.424881+00
499,Medium preparation needed. Usually requires 1-2 years of related experience or training.,Medium preparation needed. Usually requires 1-2 years of related experience or training.,Associate degree or certificate program required. Professional certification often required.,Associate degree or certificate program required. Professional certification often required.,54855.00,185921.00,120388.00,USD,"[{""max"""": 92121.03"," '""min'"": 54855.0"," '""label'"": '""Entry Level'""}"," {'""max'"": 147639.19"," '""min'"": 92121.03"," """"label"""": """"Mid Level""""}"," {'""max'"": 185921.0"," '""min'"": 147639.19"," '""label'"": '""Senior Level'""}]""",1316520000.00,4462104000.00,2889312000.00,VND,"[{'max'"": 2210904605"," '""min'"": 1316520000"," '""label'"": '""Cấp mới vào nghề'""}"," {'""max'"": 3543340461"," '""min'"": 2210904605"," '""label'"": '""Cấp trung cấp'""}"," {'""max'"": 4462104000"," '""min'"": 3543340461"," '""label'"": '""Cấp cao cấp'""}]""",2026-01-27 15:44:54.424881+00
500,Medium preparation needed. Usually requires 1-2 years of related experience or training.,Medium preparation needed. Usually requires 1-2 years of related experience or training.,Associate degree or certificate program required. Professional certification often required.,Associate degree or certificate program required. Professional certification often required.,44782.00,113139.00,78960.00,USD,"[{""max"""": 65913.38"," '""min'"": 44782.0"," '""label'"": '""Entry Level'""}"," {'""max'"": 90773.87"," '""min'"": 65913.38"," """"label"""": """"Mid Level""""}"," {'""max'"": 113139.0"," '""min'"": 90773.87"," '""label'"": '""Senior Level'""}]""",1074768000.00,2715336000.00,1895040000.00,VND,"[{'max'"": 1581921083"," '""min'"": 1074768000"," '""label'"": '""Cấp mới vào nghề'""}"," {'""max'"": 2178572918"," '""min'"": 1581921083"," '""label'"": '""Cấp trung cấp'""}"," {'""max'"": 2715336000"," '""min'"": 2178572918"," '""label'"": '""Cấp cao cấp'""}]""",2026-01-27 15:44:54.424881+00
501,Medium preparation needed. Usually requires 1-2 years of related experience or training.,Medium preparation needed. Usually requires 1-2 years of related experience or training.,Associate degree or certificate program required. Professional certification often required.,Associate degree or certificate program required. Professional certification often required.,57966.00,175918.00,116942.00,USD,"[{""max"""": 89196.92"," '""min'"": 57966.0"," '""label'"": '""Entry Level'""}"," {'""max'"": 138457.56"," '""min'"": 89196.92"," """"label"""": """"Mid Level""""}"," {'""max'"": 175918.0"," '""min'"": 138457.56"," '""label'"": '""Senior Level'""}]""",1391184000.00,4222032000.00,2806608000.00,VND,"[{'max'"": 2140725975"," '""min'"": 1391184000"," '""label'"": '""Cấp mới vào nghề'""}"," {'""max'"": 3322981417"," '""min'"": 2140725975"," '""label'"": '""Cấp trung cấp'""}"," {'""max'"": 4222032000"," '""min'"": 3322981417"," '""label'"": '""Cấp cao cấp'""}]""",2026-01-27 15:44:54.424881+00
502,Medium preparation needed. Usually requires 1-2 years of related experience or training.,Medium preparation needed. Usually requires 1-2 years of related experience or training.,Associate degree or certificate program required. Professional certification often required.,Associate degree or certificate program required. Professional certification often required.,68950.00,167435.00,118192.00,USD,"[{""max"""": 95981.68"," '""min'"": 68950.0"," '""label'"": '""Entry Level'""}"," {'""max'"": 141243.11"," '""min'"": 95981.68"," """"label"""": """"Mid Level""""}"," {'""max'"": 167435.0"," '""min'"": 141243.11"," '""label'"": '""Senior Level'""}]""",1654800000.00,4018440000.00,2836608000.00,VND,"[{'max'"": 2303560345"," '""min'"": 1654800000"," '""label'"": '""Cấp mới vào nghề'""}"," {'""max'"": 3389834554"," '""min'"": 2303560345"," '""label'"": '""Cấp trung cấp'""}"," {'""max'"": 4018440000"," '""min'"": 3389834554"," '""label'"": '""Cấp cao cấp'""}]""",2026-01-27 15:44:54.424881+00
503,Medium preparation needed. Usually requires 1-2 years of related experience or training.,Medium preparation needed. Usually requires 1-2 years of related experience or training.,Associate degree or certificate program required. Professional certification often required.,Associate degree or certificate program required. Professional certification often required.,58898.00,192264.00,125581.00,USD,"[{""max"""": 99857.73"," '""min'"": 58898.0"," '""label'"": '""Entry Level'""}"," {'""max'"": 154580.26"," '""min'"": 99857.73"," """"label"""": """"Mid Level""""}"," {'""max'"": 192264.0"," '""min'"": 154580.26"," '""label'"": '""Senior Level'""}]""",1413552000.00,4614336000.00,3013944000.00,VND,"[{'max'"": 2396585431"," '""min'"": 1413552000"," '""label'"": '""Cấp mới vào nghề'""}"," {'""max'"": 3709926335"," '""min'"": 2396585431"," '""label'"": '""Cấp trung cấp'""}"," {'""max'"": 4614336000"," '""min'"": 3709926335"," '""label'"": '""Cấp cao cấp'""}]""",2026-01-27 15:44:54.424881+00
504,Medium preparation needed. Usually requires 1-2 years of related experience or training.,Medium preparation needed. Usually requires 1-2 years of related experience or training.,Associate degree or certificate program required. Professional certification often required.,Associate degree or certificate program required. Professional certification often required.,73740.00,104256.00,88998.00,USD,"[{""max"""": 82308.7"," '""min'"": 73740.0"," '""label'"": '""Entry Level'""}"," {'""max'"": 95656.2"," '""min'"": 82308.7"," """"label"""": """"Mid Level""""}"," {'""max'"": 104256.0"," '""min'"": 95656.2"," '""label'"": '""Senior Level'""}]""",1769760000.00,2502144000.00,2135952000.00,VND,"[{'max'"": 1975408877"," '""min'"": 1769760000"," '""label'"": '""Cấp mới vào nghề'""}"," {'""max'"": 2295748706"," '""min'"": 1975408877"," '""label'"": '""Cấp trung cấp'""}"," {'""max'"": 2502144000"," '""min'"": 2295748706"," '""label'"": '""Cấp cao cấp'""}]""",2026-01-27 15:44:54.424881+00
505,Medium preparation needed. Usually requires 1-2 years of related experience or training.,Medium preparation needed. Usually requires 1-2 years of related experience or training.,Associate degree or certificate program required. Professional certification often required.,Associate degree or certificate program required. Professional certification often required.,74672.00,172159.00,123415.00,USD,"[{""max"""": 106849.21"," '""min'"": 74672.0"," '""label'"": '""Entry Level'""}"," {'""max'"": 145772.24"," '""min'"": 106849.21"," """"label"""": """"Mid Level""""}"," {'""max'"": 172159.0"," '""min'"": 145772.24"," '""label'"": '""Senior Level'""}]""",1792128000.00,4131816000.00,2961960000.00,VND,"[{'max'"": 2564381097"," '""min'"": 1792128000"," '""label'"": '""Cấp mới vào nghề'""}"," {'""max'"": 3498533716"," '""min'"": 2564381097"," '""label'"": '""Cấp trung cấp'""}"," {'""max'"": 4131816000"," '""min'"": 3498533716"," '""label'"": '""Cấp cao cấp'""}]""",2026-01-27 15:44:54.424881+00
506,Medium preparation needed. Usually requires 1-2 years of related experience or training.,Medium preparation needed. Usually requires 1-2 years of related experience or training.,Associate degree or certificate program required. Professional certification often required.,Associate degree or certificate program required. Professional certification often required.,52829.00,100171.00,76500.00,USD,"[{""max"""": 68447.94"," '""min'"": 52829.0"," '""label'"": '""Entry Level'""}"," {'""max'"": 84175.64"," '""min'"": 68447.94"," """"label"""": """"Mid Level""""}"," {'""max'"": 100171.0"," '""min'"": 84175.64"," '""label'"": '""Senior Level'""}]""",1267896000.00,2404104000.00,1836000000.00,VND,"[{'max'"": 1642750640"," '""min'"": 1267896000"," '""label'"": '""Cấp mới vào nghề'""}"," {'""max'"": 2020215254"," '""min'"": 1642750640"," '""label'"": '""Cấp trung cấp'""}"," {'""max'"": 2404104000"," '""min'"": 2020215254"," '""label'"": '""Cấp cao cấp'""}]""",2026-01-27 15:44:54.424881+00
507,Medium preparation needed. Usually requires 1-2 years of related experience or training.,Medium preparation needed. Usually requires 1-2 years of related experience or training.,Associate degree or certificate program required. Professional certification often required.,Associate degree or certificate program required. Professional certification often required.,53173.00,179770.00,116471.00,USD,"[{""max"""": 95440.12"," '""min'"": 53173.0"," '""label'"": '""Entry Level'""}"," {'""max'"": 136668.7"," '""min'"": 95440.12"," """"label"""": """"Mid Level""""}"," {'""max'"": 179770.0"," '""min'"": 136668.7"," '""label'"": '""Senior Level'""}]""",1276152000.00,4314480000.00,2795304000.00,VND,"[{'max'"": 2290562943"," '""min'"": 1276152000"," '""label'"": '""Cấp mới vào nghề'""}"," {'""max'"": 3280048894"," '""min'"": 2290562943"," '""label'"": '""Cấp trung cấp'""}"," {'""max'"": 4314480000"," '""min'"": 3280048894"," '""label'"": '""Cấp cao cấp'""}]""",2026-01-27 15:44:54.424881+00
508,Medium preparation needed. Usually requires 6 months to 2 years of training or experience.,Medium preparation needed. Usually requires 6 months to 2 years of training or experience.,High school diploma required. Associate degree or police academy training preferred.,High school diploma required. Associate degree or police academy training preferred.,42837.00,192787.00,117812.00,USD,"[{""max"""": 88400.89"," '""min'"": 42837.0"," '""label'"": '""Entry Level'""}"," {'""max'"": 145373.24"," '""min'"": 88400.89"," """"label"""": """"Mid Level""""}"," {'""max'"": 192787.0"," '""min'"": 145373.24"," '""label'"": '""Senior Level'""}]""",1028088000.00,4626888000.00,2827488000.00,VND,"[{'max'"": 2121621433"," '""min'"": 1028088000"," '""label'"": '""Cấp mới vào nghề'""}"," {'""max'"": 3488957716"," '""min'"": 2121621433"," '""label'"": '""Cấp trung cấp'""}"," {'""max'"": 4626888000"," '""min'"": 3488957716"," '""label'"": '""Cấp cao cấp'""}]""",2026-01-27 15:44:54.424881+00
509,Medium preparation needed. Usually requires 6 months to 2 years of training or experience.,Medium preparation needed. Usually requires 6 months to 2 years of training or experience.,High school diploma required. Associate degree or police academy training preferred.,High school diploma required. Associate degree or police academy training preferred.,52702.00,175231.00,113966.00,USD,"[{""max"""": 83401.78"," '""min'"": 52702.0"," '""label'"": '""Entry Level'""}"," {'""max'"": 144326.48"," '""min'"": 83401.78"," """"label"""": """"Mid Level""""}"," {'""max'"": 175231.0"," '""min'"": 144326.48"," '""label'"": '""Senior Level'""}]""",1264848000.00,4205544000.00,2735184000.00,VND,"[{'max'"": 2001642803"," '""min'"": 1264848000"," '""label'"": '""Cấp mới vào nghề'""}"," {'""max'"": 3463835460"," '""min'"": 2001642803"," '""label'"": '""Cấp trung cấp'""}"," {'""max'"": 4205544000"," '""min'"": 3463835460"," '""label'"": '""Cấp cao cấp'""}]""",2026-01-27 15:44:54.424881+00
510,Medium preparation needed. Usually requires 6 months to 2 years of training or experience.,Medium preparation needed. Usually requires 6 months to 2 years of training or experience.,High school diploma required. Associate degree or police academy training preferred.,High school diploma required. Associate degree or police academy training preferred.,61879.00,198581.00,130230.00,USD,"[{""max"""": 106741.11"," '""min'"": 61879.0"," '""label'"": '""Entry Level'""}"," {'""max'"": 162122.39"," '""min'"": 106741.11"," """"label"""": """"Mid Level""""}"," {'""max'"": 198581.0"," '""min'"": 162122.39"," '""label'"": '""Senior Level'""}]""",1485096000.00,4765944000.00,3125520000.00,VND,"[{'max'"": 2561786588"," '""min'"": 1485096000"," '""label'"": '""Cấp mới vào nghề'""}"," {'""max'"": 3890937426"," '""min'"": 2561786588"," '""label'"": '""Cấp trung cấp'""}"," {'""max'"": 4765944000"," '""min'"": 3890937426"," '""label'"": '""Cấp cao cấp'""}]""",2026-01-27 15:44:54.424881+00
511,Medium preparation needed. Usually requires 6 months to 2 years of training or experience.,Medium preparation needed. Usually requires 6 months to 2 years of training or experience.,High school diploma required. Associate degree or police academy training preferred.,High school diploma required. Associate degree or police academy training preferred.,44619.00,144343.00,94481.00,USD,"[{""max"""": 78004.29"," '""min'"": 44619.0"," '""label'"": '""Entry Level'""}"," {'""max'"": 112911.04"," '""min'"": 78004.29"," """"label"""": """"Mid Level""""}"," {'""max'"": 144343.0"," '""min'"": 112911.04"," '""label'"": '""Senior Level'""}]""",1070856000.00,3464232000.00,2267544000.00,VND,"[{'max'"": 1872102997"," '""min'"": 1070856000"," '""label'"": '""Cấp mới vào nghề'""}"," {'""max'"": 2709865019"," '""min'"": 1872102997"," '""label'"": '""Cấp trung cấp'""}"," {'""max'"": 3464232000"," '""min'"": 2709865019"," '""label'"": '""Cấp cao cấp'""}]""",2026-01-27 15:44:54.424881+00
512,Medium preparation needed. Usually requires 6 months to 2 years of training or experience.,Medium preparation needed. Usually requires 6 months to 2 years of training or experience.,High school diploma required. Associate degree or police academy training preferred.,High school diploma required. Associate degree or police academy training preferred.,63211.00,168355.00,115783.00,USD,"[{""max"""": 94958.93"," '""min'"": 63211.0"," '""label'"": '""Entry Level'""}"," {'""max'"": 135037.59"," '""min'"": 94958.93"," """"label"""": """"Mid Level""""}"," {'""max'"": 168355.0"," '""min'"": 135037.59"," '""label'"": '""Senior Level'""}]""",1517064000.00,4040520000.00,2778792000.00,VND,"[{'max'"": 2279014375"," '""min'"": 1517064000"," '""label'"": '""Cấp mới vào nghề'""}"," {'""max'"": 3240902227"," '""min'"": 2279014375"," '""label'"": '""Cấp trung cấp'""}"," {'""max'"": 4040520000"," '""min'"": 3240902227"," '""label'"": '""Cấp cao cấp'""}]""",2026-01-27 15:44:54.424881+00
513,Medium preparation needed. Usually requires 6 months to 2 years of training or experience.,Medium preparation needed. Usually requires 6 months to 2 years of training or experience.,High school diploma required. Associate degree or police academy training preferred.,High school diploma required. Associate degree or police academy training preferred.,78375.00,166958.00,122666.00,USD,"[{""max"""": 101234.06"," '""min'"": 78375.0"," '""label'"": '""Entry Level'""}"," {'""max'"": 143607.28"," '""min'"": 101234.06"," """"label"""": """"Mid Level""""}"," {'""max'"": 166958.0"," '""min'"": 143607.28"," '""label'"": '""Senior Level'""}]""",1881000000.00,4006992000.00,2943984000.00,VND,"[{'max'"": 2429617389"," '""min'"": 1881000000"," '""label'"": '""Cấp mới vào nghề'""}"," {'""max'"": 3446574730"," '""min'"": 2429617389"," '""label'"": '""Cấp trung cấp'""}"," {'""max'"": 4006992000"," '""min'"": 3446574730"," '""label'"": '""Cấp cao cấp'""}]""",2026-01-27 15:44:54.424881+00
514,Medium preparation needed. Usually requires 6 months to 2 years of training or experience.,Medium preparation needed. Usually requires 6 months to 2 years of training or experience.,High school diploma required. Associate degree or police academy training preferred.,High school diploma required. Associate degree or police academy training preferred.,66642.00,166144.00,116393.00,USD,"[{""max"""": 94925.59"," '""min'"": 66642.0"," '""label'"": '""Entry Level'""}"," {'""max'"": 133064.73"," '""min'"": 94925.59"," """"label"""": """"Mid Level""""}"," {'""max'"": 166144.0"," '""min'"": 133064.73"," '""label'"": '""Senior Level'""}]""",1599408000.00,3987456000.00,2793432000.00,VND,"[{'max'"": 2278214239"," '""min'"": 1599408000"," '""label'"": '""Cấp mới vào nghề'""}"," {'""max'"": 3193553541"," '""min'"": 2278214239"," '""label'"": '""Cấp trung cấp'""}"," {'""max'"": 3987456000"," '""min'"": 3193553541"," '""label'"": '""Cấp cao cấp'""}]""",2026-01-27 15:44:54.424881+00
515,Medium preparation needed. Usually requires 6 months to 2 years of training or experience.,Medium preparation needed. Usually requires 6 months to 2 years of training or experience.,High school diploma required. Associate degree or police academy training preferred.,High school diploma required. Associate degree or police academy training preferred.,65657.00,135584.00,100620.00,USD,"[{""max"""": 87593.9"," '""min'"": 65657.0"," '""label'"": '""Entry Level'""}"," {'""max'"": 115256.83"," '""min'"": 87593.9"," """"label"""": """"Mid Level""""}"," {'""max'"": 135584.0"," '""min'"": 115256.83"," '""label'"": '""Senior Level'""}]""",1575768000.00,3254016000.00,2414880000.00,VND,"[{'max'"": 2102253571"," '""min'"": 1575768000"," '""label'"": '""Cấp mới vào nghề'""}"," {'""max'"": 2766163816"," '""min'"": 2102253571"," '""label'"": '""Cấp trung cấp'""}"," {'""max'"": 3254016000"," '""min'"": 2766163816"," '""label'"": '""Cấp cao cấp'""}]""",2026-01-27 15:44:54.424881+00
516,Medium preparation needed. Usually requires 6 months to 2 years of training or experience.,Medium preparation needed. Usually requires 6 months to 2 years of training or experience.,High school diploma required. Associate degree or police academy training preferred.,High school diploma required. Associate degree or police academy training preferred.,52712.00,172212.00,112462.00,USD,"[{""max"""": 93916.53"," '""min'"": 52712.0"," '""label'"": '""Entry Level'""}"," {'""max'"": 140982.8"," '""min'"": 93916.53"," """"label"""": """"Mid Level""""}"," {'""max'"": 172212.0"," '""min'"": 140982.8"," '""label'"": '""Senior Level'""}]""",1265088000.00,4133088000.00,2699088000.00,VND,"[{'max'"": 2253996634"," '""min'"": 1265088000"," '""label'"": '""Cấp mới vào nghề'""}"," {'""max'"": 3383587089"," '""min'"": 2253996634"," '""label'"": '""Cấp trung cấp'""}"," {'""max'"": 4133088000"," '""min'"": 3383587089"," '""label'"": '""Cấp cao cấp'""}]""",2026-01-27 15:44:54.424881+00
517,Medium preparation needed. Usually requires 6 months to 2 years of training or experience.,Medium preparation needed. Usually requires 6 months to 2 years of training or experience.,High school diploma required. Associate degree or police academy training preferred.,High school diploma required. Associate degree or police academy training preferred.,74062.00,106149.00,90105.00,USD,"[{""max"""": 84615.03"," '""min'"": 74062.0"," '""label'"": '""Entry Level'""}"," {'""max'"": 95333.79"," '""min'"": 84615.03"," """"label"""": """"Mid Level""""}"," {'""max'"": 106149.0"," '""min'"": 95333.79"," '""label'"": '""Senior Level'""}]""",1777488000.00,2547576000.00,2162520000.00,VND,"[{'max'"": 2030760712"," '""min'"": 1777488000"," '""label'"": '""Cấp mới vào nghề'""}"," {'""max'"": 2288011077"," '""min'"": 2030760712"," '""label'"": '""Cấp trung cấp'""}"," {'""max'"": 2547576000"," '""min'"": 2288011077"," '""label'"": '""Cấp cao cấp'""}]""",2026-01-27 15:44:54.424881+00
518,Medium preparation needed. Usually requires 6 months to 2 years of training or experience.,Medium preparation needed. Usually requires 6 months to 2 years of training or experience.,High school diploma required. Associate degree or police academy training preferred.,High school diploma required. Associate degree or police academy training preferred.,45766.00,191169.00,118467.00,USD,"[{""max"""": 93325.44"," '""min'"": 45766.0"," '""label'"": '""Entry Level'""}"," {'""max'"": 153249.01"," '""min'"": 93325.44"," """"label"""": """"Mid Level""""}"," {'""max'"": 191169.0"," '""min'"": 153249.01"," '""label'"": '""Senior Level'""}]""",1098384000.00,4588056000.00,2843208000.00,VND,"[{'max'"": 2239810625"," '""min'"": 1098384000"," '""label'"": '""Cấp mới vào nghề'""}"," {'""max'"": 3677976224"," '""min'"": 2239810625"," '""label'"": '""Cấp trung cấp'""}"," {'""max'"": 4588056000"," '""min'"": 3677976224"," '""label'"": '""Cấp cao cấp'""}]""",2026-01-27 15:44:54.424881+00
519,Medium preparation needed. Usually requires 6 months to 2 years of training or experience.,Medium preparation needed. Usually requires 6 months to 2 years of training or experience.,High school diploma required. Associate degree or police academy training preferred.,High school diploma required. Associate degree or police academy training preferred.,75387.00,131418.00,103402.00,USD,"[{""max"""": 93920.66"," '""min'"": 75387.0"," '""label'"": '""Entry Level'""}"," {'""max'"": 116665.74"," '""min'"": 93920.66"," """"label"""": """"Mid Level""""}"," {'""max'"": 131418.0"," '""min'"": 116665.74"," '""label'"": '""Senior Level'""}]""",1809288000.00,3154032000.00,2481648000.00,VND,"[{'max'"": 2254095818"," '""min'"": 1809288000"," '""label'"": '""Cấp mới vào nghề'""}"," {'""max'"": 2799977856"," '""min'"": 2254095818"," '""label'"": '""Cấp trung cấp'""}"," {'""max'"": 3154032000"," '""min'"": 2799977856"," '""label'"": '""Cấp cao cấp'""}]""",2026-01-27 15:44:54.424881+00
520,Medium preparation needed. Usually requires 6 months to 2 years of training or experience.,Medium preparation needed. Usually requires 6 months to 2 years of training or experience.,High school diploma required. Associate degree or police academy training preferred.,High school diploma required. Associate degree or police academy training preferred.,61189.00,162663.00,111926.00,USD,"[{""max"""": 90445.74"," '""min'"": 61189.0"," '""label'"": '""Entry Level'""}"," {'""max'"": 127503.29"," '""min'"": 90445.74"," """"label"""": """"Mid Level""""}"," {'""max'"": 162663.0"," '""min'"": 127503.29"," '""label'"": '""Senior Level'""}]""",1468536000.00,3903912000.00,2686224000.00,VND,"[{'max'"": 2170697664"," '""min'"": 1468536000"," '""label'"": '""Cấp mới vào nghề'""}"," {'""max'"": 3060079011"," '""min'"": 2170697664"," '""label'"": '""Cấp trung cấp'""}"," {'""max'"": 3903912000"," '""min'"": 3060079011"," '""label'"": '""Cấp cao cấp'""}]""",2026-01-27 15:44:54.424881+00
521,Medium preparation needed. Usually requires 6 months to 2 years of training or experience.,Medium preparation needed. Usually requires 6 months to 2 years of training or experience.,High school diploma required. Associate degree or police academy training preferred.,High school diploma required. Associate degree or police academy training preferred.,63731.00,190623.00,127177.00,USD,"[{""max"""": 102331.96"," '""min'"": 63731.0"," '""label'"": '""Entry Level'""}"," {'""max'"": 156248.69"," '""min'"": 102331.96"," """"label"""": """"Mid Level""""}"," {'""max'"": 190623.0"," '""min'"": 156248.69"," '""label'"": '""Senior Level'""}]""",1529544000.00,4574952000.00,3052248000.00,VND,"[{'max'"": 2455967049"," '""min'"": 1529544000"," '""label'"": '""Cấp mới vào nghề'""}"," {'""max'"": 3749968587"," '""min'"": 2455967049"," '""label'"": '""Cấp trung cấp'""}"," {'""max'"": 4574952000"," '""min'"": 3749968587"," '""label'"": '""Cấp cao cấp'""}]""",2026-01-27 15:44:54.424881+00
522,Medium preparation needed. Usually requires 6 months to 2 years of training or experience.,Medium preparation needed. Usually requires 6 months to 2 years of training or experience.,High school diploma required. Associate degree or police academy training preferred.,High school diploma required. Associate degree or police academy training preferred.,66802.00,131441.00,99121.00,USD,"[{""max"""": 87290.97"," '""min'"": 66802.0"," '""label'"": '""Entry Level'""}"," {'""max'"": 113010.46"," '""min'"": 87290.97"," """"label"""": """"Mid Level""""}"," {'""max'"": 131441.0"," '""min'"": 113010.46"," '""label'"": '""Senior Level'""}]""",1603248000.00,3154584000.00,2378904000.00,VND,"[{'max'"": 2094983266"," '""min'"": 1603248000"," '""label'"": '""Cấp mới vào nghề'""}"," {'""max'"": 2712251050"," '""min'"": 2094983266"," '""label'"": '""Cấp trung cấp'""}"," {'""max'"": 3154584000"," '""min'"": 2712251050"," '""label'"": '""Cấp cao cấp'""}]""",2026-01-27 15:44:54.424881+00
523,Medium preparation needed. Usually requires 6 months to 2 years of training or experience.,Medium preparation needed. Usually requires 6 months to 2 years of training or experience.,High school diploma required. Associate degree or police academy training preferred.,High school diploma required. Associate degree or police academy training preferred.,64650.00,173852.00,119251.00,USD,"[{""max"""": 98000.06"," '""min'"": 64650.0"," '""label'"": '""Entry Level'""}"," {'""max'"": 145376.97"," '""min'"": 98000.06"," """"label"""": """"Mid Level""""}"," {'""max'"": 173852.0"," '""min'"": 145376.97"," '""label'"": '""Senior Level'""}]""",1551600000.00,4172448000.00,2862024000.00,VND,"[{'max'"": 2352001347"," '""min'"": 1551600000"," '""label'"": '""Cấp mới vào nghề'""}"," {'""max'"": 3489047350"," '""min'"": 2352001347"," '""label'"": '""Cấp trung cấp'""}"," {'""max'"": 4172448000"," '""min'"": 3489047350"," '""label'"": '""Cấp cao cấp'""}]""",2026-01-27 15:44:54.424881+00
524,Medium preparation needed. Usually requires 6 months to 2 years of training or experience.,Medium preparation needed. Usually requires 6 months to 2 years of training or experience.,High school diploma required. Associate degree or police academy training preferred.,High school diploma required. Associate degree or police academy training preferred.,58587.00,161318.00,109952.00,USD,"[{""max"""": 93865.92"," '""min'"": 58587.0"," '""label'"": '""Entry Level'""}"," {'""max'"": 135252.45"," '""min'"": 93865.92"," """"label"""": """"Mid Level""""}"," {'""max'"": 161318.0"," '""min'"": 135252.45"," '""label'"": '""Senior Level'""}]""",1406088000.00,3871632000.00,2638848000.00,VND,"[{'max'"": 2252782038"," '""min'"": 1406088000"," '""label'"": '""Cấp mới vào nghề'""}"," {'""max'"": 3246058681"," '""min'"": 2252782038"," '""label'"": '""Cấp trung cấp'""}"," {'""max'"": 3871632000"," '""min'"": 3246058681"," '""label'"": '""Cấp cao cấp'""}]""",2026-01-27 15:44:54.424881+00
525,Medium preparation needed. Usually requires 6 months to 2 years of training or experience.,Medium preparation needed. Usually requires 6 months to 2 years of training or experience.,High school diploma required. Associate degree or police academy training preferred.,High school diploma required. Associate degree or police academy training preferred.,49731.00,162662.00,106196.00,USD,"[{""max"""": 88242.01"," '""min'"": 49731.0"," '""label'"": '""Entry Level'""}"," {'""max'"": 125904.37"," '""min'"": 88242.01"," """"label"""": """"Mid Level""""}"," {'""max'"": 162662.0"," '""min'"": 125904.37"," '""label'"": '""Senior Level'""}]""",1193544000.00,3903888000.00,2548704000.00,VND,"[{'max'"": 2117808350"," '""min'"": 1193544000"," '""label'"": '""Cấp mới vào nghề'""}"," {'""max'"": 3021704968"," '""min'"": 2117808350"," '""label'"": '""Cấp trung cấp'""}"," {'""max'"": 3903888000"," '""min'"": 3021704968"," '""label'"": '""Cấp cao cấp'""}]""",2026-01-27 15:44:54.424881+00
526,Medium preparation needed. Usually requires 6 months to 2 years of training or experience.,Medium preparation needed. Usually requires 6 months to 2 years of training or experience.,High school diploma required. Associate degree or police academy training preferred.,High school diploma required. Associate degree or police academy training preferred.,61918.00,130251.00,96084.00,USD,"[{""max"""": 79718.81"," '""min'"": 61918.0"," '""label'"": '""Entry Level'""}"," {'""max'"": 112608.23"," '""min'"": 79718.81"," """"label"""": """"Mid Level""""}"," {'""max'"": 130251.0"," '""min'"": 112608.23"," '""label'"": '""Senior Level'""}]""",1486032000.00,3126024000.00,2306016000.00,VND,"[{'max'"": 1913251474"," '""min'"": 1486032000"," '""label'"": '""Cấp mới vào nghề'""}"," {'""max'"": 2702597402"," '""min'"": 1913251474"," '""label'"": '""Cấp trung cấp'""}"," {'""max'"": 3126024000"," '""min'"": 2702597402"," '""label'"": '""Cấp cao cấp'""}]""",2026-01-27 15:44:54.424881+00
527,Medium preparation needed. Usually requires 6 months to 2 years of training or experience.,Medium preparation needed. Usually requires 6 months to 2 years of training or experience.,High school diploma required. Associate degree or police academy training preferred.,High school diploma required. Associate degree or police academy training preferred.,57061.00,131161.00,94111.00,USD,"[{""max"""": 82854.33"," '""min'"": 57061.0"," '""label'"": '""Entry Level'""}"," {'""max'"": 112185.08"," '""min'"": 82854.33"," """"label"""": """"Mid Level""""}"," {'""max'"": 131161.0"," '""min'"": 112185.08"," '""label'"": '""Senior Level'""}]""",1369464000.00,3147864000.00,2258664000.00,VND,"[{'max'"": 1988503911"," '""min'"": 1369464000"," '""label'"": '""Cấp mới vào nghề'""}"," {'""max'"": 2692441906"," '""min'"": 1988503911"," '""label'"": '""Cấp trung cấp'""}"," {'""max'"": 3147864000"," '""min'"": 2692441906"," '""label'"": '""Cấp cao cấp'""}]""",2026-01-27 15:44:54.424881+00
528,Medium preparation needed. Usually requires 6 months to 2 years of training or experience.,Medium preparation needed. Usually requires 6 months to 2 years of training or experience.,High school diploma required. Associate degree or police academy training preferred.,High school diploma required. Associate degree or police academy training preferred.,69136.00,183792.00,126464.00,USD,"[{""max"""": 97912.86"," '""min'"": 69136.0"," '""label'"": '""Entry Level'""}"," {'""max'"": 147755.31"," '""min'"": 97912.86"," """"label"""": """"Mid Level""""}"," {'""max'"": 183792.0"," '""min'"": 147755.31"," '""label'"": '""Senior Level'""}]""",1659264000.00,4411008000.00,3035136000.00,VND,"[{'max'"": 2349908598"," '""min'"": 1659264000"," '""label'"": '""Cấp mới vào nghề'""}"," {'""max'"": 3546127358"," '""min'"": 2349908598"," '""label'"": '""Cấp trung cấp'""}"," {'""max'"": 4411008000"," '""min'"": 3546127358"," '""label'"": '""Cấp cao cấp'""}]""",2026-01-27 15:44:54.424881+00
529,Medium preparation needed. Usually requires 6 months to 2 years of training or experience.,Medium preparation needed. Usually requires 6 months to 2 years of training or experience.,High school diploma required. Associate degree or police academy training preferred.,High school diploma required. Associate degree or police academy training preferred.,55374.00,117328.00,86351.00,USD,"[{""max"""": 75655.99"," '""min'"": 55374.0"," '""label'"": '""Entry Level'""}"," {'""max'"": 98694.74"," '""min'"": 75655.99"," """"label"""": """"Mid Level""""}"," {'""max'"": 117328.0"," '""min'"": 98694.74"," '""label'"": '""Senior Level'""}]""",1328976000.00,2815872000.00,2072424000.00,VND,"[{'max'"": 1815743789"," '""min'"": 1328976000"," '""label'"": '""Cấp mới vào nghề'""}"," {'""max'"": 2368673733"," '""min'"": 1815743789"," '""label'"": '""Cấp trung cấp'""}"," {'""max'"": 2815872000"," '""min'"": 2368673733"," '""label'"": '""Cấp cao cấp'""}]""",2026-01-27 15:44:54.424881+00
530,Medium preparation needed. Usually requires 6 months to 2 years of training or experience.,Medium preparation needed. Usually requires 6 months to 2 years of training or experience.,High school diploma required. Associate degree or police academy training preferred.,High school diploma required. Associate degree or police academy training preferred.,65653.00,147400.00,106526.00,USD,"[{""max"""": 88829.5"," '""min'"": 65653.0"," '""label'"": '""Entry Level'""}"," {'""max'"": 121521.1"," '""min'"": 88829.5"," """"label"""": """"Mid Level""""}"," {'""max'"": 147400.0"," '""min'"": 121521.1"," '""label'"": '""Senior Level'""}]""",1575672000.00,3537600000.00,2556624000.00,VND,"[{'max'"": 2131908056"," '""min'"": 1575672000"," '""label'"": '""Cấp mới vào nghề'""}"," {'""max'"": 2916506301"," '""min'"": 2131908056"," '""label'"": '""Cấp trung cấp'""}"," {'""max'"": 3537600000"," '""min'"": 2916506301"," '""label'"": '""Cấp cao cấp'""}]""",2026-01-27 15:44:54.424881+00
531,Medium preparation needed. Usually requires 6 months to 2 years of training or experience.,Medium preparation needed. Usually requires 6 months to 2 years of training or experience.,High school diploma required. Associate degree or police academy training preferred.,High school diploma required. Associate degree or police academy training preferred.,76082.00,156393.00,116237.00,USD,"[{""max"""": 100037.85"," '""min'"": 76082.0"," '""label'"": '""Entry Level'""}"," {'""max'"": 130605.54"," '""min'"": 100037.85"," """"label"""": """"Mid Level""""}"," {'""max'"": 156393.0"," '""min'"": 130605.54"," '""label'"": '""Senior Level'""}]""",1825968000.00,3753432000.00,2789688000.00,VND,"[{'max'"": 2400908383"," '""min'"": 1825968000"," '""label'"": '""Cấp mới vào nghề'""}"," {'""max'"": 3134533013"," '""min'"": 2400908383"," '""label'"": '""Cấp trung cấp'""}"," {'""max'"": 3753432000"," '""min'"": 3134533013"," '""label'"": '""Cấp cao cấp'""}]""",2026-01-27 15:44:54.424881+00
532,Medium preparation needed. Usually requires 6 months to 2 years of training or experience.,Medium preparation needed. Usually requires 6 months to 2 years of training or experience.,High school diploma required. Associate degree or police academy training preferred.,High school diploma required. Associate degree or police academy training preferred.,62162.00,104227.00,83194.00,USD,"[{""max"""": 76340.32"," '""min'"": 62162.0"," '""label'"": '""Entry Level'""}"," {'""max'"": 93477.69"," '""min'"": 76340.32"," """"label"""": """"Mid Level""""}"," {'""max'"": 104227.0"," '""min'"": 93477.69"," '""label'"": '""Senior Level'""}]""",1491888000.00,2501448000.00,1996656000.00,VND,"[{'max'"": 1832167711"," '""min'"": 1491888000"," '""label'"": '""Cấp mới vào nghề'""}"," {'""max'"": 2243464652"," '""min'"": 1832167711"," '""label'"": '""Cấp trung cấp'""}"," {'""max'"": 2501448000"," '""min'"": 2243464652"," '""label'"": '""Cấp cao cấp'""}]""",2026-01-27 15:44:54.424881+00
533,Medium preparation needed. Usually requires 6 months to 2 years of training or experience.,Medium preparation needed. Usually requires 6 months to 2 years of training or experience.,High school diploma required. Associate degree or police academy training preferred.,High school diploma required. Associate degree or police academy training preferred.,65692.00,185109.00,125400.00,USD,"[{""max"""": 102323.18"," '""min'"": 65692.0"," '""label'"": '""Entry Level'""}"," {'""max'"": 143425.15"," '""min'"": 102323.18"," """"label"""": """"Mid Level""""}"," {'""max'"": 185109.0"," '""min'"": 143425.15"," '""label'"": '""Senior Level'""}]""",1576608000.00,4442616000.00,3009600000.00,VND,"[{'max'"": 2455756295"," '""min'"": 1576608000"," '""label'"": '""Cấp mới vào nghề'""}"," {'""max'"": 3442203536"," '""min'"": 2455756295"," '""label'"": '""Cấp trung cấp'""}"," {'""max'"": 4442616000"," '""min'"": 3442203536"," '""label'"": '""Cấp cao cấp'""}]""",2026-01-27 15:44:54.424881+00
534,Medium preparation needed. Usually requires 6 months to 2 years of training or experience.,Medium preparation needed. Usually requires 6 months to 2 years of training or experience.,High school diploma required. Associate degree or police academy training preferred.,High school diploma required. Associate degree or police academy training preferred.,65555.00,115955.00,90755.00,USD,"[{""max"""": 80606.43"," '""min'"": 65555.0"," '""label'"": '""Entry Level'""}"," {'""max'"": 98995.07"," '""min'"": 80606.43"," """"label"""": """"Mid Level""""}"," {'""max'"": 115955.0"," '""min'"": 98995.07"," '""label'"": '""Senior Level'""}]""",1573320000.00,2782920000.00,2178120000.00,VND,"[{'max'"": 1934554292"," '""min'"": 1573320000"," '""label'"": '""Cấp mới vào nghề'""}"," {'""max'"": 2375881623"," '""min'"": 1934554292"," '""label'"": '""Cấp trung cấp'""}"," {'""max'"": 2782920000"," '""min'"": 2375881623"," '""label'"": '""Cấp cao cấp'""}]""",2026-01-27 15:44:54.424881+00
535,Some preparation needed. Usually requires few months of food service experience.,Some preparation needed. Usually requires few months of food service experience.,High school diploma preferred. Food safety certification often required.,High school diploma preferred. Food safety certification often required.,73694.00,182496.00,128095.00,USD,"[{""max"""": 110848.88"," '""min'"": 73694.0"," '""label'"": '""Entry Level'""}"," {'""max'"": 182496.0"," '""min'"": 110848.88"," """"label"""": """"Experienced""""}]""",1768656000.00,4379904000.00,3074280000.00,VND,"[{'max'"": 2660373188"," '""min'"": 1768656000"," '""label'"": '""Cấp mới vào nghề'""}"," {'""max'"": 4379904000"," '""min'"": 2660373188"," '""label'"": '""Experienced'""}]""",2026-01-27 15:44:54.424881+00
538,Some preparation needed. Usually requires few months of food service experience.,Some preparation needed. Usually requires few months of food service experience.,High school diploma preferred. Food safety certification often required.,High school diploma preferred. Food safety certification often required.,47678.00,188783.00,118230.00,USD,"[{""max"""": 95273.65"," '""min'"": 47678.0"," '""label'"": '""Entry Level'""}"," {'""max'"": 188783.0"," '""min'"": 95273.65"," """"label"""": """"Experienced""""}]""",1144272000.00,4530792000.00,2837520000.00,VND,"[{'max'"": 2286567500"," '""min'"": 1144272000"," '""label'"": '""Cấp mới vào nghề'""}"," {'""max'"": 4530792000"," '""min'"": 2286567500"," '""label'"": '""Experienced'""}]""",2026-01-27 15:44:54.424881+00
539,Some preparation needed. Usually requires few months of food service experience.,Some preparation needed. Usually requires few months of food service experience.,High school diploma preferred. Food safety certification often required.,High school diploma preferred. Food safety certification often required.,70177.00,154186.00,112181.00,USD,"[{""max"""": 92133.57"," '""min'"": 70177.0"," '""label'"": '""Entry Level'""}"," {'""max'"": 154186.0"," '""min'"": 92133.57"," """"label"""": """"Experienced""""}]""",1684248000.00,3700464000.00,2692344000.00,VND,"[{'max'"": 2211205588"," '""min'"": 1684248000"," '""label'"": '""Cấp mới vào nghề'""}"," {'""max'"": 3700464000"," '""min'"": 2211205588"," '""label'"": '""Experienced'""}]""",2026-01-27 15:44:54.424881+00
540,Some preparation needed. Usually requires few months of food service experience.,Some preparation needed. Usually requires few months of food service experience.,High school diploma preferred. Food safety certification often required.,High school diploma preferred. Food safety certification often required.,72460.00,117033.00,94746.00,USD,"[{""max"""": 87906.59"," '""min'"": 72460.0"," '""label'"": '""Entry Level'""}"," {'""max'"": 117033.0"," '""min'"": 87906.59"," """"label"""": """"Experienced""""}]""",1739040000.00,2808792000.00,2273904000.00,VND,"[{'max'"": 2109758212"," '""min'"": 1739040000"," '""label'"": '""Cấp mới vào nghề'""}"," {'""max'"": 2808792000"," '""min'"": 2109758212"," '""label'"": '""Experienced'""}]""",2026-01-27 15:44:54.424881+00
541,Some preparation needed. Usually requires few months of food service experience.,Some preparation needed. Usually requires few months of food service experience.,High school diploma preferred. Food safety certification often required.,High school diploma preferred. Food safety certification often required.,48239.00,110971.00,79605.00,USD,"[{""max"""": 64018.94"," '""min'"": 48239.0"," '""label'"": '""Entry Level'""}"," {'""max'"": 110971.0"," '""min'"": 64018.94"," """"label"""": """"Experienced""""}]""",1157736000.00,2663304000.00,1910520000.00,VND,"[{'max'"": 1536454548"," '""min'"": 1157736000"," '""label'"": '""Cấp mới vào nghề'""}"," {'""max'"": 2663304000"," '""min'"": 1536454548"," '""label'"": '""Experienced'""}]""",2026-01-27 15:44:54.424881+00
542,Some preparation needed. Usually requires few months of food service experience.,Some preparation needed. Usually requires few months of food service experience.,High school diploma preferred. Food safety certification often required.,High school diploma preferred. Food safety certification often required.,45351.00,181007.00,113179.00,USD,"[{""max"""": 91153.62"," '""min'"": 45351.0"," '""label'"": '""Entry Level'""}"," {'""max'"": 181007.0"," '""min'"": 91153.62"," """"label"""": """"Experienced""""}]""",1088424000.00,4344168000.00,2716296000.00,VND,"[{'max'"": 2187686805"," '""min'"": 1088424000"," '""label'"": '""Cấp mới vào nghề'""}"," {'""max'"": 4344168000"," '""min'"": 2187686805"," '""label'"": '""Experienced'""}]""",2026-01-27 15:44:54.424881+00
543,Some preparation needed. Usually requires few months of food service experience.,Some preparation needed. Usually requires few months of food service experience.,High school diploma preferred. Food safety certification often required.,High school diploma preferred. Food safety certification often required.,77222.00,147922.00,112572.00,USD,"[{""max"""": 98152.89"," '""min'"": 77222.0"," '""label'"": '""Entry Level'""}"," {'""max'"": 147922.0"," '""min'"": 98152.89"," """"label"""": """"Experienced""""}]""",1853328000.00,3550128000.00,2701728000.00,VND,"[{'max'"": 2355669473"," '""min'"": 1853328000"," '""label'"": '""Cấp mới vào nghề'""}"," {'""max'"": 3550128000"," '""min'"": 2355669473"," '""label'"": '""Experienced'""}]""",2026-01-27 15:44:54.424881+00
544,Some preparation needed. Usually requires few months of food service experience.,Some preparation needed. Usually requires few months of food service experience.,High school diploma preferred. Food safety certification often required.,High school diploma preferred. Food safety certification often required.,78088.00,168910.00,123499.00,USD,"[{""max"""": 103259.72"," '""min'"": 78088.0"," '""label'"": '""Entry Level'""}"," {'""max'"": 168910.0"," '""min'"": 103259.72"," """"label"""": """"Experienced""""}]""",1874112000.00,4053840000.00,2963976000.00,VND,"[{'max'"": 2478233371"," '""min'"": 1874112000"," '""label'"": '""Cấp mới vào nghề'""}"," {'""max'"": 4053840000"," '""min'"": 2478233371"," '""label'"": '""Experienced'""}]""",2026-01-27 15:44:54.424881+00
545,Some preparation needed. Usually requires few months of food service experience.,Some preparation needed. Usually requires few months of food service experience.,High school diploma preferred. Food safety certification often required.,High school diploma preferred. Food safety certification often required.,55257.00,124832.00,90044.00,USD,"[{""max"""": 79400.36"," '""min'"": 55257.0"," '""label'"": '""Entry Level'""}"," {'""max'"": 124832.0"," '""min'"": 79400.36"," """"label"""": """"Experienced""""}]""",1326168000.00,2995968000.00,2161056000.00,VND,"[{'max'"": 1905608721"," '""min'"": 1326168000"," '""label'"": '""Cấp mới vào nghề'""}"," {'""max'"": 2995968000"," '""min'"": 1905608721"," '""label'"": '""Experienced'""}]""",2026-01-27 15:44:54.424881+00
546,Some preparation needed. Usually requires few months of food service experience.,Some preparation needed. Usually requires few months of food service experience.,High school diploma preferred. Food safety certification often required.,High school diploma preferred. Food safety certification often required.,56304.00,148666.00,102485.00,USD,"[{""max"""": 85337.78"," '""min'"": 56304.0"," '""label'"": '""Entry Level'""}"," {'""max'"": 148666.0"," '""min'"": 85337.78"," """"label"""": """"Experienced""""}]""",1351296000.00,3567984000.00,2459640000.00,VND,"[{'max'"": 2048106778"," '""min'"": 1351296000"," '""label'"": '""Cấp mới vào nghề'""}"," {'""max'"": 3567984000"," '""min'"": 2048106778"," '""label'"": '""Experienced'""}]""",2026-01-27 15:44:54.424881+00
547,Some preparation needed. Usually requires few months of food service experience.,Some preparation needed. Usually requires few months of food service experience.,High school diploma preferred. Food safety certification often required.,High school diploma preferred. Food safety certification often required.,43848.00,186964.00,115406.00,USD,"[{""max"""": 84465.0"," '""min'"": 43848.0"," '""label'"": '""Entry Level'""}"," {'""max'"": 186964.0"," '""min'"": 84465.0"," """"label"""": """"Experienced""""}]""",1052352000.00,4487136000.00,2769744000.00,VND,"[{'max'"": 2027160086"," '""min'"": 1052352000"," '""label'"": '""Cấp mới vào nghề'""}"," {'""max'"": 4487136000"," '""min'"": 2027160086"," '""label'"": '""Experienced'""}]""",2026-01-27 15:44:54.424881+00
548,Some preparation needed. Usually requires few months of food service experience.,Some preparation needed. Usually requires few months of food service experience.,High school diploma preferred. Food safety certification often required.,High school diploma preferred. Food safety certification often required.,56266.00,181056.00,118661.00,USD,"[{""max"""": 96100.98"," '""min'"": 56266.0"," '""label'"": '""Entry Level'""}"," {'""max'"": 181056.0"," '""min'"": 96100.98"," """"label"""": """"Experienced""""}]""",1350384000.00,4345344000.00,2847864000.00,VND,"[{'max'"": 2306423483"," '""min'"": 1350384000"," '""label'"": '""Cấp mới vào nghề'""}"," {'""max'"": 4345344000"," '""min'"": 2306423483"," '""label'"": '""Experienced'""}]""",2026-01-27 15:44:54.424881+00
549,Some preparation needed. Usually requires few months of food service experience.,Some preparation needed. Usually requires few months of food service experience.,High school diploma preferred. Food safety certification often required.,High school diploma preferred. Food safety certification often required.,63635.00,119373.00,91504.00,USD,"[{""max"""": 79016.71"," '""min'"": 63635.0"," '""label'"": '""Entry Level'""}"," {'""max'"": 119373.0"," '""min'"": 79016.71"," """"label"""": """"Experienced""""}]""",1527240000.00,2864952000.00,2196096000.00,VND,"[{'max'"": 1896401059"," '""min'"": 1527240000"," '""label'"": '""Cấp mới vào nghề'""}"," {'""max'"": 2864952000"," '""min'"": 1896401059"," '""label'"": '""Experienced'""}]""",2026-01-27 15:44:54.424881+00
550,Some preparation needed. Usually requires few months of food service experience.,Some preparation needed. Usually requires few months of food service experience.,High school diploma preferred. Food safety certification often required.,High school diploma preferred. Food safety certification often required.,42204.00,152679.00,97441.00,USD,"[{""max"""": 76719.63"," '""min'"": 42204.0"," '""label'"": '""Entry Level'""}"," {'""max'"": 152679.0"," '""min'"": 76719.63"," """"label"""": """"Experienced""""}]""",1012896000.00,3664296000.00,2338584000.00,VND,"[{'max'"": 1841271140"," '""min'"": 1012896000"," '""label'"": '""Cấp mới vào nghề'""}"," {'""max'"": 3664296000"," '""min'"": 1841271140"," '""label'"": '""Experienced'""}]""",2026-01-27 15:44:54.424881+00
551,Some preparation needed. Usually requires few months of food service experience.,Some preparation needed. Usually requires few months of food service experience.,High school diploma preferred. Food safety certification often required.,High school diploma preferred. Food safety certification often required.,59855.00,147839.00,103847.00,USD,"[{""max"""": 86184.07"," '""min'"": 59855.0"," '""label'"": '""Entry Level'""}"," {'""max'"": 147839.0"," '""min'"": 86184.07"," """"label"""": """"Experienced""""}]""",1436520000.00,3548136000.00,2492328000.00,VND,"[{'max'"": 2068417624"," '""min'"": 1436520000"," '""label'"": '""Cấp mới vào nghề'""}"," {'""max'"": 3548136000"," '""min'"": 2068417624"," '""label'"": '""Experienced'""}]""",2026-01-27 15:44:54.424881+00
552,Some preparation needed. Usually requires few months to 1 year of maintenance experience.,Some preparation needed. Usually requires few months to 1 year of maintenance experience.,High school diploma preferred. Specialized training for technical positions.,High school diploma preferred. Specialized training for technical positions.,59460.00,137218.00,98339.00,USD,"[{""max"""": 85952.41"," '""min'"": 59460.0"," '""label'"": '""Entry Level'""}"," {'""max'"": 137218.0"," '""min'"": 85952.41"," """"label"""": """"Experienced""""}]""",1427040000.00,3293232000.00,2360136000.00,VND,"[{'max'"": 2062857911"," '""min'"": 1427040000"," '""label'"": '""Cấp mới vào nghề'""}"," {'""max'"": 3293232000"," '""min'"": 2062857911"," '""label'"": '""Experienced'""}]""",2026-01-27 15:44:54.424881+00
553,Some preparation needed. Usually requires few months to 1 year of maintenance experience.,Some preparation needed. Usually requires few months to 1 year of maintenance experience.,High school diploma preferred. Specialized training for technical positions.,High school diploma preferred. Specialized training for technical positions.,59294.00,154808.00,107051.00,USD,"[{""max"""": 85930.18"," '""min'"": 59294.0"," '""label'"": '""Entry Level'""}"," {'""max'"": 154808.0"," '""min'"": 85930.18"," """"label"""": """"Experienced""""}]""",1423056000.00,3715392000.00,2569224000.00,VND,"[{'max'"": 2062324317"," '""min'"": 1423056000"," '""label'"": '""Cấp mới vào nghề'""}"," {'""max'"": 3715392000"," '""min'"": 2062324317"," '""label'"": '""Experienced'""}]""",2026-01-27 15:44:54.424881+00
554,Some preparation needed. Usually requires few months to 1 year of maintenance experience.,Some preparation needed. Usually requires few months to 1 year of maintenance experience.,High school diploma preferred. Specialized training for technical positions.,High school diploma preferred. Specialized training for technical positions.,54327.00,136898.00,95612.00,USD,"[{""max"""": 81663.87"," '""min'"": 54327.0"," '""label'"": '""Entry Level'""}"," {'""max'"": 136898.0"," '""min'"": 81663.87"," """"label"""": """"Experienced""""}]""",1303848000.00,3285552000.00,2294688000.00,VND,"[{'max'"": 1959932918"," '""min'"": 1303848000"," '""label'"": '""Cấp mới vào nghề'""}"," {'""max'"": 3285552000"," '""min'"": 1959932918"," '""label'"": '""Experienced'""}]""",2026-01-27 15:44:54.424881+00
555,Some preparation needed. Usually requires few months to 1 year of maintenance experience.,Some preparation needed. Usually requires few months to 1 year of maintenance experience.,High school diploma preferred. Specialized training for technical positions.,High school diploma preferred. Specialized training for technical positions.,44503.00,119051.00,81777.00,USD,"[{""max"""": 68289.25"," '""min'"": 44503.0"," '""label'"": '""Entry Level'""}"," {'""max'"": 119051.0"," '""min'"": 68289.25"," """"label"""": """"Experienced""""}]""",1068072000.00,2857224000.00,1962648000.00,VND,"[{'max'"": 1638941885"," '""min'"": 1068072000"," '""label'"": '""Cấp mới vào nghề'""}"," {'""max'"": 2857224000"," '""min'"": 1638941885"," '""label'"": '""Experienced'""}]""",2026-01-27 15:44:54.424881+00
556,Some preparation needed. Usually requires few months to 1 year of maintenance experience.,Some preparation needed. Usually requires few months to 1 year of maintenance experience.,High school diploma preferred. Specialized training for technical positions.,High school diploma preferred. Specialized training for technical positions.,68995.00,180400.00,124697.00,USD,"[{""max"""": 100476.2"," '""min'"": 68995.0"," '""label'"": '""Entry Level'""}"," {'""max'"": 180400.0"," '""min'"": 100476.2"," """"label"""": """"Experienced""""}]""",1655880000.00,4329600000.00,2992728000.00,VND,"[{'max'"": 2411428821"," '""min'"": 1655880000"," '""label'"": '""Cấp mới vào nghề'""}"," {'""max'"": 4329600000"," '""min'"": 2411428821"," '""label'"": '""Experienced'""}]""",2026-01-27 15:44:54.424881+00
557,Some preparation needed. Usually requires few months to 1 year of maintenance experience.,Some preparation needed. Usually requires few months to 1 year of maintenance experience.,High school diploma preferred. Specialized training for technical positions.,High school diploma preferred. Specialized training for technical positions.,43845.00,143942.00,93893.00,USD,"[{""max"""": 77749.41"," '""min'"": 43845.0"," '""label'"": '""Entry Level'""}"," {'""max'"": 143942.0"," '""min'"": 77749.41"," """"label"""": """"Experienced""""}]""",1052280000.00,3454608000.00,2253432000.00,VND,"[{'max'"": 1865985846"," '""min'"": 1052280000"," '""label'"": '""Cấp mới vào nghề'""}"," {'""max'"": 3454608000"," '""min'"": 1865985846"," '""label'"": '""Experienced'""}]""",2026-01-27 15:44:54.424881+00
558,Some preparation needed. Usually requires few months to 1 year of maintenance experience.,Some preparation needed. Usually requires few months to 1 year of maintenance experience.,High school diploma preferred. Specialized training for technical positions.,High school diploma preferred. Specialized training for technical positions.,59496.00,155756.00,107626.00,USD,"[{""max"""": 92666.48"," '""min'"": 59496.0"," '""label'"": '""Entry Level'""}"," {'""max'"": 155756.0"," '""min'"": 92666.48"," """"label"""": """"Experienced""""}]""",1427904000.00,3738144000.00,2583024000.00,VND,"[{'max'"": 2223995519"," '""min'"": 1427904000"," '""label'"": '""Cấp mới vào nghề'""}"," {'""max'"": 3738144000"," '""min'"": 2223995519"," '""label'"": '""Experienced'""}]""",2026-01-27 15:44:54.424881+00
559,Some preparation needed. Usually requires few months to 1 year of maintenance experience.,Some preparation needed. Usually requires few months to 1 year of maintenance experience.,High school diploma preferred. Specialized training for technical positions.,High school diploma preferred. Specialized training for technical positions.,67807.00,173934.00,120870.00,USD,"[{""max"""": 95265.34"," '""min'"": 67807.0"," '""label'"": '""Entry Level'""}"," {'""max'"": 173934.0"," '""min'"": 95265.34"," """"label"""": """"Experienced""""}]""",1627368000.00,4174416000.00,2900880000.00,VND,"[{'max'"": 2286368235"," '""min'"": 1627368000"," '""label'"": '""Cấp mới vào nghề'""}"," {'""max'"": 4174416000"," '""min'"": 2286368235"," '""label'"": '""Experienced'""}]""",2026-01-27 15:44:54.424881+00
560,Some preparation needed. Usually requires few months to 1 year of service experience.,Some preparation needed. Usually requires few months to 1 year of service experience.,High school diploma required. Certificate or license often required.,High school diploma required. Certificate or license often required.,42293.00,123232.00,82762.00,USD,"[{""max"""": 63593.78"," '""min'"": 42293.0"," '""label'"": '""Entry Level'""}"," {'""max'"": 123232.0"," '""min'"": 63593.78"," """"label"""": """"Experienced""""}]""",1015032000.00,2957568000.00,1986288000.00,VND,"[{'max'"": 1526250685"," '""min'"": 1015032000"," '""label'"": '""Cấp mới vào nghề'""}"," {'""max'"": 2957568000"," '""min'"": 1526250685"," '""label'"": '""Experienced'""}]""",2026-01-27 15:44:54.424881+00
561,Some preparation needed. Usually requires few months to 1 year of service experience.,Some preparation needed. Usually requires few months to 1 year of service experience.,High school diploma required. Certificate or license often required.,High school diploma required. Certificate or license often required.,62366.00,123271.00,92818.00,USD,"[{""max"""": 77954.48"," '""min'"": 62366.0"," '""label'"": '""Entry Level'""}"," {'""max'"": 123271.0"," '""min'"": 77954.48"," """"label"""": """"Experienced""""}]""",1496784000.00,2958504000.00,2227632000.00,VND,"[{'max'"": 1870907481"," '""min'"": 1496784000"," '""label'"": '""Cấp mới vào nghề'""}"," {'""max'"": 2958504000"," '""min'"": 1870907481"," '""label'"": '""Experienced'""}]""",2026-01-27 15:44:54.424881+00
562,Some preparation needed. Usually requires few months to 1 year of service experience.,Some preparation needed. Usually requires few months to 1 year of service experience.,High school diploma required. Certificate or license often required.,High school diploma required. Certificate or license often required.,50947.00,123093.00,87020.00,USD,"[{""max"""": 71102.94"," '""min'"": 50947.0"," '""label'"": '""Entry Level'""}"," {'""max'"": 123093.0"," '""min'"": 71102.94"," """"label"""": """"Experienced""""}]""",1222728000.00,2954232000.00,2088480000.00,VND,"[{'max'"": 1706470479"," '""min'"": 1222728000"," '""label'"": '""Cấp mới vào nghề'""}"," {'""max'"": 2954232000"," '""min'"": 1706470479"," '""label'"": '""Experienced'""}]""",2026-01-27 15:44:54.424881+00
563,Some preparation needed. Usually requires few months to 1 year of service experience.,Some preparation needed. Usually requires few months to 1 year of service experience.,High school diploma required. Certificate or license often required.,High school diploma required. Certificate or license often required.,50547.00,183944.00,117245.00,USD,"[{""max"""": 95428.25"," '""min'"": 50547.0"," '""label'"": '""Entry Level'""}"," {'""max'"": 183944.0"," '""min'"": 95428.25"," """"label"""": """"Experienced""""}]""",1213128000.00,4414656000.00,2813880000.00,VND,"[{'max'"": 2290277992"," '""min'"": 1213128000"," '""label'"": '""Cấp mới vào nghề'""}"," {'""max'"": 4414656000"," '""min'"": 2290277992"," '""label'"": '""Experienced'""}]""",2026-01-27 15:44:54.424881+00
564,Some preparation needed. Usually requires few months to 1 year of service experience.,Some preparation needed. Usually requires few months to 1 year of service experience.,High school diploma required. Certificate or license often required.,High school diploma required. Certificate or license often required.,50891.00,121262.00,86076.00,USD,"[{""max"""": 75504.58"," '""min'"": 50891.0"," '""label'"": '""Entry Level'""}"," {'""max'"": 121262.0"," '""min'"": 75504.58"," """"label"""": """"Experienced""""}]""",1221384000.00,2910288000.00,2065824000.00,VND,"[{'max'"": 1812109823"," '""min'"": 1221384000"," '""label'"": '""Cấp mới vào nghề'""}"," {'""max'"": 2910288000"," '""min'"": 1812109823"," '""label'"": '""Experienced'""}]""",2026-01-27 15:44:54.424881+00
565,Some preparation needed. Usually requires few months to 1 year of service experience.,Some preparation needed. Usually requires few months to 1 year of service experience.,High school diploma required. Certificate or license often required.,High school diploma required. Certificate or license often required.,77071.00,179630.00,128350.00,USD,"[{""max"""": 112081.53"," '""min'"": 77071.0"," '""label'"": '""Entry Level'""}"," {'""max'"": 179630.0"," '""min'"": 112081.53"," """"label"""": """"Experienced""""}]""",1849704000.00,4311120000.00,3080400000.00,VND,"[{'max'"": 2689956741"," '""min'"": 1849704000"," '""label'"": '""Cấp mới vào nghề'""}"," {'""max'"": 4311120000"," '""min'"": 2689956741"," '""label'"": '""Experienced'""}]""",2026-01-27 15:44:54.424881+00
566,Some preparation needed. Usually requires few months to 1 year of service experience.,Some preparation needed. Usually requires few months to 1 year of service experience.,High school diploma required. Certificate or license often required.,High school diploma required. Certificate or license often required.,61800.00,139889.00,100844.00,USD,"[{""max"""": 81666.49"," '""min'"": 61800.0"," '""label'"": '""Entry Level'""}"," {'""max'"": 139889.0"," '""min'"": 81666.49"," """"label"""": """"Experienced""""}]""",1483200000.00,3357336000.00,2420256000.00,VND,"[{'max'"": 1959995662"," '""min'"": 1483200000"," '""label'"": '""Cấp mới vào nghề'""}"," {'""max'"": 3357336000"," '""min'"": 1959995662"," '""label'"": '""Experienced'""}]""",2026-01-27 15:44:54.424881+00
567,Some preparation needed. Usually requires few months to 1 year of service experience.,Some preparation needed. Usually requires few months to 1 year of service experience.,High school diploma required. Certificate or license often required.,High school diploma required. Certificate or license often required.,43016.00,167577.00,105296.00,USD,"[{""max"""": 77538.49"," '""min'"": 43016.0"," '""label'"": '""Entry Level'""}"," {'""max'"": 167577.0"," '""min'"": 77538.49"," """"label"""": """"Experienced""""}]""",1032384000.00,4021848000.00,2527104000.00,VND,"[{'max'"": 1860923775"," '""min'"": 1032384000"," '""label'"": '""Cấp mới vào nghề'""}"," {'""max'"": 4021848000"," '""min'"": 1860923775"," '""label'"": '""Experienced'""}]""",2026-01-27 15:44:54.424881+00
568,Some preparation needed. Usually requires few months to 1 year of service experience.,Some preparation needed. Usually requires few months to 1 year of service experience.,High school diploma required. Certificate or license often required.,High school diploma required. Certificate or license often required.,53935.00,156833.00,105384.00,USD,"[{""max"""": 82858.57"," '""min'"": 53935.0"," '""label'"": '""Entry Level'""}"," {'""max'"": 156833.0"," '""min'"": 82858.57"," """"label"""": """"Experienced""""}]""",1294440000.00,3763992000.00,2529216000.00,VND,"[{'max'"": 1988605589"," '""min'"": 1294440000"," '""label'"": '""Cấp mới vào nghề'""}"," {'""max'"": 3763992000"," '""min'"": 1988605589"," '""label'"": '""Experienced'""}]""",2026-01-27 15:44:54.424881+00
569,Some preparation needed. Usually requires few months to 1 year of service experience.,Some preparation needed. Usually requires few months to 1 year of service experience.,High school diploma required. Certificate or license often required.,High school diploma required. Certificate or license often required.,44815.00,175591.00,110203.00,USD,"[{""max"""": 89623.79"," '""min'"": 44815.0"," '""label'"": '""Entry Level'""}"," {'""max'"": 175591.0"," '""min'"": 89623.79"," """"label"""": """"Experienced""""}]""",1075560000.00,4214184000.00,2644872000.00,VND,"[{'max'"": 2150970913"," '""min'"": 1075560000"," '""label'"": '""Cấp mới vào nghề'""}"," {'""max'"": 4214184000"," '""min'"": 2150970913"," '""label'"": '""Experienced'""}]""",2026-01-27 15:44:54.424881+00
570,Some preparation needed. Usually requires few months to 1 year of service experience.,Some preparation needed. Usually requires few months to 1 year of service experience.,High school diploma required. Certificate or license often required.,High school diploma required. Certificate or license often required.,41525.00,177291.00,109408.00,USD,"[{""max"""": 83694.07"," '""min'"": 41525.0"," '""label'"": '""Entry Level'""}"," {'""max'"": 177291.0"," '""min'"": 83694.07"," """"label"""": """"Experienced""""}]""",996600000.00,4254984000.00,2625792000.00,VND,"[{'max'"": 2008657780"," '""min'"": 996600000"," '""label'"": '""Cấp mới vào nghề'""}"," {'""max'"": 4254984000"," '""min'"": 2008657780"," '""label'"": '""Experienced'""}]""",2026-01-27 15:44:54.424881+00
571,Some preparation needed. Usually requires few months to 1 year of service experience.,Some preparation needed. Usually requires few months to 1 year of service experience.,High school diploma required. Certificate or license often required.,High school diploma required. Certificate or license often required.,64211.00,165699.00,114955.00,USD,"[{""max"""": 93109.38"," '""min'"": 64211.0"," '""label'"": '""Entry Level'""}"," {'""max'"": 165699.0"," '""min'"": 93109.38"," """"label"""": """"Experienced""""}]""",1541064000.00,3976776000.00,2758920000.00,VND,"[{'max'"": 2234625197"," '""min'"": 1541064000"," '""label'"": '""Cấp mới vào nghề'""}"," {'""max'"": 3976776000"," '""min'"": 2234625197"," '""label'"": '""Experienced'""}]""",2026-01-27 15:44:54.424881+00
572,Some preparation needed. Usually requires few months to 1 year of service experience.,Some preparation needed. Usually requires few months to 1 year of service experience.,High school diploma required. Certificate or license often required.,High school diploma required. Certificate or license often required.,47481.00,138739.00,93110.00,USD,"[{""max"""": 79177.23"," '""min'"": 47481.0"," '""label'"": '""Entry Level'""}"," {'""max'"": 138739.0"," '""min'"": 79177.23"," """"label"""": """"Experienced""""}]""",1139544000.00,3329736000.00,2234640000.00,VND,"[{'max'"": 1900253493"," '""min'"": 1139544000"," '""label'"": '""Cấp mới vào nghề'""}"," {'""max'"": 3329736000"," '""min'"": 1900253493"," '""label'"": '""Experienced'""}]""",2026-01-27 15:44:54.424881+00
573,Some preparation needed. Usually requires few months to 1 year of service experience.,Some preparation needed. Usually requires few months to 1 year of service experience.,High school diploma required. Certificate or license often required.,High school diploma required. Certificate or license often required.,71465.00,146197.00,108831.00,USD,"[{""max"""": 91987.42"," '""min'"": 71465.0"," '""label'"": '""Entry Level'""}"," {'""max'"": 146197.0"," '""min'"": 91987.42"," """"label"""": """"Experienced""""}]""",1715160000.00,3508728000.00,2611944000.00,VND,"[{'max'"": 2207698052"," '""min'"": 1715160000"," '""label'"": '""Cấp mới vào nghề'""}"," {'""max'"": 3508728000"," '""min'"": 2207698052"," '""label'"": '""Experienced'""}]""",2026-01-27 15:44:54.424881+00
574,Some preparation needed. Usually requires few months to 1 year of service experience.,Some preparation needed. Usually requires few months to 1 year of service experience.,High school diploma required. Certificate or license often required.,High school diploma required. Certificate or license often required.,72083.00,161240.00,116661.00,USD,"[{""max"""": 100344.77"," '""min'"": 72083.0"," '""label'"": '""Entry Level'""}"," {'""max'"": 161240.0"," '""min'"": 100344.77"," """"label"""": """"Experienced""""}]""",1729992000.00,3869760000.00,2799864000.00,VND,"[{'max'"": 2408274599"," '""min'"": 1729992000"," '""label'"": '""Cấp mới vào nghề'""}"," {'""max'"": 3869760000"," '""min'"": 2408274599"," '""label'"": '""Experienced'""}]""",2026-01-27 15:44:54.424881+00
575,Some preparation needed. Usually requires few months to 1 year of service experience.,Some preparation needed. Usually requires few months to 1 year of service experience.,High school diploma required. Certificate or license often required.,High school diploma required. Certificate or license often required.,63995.00,114908.00,89451.00,USD,"[{""max"""": 77061.9"," '""min'"": 63995.0"," '""label'"": '""Entry Level'""}"," {'""max'"": 114908.0"," '""min'"": 77061.9"," """"label"""": """"Experienced""""}]""",1535880000.00,2757792000.00,2146824000.00,VND,"[{'max'"": 1849485635"," '""min'"": 1535880000"," '""label'"": '""Cấp mới vào nghề'""}"," {'""max'"": 2757792000"," '""min'"": 1849485635"," '""label'"": '""Experienced'""}]""",2026-01-27 15:44:54.424881+00
576,Some preparation needed. Usually requires few months to 1 year of service experience.,Some preparation needed. Usually requires few months to 1 year of service experience.,High school diploma required. Certificate or license often required.,High school diploma required. Certificate or license often required.,76834.00,141574.00,109204.00,USD,"[{""max"""": 93328.99"," '""min'"": 76834.0"," '""label'"": '""Entry Level'""}"," {'""max'"": 141574.0"," '""min'"": 93328.99"," """"label"""": """"Experienced""""}]""",1844016000.00,3397776000.00,2620896000.00,VND,"[{'max'"": 2239895737"," '""min'"": 1844016000"," '""label'"": '""Cấp mới vào nghề'""}"," {'""max'"": 3397776000"," '""min'"": 2239895737"," '""label'"": '""Experienced'""}]""",2026-01-27 15:44:54.424881+00
577,Some preparation needed. Usually requires few months to 1 year of service experience.,Some preparation needed. Usually requires few months to 1 year of service experience.,High school diploma required. Certificate or license often required.,High school diploma required. Certificate or license often required.,57206.00,179865.00,118535.00,USD,"[{""max"""": 98732.09"," '""min'"": 57206.0"," '""label'"": '""Entry Level'""}"," {'""max'"": 179865.0"," '""min'"": 98732.09"," """"label"""": """"Experienced""""}]""",1372944000.00,4316760000.00,2844840000.00,VND,"[{'max'"": 2369570178"," '""min'"": 1372944000"," '""label'"": '""Cấp mới vào nghề'""}"," {'""max'"": 4316760000"," '""min'"": 2369570178"," '""label'"": '""Experienced'""}]""",2026-01-27 15:44:54.424881+00
578,Some preparation needed. Usually requires few months to 1 year of service experience.,Some preparation needed. Usually requires few months to 1 year of service experience.,High school diploma required. Certificate or license often required.,High school diploma required. Certificate or license often required.,75532.00,184099.00,129815.00,USD,"[{""max"""": 109480.12"," '""min'"": 75532.0"," '""label'"": '""Entry Level'""}"," {'""max'"": 184099.0"," '""min'"": 109480.12"," """"label"""": """"Experienced""""}]""",1812768000.00,4418376000.00,3115560000.00,VND,"[{'max'"": 2627522800"," '""min'"": 1812768000"," '""label'"": '""Cấp mới vào nghề'""}"," {'""max'"": 4418376000"," '""min'"": 2627522800"," '""label'"": '""Experienced'""}]""",2026-01-27 15:44:54.424881+00
579,Some preparation needed. Usually requires few months to 1 year of service experience.,Some preparation needed. Usually requires few months to 1 year of service experience.,High school diploma required. Certificate or license often required.,High school diploma required. Certificate or license often required.,52427.00,132092.00,92259.00,USD,"[{""max"""": 75763.39"," '""min'"": 52427.0"," '""label'"": '""Entry Level'""}"," {'""max'"": 132092.0"," '""min'"": 75763.39"," """"label"""": """"Experienced""""}]""",1258248000.00,3170208000.00,2214216000.00,VND,"[{'max'"": 1818321347"," '""min'"": 1258248000"," '""label'"": '""Cấp mới vào nghề'""}"," {'""max'"": 3170208000"," '""min'"": 1818321347"," '""label'"": '""Experienced'""}]""",2026-01-27 15:44:54.424881+00
580,Some preparation needed. Usually requires few months to 1 year of service experience.,Some preparation needed. Usually requires few months to 1 year of service experience.,High school diploma required. Certificate or license often required.,High school diploma required. Certificate or license often required.,48160.00,120549.00,84354.00,USD,"[{""max"""": 69606.54"," '""min'"": 48160.0"," '""label'"": '""Entry Level'""}"," {'""max'"": 120549.0"," '""min'"": 69606.54"," """"label"""": """"Experienced""""}]""",1155840000.00,2893176000.00,2024496000.00,VND,"[{'max'"": 1670556875"," '""min'"": 1155840000"," '""label'"": '""Cấp mới vào nghề'""}"," {'""max'"": 2893176000"," '""min'"": 1670556875"," '""label'"": '""Experienced'""}]""",2026-01-27 15:44:54.424881+00
581,Some preparation needed. Usually requires few months to 1 year of service experience.,Some preparation needed. Usually requires few months to 1 year of service experience.,High school diploma required. Certificate or license often required.,High school diploma required. Certificate or license often required.,69489.00,107680.00,88584.00,USD,"[{""max"""": 81363.12"," '""min'"": 69489.0"," '""label'"": '""Entry Level'""}"," {'""max'"": 107680.0"," '""min'"": 81363.12"," """"label"""": """"Experienced""""}]""",1667736000.00,2584320000.00,2126016000.00,VND,"[{'max'"": 1952714994"," '""min'"": 1667736000"," '""label'"": '""Cấp mới vào nghề'""}"," {'""max'"": 2584320000"," '""min'"": 1952714994"," '""label'"": '""Experienced'""}]""",2026-01-27 15:44:54.424881+00
582,Some preparation needed. Usually requires few months to 1 year of service experience.,Some preparation needed. Usually requires few months to 1 year of service experience.,High school diploma required. Certificate or license often required.,High school diploma required. Certificate or license often required.,70767.00,185808.00,128287.00,USD,"[{""max"""": 103357.04"," '""min'"": 70767.0"," '""label'"": '""Entry Level'""}"," {'""max'"": 185808.0"," '""min'"": 103357.04"," """"label"""": """"Experienced""""}]""",1698408000.00,4459392000.00,3078888000.00,VND,"[{'max'"": 2480568890"," '""min'"": 1698408000"," '""label'"": '""Cấp mới vào nghề'""}"," {'""max'"": 4459392000"," '""min'"": 2480568890"," '""label'"": '""Experienced'""}]""",2026-01-27 15:44:54.424881+00
583,Some preparation needed. Usually requires few months to 1 year of service experience.,Some preparation needed. Usually requires few months to 1 year of service experience.,High school diploma required. Certificate or license often required.,High school diploma required. Certificate or license often required.,69265.00,146139.00,107702.00,USD,"[{""max"""": 88862.58"," '""min'"": 69265.0"," '""label'"": '""Entry Level'""}"," {'""max'"": 146139.0"," '""min'"": 88862.58"," """"label"""": """"Experienced""""}]""",1662360000.00,3507336000.00,2584848000.00,VND,"[{'max'"": 2132701949"," '""min'"": 1662360000"," '""label'"": '""Cấp mới vào nghề'""}"," {'""max'"": 3507336000"," '""min'"": 2132701949"," '""label'"": '""Experienced'""}]""",2026-01-27 15:44:54.424881+00
584,Some preparation needed. Usually requires few months to 1 year of service experience.,Some preparation needed. Usually requires few months to 1 year of service experience.,High school diploma required. Certificate or license often required.,High school diploma required. Certificate or license often required.,77374.00,172580.00,124977.00,USD,"[{""max"""": 109410.97"," '""min'"": 77374.0"," '""label'"": '""Entry Level'""}"," {'""max'"": 172580.0"," '""min'"": 109410.97"," """"label"""": """"Experienced""""}]""",1856976000.00,4141920000.00,2999448000.00,VND,"[{'max'"": 2625863186"," '""min'"": 1856976000"," '""label'"": '""Cấp mới vào nghề'""}"," {'""max'"": 4141920000"," '""min'"": 2625863186"," '""label'"": '""Experienced'""}]""",2026-01-27 15:44:54.424881+00
585,Some preparation needed. Usually requires few months to 1 year of service experience.,Some preparation needed. Usually requires few months to 1 year of service experience.,High school diploma required. Certificate or license often required.,High school diploma required. Certificate or license often required.,54495.00,121814.00,88154.00,USD,"[{""max"""": 76958.93"," '""min'"": 54495.0"," '""label'"": '""Entry Level'""}"," {'""max'"": 121814.0"," '""min'"": 76958.93"," """"label"""": """"Experienced""""}]""",1307880000.00,2923536000.00,2115696000.00,VND,"[{'max'"": 1847014388"," '""min'"": 1307880000"," '""label'"": '""Cấp mới vào nghề'""}"," {'""max'"": 2923536000"," '""min'"": 1847014388"," '""label'"": '""Experienced'""}]""",2026-01-27 15:44:54.424881+00
586,Some preparation needed. Usually requires few months to 1 year of service experience.,Some preparation needed. Usually requires few months to 1 year of service experience.,High school diploma required. Certificate or license often required.,High school diploma required. Certificate or license often required.,45811.00,108757.00,77284.00,USD,"[{""max"""": 65974.9"," '""min'"": 45811.0"," '""label'"": '""Entry Level'""}"," {'""max'"": 108757.0"," '""min'"": 65974.9"," """"label"""": """"Experienced""""}]""",1099464000.00,2610168000.00,1854816000.00,VND,"[{'max'"": 1583397521"," '""min'"": 1099464000"," '""label'"": '""Cấp mới vào nghề'""}"," {'""max'"": 2610168000"," '""min'"": 1583397521"," '""label'"": '""Experienced'""}]""",2026-01-27 15:44:54.424881+00
587,Some preparation needed. Usually requires few months to 1 year of service experience.,Some preparation needed. Usually requires few months to 1 year of service experience.,High school diploma required. Certificate or license often required.,High school diploma required. Certificate or license often required.,55063.00,142922.00,98992.00,USD,"[{""max"""": 80447.54"," '""min'"": 55063.0"," '""label'"": '""Entry Level'""}"," {'""max'"": 142922.0"," '""min'"": 80447.54"," """"label"""": """"Experienced""""}]""",1321512000.00,3430128000.00,2375808000.00,VND,"[{'max'"": 1930740893"," '""min'"": 1321512000"," '""label'"": '""Cấp mới vào nghề'""}"," {'""max'"": 3430128000"," '""min'"": 1930740893"," '""label'"": '""Experienced'""}]""",2026-01-27 15:44:54.424881+00
588,Some preparation needed. Usually requires few months to 1 year of service experience.,Some preparation needed. Usually requires few months to 1 year of service experience.,High school diploma required. Certificate or license often required.,High school diploma required. Certificate or license often required.,60151.00,172759.00,116455.00,USD,"[{""max"""": 88564.04"," '""min'"": 60151.0"," '""label'"": '""Entry Level'""}"," {'""max'"": 172759.0"," '""min'"": 88564.04"," """"label"""": """"Experienced""""}]""",1443624000.00,4146216000.00,2794920000.00,VND,"[{'max'"": 2125536913"," '""min'"": 1443624000"," '""label'"": '""Cấp mới vào nghề'""}"," {'""max'"": 4146216000"," '""min'"": 2125536913"," '""label'"": '""Experienced'""}]""",2026-01-27 15:44:54.424881+00
589,Some preparation needed. Usually requires few months to 1 year of service experience.,Some preparation needed. Usually requires few months to 1 year of service experience.,High school diploma required. Certificate or license often required.,High school diploma required. Certificate or license often required.,55415.00,122883.00,89149.00,USD,"[{""max"""": 72341.87"," '""min'"": 55415.0"," '""label'"": '""Entry Level'""}"," {'""max'"": 122883.0"," '""min'"": 72341.87"," """"label"""": """"Experienced""""}]""",1329960000.00,2949192000.00,2139576000.00,VND,"[{'max'"": 1736204843"," '""min'"": 1329960000"," '""label'"": '""Cấp mới vào nghề'""}"," {'""max'"": 2949192000"," '""min'"": 1736204843"," '""label'"": '""Experienced'""}]""",2026-01-27 15:44:54.424881+00
590,Some preparation needed. Usually requires few months to 1 year of service experience.,Some preparation needed. Usually requires few months to 1 year of service experience.,High school diploma required. Certificate or license often required.,High school diploma required. Certificate or license often required.,70754.00,139419.00,105086.00,USD,"[{""max"""": 90437.69"," '""min'"": 70754.0"," '""label'"": '""Entry Level'""}"," {'""max'"": 139419.0"," '""min'"": 90437.69"," """"label"""": """"Experienced""""}]""",1698096000.00,3346056000.00,2522064000.00,VND,"[{'max'"": 2170504486"," '""min'"": 1698096000"," '""label'"": '""Cấp mới vào nghề'""}"," {'""max'"": 3346056000"," '""min'"": 2170504486"," '""label'"": '""Experienced'""}]""",2026-01-27 15:44:54.424881+00
591,Some preparation needed. Usually requires few months to 1 year of sales experience.,Some preparation needed. Usually requires few months to 1 year of sales experience.,High school diploma required. Associate degree or specialized training preferred.,High school diploma required. Associate degree or specialized training preferred.,73110.00,106809.00,89959.00,USD,"[{""max"""": 83507.69"," '""min'"": 73110.0"," '""label'"": '""Entry Level'""}"," {'""max'"": 96049.0"," '""min'"": 83507.69"," """"label"""": """"Mid Level""""}"," {'""max'"": 106809.0"," '""min'"": 96049.0"," '""label'"": '""Senior Level'""}]""",1754640000.00,2563416000.00,2159016000.00,VND,"[{'max'"": 2004184467"," '""min'"": 1754640000"," '""label'"": '""Cấp mới vào nghề'""}"," {'""max'"": 2305175941"," '""min'"": 2004184467"," '""label'"": '""Cấp trung cấp'""}"," {'""max'"": 2563416000"," '""min'"": 2305175941"," '""label'"": '""Cấp cao cấp'""}]""",2026-01-27 15:44:54.424881+00
592,Some preparation needed. Usually requires few months to 1 year of sales experience.,Some preparation needed. Usually requires few months to 1 year of sales experience.,High school diploma required. Associate degree or specialized training preferred.,High school diploma required. Associate degree or specialized training preferred.,49014.00,170245.00,109629.00,USD,"[{""max"""": 82484.88"," '""min'"": 49014.0"," '""label'"": '""Entry Level'""}"," {'""max'"": 132583.12"," '""min'"": 82484.88"," """"label"""": """"Mid Level""""}"," {'""max'"": 170245.0"," '""min'"": 132583.12"," '""label'"": '""Senior Level'""}]""",1176336000.00,4085880000.00,2631096000.00,VND,"[{'max'"": 1979637105"," '""min'"": 1176336000"," '""label'"": '""Cấp mới vào nghề'""}"," {'""max'"": 3181994835"," '""min'"": 1979637105"," '""label'"": '""Cấp trung cấp'""}"," {'""max'"": 4085880000"," '""min'"": 3181994835"," '""label'"": '""Cấp cao cấp'""}]""",2026-01-27 15:44:54.424881+00
593,Some preparation needed. Usually requires few months to 1 year of sales experience.,Some preparation needed. Usually requires few months to 1 year of sales experience.,High school diploma required. Associate degree or specialized training preferred.,High school diploma required. Associate degree or specialized training preferred.,45837.00,126775.00,86306.00,USD,"[{""max"""": 72966.5"," '""min'"": 45837.0"," '""label'"": '""Entry Level'""}"," {'""max'"": 100699.11"," '""min'"": 72966.5"," """"label"""": """"Mid Level""""}"," {'""max'"": 126775.0"," '""min'"": 100699.11"," '""label'"": '""Senior Level'""}]""",1100088000.00,3042600000.00,2071344000.00,VND,"[{'max'"": 1751195919"," '""min'"": 1100088000"," '""label'"": '""Cấp mới vào nghề'""}"," {'""max'"": 2416778710"," '""min'"": 1751195919"," '""label'"": '""Cấp trung cấp'""}"," {'""max'"": 3042600000"," '""min'"": 2416778710"," '""label'"": '""Cấp cao cấp'""}]""",2026-01-27 15:44:54.424881+00
594,Some preparation needed. Usually requires few months to 1 year of sales experience.,Some preparation needed. Usually requires few months to 1 year of sales experience.,High school diploma required. Associate degree or specialized training preferred.,High school diploma required. Associate degree or specialized training preferred.,78526.00,161547.00,120036.00,USD,"[{""max"""": 103301.92"," '""min'"": 78526.0"," '""label'"": '""Entry Level'""}"," {'""max'"": 138589.65"," '""min'"": 103301.92"," """"label"""": """"Mid Level""""}"," {'""max'"": 161547.0"," '""min'"": 138589.65"," '""label'"": '""Senior Level'""}]""",1884624000.00,3877128000.00,2880864000.00,VND,"[{'max'"": 2479246033"," '""min'"": 1884624000"," '""label'"": '""Cấp mới vào nghề'""}"," {'""max'"": 3326151571"," '""min'"": 2479246033"," '""label'"": '""Cấp trung cấp'""}"," {'""max'"": 3877128000"," '""min'"": 3326151571"," '""label'"": '""Cấp cao cấp'""}]""",2026-01-27 15:44:54.424881+00
595,Some preparation needed. Usually requires few months to 1 year of sales experience.,Some preparation needed. Usually requires few months to 1 year of sales experience.,High school diploma required. Associate degree or specialized training preferred.,High school diploma required. Associate degree or specialized training preferred.,79249.00,182607.00,130928.00,USD,"[{""max"""": 108419.52"," '""min'"": 79249.0"," '""label'"": '""Entry Level'""}"," {'""max'"": 156574.37"," '""min'"": 108419.52"," """"label"""": """"Mid Level""""}"," {'""max'"": 182607.0"," '""min'"": 156574.37"," '""label'"": '""Senior Level'""}]""",1901976000.00,4382568000.00,3142272000.00,VND,"[{'max'"": 2602068522"," '""min'"": 1901976000"," '""label'"": '""Cấp mới vào nghề'""}"," {'""max'"": 3757784913"," '""min'"": 2602068522"," '""label'"": '""Cấp trung cấp'""}"," {'""max'"": 4382568000"," '""min'"": 3757784913"," '""label'"": '""Cấp cao cấp'""}]""",2026-01-27 15:44:54.424881+00
596,Some preparation needed. Usually requires few months to 1 year of sales experience.,Some preparation needed. Usually requires few months to 1 year of sales experience.,High school diploma required. Associate degree or specialized training preferred.,High school diploma required. Associate degree or specialized training preferred.,56503.00,193899.00,125201.00,USD,"[{""max"""": 101752.33"," '""min'"": 56503.0"," '""label'"": '""Entry Level'""}"," {'""max'"": 149266.82"," '""min'"": 101752.33"," """"label"""": """"Mid Level""""}"," {'""max'"": 193899.0"," '""min'"": 149266.82"," '""label'"": '""Senior Level'""}]""",1356072000.00,4653576000.00,3004824000.00,VND,"[{'max'"": 2442056002"," '""min'"": 1356072000"," '""label'"": '""Cấp mới vào nghề'""}"," {'""max'"": 3582403651"," '""min'"": 2442056002"," '""label'"": '""Cấp trung cấp'""}"," {'""max'"": 4653576000"," '""min'"": 3582403651"," '""label'"": '""Cấp cao cấp'""}]""",2026-01-27 15:44:54.424881+00
597,Some preparation needed. Usually requires few months to 1 year of sales experience.,Some preparation needed. Usually requires few months to 1 year of sales experience.,High school diploma required. Associate degree or specialized training preferred.,High school diploma required. Associate degree or specialized training preferred.,59135.00,109969.00,84552.00,USD,"[{""max"""": 74797.74"," '""min'"": 59135.0"," '""label'"": '""Entry Level'""}"," {'""max'"": 94058.07"," '""min'"": 74797.74"," """"label"""": """"Mid Level""""}"," {'""max'"": 109969.0"," '""min'"": 94058.07"," '""label'"": '""Senior Level'""}]""",1419240000.00,2639256000.00,2029248000.00,VND,"[{'max'"": 1795145690"," '""min'"": 1419240000"," '""label'"": '""Cấp mới vào nghề'""}"," {'""max'"": 2257393677"," '""min'"": 1795145690"," '""label'"": '""Cấp trung cấp'""}"," {'""max'"": 2639256000"," '""min'"": 2257393677"," '""label'"": '""Cấp cao cấp'""}]""",2026-01-27 15:44:54.424881+00
598,Some preparation needed. Usually requires few months to 1 year of sales experience.,Some preparation needed. Usually requires few months to 1 year of sales experience.,High school diploma required. Associate degree or specialized training preferred.,High school diploma required. Associate degree or specialized training preferred.,67422.00,110111.00,88766.00,USD,"[{""max"""": 80928.87"," '""min'"": 67422.0"," '""label'"": '""Entry Level'""}"," {'""max'"": 98253.28"," '""min'"": 80928.87"," """"label"""": """"Mid Level""""}"," {'""max'"": 110111.0"," '""min'"": 98253.28"," '""label'"": '""Senior Level'""}]""",1618128000.00,2642664000.00,2130384000.00,VND,"[{'max'"": 1942292885"," '""min'"": 1618128000"," '""label'"": '""Cấp mới vào nghề'""}"," {'""max'"": 2358078673"," '""min'"": 1942292885"," '""label'"": '""Cấp trung cấp'""}"," {'""max'"": 2642664000"," '""min'"": 2358078673"," '""label'"": '""Cấp cao cấp'""}]""",2026-01-27 15:44:54.424881+00
599,Some preparation needed. Usually requires few months to 1 year of sales experience.,Some preparation needed. Usually requires few months to 1 year of sales experience.,High school diploma required. Associate degree or specialized training preferred.,High school diploma required. Associate degree or specialized training preferred.,48111.00,125385.00,86748.00,USD,"[{""max"""": 70787.8"," '""min'"": 48111.0"," '""label'"": '""Entry Level'""}"," {'""max'"": 99498.61"," '""min'"": 70787.8"," """"label"""": """"Mid Level""""}"," {'""max'"": 125385.0"," '""min'"": 99498.61"," '""label'"": '""Senior Level'""}]""",1154664000.00,3009240000.00,2081952000.00,VND,"[{'max'"": 1698907247"," '""min'"": 1154664000"," '""label'"": '""Cấp mới vào nghề'""}"," {'""max'"": 2387966634"," '""min'"": 1698907247"," '""label'"": '""Cấp trung cấp'""}"," {'""max'"": 3009240000"," '""min'"": 2387966634"," '""label'"": '""Cấp cao cấp'""}]""",2026-01-27 15:44:54.424881+00
600,Some preparation needed. Usually requires few months to 1 year of sales experience.,Some preparation needed. Usually requires few months to 1 year of sales experience.,High school diploma required. Associate degree or specialized training preferred.,High school diploma required. Associate degree or specialized training preferred.,63586.00,111739.00,87662.00,USD,"[{""max"""": 78184.18"," '""min'"": 63586.0"," '""label'"": '""Entry Level'""}"," {'""max'"": 98836.22"," '""min'"": 78184.18"," """"label"""": """"Mid Level""""}"," {'""max'"": 111739.0"," '""min'"": 98836.22"," '""label'"": '""Senior Level'""}]""",1526064000.00,2681736000.00,2103888000.00,VND,"[{'max'"": 1876420421"," '""min'"": 1526064000"," '""label'"": '""Cấp mới vào nghề'""}"," {'""max'"": 2372069376"," '""min'"": 1876420421"," '""label'"": '""Cấp trung cấp'""}"," {'""max'"": 2681736000"," '""min'"": 2372069376"," '""label'"": '""Cấp cao cấp'""}]""",2026-01-27 15:44:54.424881+00
601,Some preparation needed. Usually requires few months to 1 year of sales experience.,Some preparation needed. Usually requires few months to 1 year of sales experience.,High school diploma required. Associate degree or specialized training preferred.,High school diploma required. Associate degree or specialized training preferred.,64369.00,165930.00,115149.00,USD,"[{""max"""": 91953.97"," '""min'"": 64369.0"," '""label'"": '""Entry Level'""}"," {'""max'"": 136185.03"," '""min'"": 91953.97"," """"label"""": """"Mid Level""""}"," {'""max'"": 165930.0"," '""min'"": 136185.03"," '""label'"": '""Senior Level'""}]""",1544856000.00,3982320000.00,2763576000.00,VND,"[{'max'"": 2206895337"," '""min'"": 1544856000"," '""label'"": '""Cấp mới vào nghề'""}"," {'""max'"": 3268440768"," '""min'"": 2206895337"," '""label'"": '""Cấp trung cấp'""}"," {'""max'"": 3982320000"," '""min'"": 3268440768"," '""label'"": '""Cấp cao cấp'""}]""",2026-01-27 15:44:54.424881+00
602,Some preparation needed. Usually requires few months to 1 year of sales experience.,Some preparation needed. Usually requires few months to 1 year of sales experience.,High school diploma required. Associate degree or specialized training preferred.,High school diploma required. Associate degree or specialized training preferred.,61334.00,161095.00,111214.00,USD,"[{""max"""": 87598.08"," '""min'"": 61334.0"," '""label'"": '""Entry Level'""}"," {'""max'"": 136116.21"," '""min'"": 87598.08"," """"label"""": """"Mid Level""""}"," {'""max'"": 161095.0"," '""min'"": 136116.21"," '""label'"": '""Senior Level'""}]""",1472016000.00,3866280000.00,2669136000.00,VND,"[{'max'"": 2102353808"," '""min'"": 1472016000"," '""label'"": '""Cấp mới vào nghề'""}"," {'""max'"": 3266788988"," '""min'"": 2102353808"," '""label'"": '""Cấp trung cấp'""}"," {'""max'"": 3866280000"," '""min'"": 3266788988"," '""label'"": '""Cấp cao cấp'""}]""",2026-01-27 15:44:54.424881+00
603,Some preparation needed. Usually requires few months to 1 year of sales experience.,Some preparation needed. Usually requires few months to 1 year of sales experience.,High school diploma required. Associate degree or specialized training preferred.,High school diploma required. Associate degree or specialized training preferred.,69195.00,164267.00,116731.00,USD,"[{""max"""": 95166.57"," '""min'"": 69195.0"," '""label'"": '""Entry Level'""}"," {'""max'"": 136550.28"," '""min'"": 95166.57"," """"label"""": """"Mid Level""""}"," {'""max'"": 164267.0"," '""min'"": 136550.28"," '""label'"": '""Senior Level'""}]""",1660680000.00,3942408000.00,2801544000.00,VND,"[{'max'"": 2283997616"," '""min'"": 1660680000"," '""label'"": '""Cấp mới vào nghề'""}"," {'""max'"": 3277206677"," '""min'"": 2283997616"," '""label'"": '""Cấp trung cấp'""}"," {'""max'"": 3942408000"," '""min'"": 3277206677"," '""label'"": '""Cấp cao cấp'""}]""",2026-01-27 15:44:54.424881+00
604,Some preparation needed. Usually requires few months to 1 year of sales experience.,Some preparation needed. Usually requires few months to 1 year of sales experience.,High school diploma required. Associate degree or specialized training preferred.,High school diploma required. Associate degree or specialized training preferred.,57707.00,147950.00,102828.00,USD,"[{""max"""": 83527.26"," '""min'"": 57707.0"," '""label'"": '""Entry Level'""}"," {'""max'"": 121524.43"," '""min'"": 83527.26"," """"label"""": """"Mid Level""""}"," {'""max'"": 147950.0"," '""min'"": 121524.43"," '""label'"": '""Senior Level'""}]""",1384968000.00,3550800000.00,2467872000.00,VND,"[{'max'"": 2004654290"," '""min'"": 1384968000"," '""label'"": '""Cấp mới vào nghề'""}"," {'""max'"": 2916586295"," '""min'"": 2004654290"," '""label'"": '""Cấp trung cấp'""}"," {'""max'"": 3550800000"," '""min'"": 2916586295"," '""label'"": '""Cấp cao cấp'""}]""",2026-01-27 15:44:54.424881+00
605,Some preparation needed. Usually requires few months to 1 year of sales experience.,Some preparation needed. Usually requires few months to 1 year of sales experience.,High school diploma required. Associate degree or specialized training preferred.,High school diploma required. Associate degree or specialized training preferred.,70560.00,121284.00,95922.00,USD,"[{""max"""": 86450.59"," '""min'"": 70560.0"," '""label'"": '""Entry Level'""}"," {'""max'"": 105536.33"," '""min'"": 86450.59"," """"label"""": """"Mid Level""""}"," {'""max'"": 121284.0"," '""min'"": 105536.33"," '""label'"": '""Senior Level'""}]""",1693440000.00,2910816000.00,2302128000.00,VND,"[{'max'"": 2074814057"," '""min'"": 1693440000"," '""label'"": '""Cấp mới vào nghề'""}"," {'""max'"": 2532871927"," '""min'"": 2074814057"," '""label'"": '""Cấp trung cấp'""}"," {'""max'"": 2910816000"," '""min'"": 2532871927"," '""label'"": '""Cấp cao cấp'""}]""",2026-01-27 15:44:54.424881+00
606,Some preparation needed. Usually requires few months to 1 year of sales experience.,Some preparation needed. Usually requires few months to 1 year of sales experience.,High school diploma required. Associate degree or specialized training preferred.,High school diploma required. Associate degree or specialized training preferred.,62224.00,150517.00,106370.00,USD,"[{""max"""": 89535.43"," '""min'"": 62224.0"," '""label'"": '""Entry Level'""}"," {'""max'"": 119844.88"," '""min'"": 89535.43"," """"label"""": """"Mid Level""""}"," {'""max'"": 150517.0"," '""min'"": 119844.88"," '""label'"": '""Senior Level'""}]""",1493376000.00,3612408000.00,2552880000.00,VND,"[{'max'"": 2148850285"," '""min'"": 1493376000"," '""label'"": '""Cấp mới vào nghề'""}"," {'""max'"": 2876277122"," '""min'"": 2148850285"," '""label'"": '""Cấp trung cấp'""}"," {'""max'"": 3612408000"," '""min'"": 2876277122"," '""label'"": '""Cấp cao cấp'""}]""",2026-01-27 15:44:54.424881+00
607,Some preparation needed. Usually requires few months to 1 year of sales experience.,Some preparation needed. Usually requires few months to 1 year of sales experience.,High school diploma required. Associate degree or specialized training preferred.,High school diploma required. Associate degree or specialized training preferred.,67853.00,122746.00,95299.00,USD,"[{""max"""": 82921.26"," '""min'"": 67853.0"," '""label'"": '""Entry Level'""}"," {'""max'"": 107622.52"," '""min'"": 82921.26"," """"label"""": """"Mid Level""""}"," {'""max'"": 122746.0"," '""min'"": 107622.52"," '""label'"": '""Senior Level'""}]""",1628472000.00,2945904000.00,2287176000.00,VND,"[{'max'"": 1990110258"," '""min'"": 1628472000"," '""label'"": '""Cấp mới vào nghề'""}"," {'""max'"": 2582940454"," '""min'"": 1990110258"," '""label'"": '""Cấp trung cấp'""}"," {'""max'"": 2945904000"," '""min'"": 2582940454"," '""label'"": '""Cấp cao cấp'""}]""",2026-01-27 15:44:54.424881+00
608,Some preparation needed. Usually requires few months to 1 year of sales experience.,Some preparation needed. Usually requires few months to 1 year of sales experience.,High school diploma required. Associate degree or specialized training preferred.,High school diploma required. Associate degree or specialized training preferred.,65090.00,130873.00,97981.00,USD,"[{""max"""": 87743.52"," '""min'"": 65090.0"," '""label'"": '""Entry Level'""}"," {'""max'"": 108338.46"," '""min'"": 87743.52"," """"label"""": """"Mid Level""""}"," {'""max'"": 130873.0"," '""min'"": 108338.46"," '""label'"": '""Senior Level'""}]""",1562160000.00,3140952000.00,2351544000.00,VND,"[{'max'"": 2105844365"," '""min'"": 1562160000"," '""label'"": '""Cấp mới vào nghề'""}"," {'""max'"": 2600122935"," '""min'"": 2105844365"," '""label'"": '""Cấp trung cấp'""}"," {'""max'"": 3140952000"," '""min'"": 2600122935"," '""label'"": '""Cấp cao cấp'""}]""",2026-01-27 15:44:54.424881+00
609,Some preparation needed. Usually requires few months to 1 year of sales experience.,Some preparation needed. Usually requires few months to 1 year of sales experience.,High school diploma required. Associate degree or specialized training preferred.,High school diploma required. Associate degree or specialized training preferred.,53994.00,100969.00,77481.00,USD,"[{""max"""": 67568.56"," '""min'"": 53994.0"," '""label'"": '""Entry Level'""}"," {'""max'"": 87320.83"," '""min'"": 67568.56"," """"label"""": """"Mid Level""""}"," {'""max'"": 100969.0"," '""min'"": 87320.83"," '""label'"": '""Senior Level'""}]""",1295856000.00,2423256000.00,1859544000.00,VND,"[{'max'"": 1621645464"," '""min'"": 1295856000"," '""label'"": '""Cấp mới vào nghề'""}"," {'""max'"": 2095699813"," '""min'"": 1621645464"," '""label'"": '""Cấp trung cấp'""}"," {'""max'"": 2423256000"," '""min'"": 2095699813"," '""label'"": '""Cấp cao cấp'""}]""",2026-01-27 15:44:54.424881+00
610,Some preparation needed. Usually requires few months to 1 year of sales experience.,Some preparation needed. Usually requires few months to 1 year of sales experience.,High school diploma required. Associate degree or specialized training preferred.,High school diploma required. Associate degree or specialized training preferred.,68345.00,149218.00,108781.00,USD,"[{""max"""": 92326.89"," '""min'"": 68345.0"," '""label'"": '""Entry Level'""}"," {'""max'"": 125183.61"," '""min'"": 92326.89"," """"label"""": """"Mid Level""""}"," {'""max'"": 149218.0"," '""min'"": 125183.61"," '""label'"": '""Senior Level'""}]""",1640280000.00,3581232000.00,2610744000.00,VND,"[{'max'"": 2215845292"," '""min'"": 1640280000"," '""label'"": '""Cấp mới vào nghề'""}"," {'""max'"": 3004406622"," '""min'"": 2215845292"," '""label'"": '""Cấp trung cấp'""}"," {'""max'"": 3581232000"," '""min'"": 3004406622"," '""label'"": '""Cấp cao cấp'""}]""",2026-01-27 15:44:54.424881+00
611,Some preparation needed. Usually requires few months to 1 year of sales experience.,Some preparation needed. Usually requires few months to 1 year of sales experience.,High school diploma required. Associate degree or specialized training preferred.,High school diploma required. Associate degree or specialized training preferred.,50585.00,101368.00,75976.00,USD,"[{""max"""": 68058.15"," '""min'"": 50585.0"," '""label'"": '""Entry Level'""}"," {'""max'"": 87278.13"," '""min'"": 68058.15"," """"label"""": """"Mid Level""""}"," {'""max'"": 101368.0"," '""min'"": 87278.13"," '""label'"": '""Senior Level'""}]""",1214040000.00,2432832000.00,1823424000.00,VND,"[{'max'"": 1633395632"," '""min'"": 1214040000"," '""label'"": '""Cấp mới vào nghề'""}"," {'""max'"": 2094675048"," '""min'"": 1633395632"," '""label'"": '""Cấp trung cấp'""}"," {'""max'"": 2432832000"," '""min'"": 2094675048"," '""label'"": '""Cấp cao cấp'""}]""",2026-01-27 15:44:54.424881+00
612,Some preparation needed. Usually requires few months to 1 year of sales experience.,Some preparation needed. Usually requires few months to 1 year of sales experience.,High school diploma required. Associate degree or specialized training preferred.,High school diploma required. Associate degree or specialized training preferred.,41593.00,164246.00,102919.00,USD,"[{""max"""": 75163.97"," '""min'"": 41593.0"," '""label'"": '""Entry Level'""}"," {'""max'"": 130400.6"," '""min'"": 75163.97"," """"label"""": """"Mid Level""""}"," {'""max'"": 164246.0"," '""min'"": 130400.6"," '""label'"": '""Senior Level'""}]""",998232000.00,3941904000.00,2470056000.00,VND,"[{'max'"": 1803935337"," '""min'"": 998232000"," '""label'"": '""Cấp mới vào nghề'""}"," {'""max'"": 3129614406"," '""min'"": 1803935337"," '""label'"": '""Cấp trung cấp'""}"," {'""max'"": 3941904000"," '""min'"": 3129614406"," '""label'"": '""Cấp cao cấp'""}]""",2026-01-27 15:44:54.424881+00
613,Some preparation needed. Usually requires few months to 1 year of sales experience.,Some preparation needed. Usually requires few months to 1 year of sales experience.,High school diploma required. Associate degree or specialized training preferred.,High school diploma required. Associate degree or specialized training preferred.,65499.00,151396.00,108447.00,USD,"[{""max"""": 95469.34"," '""min'"": 65499.0"," '""label'"": '""Entry Level'""}"," {'""max'"": 122573.05"," '""min'"": 95469.34"," """"label"""": """"Mid Level""""}"," {'""max'"": 151396.0"," '""min'"": 122573.05"," '""label'"": '""Senior Level'""}]""",1571976000.00,3633504000.00,2602728000.00,VND,"[{'max'"": 2291264130"," '""min'"": 1571976000"," '""label'"": '""Cấp mới vào nghề'""}"," {'""max'"": 2941753230"," '""min'"": 2291264130"," '""label'"": '""Cấp trung cấp'""}"," {'""max'"": 3633504000"," '""min'"": 2941753230"," '""label'"": '""Cấp cao cấp'""}]""",2026-01-27 15:44:54.424881+00
614,Some preparation needed. Usually requires few months to 1 year of office experience.,Some preparation needed. Usually requires few months to 1 year of office experience.,High school diploma required. Associate degree or certificate preferred.,High school diploma required. Associate degree or certificate preferred.,63100.00,172531.00,117815.00,USD,"[{""max"""": 99372.55"," '""min'"": 63100.0"," '""label'"": '""Entry Level'""}"," {'""max'"": 145140.23"," '""min'"": 99372.55"," """"label"""": """"Mid Level""""}"," {'""max'"": 172531.0"," '""min'"": 145140.23"," '""label'"": '""Senior Level'""}]""",1514400000.00,4140744000.00,2827560000.00,VND,"[{'max'"": 2384941189"," '""min'"": 1514400000"," '""label'"": '""Cấp mới vào nghề'""}"," {'""max'"": 3483365613"," '""min'"": 2384941189"," '""label'"": '""Cấp trung cấp'""}"," {'""max'"": 4140744000"," '""min'"": 3483365613"," '""label'"": '""Cấp cao cấp'""}]""",2026-01-27 15:44:54.424881+00
615,Some preparation needed. Usually requires few months to 1 year of office experience.,Some preparation needed. Usually requires few months to 1 year of office experience.,High school diploma required. Associate degree or certificate preferred.,High school diploma required. Associate degree or certificate preferred.,75590.00,185904.00,130747.00,USD,"[{""max"""": 111317.54"," '""min'"": 75590.0"," '""label'"": '""Entry Level'""}"," {'""max'"": 148409.89"," '""min'"": 111317.54"," """"label"""": """"Mid Level""""}"," {'""max'"": 185904.0"," '""min'"": 148409.89"," '""label'"": '""Senior Level'""}]""",1814160000.00,4461696000.00,3137928000.00,VND,"[{'max'"": 2671620909"," '""min'"": 1814160000"," '""label'"": '""Cấp mới vào nghề'""}"," {'""max'"": 3561837381"," '""min'"": 2671620909"," '""label'"": '""Cấp trung cấp'""}"," {'""max'"": 4461696000"," '""min'"": 3561837381"," '""label'"": '""Cấp cao cấp'""}]""",2026-01-27 15:44:54.424881+00
616,Some preparation needed. Usually requires few months to 1 year of office experience.,Some preparation needed. Usually requires few months to 1 year of office experience.,High school diploma required. Associate degree or certificate preferred.,High school diploma required. Associate degree or certificate preferred.,78679.00,157843.00,118261.00,USD,"[{""max"""": 102699.33"," '""min'"": 78679.0"," '""label'"": '""Entry Level'""}"," {'""max'"": 133089.04"," '""min'"": 102699.33"," """"label"""": """"Mid Level""""}"," {'""max'"": 157843.0"," '""min'"": 133089.04"," '""label'"": '""Senior Level'""}]""",1888296000.00,3788232000.00,2838264000.00,VND,"[{'max'"": 2464783880"," '""min'"": 1888296000"," '""label'"": '""Cấp mới vào nghề'""}"," {'""max'"": 3194136855"," '""min'"": 2464783880"," '""label'"": '""Cấp trung cấp'""}"," {'""max'"": 3788232000"," '""min'"": 3194136855"," '""label'"": '""Cấp cao cấp'""}]""",2026-01-27 15:44:54.424881+00
617,Some preparation needed. Usually requires few months to 1 year of office experience.,Some preparation needed. Usually requires few months to 1 year of office experience.,High school diploma required. Associate degree or certificate preferred.,High school diploma required. Associate degree or certificate preferred.,49283.00,123040.00,86161.00,USD,"[{""max"""": 69408.68"," '""min'"": 49283.0"," '""label'"": '""Entry Level'""}"," {'""max'"": 100838.75"," '""min'"": 69408.68"," """"label"""": """"Mid Level""""}"," {'""max'"": 123040.0"," '""min'"": 100838.75"," '""label'"": '""Senior Level'""}]""",1182792000.00,2952960000.00,2067864000.00,VND,"[{'max'"": 1665808276"," '""min'"": 1182792000"," '""label'"": '""Cấp mới vào nghề'""}"," {'""max'"": 2420130097"," '""min'"": 1665808276"," '""label'"": '""Cấp trung cấp'""}"," {'""max'"": 2952960000"," '""min'"": 2420130097"," '""label'"": '""Cấp cao cấp'""}]""",2026-01-27 15:44:54.424881+00
618,Some preparation needed. Usually requires few months to 1 year of office experience.,Some preparation needed. Usually requires few months to 1 year of office experience.,High school diploma required. Associate degree or certificate preferred.,High school diploma required. Associate degree or certificate preferred.,79724.00,171151.00,125437.00,USD,"[{""max"""": 107256.22"," '""min'"": 79724.0"," '""label'"": '""Entry Level'""}"," {'""max'"": 141817.89"," '""min'"": 107256.22"," """"label"""": """"Mid Level""""}"," {'""max'"": 171151.0"," '""min'"": 141817.89"," '""label'"": '""Senior Level'""}]""",1913376000.00,4107624000.00,3010488000.00,VND,"[{'max'"": 2574149328"," '""min'"": 1913376000"," '""label'"": '""Cấp mới vào nghề'""}"," {'""max'"": 3403629433"," '""min'"": 2574149328"," '""label'"": '""Cấp trung cấp'""}"," {'""max'"": 4107624000"," '""min'"": 3403629433"," '""label'"": '""Cấp cao cấp'""}]""",2026-01-27 15:44:54.424881+00
619,Some preparation needed. Usually requires few months to 1 year of office experience.,Some preparation needed. Usually requires few months to 1 year of office experience.,High school diploma required. Associate degree or certificate preferred.,High school diploma required. Associate degree or certificate preferred.,59055.00,159988.00,109521.00,USD,"[{""max"""": 84826.58"," '""min'"": 59055.0"," '""label'"": '""Entry Level'""}"," {'""max'"": 131979.84"," '""min'"": 84826.58"," """"label"""": """"Mid Level""""}"," {'""max'"": 159988.0"," '""min'"": 131979.84"," '""label'"": '""Senior Level'""}]""",1417320000.00,3839712000.00,2628504000.00,VND,"[{'max'"": 2035837925"," '""min'"": 1417320000"," '""label'"": '""Cấp mới vào nghề'""}"," {'""max'"": 3167516074"," '""min'"": 2035837925"," '""label'"": '""Cấp trung cấp'""}"," {'""max'"": 3839712000"," '""min'"": 3167516074"," '""label'"": '""Cấp cao cấp'""}]""",2026-01-27 15:44:54.424881+00
620,Some preparation needed. Usually requires few months to 1 year of office experience.,Some preparation needed. Usually requires few months to 1 year of office experience.,High school diploma required. Associate degree or certificate preferred.,High school diploma required. Associate degree or certificate preferred.,41723.00,179062.00,110392.00,USD,"[{""max"""": 83452.61"," '""min'"": 41723.0"," '""label'"": '""Entry Level'""}"," {'""max'"": 131603.61"," '""min'"": 83452.61"," """"label"""": """"Mid Level""""}"," {'""max'"": 179062.0"," '""min'"": 131603.61"," '""label'"": '""Senior Level'""}]""",1001352000.00,4297488000.00,2649408000.00,VND,"[{'max'"": 2002862548"," '""min'"": 1001352000"," '""label'"": '""Cấp mới vào nghề'""}"," {'""max'"": 3158486710"," '""min'"": 2002862548"," '""label'"": '""Cấp trung cấp'""}"," {'""max'"": 4297488000"," '""min'"": 3158486710"," '""label'"": '""Cấp cao cấp'""}]""",2026-01-27 15:44:54.424881+00
621,Some preparation needed. Usually requires few months to 1 year of office experience.,Some preparation needed. Usually requires few months to 1 year of office experience.,High school diploma required. Associate degree or certificate preferred.,High school diploma required. Associate degree or certificate preferred.,46673.00,171344.00,109008.00,USD,"[{""max"""": 88448.28"," '""min'"": 46673.0"," '""label'"": '""Entry Level'""}"," {'""max'"": 130314.02"," '""min'"": 88448.28"," """"label"""": """"Mid Level""""}"," {'""max'"": 171344.0"," '""min'"": 130314.02"," '""label'"": '""Senior Level'""}]""",1120152000.00,4112256000.00,2616192000.00,VND,"[{'max'"": 2122758766"," '""min'"": 1120152000"," '""label'"": '""Cấp mới vào nghề'""}"," {'""max'"": 3127536411"," '""min'"": 2122758766"," '""label'"": '""Cấp trung cấp'""}"," {'""max'"": 4112256000"," '""min'"": 3127536411"," '""label'"": '""Cấp cao cấp'""}]""",2026-01-27 15:44:54.424881+00
622,Some preparation needed. Usually requires few months to 1 year of office experience.,Some preparation needed. Usually requires few months to 1 year of office experience.,High school diploma required. Associate degree or certificate preferred.,High school diploma required. Associate degree or certificate preferred.,57710.00,184996.00,121353.00,USD,"[{""max"""": 94332.27"," '""min'"": 57710.0"," '""label'"": '""Entry Level'""}"," {'""max'"": 141215.78"," '""min'"": 94332.27"," """"label"""": """"Mid Level""""}"," {'""max'"": 184996.0"," '""min'"": 141215.78"," '""label'"": '""Senior Level'""}]""",1385040000.00,4439904000.00,2912472000.00,VND,"[{'max'"": 2263974393"," '""min'"": 1385040000"," '""label'"": '""Cấp mới vào nghề'""}"," {'""max'"": 3389178762"," '""min'"": 2263974393"," '""label'"": '""Cấp trung cấp'""}"," {'""max'"": 4439904000"," '""min'"": 3389178762"," '""label'"": '""Cấp cao cấp'""}]""",2026-01-27 15:44:54.424881+00
623,Some preparation needed. Usually requires few months to 1 year of office experience.,Some preparation needed. Usually requires few months to 1 year of office experience.,High school diploma required. Associate degree or certificate preferred.,High school diploma required. Associate degree or certificate preferred.,70145.00,140466.00,105305.00,USD,"[{""max"""": 94415.11"," '""min'"": 70145.0"," '""label'"": '""Entry Level'""}"," {'""max'"": 119994.87"," '""min'"": 94415.11"," """"label"""": """"Mid Level""""}"," {'""max'"": 140466.0"," '""min'"": 119994.87"," '""label'"": '""Senior Level'""}]""",1683480000.00,3371184000.00,2527320000.00,VND,"[{'max'"": 2265962588"," '""min'"": 1683480000"," '""label'"": '""Cấp mới vào nghề'""}"," {'""max'"": 2879876814"," '""min'"": 2265962588"," '""label'"": '""Cấp trung cấp'""}"," {'""max'"": 3371184000"," '""min'"": 2879876814"," '""label'"": '""Cấp cao cấp'""}]""",2026-01-27 15:44:54.424881+00
624,Some preparation needed. Usually requires few months to 1 year of office experience.,Some preparation needed. Usually requires few months to 1 year of office experience.,High school diploma required. Associate degree or certificate preferred.,High school diploma required. Associate degree or certificate preferred.,48366.00,103014.00,75690.00,USD,"[{""max"""": 64104.38"," '""min'"": 48366.0"," '""label'"": '""Entry Level'""}"," {'""max'"": 87510.45"," '""min'"": 64104.38"," """"label"""": """"Mid Level""""}"," {'""max'"": 103014.0"," '""min'"": 87510.45"," '""label'"": '""Senior Level'""}]""",1160784000.00,2472336000.00,1816560000.00,VND,"[{'max'"": 1538505140"," '""min'"": 1160784000"," '""label'"": '""Cấp mới vào nghề'""}"," {'""max'"": 2100250788"," '""min'"": 1538505140"," '""label'"": '""Cấp trung cấp'""}"," {'""max'"": 2472336000"," '""min'"": 2100250788"," '""label'"": '""Cấp cao cấp'""}]""",2026-01-27 15:44:54.424881+00
625,Some preparation needed. Usually requires few months to 1 year of office experience.,Some preparation needed. Usually requires few months to 1 year of office experience.,High school diploma required. Associate degree or certificate preferred.,High school diploma required. Associate degree or certificate preferred.,76206.00,134250.00,105228.00,USD,"[{""max"""": 94091.4"," '""min'"": 76206.0"," '""label'"": '""Entry Level'""}"," {'""max'"": 114067.05"," '""min'"": 94091.4"," """"label"""": """"Mid Level""""}"," {'""max'"": 134250.0"," '""min'"": 114067.05"," '""label'"": '""Senior Level'""}]""",1828944000.00,3222000000.00,2525472000.00,VND,"[{'max'"": 2258193580"," '""min'"": 1828944000"," '""label'"": '""Cấp mới vào nghề'""}"," {'""max'"": 2737609163"," '""min'"": 2258193580"," '""label'"": '""Cấp trung cấp'""}"," {'""max'"": 3222000000"," '""min'"": 2737609163"," '""label'"": '""Cấp cao cấp'""}]""",2026-01-27 15:44:54.424881+00
626,Some preparation needed. Usually requires few months to 1 year of office experience.,Some preparation needed. Usually requires few months to 1 year of office experience.,High school diploma required. Associate degree or certificate preferred.,High school diploma required. Associate degree or certificate preferred.,78655.00,148700.00,113677.00,USD,"[{""max"""": 97009.25"," '""min'"": 78655.0"," '""label'"": '""Entry Level'""}"," {'""max'"": 126208.11"," '""min'"": 97009.25"," """"label"""": """"Mid Level""""}"," {'""max'"": 148700.0"," '""min'"": 126208.11"," '""label'"": '""Senior Level'""}]""",1887720000.00,3568800000.00,2728248000.00,VND,"[{'max'"": 2328221911"," '""min'"": 1887720000"," '""label'"": '""Cấp mới vào nghề'""}"," {'""max'"": 3028994681"," '""min'"": 2328221911"," '""label'"": '""Cấp trung cấp'""}"," {'""max'"": 3568800000"," '""min'"": 3028994681"," '""label'"": '""Cấp cao cấp'""}]""",2026-01-27 15:44:54.424881+00
627,Some preparation needed. Usually requires few months to 1 year of office experience.,Some preparation needed. Usually requires few months to 1 year of office experience.,High school diploma required. Associate degree or certificate preferred.,High school diploma required. Associate degree or certificate preferred.,69551.00,154379.00,111965.00,USD,"[{""max"""": 93427.68"," '""min'"": 69551.0"," '""label'"": '""Entry Level'""}"," {'""max'"": 130019.92"," '""min'"": 93427.68"," """"label"""": """"Mid Level""""}"," {'""max'"": 154379.0"," '""min'"": 130019.92"," '""label'"": '""Senior Level'""}]""",1669224000.00,3705096000.00,2687160000.00,VND,"[{'max'"": 2242264226"," '""min'"": 1669224000"," '""label'"": '""Cấp mới vào nghề'""}"," {'""max'"": 3120478153"," '""min'"": 2242264226"," '""label'"": '""Cấp trung cấp'""}"," {'""max'"": 3705096000"," '""min'"": 3120478153"," '""label'"": '""Cấp cao cấp'""}]""",2026-01-27 15:44:54.424881+00
628,Some preparation needed. Usually requires few months to 1 year of office experience.,Some preparation needed. Usually requires few months to 1 year of office experience.,High school diploma required. Associate degree or certificate preferred.,High school diploma required. Associate degree or certificate preferred.,70491.00,189289.00,129890.00,USD,"[{""max"""": 111495.45"," '""min'"": 70491.0"," '""label'"": '""Entry Level'""}"," {'""max'"": 152562.61"," '""min'"": 111495.45"," """"label"""": """"Mid Level""""}"," {'""max'"": 189289.0"," '""min'"": 152562.61"," '""label'"": '""Senior Level'""}]""",1691784000.00,4542936000.00,3117360000.00,VND,"[{'max'"": 2675890681"," '""min'"": 1691784000"," '""label'"": '""Cấp mới vào nghề'""}"," {'""max'"": 3661502605"," '""min'"": 2675890681"," '""label'"": '""Cấp trung cấp'""}"," {'""max'"": 4542936000"," '""min'"": 3661502605"," '""label'"": '""Cấp cao cấp'""}]""",2026-01-27 15:44:54.424881+00
629,Some preparation needed. Usually requires few months to 1 year of office experience.,Some preparation needed. Usually requires few months to 1 year of office experience.,High school diploma required. Associate degree or certificate preferred.,High school diploma required. Associate degree or certificate preferred.,59682.00,134247.00,96964.00,USD,"[{""max"""": 81393.96"," '""min'"": 59682.0"," '""label'"": '""Entry Level'""}"," {'""max'"": 112459.17"," '""min'"": 81393.96"," """"label"""": """"Mid Level""""}"," {'""max'"": 134247.0"," '""min'"": 112459.17"," '""label'"": '""Senior Level'""}]""",1432368000.00,3221928000.00,2327136000.00,VND,"[{'max'"": 1953455092"," '""min'"": 1432368000"," '""label'"": '""Cấp mới vào nghề'""}"," {'""max'"": 2699020174"," '""min'"": 1953455092"," '""label'"": '""Cấp trung cấp'""}"," {'""max'"": 3221928000"," '""min'"": 2699020174"," '""label'"": '""Cấp cao cấp'""}]""",2026-01-27 15:44:54.424881+00
630,Some preparation needed. Usually requires few months to 1 year of office experience.,Some preparation needed. Usually requires few months to 1 year of office experience.,High school diploma required. Associate degree or certificate preferred.,High school diploma required. Associate degree or certificate preferred.,49766.00,143426.00,96596.00,USD,"[{""max"""": 81127.92"," '""min'"": 49766.0"," '""label'"": '""Entry Level'""}"," {'""max'"": 116758.83"," '""min'"": 81127.92"," """"label"""": """"Mid Level""""}"," {'""max'"": 143426.0"," '""min'"": 116758.83"," '""label'"": '""Senior Level'""}]""",1194384000.00,3442224000.00,2318304000.00,VND,"[{'max'"": 1947070096"," '""min'"": 1194384000"," '""label'"": '""Cấp mới vào nghề'""}"," {'""max'"": 2802211942"," '""min'"": 1947070096"," '""label'"": '""Cấp trung cấp'""}"," {'""max'"": 3442224000"," '""min'"": 2802211942"," '""label'"": '""Cấp cao cấp'""}]""",2026-01-27 15:44:54.424881+00
631,Some preparation needed. Usually requires few months to 1 year of office experience.,Some preparation needed. Usually requires few months to 1 year of office experience.,High school diploma required. Associate degree or certificate preferred.,High school diploma required. Associate degree or certificate preferred.,78631.00,144406.00,111518.00,USD,"[{""max"""": 95845.46"," '""min'"": 78631.0"," '""label'"": '""Entry Level'""}"," {'""max'"": 124756.12"," '""min'"": 95845.46"," """"label"""": """"Mid Level""""}"," {'""max'"": 144406.0"," '""min'"": 124756.12"," '""label'"": '""Senior Level'""}]""",1887144000.00,3465744000.00,2676432000.00,VND,"[{'max'"": 2300291103"," '""min'"": 1887144000"," '""label'"": '""Cấp mới vào nghề'""}"," {'""max'"": 2994146815"," '""min'"": 2300291103"," '""label'"": '""Cấp trung cấp'""}"," {'""max'"": 3465744000"," '""min'"": 2994146815"," '""label'"": '""Cấp cao cấp'""}]""",2026-01-27 15:44:54.424881+00
632,Some preparation needed. Usually requires few months to 1 year of office experience.,Some preparation needed. Usually requires few months to 1 year of office experience.,High school diploma required. Associate degree or certificate preferred.,High school diploma required. Associate degree or certificate preferred.,49423.00,131749.00,90586.00,USD,"[{""max"""": 70554.24"," '""min'"": 49423.0"," '""label'"": '""Entry Level'""}"," {'""max'"": 110860.83"," '""min'"": 70554.24"," """"label"""": """"Mid Level""""}"," {'""max'"": 131749.0"," '""min'"": 110860.83"," '""label'"": '""Senior Level'""}]""",1186152000.00,3161976000.00,2174064000.00,VND,"[{'max'"": 1693301844"," '""min'"": 1186152000"," '""label'"": '""Cấp mới vào nghề'""}"," {'""max'"": 2660660025"," '""min'"": 1693301844"," '""label'"": '""Cấp trung cấp'""}"," {'""max'"": 3161976000"," '""min'"": 2660660025"," '""label'"": '""Cấp cao cấp'""}]""",2026-01-27 15:44:54.424881+00
633,Some preparation needed. Usually requires few months to 1 year of office experience.,Some preparation needed. Usually requires few months to 1 year of office experience.,High school diploma required. Associate degree or certificate preferred.,High school diploma required. Associate degree or certificate preferred.,62100.00,147824.00,104962.00,USD,"[{""max"""": 88402.55"," '""min'"": 62100.0"," '""label'"": '""Entry Level'""}"," {'""max'"": 125408.17"," '""min'"": 88402.55"," """"label"""": """"Mid Level""""}"," {'""max'"": 147824.0"," '""min'"": 125408.17"," '""label'"": '""Senior Level'""}]""",1490400000.00,3547776000.00,2519088000.00,VND,"[{'max'"": 2121661264"," '""min'"": 1490400000"," '""label'"": '""Cấp mới vào nghề'""}"," {'""max'"": 3009796063"," '""min'"": 2121661264"," '""label'"": '""Cấp trung cấp'""}"," {'""max'"": 3547776000"," '""min'"": 3009796063"," '""label'"": '""Cấp cao cấp'""}]""",2026-01-27 15:44:54.424881+00
634,Some preparation needed. Usually requires few months to 1 year of office experience.,Some preparation needed. Usually requires few months to 1 year of office experience.,High school diploma required. Associate degree or certificate preferred.,High school diploma required. Associate degree or certificate preferred.,60804.00,166003.00,113403.00,USD,"[{""max"""": 94403.66"," '""min'"": 60804.0"," '""label'"": '""Entry Level'""}"," {'""max'"": 137210.11"," '""min'"": 94403.66"," """"label"""": """"Mid Level""""}"," {'""max'"": 166003.0"," '""min'"": 137210.11"," '""label'"": '""Senior Level'""}]""",1459296000.00,3984072000.00,2721672000.00,VND,"[{'max'"": 2265687781"," '""min'"": 1459296000"," '""label'"": '""Cấp mới vào nghề'""}"," {'""max'"": 3293042715"," '""min'"": 2265687781"," '""label'"": '""Cấp trung cấp'""}"," {'""max'"": 3984072000"," '""min'"": 3293042715"," '""label'"": '""Cấp cao cấp'""}]""",2026-01-27 15:44:54.424881+00
635,Some preparation needed. Usually requires few months to 1 year of office experience.,Some preparation needed. Usually requires few months to 1 year of office experience.,High school diploma required. Associate degree or certificate preferred.,High school diploma required. Associate degree or certificate preferred.,74380.00,160952.00,117666.00,USD,"[{""max"""": 96468.32"," '""min'"": 74380.0"," '""label'"": '""Entry Level'""}"," {'""max'"": 135878.37"," '""min'"": 96468.32"," """"label"""": """"Mid Level""""}"," {'""max'"": 160952.0"," '""min'"": 135878.37"," '""label'"": '""Senior Level'""}]""",1785120000.00,3862848000.00,2823984000.00,VND,"[{'max'"": 2315239748"," '""min'"": 1785120000"," '""label'"": '""Cấp mới vào nghề'""}"," {'""max'"": 3261080903"," '""min'"": 2315239748"," '""label'"": '""Cấp trung cấp'""}"," {'""max'"": 3862848000"," '""min'"": 3261080903"," '""label'"": '""Cấp cao cấp'""}]""",2026-01-27 15:44:54.424881+00
636,Some preparation needed. Usually requires few months to 1 year of office experience.,Some preparation needed. Usually requires few months to 1 year of office experience.,High school diploma required. Associate degree or certificate preferred.,High school diploma required. Associate degree or certificate preferred.,71615.00,128615.00,100115.00,USD,"[{""max"""": 86519.04"," '""min'"": 71615.0"," '""label'"": '""Entry Level'""}"," {'""max'"": 111818.54"," '""min'"": 86519.04"," """"label"""": """"Mid Level""""}"," {'""max'"": 128615.0"," '""min'"": 111818.54"," '""label'"": '""Senior Level'""}]""",1718760000.00,3086760000.00,2402760000.00,VND,"[{'max'"": 2076456981"," '""min'"": 1718760000"," '""label'"": '""Cấp mới vào nghề'""}"," {'""max'"": 2683644974"," '""min'"": 2076456981"," '""label'"": '""Cấp trung cấp'""}"," {'""max'"": 3086760000"," '""min'"": 2683644974"," '""label'"": '""Cấp cao cấp'""}]""",2026-01-27 15:44:54.424881+00
637,Some preparation needed. Usually requires few months to 1 year of office experience.,Some preparation needed. Usually requires few months to 1 year of office experience.,High school diploma required. Associate degree or certificate preferred.,High school diploma required. Associate degree or certificate preferred.,53476.00,159521.00,106498.00,USD,"[{""max"""": 88281.49"," '""min'"": 53476.0"," '""label'"": '""Entry Level'""}"," {'""max'"": 132990.75"," '""min'"": 88281.49"," """"label"""": """"Mid Level""""}"," {'""max'"": 159521.0"," '""min'"": 132990.75"," '""label'"": '""Senior Level'""}]""",1283424000.00,3828504000.00,2555952000.00,VND,"[{'max'"": 2118755725"," '""min'"": 1283424000"," '""label'"": '""Cấp mới vào nghề'""}"," {'""max'"": 3191777927"," '""min'"": 2118755725"," '""label'"": '""Cấp trung cấp'""}"," {'""max'"": 3828504000"," '""min'"": 3191777927"," '""label'"": '""Cấp cao cấp'""}]""",2026-01-27 15:44:54.424881+00
638,Some preparation needed. Usually requires few months to 1 year of office experience.,Some preparation needed. Usually requires few months to 1 year of office experience.,High school diploma required. Associate degree or certificate preferred.,High school diploma required. Associate degree or certificate preferred.,75327.00,159037.00,117182.00,USD,"[{""max"""": 97313.13"," '""min'"": 75327.0"," '""label'"": '""Entry Level'""}"," {'""max'"": 131292.05"," '""min'"": 97313.13"," """"label"""": """"Mid Level""""}"," {'""max'"": 159037.0"," '""min'"": 131292.05"," '""label'"": '""Senior Level'""}]""",1807848000.00,3816888000.00,2812368000.00,VND,"[{'max'"": 2335515162"," '""min'"": 1807848000"," '""label'"": '""Cấp mới vào nghề'""}"," {'""max'"": 3151009087"," '""min'"": 2335515162"," '""label'"": '""Cấp trung cấp'""}"," {'""max'"": 3816888000"," '""min'"": 3151009087"," '""label'"": '""Cấp cao cấp'""}]""",2026-01-27 15:44:54.424881+00
639,Some preparation needed. Usually requires few months to 1 year of office experience.,Some preparation needed. Usually requires few months to 1 year of office experience.,High school diploma required. Associate degree or certificate preferred.,High school diploma required. Associate degree or certificate preferred.,52517.00,178532.00,115524.00,USD,"[{""max"""": 85889.34"," '""min'"": 52517.0"," '""label'"": '""Entry Level'""}"," {'""max'"": 137606.75"," '""min'"": 85889.34"," """"label"""": """"Mid Level""""}"," {'""max'"": 178532.0"," '""min'"": 137606.75"," '""label'"": '""Senior Level'""}]""",1260408000.00,4284768000.00,2772576000.00,VND,"[{'max'"": 2061344080"," '""min'"": 1260408000"," '""label'"": '""Cấp mới vào nghề'""}"," {'""max'"": 3302562088"," '""min'"": 2061344080"," '""label'"": '""Cấp trung cấp'""}"," {'""max'"": 4284768000"," '""min'"": 3302562088"," '""label'"": '""Cấp cao cấp'""}]""",2026-01-27 15:44:54.424881+00
640,Some preparation needed. Usually requires few months to 1 year of office experience.,Some preparation needed. Usually requires few months to 1 year of office experience.,High school diploma required. Associate degree or certificate preferred.,High school diploma required. Associate degree or certificate preferred.,79454.00,159232.00,119343.00,USD,"[{""max"""": 99403.52"," '""min'"": 79454.0"," '""label'"": '""Entry Level'""}"," {'""max'"": 132745.95"," '""min'"": 99403.52"," """"label"""": """"Mid Level""""}"," {'""max'"": 159232.0"," '""min'"": 132745.95"," '""label'"": '""Senior Level'""}]""",1906896000.00,3821568000.00,2864232000.00,VND,"[{'max'"": 2385684375"," '""min'"": 1906896000"," '""label'"": '""Cấp mới vào nghề'""}"," {'""max'"": 3185902744"," '""min'"": 2385684375"," '""label'"": '""Cấp trung cấp'""}"," {'""max'"": 3821568000"," '""min'"": 3185902744"," '""label'"": '""Cấp cao cấp'""}]""",2026-01-27 15:44:54.424881+00
641,Some preparation needed. Usually requires few months to 1 year of office experience.,Some preparation needed. Usually requires few months to 1 year of office experience.,High school diploma required. Associate degree or certificate preferred.,High school diploma required. Associate degree or certificate preferred.,68811.00,137724.00,103267.00,USD,"[{""max"""": 87710.8"," '""min'"": 68811.0"," '""label'"": '""Entry Level'""}"," {'""max'"": 114025.51"," '""min'"": 87710.8"," """"label"""": """"Mid Level""""}"," {'""max'"": 137724.0"," '""min'"": 114025.51"," '""label'"": '""Senior Level'""}]""",1651464000.00,3305376000.00,2478408000.00,VND,"[{'max'"": 2105059180"," '""min'"": 1651464000"," '""label'"": '""Cấp mới vào nghề'""}"," {'""max'"": 2736612218"," '""min'"": 2105059180"," '""label'"": '""Cấp trung cấp'""}"," {'""max'"": 3305376000"," '""min'"": 2736612218"," '""label'"": '""Cấp cao cấp'""}]""",2026-01-27 15:44:54.424881+00
642,Some preparation needed. Usually requires few months to 1 year of office experience.,Some preparation needed. Usually requires few months to 1 year of office experience.,High school diploma required. Associate degree or certificate preferred.,High school diploma required. Associate degree or certificate preferred.,67286.00,174876.00,121081.00,USD,"[{""max"""": 94351.65"," '""min'"": 67286.0"," '""label'"": '""Entry Level'""}"," {'""max'"": 139658.17"," '""min'"": 94351.65"," """"label"""": """"Mid Level""""}"," {'""max'"": 174876.0"," '""min'"": 139658.17"," '""label'"": '""Senior Level'""}]""",1614864000.00,4197024000.00,2905944000.00,VND,"[{'max'"": 2264439489"," '""min'"": 1614864000"," '""label'"": '""Cấp mới vào nghề'""}"," {'""max'"": 3351796095"," '""min'"": 2264439489"," '""label'"": '""Cấp trung cấp'""}"," {'""max'"": 4197024000"," '""min'"": 3351796095"," '""label'"": '""Cấp cao cấp'""}]""",2026-01-27 15:44:54.424881+00
643,Some preparation needed. Usually requires few months to 1 year of office experience.,Some preparation needed. Usually requires few months to 1 year of office experience.,High school diploma required. Associate degree or certificate preferred.,High school diploma required. Associate degree or certificate preferred.,46575.00,153029.00,99802.00,USD,"[{""max"""": 81236.0"," '""min'"": 46575.0"," '""label'"": '""Entry Level'""}"," {'""max'"": 121096.59"," '""min'"": 81236.0"," """"label"""": """"Mid Level""""}"," {'""max'"": 153029.0"," '""min'"": 121096.59"," '""label'"": '""Senior Level'""}]""",1117800000.00,3672696000.00,2395248000.00,VND,"[{'max'"": 1949663919"," '""min'"": 1117800000"," '""label'"": '""Cấp mới vào nghề'""}"," {'""max'"": 2906318132"," '""min'"": 1949663919"," '""label'"": '""Cấp trung cấp'""}"," {'""max'"": 3672696000"," '""min'"": 2906318132"," '""label'"": '""Cấp cao cấp'""}]""",2026-01-27 15:44:54.424881+00
644,Some preparation needed. Usually requires few months to 1 year of office experience.,Some preparation needed. Usually requires few months to 1 year of office experience.,High school diploma required. Associate degree or certificate preferred.,High school diploma required. Associate degree or certificate preferred.,61942.00,132198.00,97070.00,USD,"[{""max"""": 81546.27"," '""min'"": 61942.0"," '""label'"": '""Entry Level'""}"," {'""max'"": 112929.96"," '""min'"": 81546.27"," """"label"""": """"Mid Level""""}"," {'""max'"": 132198.0"," '""min'"": 112929.96"," '""label'"": '""Senior Level'""}]""",1486608000.00,3172752000.00,2329680000.00,VND,"[{'max'"": 1957110507"," '""min'"": 1486608000"," '""label'"": '""Cấp mới vào nghề'""}"," {'""max'"": 2710319153"," '""min'"": 1957110507"," '""label'"": '""Cấp trung cấp'""}"," {'""max'"": 3172752000"," '""min'"": 2710319153"," '""label'"": '""Cấp cao cấp'""}]""",2026-01-27 15:44:54.424881+00
645,Some preparation needed. Usually requires few months to 1 year of office experience.,Some preparation needed. Usually requires few months to 1 year of office experience.,High school diploma required. Associate degree or certificate preferred.,High school diploma required. Associate degree or certificate preferred.,72731.00,158248.00,115489.00,USD,"[{""max"""": 100076.56"," '""min'"": 72731.0"," '""label'"": '""Entry Level'""}"," {'""max'"": 131527.85"," '""min'"": 100076.56"," """"label"""": """"Mid Level""""}"," {'""max'"": 158248.0"," '""min'"": 131527.85"," '""label'"": '""Senior Level'""}]""",1745544000.00,3797952000.00,2771736000.00,VND,"[{'max'"": 2401837405"," '""min'"": 1745544000"," '""label'"": '""Cấp mới vào nghề'""}"," {'""max'"": 3156668372"," '""min'"": 2401837405"," '""label'"": '""Cấp trung cấp'""}"," {'""max'"": 3797952000"," '""min'"": 3156668372"," '""label'"": '""Cấp cao cấp'""}]""",2026-01-27 15:44:54.424881+00
646,Some preparation needed. Usually requires few months to 1 year of office experience.,Some preparation needed. Usually requires few months to 1 year of office experience.,High school diploma required. Associate degree or certificate preferred.,High school diploma required. Associate degree or certificate preferred.,43247.00,132354.00,87800.00,USD,"[{""max"""": 72998.88"," '""min'"": 43247.0"," '""label'"": '""Entry Level'""}"," {'""max'"": 109293.6"," '""min'"": 72998.88"," """"label"""": """"Mid Level""""}"," {'""max'"": 132354.0"," '""min'"": 109293.6"," '""label'"": '""Senior Level'""}]""",1037928000.00,3176496000.00,2107200000.00,VND,"[{'max'"": 1751973198"," '""min'"": 1037928000"," '""label'"": '""Cấp mới vào nghề'""}"," {'""max'"": 2623046377"," '""min'"": 1751973198"," '""label'"": '""Cấp trung cấp'""}"," {'""max'"": 3176496000"," '""min'"": 2623046377"," '""label'"": '""Cấp cao cấp'""}]""",2026-01-27 15:44:54.424881+00
647,Some preparation needed. Usually requires few months to 1 year of office experience.,Some preparation needed. Usually requires few months to 1 year of office experience.,High school diploma required. Associate degree or certificate preferred.,High school diploma required. Associate degree or certificate preferred.,60062.00,186752.00,123407.00,USD,"[{""max"""": 97997.39"," '""min'"": 60062.0"," '""label'"": '""Entry Level'""}"," {'""max'"": 147545.49"," '""min'"": 97997.39"," """"label"""": """"Mid Level""""}"," {'""max'"": 186752.0"," '""min'"": 147545.49"," '""label'"": '""Senior Level'""}]""",1441488000.00,4482048000.00,2961768000.00,VND,"[{'max'"": 2351937389"," '""min'"": 1441488000"," '""label'"": '""Cấp mới vào nghề'""}"," {'""max'"": 3541091836"," '""min'"": 2351937389"," '""label'"": '""Cấp trung cấp'""}"," {'""max'"": 4482048000"," '""min'"": 3541091836"," '""label'"": '""Cấp cao cấp'""}]""",2026-01-27 15:44:54.424881+00
648,Some preparation needed. Usually requires few months to 1 year of office experience.,Some preparation needed. Usually requires few months to 1 year of office experience.,High school diploma required. Associate degree or certificate preferred.,High school diploma required. Associate degree or certificate preferred.,55753.00,132435.00,94094.00,USD,"[{""max"""": 80313.21"," '""min'"": 55753.0"," '""label'"": '""Entry Level'""}"," {'""max'"": 109266.29"," '""min'"": 80313.21"," """"label"""": """"Mid Level""""}"," {'""max'"": 132435.0"," '""min'"": 109266.29"," '""label'"": '""Senior Level'""}]""",1338072000.00,3178440000.00,2258256000.00,VND,"[{'max'"": 1927517098"," '""min'"": 1338072000"," '""label'"": '""Cấp mới vào nghề'""}"," {'""max'"": 2622390878"," '""min'"": 1927517098"," '""label'"": '""Cấp trung cấp'""}"," {'""max'"": 3178440000"," '""min'"": 2622390878"," '""label'"": '""Cấp cao cấp'""}]""",2026-01-27 15:44:54.424881+00
649,Some preparation needed. Usually requires few months to 1 year of office experience.,Some preparation needed. Usually requires few months to 1 year of office experience.,High school diploma required. Associate degree or certificate preferred.,High school diploma required. Associate degree or certificate preferred.,59523.00,145042.00,102282.00,USD,"[{""max"""": 85311.83"," '""min'"": 59523.0"," '""label'"": '""Entry Level'""}"," {'""max'"": 121213.71"," '""min'"": 85311.83"," """"label"""": """"Mid Level""""}"," {'""max'"": 145042.0"," '""min'"": 121213.71"," '""label'"": '""Senior Level'""}]""",1428552000.00,3481008000.00,2454768000.00,VND,"[{'max'"": 2047483887"," '""min'"": 1428552000"," '""label'"": '""Cấp mới vào nghề'""}"," {'""max'"": 2909129132"," '""min'"": 2047483887"," '""label'"": '""Cấp trung cấp'""}"," {'""max'"": 3481008000"," '""min'"": 2909129132"," '""label'"": '""Cấp cao cấp'""}]""",2026-01-27 15:44:54.424881+00
650,Some preparation needed. Usually requires few months to 1 year of office experience.,Some preparation needed. Usually requires few months to 1 year of office experience.,High school diploma required. Associate degree or certificate preferred.,High school diploma required. Associate degree or certificate preferred.,55809.00,168790.00,112299.00,USD,"[{""max"""": 88554.2"," '""min'"": 55809.0"," '""label'"": '""Entry Level'""}"," {'""max'"": 130216.54"," '""min'"": 88554.2"," """"label"""": """"Mid Level""""}"," {'""max'"": 168790.0"," '""min'"": 130216.54"," '""label'"": '""Senior Level'""}]""",1339416000.00,4050960000.00,2695176000.00,VND,"[{'max'"": 2125300752"," '""min'"": 1339416000"," '""label'"": '""Cấp mới vào nghề'""}"," {'""max'"": 3125196974"," '""min'"": 2125300752"," '""label'"": '""Cấp trung cấp'""}"," {'""max'"": 4050960000"," '""min'"": 3125196974"," '""label'"": '""Cấp cao cấp'""}]""",2026-01-27 15:44:54.424881+00
651,Some preparation needed. Usually requires few months to 1 year of office experience.,Some preparation needed. Usually requires few months to 1 year of office experience.,High school diploma required. Associate degree or certificate preferred.,High school diploma required. Associate degree or certificate preferred.,68836.00,146412.00,107624.00,USD,"[{""max"""": 93941.68"," '""min'"": 68836.0"," '""label'"": '""Entry Level'""}"," {'""max'"": 120676.23"," '""min'"": 93941.68"," """"label"""": """"Mid Level""""}"," {'""max'"": 146412.0"," '""min'"": 120676.23"," '""label'"": '""Senior Level'""}]""",1652064000.00,3513888000.00,2582976000.00,VND,"[{'max'"": 2254600217"," '""min'"": 1652064000"," '""label'"": '""Cấp mới vào nghề'""}"," {'""max'"": 2896229415"," '""min'"": 2254600217"," '""label'"": '""Cấp trung cấp'""}"," {'""max'"": 3513888000"," '""min'"": 2896229415"," '""label'"": '""Cấp cao cấp'""}]""",2026-01-27 15:44:54.424881+00
652,Some preparation needed. Usually requires few months to 1 year of office experience.,Some preparation needed. Usually requires few months to 1 year of office experience.,High school diploma required. Associate degree or certificate preferred.,High school diploma required. Associate degree or certificate preferred.,72163.00,165477.00,118820.00,USD,"[{""max"""": 99539.14"," '""min'"": 72163.0"," '""label'"": '""Entry Level'""}"," {'""max'"": 133239.09"," '""min'"": 99539.14"," """"label"""": """"Mid Level""""}"," {'""max'"": 165477.0"," '""min'"": 133239.09"," '""label'"": '""Senior Level'""}]""",1731912000.00,3971448000.00,2851680000.00,VND,"[{'max'"": 2388939302"," '""min'"": 1731912000"," '""label'"": '""Cấp mới vào nghề'""}"," {'""max'"": 3197738204"," '""min'"": 2388939302"," '""label'"": '""Cấp trung cấp'""}"," {'""max'"": 3971448000"," '""min'"": 3197738204"," '""label'"": '""Cấp cao cấp'""}]""",2026-01-27 15:44:54.424881+00
653,Some preparation needed. Usually requires few months to 1 year of office experience.,Some preparation needed. Usually requires few months to 1 year of office experience.,High school diploma required. Associate degree or certificate preferred.,High school diploma required. Associate degree or certificate preferred.,57167.00,156570.00,106868.00,USD,"[{""max"""": 84045.81"," '""min'"": 57167.0"," '""label'"": '""Entry Level'""}"," {'""max'"": 127535.68"," '""min'"": 84045.81"," """"label"""": """"Mid Level""""}"," {'""max'"": 156570.0"," '""min'"": 127535.68"," '""label'"": '""Senior Level'""}]""",1372008000.00,3757680000.00,2564832000.00,VND,"[{'max'"": 2017099402"," '""min'"": 1372008000"," '""label'"": '""Cấp mới vào nghề'""}"," {'""max'"": 3060856418"," '""min'"": 2017099402"," '""label'"": '""Cấp trung cấp'""}"," {'""max'"": 3757680000"," '""min'"": 3060856418"," '""label'"": '""Cấp cao cấp'""}]""",2026-01-27 15:44:54.424881+00
654,Some preparation needed. Usually requires few months to 1 year of office experience.,Some preparation needed. Usually requires few months to 1 year of office experience.,High school diploma required. Associate degree or certificate preferred.,High school diploma required. Associate degree or certificate preferred.,53546.00,171569.00,112557.00,USD,"[{""max"""": 83270.72"," '""min'"": 53546.0"," '""label'"": '""Entry Level'""}"," {'""max'"": 138120.73"," '""min'"": 83270.72"," """"label"""": """"Mid Level""""}"," {'""max'"": 171569.0"," '""min'"": 138120.73"," '""label'"": '""Senior Level'""}]""",1285104000.00,4117656000.00,2701368000.00,VND,"[{'max'"": 1998497180"," '""min'"": 1285104000"," '""label'"": '""Cấp mới vào nghề'""}"," {'""max'"": 3314897474"," '""min'"": 1998497180"," '""label'"": '""Cấp trung cấp'""}"," {'""max'"": 4117656000"," '""min'"": 3314897474"," '""label'"": '""Cấp cao cấp'""}]""",2026-01-27 15:44:54.424881+00
655,Some preparation needed. Usually requires few months to 1 year of office experience.,Some preparation needed. Usually requires few months to 1 year of office experience.,High school diploma required. Associate degree or certificate preferred.,High school diploma required. Associate degree or certificate preferred.,68562.00,150503.00,109532.00,USD,"[{""max"""": 96677.79"," '""min'"": 68562.0"," '""label'"": '""Entry Level'""}"," {'""max'"": 125605.81"," '""min'"": 96677.79"," """"label"""": """"Mid Level""""}"," {'""max'"": 150503.0"," '""min'"": 125605.81"," '""label'"": '""Senior Level'""}]""",1645488000.00,3612072000.00,2628768000.00,VND,"[{'max'"": 2320267066"," '""min'"": 1645488000"," '""label'"": '""Cấp mới vào nghề'""}"," {'""max'"": 3014539431"," '""min'"": 2320267066"," '""label'"": '""Cấp trung cấp'""}"," {'""max'"": 3612072000"," '""min'"": 3014539431"," '""label'"": '""Cấp cao cấp'""}]""",2026-01-27 15:44:54.424881+00
656,Some preparation needed. Usually requires few months to 1 year of office experience.,Some preparation needed. Usually requires few months to 1 year of office experience.,High school diploma required. Associate degree or certificate preferred.,High school diploma required. Associate degree or certificate preferred.,56773.00,154311.00,105542.00,USD,"[{""max"""": 82833.86"," '""min'"": 56773.0"," '""label'"": '""Entry Level'""}"," {'""max'"": 121282.59"," '""min'"": 82833.86"," """"label"""": """"Mid Level""""}"," {'""max'"": 154311.0"," '""min'"": 121282.59"," '""label'"": '""Senior Level'""}]""",1362552000.00,3703464000.00,2533008000.00,VND,"[{'max'"": 1988012644"," '""min'"": 1362552000"," '""label'"": '""Cấp mới vào nghề'""}"," {'""max'"": 2910782170"," '""min'"": 1988012644"," '""label'"": '""Cấp trung cấp'""}"," {'""max'"": 3703464000"," '""min'"": 2910782170"," '""label'"": '""Cấp cao cấp'""}]""",2026-01-27 15:44:54.424881+00
657,Some preparation needed. Usually requires few months to 1 year of office experience.,Some preparation needed. Usually requires few months to 1 year of office experience.,High school diploma required. Associate degree or certificate preferred.,High school diploma required. Associate degree or certificate preferred.,66684.00,132637.00,99660.00,USD,"[{""max"""": 84790.2"," '""min'"": 66684.0"," '""label'"": '""Entry Level'""}"," {'""max'"": 115855.41"," '""min'"": 84790.2"," """"label"""": """"Mid Level""""}"," {'""max'"": 132637.0"," '""min'"": 115855.41"," '""label'"": '""Senior Level'""}]""",1600416000.00,3183288000.00,2391840000.00,VND,"[{'max'"": 2034964895"," '""min'"": 1600416000"," '""label'"": '""Cấp mới vào nghề'""}"," {'""max'"": 2780529807"," '""min'"": 2034964895"," '""label'"": '""Cấp trung cấp'""}"," {'""max'"": 3183288000"," '""min'"": 2780529807"," '""label'"": '""Cấp cao cấp'""}]""",2026-01-27 15:44:54.424881+00
658,Some preparation needed. Usually requires few months to 1 year of office experience.,Some preparation needed. Usually requires few months to 1 year of office experience.,High school diploma required. Associate degree or certificate preferred.,High school diploma required. Associate degree or certificate preferred.,61421.00,147170.00,104295.00,USD,"[{""max"""": 84208.51"," '""min'"": 61421.0"," '""label'"": '""Entry Level'""}"," {'""max'"": 123027.99"," '""min'"": 84208.51"," """"label"""": """"Mid Level""""}"," {'""max'"": 147170.0"," '""min'"": 123027.99"," '""label'"": '""Senior Level'""}]""",1474104000.00,3532080000.00,2503080000.00,VND,"[{'max'"": 2021004328"," '""min'"": 1474104000"," '""label'"": '""Cấp mới vào nghề'""}"," {'""max'"": 2952671672"," '""min'"": 2021004328"," '""label'"": '""Cấp trung cấp'""}"," {'""max'"": 3532080000"," '""min'"": 2952671672"," '""label'"": '""Cấp cao cấp'""}]""",2026-01-27 15:44:54.424881+00
659,Some preparation needed. Usually requires few months to 1 year of office experience.,Some preparation needed. Usually requires few months to 1 year of office experience.,High school diploma required. Associate degree or certificate preferred.,High school diploma required. Associate degree or certificate preferred.,42254.00,151967.00,97110.00,USD,"[{""max"""": 73358.27"," '""min'"": 42254.0"," '""label'"": '""Entry Level'""}"," {'""max'"": 123183.98"," '""min'"": 73358.27"," """"label"""": """"Mid Level""""}"," {'""max'"": 151967.0"," '""min'"": 123183.98"," '""label'"": '""Senior Level'""}]""",1014096000.00,3647208000.00,2330640000.00,VND,"[{'max'"": 1760598454"," '""min'"": 1014096000"," '""label'"": '""Cấp mới vào nghề'""}"," {'""max'"": 2956415521"," '""min'"": 1760598454"," '""label'"": '""Cấp trung cấp'""}"," {'""max'"": 3647208000"," '""min'"": 2956415521"," '""label'"": '""Cấp cao cấp'""}]""",2026-01-27 15:44:54.424881+00
660,Some preparation needed. Usually requires few months to 1 year of office experience.,Some preparation needed. Usually requires few months to 1 year of office experience.,High school diploma required. Associate degree or certificate preferred.,High school diploma required. Associate degree or certificate preferred.,51460.00,165365.00,108412.00,USD,"[{""max"""": 86049.88"," '""min'"": 51460.0"," '""label'"": '""Entry Level'""}"," {'""max'"": 132354.89"," '""min'"": 86049.88"," """"label"""": """"Mid Level""""}"," {'""max'"": 165365.0"," '""min'"": 132354.89"," '""label'"": '""Senior Level'""}]""",1235040000.00,3968760000.00,2601888000.00,VND,"[{'max'"": 2065197062"," '""min'"": 1235040000"," '""label'"": '""Cấp mới vào nghề'""}"," {'""max'"": 3176517373"," '""min'"": 2065197062"," '""label'"": '""Cấp trung cấp'""}"," {'""max'"": 3968760000"," '""min'"": 3176517373"," '""label'"": '""Cấp cao cấp'""}]""",2026-01-27 15:44:54.424881+00
661,Some preparation needed. Usually requires few months to 1 year of office experience.,Some preparation needed. Usually requires few months to 1 year of office experience.,High school diploma required. Associate degree or certificate preferred.,High school diploma required. Associate degree or certificate preferred.,68845.00,107941.00,88393.00,USD,"[{""max"""": 79204.98"," '""min'"": 68845.0"," '""label'"": '""Entry Level'""}"," {'""max'"": 96213.8"," '""min'"": 79204.98"," """"label"""": """"Mid Level""""}"," {'""max'"": 107941.0"," '""min'"": 96213.8"," '""label'"": '""Senior Level'""}]""",1652280000.00,2590584000.00,2121432000.00,VND,"[{'max'"": 1900919563"," '""min'"": 1652280000"," '""label'"": '""Cấp mới vào nghề'""}"," {'""max'"": 2309131234"," '""min'"": 1900919563"," '""label'"": '""Cấp trung cấp'""}"," {'""max'"": 2590584000"," '""min'"": 2309131234"," '""label'"": '""Cấp cao cấp'""}]""",2026-01-27 15:44:54.424881+00
662,Some preparation needed. Usually requires few months to 1 year of office experience.,Some preparation needed. Usually requires few months to 1 year of office experience.,High school diploma required. Associate degree or certificate preferred.,High school diploma required. Associate degree or certificate preferred.,65761.00,180837.00,123299.00,USD,"[{""max"""": 96228.05"," '""min'"": 65761.0"," '""label'"": '""Entry Level'""}"," {'""max'"": 142910.79"," '""min'"": 96228.05"," """"label"""": """"Mid Level""""}"," {'""max'"": 180837.0"," '""min'"": 142910.79"," '""label'"": '""Senior Level'""}]""",1578264000.00,4340088000.00,2959176000.00,VND,"[{'max'"": 2309473300"," '""min'"": 1578264000"," '""label'"": '""Cấp mới vào nghề'""}"," {'""max'"": 3429858855"," '""min'"": 2309473300"," '""label'"": '""Cấp trung cấp'""}"," {'""max'"": 4340088000"," '""min'"": 3429858855"," '""label'"": '""Cấp cao cấp'""}]""",2026-01-27 15:44:54.424881+00
663,Some preparation needed. Usually requires few months to 1 year of office experience.,Some preparation needed. Usually requires few months to 1 year of office experience.,High school diploma required. Associate degree or certificate preferred.,High school diploma required. Associate degree or certificate preferred.,64091.00,199769.00,131930.00,USD,"[{""max"""": 108371.79"," '""min'"": 64091.0"," '""label'"": '""Entry Level'""}"," {'""max'"": 153886.63"," '""min'"": 108371.79"," """"label"""": """"Mid Level""""}"," {'""max'"": 199769.0"," '""min'"": 153886.63"," '""label'"": '""Senior Level'""}]""",1538184000.00,4794456000.00,3166320000.00,VND,"[{'max'"": 2600922953"," '""min'"": 1538184000"," '""label'"": '""Cấp mới vào nghề'""}"," {'""max'"": 3693279144"," '""min'"": 2600922953"," '""label'"": '""Cấp trung cấp'""}"," {'""max'"": 4794456000"," '""min'"": 3693279144"," '""label'"": '""Cấp cao cấp'""}]""",2026-01-27 15:44:54.424881+00
664,Some preparation needed. Usually requires few months to 1 year of office experience.,Some preparation needed. Usually requires few months to 1 year of office experience.,High school diploma required. Associate degree or certificate preferred.,High school diploma required. Associate degree or certificate preferred.,73790.00,187386.00,130588.00,USD,"[{""max"""": 104796.74"," '""min'"": 73790.0"," '""label'"": '""Entry Level'""}"," {'""max'"": 158097.3"," '""min'"": 104796.74"," """"label"""": """"Mid Level""""}"," {'""max'"": 187386.0"," '""min'"": 158097.3"," '""label'"": '""Senior Level'""}]""",1770960000.00,4497264000.00,3134112000.00,VND,"[{'max'"": 2515121714"," '""min'"": 1770960000"," '""label'"": '""Cấp mới vào nghề'""}"," {'""max'"": 3794335209"," '""min'"": 2515121714"," '""label'"": '""Cấp trung cấp'""}"," {'""max'"": 4497264000"," '""min'"": 3794335209"," '""label'"": '""Cấp cao cấp'""}]""",2026-01-27 15:44:54.424881+00
665,Some preparation needed. Usually requires few months to 1 year of office experience.,Some preparation needed. Usually requires few months to 1 year of office experience.,High school diploma required. Associate degree or certificate preferred.,High school diploma required. Associate degree or certificate preferred.,63711.00,176577.00,120144.00,USD,"[{""max"""": 97179.61"," '""min'"": 63711.0"," '""label'"": '""Entry Level'""}"," {'""max'"": 142943.11"," '""min'"": 97179.61"," """"label"""": """"Mid Level""""}"," {'""max'"": 176577.0"," '""min'"": 142943.11"," '""label'"": '""Senior Level'""}]""",1529064000.00,4237848000.00,2883456000.00,VND,"[{'max'"": 2332310682"," '""min'"": 1529064000"," '""label'"": '""Cấp mới vào nghề'""}"," {'""max'"": 3430634671"," '""min'"": 2332310682"," '""label'"": '""Cấp trung cấp'""}"," {'""max'"": 4237848000"," '""min'"": 3430634671"," '""label'"": '""Cấp cao cấp'""}]""",2026-01-27 15:44:54.424881+00
666,Some preparation needed. Usually requires few months to 1 year of office experience.,Some preparation needed. Usually requires few months to 1 year of office experience.,High school diploma required. Associate degree or certificate preferred.,High school diploma required. Associate degree or certificate preferred.,69051.00,143192.00,106121.00,USD,"[{""max"""": 89274.41"," '""min'"": 69051.0"," '""label'"": '""Entry Level'""}"," {'""max'"": 118514.51"," '""min'"": 89274.41"," """"label"""": """"Mid Level""""}"," {'""max'"": 143192.0"," '""min'"": 118514.51"," '""label'"": '""Senior Level'""}]""",1657224000.00,3436608000.00,2546904000.00,VND,"[{'max'"": 2142585923"," '""min'"": 1657224000"," '""label'"": '""Cấp mới vào nghề'""}"," {'""max'"": 2844348210"," '""min'"": 2142585923"," '""label'"": '""Cấp trung cấp'""}"," {'""max'"": 3436608000"," '""min'"": 2844348210"," '""label'"": '""Cấp cao cấp'""}]""",2026-01-27 15:44:54.424881+00
667,Some preparation needed. Usually requires few months to 1 year of agricultural experience.,Some preparation needed. Usually requires few months to 1 year of agricultural experience.,High school diploma preferred. Specialized training for technical positions.,High school diploma preferred. Specialized training for technical positions.,76407.00,199575.00,137991.00,USD,"[{""max"""": 117304.58"," '""min'"": 76407.0"," '""label'"": '""Entry Level'""}"," {'""max'"": 199575.0"," '""min'"": 117304.58"," """"label"""": """"Experienced""""}]""",1833768000.00,4789800000.00,3311784000.00,VND,"[{'max'"": 2815309989"," '""min'"": 1833768000"," '""label'"": '""Cấp mới vào nghề'""}"," {'""max'"": 4789800000"," '""min'"": 2815309989"," '""label'"": '""Experienced'""}]""",2026-01-27 15:44:54.424881+00
668,Some preparation needed. Usually requires few months to 1 year of agricultural experience.,Some preparation needed. Usually requires few months to 1 year of agricultural experience.,High school diploma preferred. Specialized training for technical positions.,High school diploma preferred. Specialized training for technical positions.,75405.00,164782.00,120093.00,USD,"[{""max"""": 98183.79"," '""min'"": 75405.0"," '""label'"": '""Entry Level'""}"," {'""max'"": 164782.0"," '""min'"": 98183.79"," """"label"""": """"Experienced""""}]""",1809720000.00,3954768000.00,2882232000.00,VND,"[{'max'"": 2356411055"," '""min'"": 1809720000"," '""label'"": '""Cấp mới vào nghề'""}"," {'""max'"": 3954768000"," '""min'"": 2356411055"," '""label'"": '""Experienced'""}]""",2026-01-27 15:44:54.424881+00
669,Some preparation needed. Usually requires few months to 1 year of agricultural experience.,Some preparation needed. Usually requires few months to 1 year of agricultural experience.,High school diploma preferred. Specialized training for technical positions.,High school diploma preferred. Specialized training for technical positions.,50402.00,199843.00,125122.00,USD,"[{""max"""": 97527.11"," '""min'"": 50402.0"," '""label'"": '""Entry Level'""}"," {'""max'"": 199843.0"," '""min'"": 97527.11"," """"label"""": """"Experienced""""}]""",1209648000.00,4796232000.00,3002928000.00,VND,"[{'max'"": 2340650697"," '""min'"": 1209648000"," '""label'"": '""Cấp mới vào nghề'""}"," {'""max'"": 4796232000"," '""min'"": 2340650697"," '""label'"": '""Experienced'""}]""",2026-01-27 15:44:54.424881+00
670,Some preparation needed. Usually requires few months to 1 year of agricultural experience.,Some preparation needed. Usually requires few months to 1 year of agricultural experience.,High school diploma preferred. Specialized training for technical positions.,High school diploma preferred. Specialized training for technical positions.,51261.00,153617.00,102439.00,USD,"[{""max"""": 84294.6"," '""min'"": 51261.0"," '""label'"": '""Entry Level'""}"," {'""max'"": 153617.0"," '""min'"": 84294.6"," """"label"""": """"Experienced""""}]""",1230264000.00,3686808000.00,2458536000.00,VND,"[{'max'"": 2023070415"," '""min'"": 1230264000"," '""label'"": '""Cấp mới vào nghề'""}"," {'""max'"": 3686808000"," '""min'"": 2023070415"," '""label'"": '""Experienced'""}]""",2026-01-27 15:44:54.424881+00
671,Some preparation needed. Usually requires few months to 1 year of agricultural experience.,Some preparation needed. Usually requires few months to 1 year of agricultural experience.,High school diploma preferred. Specialized training for technical positions.,High school diploma preferred. Specialized training for technical positions.,60859.00,159580.00,110219.00,USD,"[{""max"""": 85733.47"," '""min'"": 60859.0"," '""label'"": '""Entry Level'""}"," {'""max'"": 159580.0"," '""min'"": 85733.47"," """"label"""": """"Experienced""""}]""",1460616000.00,3829920000.00,2645256000.00,VND,"[{'max'"": 2057603311"," '""min'"": 1460616000"," '""label'"": '""Cấp mới vào nghề'""}"," {'""max'"": 3829920000"," '""min'"": 2057603311"," '""label'"": '""Experienced'""}]""",2026-01-27 15:44:54.424881+00
672,Some preparation needed. Usually requires few months to 1 year of agricultural experience.,Some preparation needed. Usually requires few months to 1 year of agricultural experience.,High school diploma preferred. Specialized training for technical positions.,High school diploma preferred. Specialized training for technical positions.,56537.00,128946.00,92741.00,USD,"[{""max"""": 78822.09"," '""min'"": 56537.0"," '""label'"": '""Entry Level'""}"," {'""max'"": 128946.0"," '""min'"": 78822.09"," """"label"""": """"Experienced""""}]""",1356888000.00,3094704000.00,2225784000.00,VND,"[{'max'"": 1891730081"," '""min'"": 1356888000"," '""label'"": '""Cấp mới vào nghề'""}"," {'""max'"": 3094704000"," '""min'"": 1891730081"," '""label'"": '""Experienced'""}]""",2026-01-27 15:44:54.424881+00
673,Some preparation needed. Usually requires few months to 1 year of agricultural experience.,Some preparation needed. Usually requires few months to 1 year of agricultural experience.,High school diploma preferred. Specialized training for technical positions.,High school diploma preferred. Specialized training for technical positions.,72179.00,116046.00,94112.00,USD,"[{""max"""": 85416.91"," '""min'"": 72179.0"," '""label'"": '""Entry Level'""}"," {'""max'"": 116046.0"," '""min'"": 85416.91"," """"label"""": """"Experienced""""}]""",1732296000.00,2785104000.00,2258688000.00,VND,"[{'max'"": 2050005799"," '""min'"": 1732296000"," '""label'"": '""Cấp mới vào nghề'""}"," {'""max'"": 2785104000"," '""min'"": 2050005799"," '""label'"": '""Experienced'""}]""",2026-01-27 15:44:54.424881+00
674,Some preparation needed. Usually requires few months to 1 year of agricultural experience.,Some preparation needed. Usually requires few months to 1 year of agricultural experience.,High school diploma preferred. Specialized training for technical positions.,High school diploma preferred. Specialized training for technical positions.,68360.00,153052.00,110706.00,USD,"[{""max"""": 92433.69"," '""min'"": 68360.0"," '""label'"": '""Entry Level'""}"," {'""max'"": 153052.0"," '""min'"": 92433.69"," """"label"""": """"Experienced""""}]""",1640640000.00,3673248000.00,2656944000.00,VND,"[{'max'"": 2218408516"," '""min'"": 1640640000"," '""label'"": '""Cấp mới vào nghề'""}"," {'""max'"": 3673248000"," '""min'"": 2218408516"," '""label'"": '""Experienced'""}]""",2026-01-27 15:44:54.424881+00
675,Some preparation needed. Usually requires few months to 1 year of agricultural experience.,Some preparation needed. Usually requires few months to 1 year of agricultural experience.,High school diploma preferred. Specialized training for technical positions.,High school diploma preferred. Specialized training for technical positions.,44740.00,139909.00,92324.00,USD,"[{""max"""": 77002.6"," '""min'"": 44740.0"," '""label'"": '""Entry Level'""}"," {'""max'"": 139909.0"," '""min'"": 77002.6"," """"label"""": """"Experienced""""}]""",1073760000.00,3357816000.00,2215776000.00,VND,"[{'max'"": 1848062429"," '""min'"": 1073760000"," '""label'"": '""Cấp mới vào nghề'""}"," {'""max'"": 3357816000"," '""min'"": 1848062429"," '""label'"": '""Experienced'""}]""",2026-01-27 15:44:54.424881+00
676,Some preparation needed. Usually requires few months to 1 year of agricultural experience.,Some preparation needed. Usually requires few months to 1 year of agricultural experience.,High school diploma preferred. Specialized training for technical positions.,High school diploma preferred. Specialized training for technical positions.,61263.00,152722.00,106992.00,USD,"[{""max"""": 89962.42"," '""min'"": 61263.0"," '""label'"": '""Entry Level'""}"," {'""max'"": 152722.0"," '""min'"": 89962.42"," """"label"""": """"Experienced""""}]""",1470312000.00,3665328000.00,2567808000.00,VND,"[{'max'"": 2159098108"," '""min'"": 1470312000"," '""label'"": '""Cấp mới vào nghề'""}"," {'""max'"": 3665328000"," '""min'"": 2159098108"," '""label'"": '""Experienced'""}]""",2026-01-27 15:44:54.424881+00
677,Some preparation needed. Usually requires few months to 1 year of agricultural experience.,Some preparation needed. Usually requires few months to 1 year of agricultural experience.,High school diploma preferred. Specialized training for technical positions.,High school diploma preferred. Specialized training for technical positions.,57827.00,167642.00,112734.00,USD,"[{""max"""": 93250.16"," '""min'"": 57827.0"," '""label'"": '""Entry Level'""}"," {'""max'"": 167642.0"," '""min'"": 93250.16"," """"label"""": """"Experienced""""}]""",1387848000.00,4023408000.00,2705616000.00,VND,"[{'max'"": 2238003837"," '""min'"": 1387848000"," '""label'"": '""Cấp mới vào nghề'""}"," {'""max'"": 4023408000"," '""min'"": 2238003837"," '""label'"": '""Experienced'""}]""",2026-01-27 15:44:54.424881+00
678,Some preparation needed. Usually requires few months to 1 year of agricultural experience.,Some preparation needed. Usually requires few months to 1 year of agricultural experience.,High school diploma preferred. Specialized training for technical positions.,High school diploma preferred. Specialized training for technical positions.,42597.00,159208.00,100902.00,USD,"[{""max"""": 80394.05"," '""min'"": 42597.0"," '""label'"": '""Entry Level'""}"," {'""max'"": 159208.0"," '""min'"": 80394.05"," """"label"""": """"Experienced""""}]""",1022328000.00,3820992000.00,2421648000.00,VND,"[{'max'"": 1929457267"," '""min'"": 1022328000"," '""label'"": '""Cấp mới vào nghề'""}"," {'""max'"": 3820992000"," '""min'"": 1929457267"," '""label'"": '""Experienced'""}]""",2026-01-27 15:44:54.424881+00
679,Some preparation needed. Usually requires few months to 1 year of agricultural experience.,Some preparation needed. Usually requires few months to 1 year of agricultural experience.,High school diploma preferred. Specialized training for technical positions.,High school diploma preferred. Specialized training for technical positions.,43846.00,157250.00,100548.00,USD,"[{""max"""": 78728.76"," '""min'"": 43846.0"," '""label'"": '""Entry Level'""}"," {'""max'"": 157250.0"," '""min'"": 78728.76"," """"label"""": """"Experienced""""}]""",1052304000.00,3774000000.00,2413152000.00,VND,"[{'max'"": 1889490188"," '""min'"": 1052304000"," '""label'"": '""Cấp mới vào nghề'""}"," {'""max'"": 3774000000"," '""min'"": 1889490188"," '""label'"": '""Experienced'""}]""",2026-01-27 15:44:54.424881+00
680,Some preparation needed. Usually requires few months to 1 year of construction experience.,Some preparation needed. Usually requires few months to 1 year of construction experience.,High school diploma preferred. Apprenticeship or technical training often required.,High school diploma preferred. Apprenticeship or technical training often required.,48159.00,111901.00,80030.00,USD,"[{""max"""": 64549.08"," '""min'"": 48159.0"," '""label'"": '""Entry Level'""}"," {'""max'"": 89592.89"," '""min'"": 64549.08"," """"label"""": """"Mid Level""""}"," {'""max'"": 111901.0"," '""min'"": 89592.89"," '""label'"": '""Senior Level'""}]""",1155816000.00,2685624000.00,1920720000.00,VND,"[{'max'"": 1549177856"," '""min'"": 1155816000"," '""label'"": '""Cấp mới vào nghề'""}"," {'""max'"": 2150229242"," '""min'"": 1549177856"," '""label'"": '""Cấp trung cấp'""}"," {'""max'"": 2685624000"," '""min'"": 2150229242"," '""label'"": '""Cấp cao cấp'""}]""",2026-01-27 15:44:54.424881+00
681,Some preparation needed. Usually requires few months to 1 year of construction experience.,Some preparation needed. Usually requires few months to 1 year of construction experience.,High school diploma preferred. Apprenticeship or technical training often required.,High school diploma preferred. Apprenticeship or technical training often required.,57667.00,153157.00,105412.00,USD,"[{""max"""": 83618.2"," '""min'"": 57667.0"," '""label'"": '""Entry Level'""}"," {'""max'"": 119925.18"," '""min'"": 83618.2"," """"label"""": """"Mid Level""""}"," {'""max'"": 153157.0"," '""min'"": 119925.18"," '""label'"": '""Senior Level'""}]""",1384008000.00,3675768000.00,2529888000.00,VND,"[{'max'"": 2006836769"," '""min'"": 1384008000"," '""label'"": '""Cấp mới vào nghề'""}"," {'""max'"": 2878204431"," '""min'"": 2006836769"," '""label'"": '""Cấp trung cấp'""}"," {'""max'"": 3675768000"," '""min'"": 2878204431"," '""label'"": '""Cấp cao cấp'""}]""",2026-01-27 15:44:54.424881+00
682,Some preparation needed. Usually requires few months to 1 year of construction experience.,Some preparation needed. Usually requires few months to 1 year of construction experience.,High school diploma preferred. Apprenticeship or technical training often required.,High school diploma preferred. Apprenticeship or technical training often required.,46028.00,157037.00,101532.00,USD,"[{""max"""": 78852.95"," '""min'"": 46028.0"," '""label'"": '""Entry Level'""}"," {'""max'"": 123708.83"," '""min'"": 78852.95"," """"label"""": """"Mid Level""""}"," {'""max'"": 157037.0"," '""min'"": 123708.83"," '""label'"": '""Senior Level'""}]""",1104672000.00,3768888000.00,2436768000.00,VND,"[{'max'"": 1892470756"," '""min'"": 1104672000"," '""label'"": '""Cấp mới vào nghề'""}"," {'""max'"": 2969012039"," '""min'"": 1892470756"," '""label'"": '""Cấp trung cấp'""}"," {'""max'"": 3768888000"," '""min'"": 2969012039"," '""label'"": '""Cấp cao cấp'""}]""",2026-01-27 15:44:54.424881+00
683,Some preparation needed. Usually requires few months to 1 year of construction experience.,Some preparation needed. Usually requires few months to 1 year of construction experience.,High school diploma preferred. Apprenticeship or technical training often required.,High school diploma preferred. Apprenticeship or technical training often required.,46204.00,170535.00,108369.00,USD,"[{""max"""": 83473.47"," '""min'"": 46204.0"," '""label'"": '""Entry Level'""}"," {'""max'"": 127383.13"," '""min'"": 83473.47"," """"label"""": """"Mid Level""""}"," {'""max'"": 170535.0"," '""min'"": 127383.13"," '""label'"": '""Senior Level'""}]""",1108896000.00,4092840000.00,2600856000.00,VND,"[{'max'"": 2003363177"," '""min'"": 1108896000"," '""label'"": '""Cấp mới vào nghề'""}"," {'""max'"": 3057195017"," '""min'"": 2003363177"," '""label'"": '""Cấp trung cấp'""}"," {'""max'"": 4092840000"," '""min'"": 3057195017"," '""label'"": '""Cấp cao cấp'""}]""",2026-01-27 15:44:54.424881+00
684,Some preparation needed. Usually requires few months to 1 year of construction experience.,Some preparation needed. Usually requires few months to 1 year of construction experience.,High school diploma preferred. Apprenticeship or technical training often required.,High school diploma preferred. Apprenticeship or technical training often required.,42351.00,141753.00,92052.00,USD,"[{""max"""": 69453.55"," '""min'"": 42351.0"," '""label'"": '""Entry Level'""}"," {'""max'"": 109650.17"," '""min'"": 69453.55"," """"label"""": """"Mid Level""""}"," {'""max'"": 141753.0"," '""min'"": 109650.17"," '""label'"": '""Senior Level'""}]""",1016424000.00,3402072000.00,2209248000.00,VND,"[{'max'"": 1666885169"," '""min'"": 1016424000"," '""label'"": '""Cấp mới vào nghề'""}"," {'""max'"": 2631604068"," '""min'"": 1666885169"," '""label'"": '""Cấp trung cấp'""}"," {'""max'"": 3402072000"," '""min'"": 2631604068"," '""label'"": '""Cấp cao cấp'""}]""",2026-01-27 15:44:54.424881+00
685,Some preparation needed. Usually requires few months to 1 year of construction experience.,Some preparation needed. Usually requires few months to 1 year of construction experience.,High school diploma preferred. Apprenticeship or technical training often required.,High school diploma preferred. Apprenticeship or technical training often required.,77978.00,196033.00,137005.00,USD,"[{""max"""": 112270.46"," '""min'"": 77978.0"," '""label'"": '""Entry Level'""}"," {'""max'"": 164921.12"," '""min'"": 112270.46"," """"label"""": """"Mid Level""""}"," {'""max'"": 196033.0"," '""min'"": 164921.12"," '""label'"": '""Senior Level'""}]""",1871472000.00,4704792000.00,3288120000.00,VND,"[{'max'"": 2694491090"," '""min'"": 1871472000"," '""label'"": '""Cấp mới vào nghề'""}"," {'""max'"": 3958106896"," '""min'"": 2694491090"," '""label'"": '""Cấp trung cấp'""}"," {'""max'"": 4704792000"," '""min'"": 3958106896"," '""label'"": '""Cấp cao cấp'""}]""",2026-01-27 15:44:54.424881+00
686,Some preparation needed. Usually requires few months to 1 year of construction experience.,Some preparation needed. Usually requires few months to 1 year of construction experience.,High school diploma preferred. Apprenticeship or technical training often required.,High school diploma preferred. Apprenticeship or technical training often required.,66517.00,182101.00,124309.00,USD,"[{""max"""": 102902.39"," '""min'"": 66517.0"," '""label'"": '""Entry Level'""}"," {'""max'"": 150338.77"," '""min'"": 102902.39"," """"label"""": """"Mid Level""""}"," {'""max'"": 182101.0"," '""min'"": 150338.77"," '""label'"": '""Senior Level'""}]""",1596408000.00,4370424000.00,2983416000.00,VND,"[{'max'"": 2469657418"," '""min'"": 1596408000"," '""label'"": '""Cấp mới vào nghề'""}"," {'""max'"": 3608130532"," '""min'"": 2469657418"," '""label'"": '""Cấp trung cấp'""}"," {'""max'"": 4370424000"," '""min'"": 3608130532"," '""label'"": '""Cấp cao cấp'""}]""",2026-01-27 15:44:54.424881+00
687,Some preparation needed. Usually requires few months to 1 year of construction experience.,Some preparation needed. Usually requires few months to 1 year of construction experience.,High school diploma preferred. Apprenticeship or technical training often required.,High school diploma preferred. Apprenticeship or technical training often required.,40542.00,182119.00,111330.00,USD,"[{""max"""": 85547.95"," '""min'"": 40542.0"," '""label'"": '""Entry Level'""}"," {'""max'"": 143406.46"," '""min'"": 85547.95"," """"label"""": """"Mid Level""""}"," {'""max'"": 182119.0"," '""min'"": 143406.46"," '""label'"": '""Senior Level'""}]""",973008000.00,4370856000.00,2671920000.00,VND,"[{'max'"": 2053150718"," '""min'"": 973008000"," '""label'"": '""Cấp mới vào nghề'""}"," {'""max'"": 3441754927"," '""min'"": 2053150718"," '""label'"": '""Cấp trung cấp'""}"," {'""max'"": 4370856000"," '""min'"": 3441754927"," '""label'"": '""Cấp cao cấp'""}]""",2026-01-27 15:44:54.424881+00
688,Some preparation needed. Usually requires few months to 1 year of construction experience.,Some preparation needed. Usually requires few months to 1 year of construction experience.,High school diploma preferred. Apprenticeship or technical training often required.,High school diploma preferred. Apprenticeship or technical training often required.,68676.00,120036.00,94356.00,USD,"[{""max"""": 85948.14"," '""min'"": 68676.0"," '""label'"": '""Entry Level'""}"," {'""max'"": 105183.37"," '""min'"": 85948.14"," """"label"""": """"Mid Level""""}"," {'""max'"": 120036.0"," '""min'"": 105183.37"," '""label'"": '""Senior Level'""}]""",1648224000.00,2880864000.00,2264544000.00,VND,"[{'max'"": 2062755345"," '""min'"": 1648224000"," '""label'"": '""Cấp mới vào nghề'""}"," {'""max'"": 2524400921"," '""min'"": 2062755345"," '""label'"": '""Cấp trung cấp'""}"," {'""max'"": 2880864000"," '""min'"": 2524400921"," '""label'"": '""Cấp cao cấp'""}]""",2026-01-27 15:44:54.424881+00
689,Some preparation needed. Usually requires few months to 1 year of construction experience.,Some preparation needed. Usually requires few months to 1 year of construction experience.,High school diploma preferred. Apprenticeship or technical training often required.,High school diploma preferred. Apprenticeship or technical training often required.,61344.00,156873.00,109108.00,USD,"[{""max"""": 86441.61"," '""min'"": 61344.0"," '""label'"": '""Entry Level'""}"," {'""max'"": 129958.52"," '""min'"": 86441.61"," """"label"""": """"Mid Level""""}"," {'""max'"": 156873.0"," '""min'"": 129958.52"," '""label'"": '""Senior Level'""}]""",1472256000.00,3764952000.00,2618592000.00,VND,"[{'max'"": 2074598529"," '""min'"": 1472256000"," '""label'"": '""Cấp mới vào nghề'""}"," {'""max'"": 3119004447"," '""min'"": 2074598529"," '""label'"": '""Cấp trung cấp'""}"," {'""max'"": 3764952000"," '""min'"": 3119004447"," '""label'"": '""Cấp cao cấp'""}]""",2026-01-27 15:44:54.424881+00
690,Some preparation needed. Usually requires few months to 1 year of construction experience.,Some preparation needed. Usually requires few months to 1 year of construction experience.,High school diploma preferred. Apprenticeship or technical training often required.,High school diploma preferred. Apprenticeship or technical training often required.,72113.00,132720.00,102416.00,USD,"[{""max"""": 89562.19"," '""min'"": 72113.0"," '""label'"": '""Entry Level'""}"," {'""max'"": 113785.25"," '""min'"": 89562.19"," """"label"""": """"Mid Level""""}"," {'""max'"": 132720.0"," '""min'"": 113785.25"," '""label'"": '""Senior Level'""}]""",1730712000.00,3185280000.00,2457984000.00,VND,"[{'max'"": 2149492556"," '""min'"": 1730712000"," '""label'"": '""Cấp mới vào nghề'""}"," {'""max'"": 2730846068"," '""min'"": 2149492556"," '""label'"": '""Cấp trung cấp'""}"," {'""max'"": 3185280000"," '""min'"": 2730846068"," '""label'"": '""Cấp cao cấp'""}]""",2026-01-27 15:44:54.424881+00
691,Some preparation needed. Usually requires few months to 1 year of construction experience.,Some preparation needed. Usually requires few months to 1 year of construction experience.,High school diploma preferred. Apprenticeship or technical training often required.,High school diploma preferred. Apprenticeship or technical training often required.,76519.00,104481.00,90500.00,USD,"[{""max"""": 86199.64"," '""min'"": 76519.0"," '""label'"": '""Entry Level'""}"," {'""max'"": 97087.15"," '""min'"": 86199.64"," """"label"""": """"Mid Level""""}"," {'""max'"": 104481.0"," '""min'"": 97087.15"," '""label'"": '""Senior Level'""}]""",1836456000.00,2507544000.00,2172000000.00,VND,"[{'max'"": 2068791465"," '""min'"": 1836456000"," '""label'"": '""Cấp mới vào nghề'""}"," {'""max'"": 2330091488"," '""min'"": 2068791465"," '""label'"": '""Cấp trung cấp'""}"," {'""max'"": 2507544000"," '""min'"": 2330091488"," '""label'"": '""Cấp cao cấp'""}]""",2026-01-27 15:44:54.424881+00
692,Some preparation needed. Usually requires few months to 1 year of construction experience.,Some preparation needed. Usually requires few months to 1 year of construction experience.,High school diploma preferred. Apprenticeship or technical training often required.,High school diploma preferred. Apprenticeship or technical training often required.,58602.00,100592.00,79597.00,USD,"[{""max"""": 71798.97"," '""min'"": 58602.0"," '""label'"": '""Entry Level'""}"," {'""max'"": 86970.59"," '""min'"": 71798.97"," """"label"""": """"Mid Level""""}"," {'""max'"": 100592.0"," '""min'"": 86970.59"," '""label'"": '""Senior Level'""}]""",1406448000.00,2414208000.00,1910328000.00,VND,"[{'max'"": 1723175216"," '""min'"": 1406448000"," '""label'"": '""Cấp mới vào nghề'""}"," {'""max'"": 2087294073"," '""min'"": 1723175216"," '""label'"": '""Cấp trung cấp'""}"," {'""max'"": 2414208000"," '""min'"": 2087294073"," '""label'"": '""Cấp cao cấp'""}]""",2026-01-27 15:44:54.424881+00
693,Some preparation needed. Usually requires few months to 1 year of construction experience.,Some preparation needed. Usually requires few months to 1 year of construction experience.,High school diploma preferred. Apprenticeship or technical training often required.,High school diploma preferred. Apprenticeship or technical training often required.,62212.00,177949.00,120080.00,USD,"[{""max"""": 97587.24"," '""min'"": 62212.0"," '""label'"": '""Entry Level'""}"," {'""max'"": 143832.05"," '""min'"": 97587.24"," """"label"""": """"Mid Level""""}"," {'""max'"": 177949.0"," '""min'"": 143832.05"," '""label'"": '""Senior Level'""}]""",1493088000.00,4270776000.00,2881920000.00,VND,"[{'max'"": 2342093819"," '""min'"": 1493088000"," '""label'"": '""Cấp mới vào nghề'""}"," {'""max'"": 3451969213"," '""min'"": 2342093819"," '""label'"": '""Cấp trung cấp'""}"," {'""max'"": 4270776000"," '""min'"": 3451969213"," '""label'"": '""Cấp cao cấp'""}]""",2026-01-27 15:44:54.424881+00
694,Some preparation needed. Usually requires few months to 1 year of construction experience.,Some preparation needed. Usually requires few months to 1 year of construction experience.,High school diploma preferred. Apprenticeship or technical training often required.,High school diploma preferred. Apprenticeship or technical training often required.,75661.00,166656.00,121158.00,USD,"[{""max"""": 99951.31"," '""min'"": 75661.0"," '""label'"": '""Entry Level'""}"," {'""max'"": 138610.92"," '""min'"": 99951.31"," """"label"""": """"Mid Level""""}"," {'""max'"": 166656.0"," '""min'"": 138610.92"," '""label'"": '""Senior Level'""}]""",1815864000.00,3999744000.00,2907792000.00,VND,"[{'max'"": 2398831378"," '""min'"": 1815864000"," '""label'"": '""Cấp mới vào nghề'""}"," {'""max'"": 3326662066"," '""min'"": 2398831378"," '""label'"": '""Cấp trung cấp'""}"," {'""max'"": 3999744000"," '""min'"": 3326662066"," '""label'"": '""Cấp cao cấp'""}]""",2026-01-27 15:44:54.424881+00
695,Some preparation needed. Usually requires few months to 1 year of construction experience.,Some preparation needed. Usually requires few months to 1 year of construction experience.,High school diploma preferred. Apprenticeship or technical training often required.,High school diploma preferred. Apprenticeship or technical training often required.,61557.00,139596.00,100576.00,USD,"[{""max"""": 84271.14"," '""min'"": 61557.0"," '""label'"": '""Entry Level'""}"," {'""max'"": 119585.0"," '""min'"": 84271.14"," """"label"""": """"Mid Level""""}"," {'""max'"": 139596.0"," '""min'"": 119585.0"," '""label'"": '""Senior Level'""}]""",1477368000.00,3350304000.00,2413824000.00,VND,"[{'max'"": 2022507402"," '""min'"": 1477368000"," '""label'"": '""Cấp mới vào nghề'""}"," {'""max'"": 2870040097"," '""min'"": 2022507402"," '""label'"": '""Cấp trung cấp'""}"," {'""max'"": 3350304000"," '""min'"": 2870040097"," '""label'"": '""Cấp cao cấp'""}]""",2026-01-27 15:44:54.424881+00
696,Some preparation needed. Usually requires few months to 1 year of construction experience.,Some preparation needed. Usually requires few months to 1 year of construction experience.,High school diploma preferred. Apprenticeship or technical training often required.,High school diploma preferred. Apprenticeship or technical training often required.,67133.00,183634.00,125383.00,USD,"[{""max"""": 102176.76"," '""min'"": 67133.0"," '""label'"": '""Entry Level'""}"," {'""max'"": 146984.52"," '""min'"": 102176.76"," """"label"""": """"Mid Level""""}"," {'""max'"": 183634.0"," '""min'"": 146984.52"," '""label'"": '""Senior Level'""}]""",1611192000.00,4407216000.00,3009192000.00,VND,"[{'max'"": 2452242189"," '""min'"": 1611192000"," '""label'"": '""Cấp mới vào nghề'""}"," {'""max'"": 3527628512"," '""min'"": 2452242189"," '""label'"": '""Cấp trung cấp'""}"," {'""max'"": 4407216000"," '""min'"": 3527628512"," '""label'"": '""Cấp cao cấp'""}]""",2026-01-27 15:44:54.424881+00
697,Some preparation needed. Usually requires few months to 1 year of construction experience.,Some preparation needed. Usually requires few months to 1 year of construction experience.,High school diploma preferred. Apprenticeship or technical training often required.,High school diploma preferred. Apprenticeship or technical training often required.,74762.00,142514.00,108638.00,USD,"[{""max"""": 91818.16"," '""min'"": 74762.0"," '""label'"": '""Entry Level'""}"," {'""max'"": 123893.07"," '""min'"": 91818.16"," """"label"""": """"Mid Level""""}"," {'""max'"": 142514.0"," '""min'"": 123893.07"," '""label'"": '""Senior Level'""}]""",1794288000.00,3420336000.00,2607312000.00,VND,"[{'max'"": 2203635915"," '""min'"": 1794288000"," '""label'"": '""Cấp mới vào nghề'""}"," {'""max'"": 2973433637"," '""min'"": 2203635915"," '""label'"": '""Cấp trung cấp'""}"," {'""max'"": 3420336000"," '""min'"": 2973433637"," '""label'"": '""Cấp cao cấp'""}]""",2026-01-27 15:44:54.424881+00
698,Some preparation needed. Usually requires few months to 1 year of construction experience.,Some preparation needed. Usually requires few months to 1 year of construction experience.,High school diploma preferred. Apprenticeship or technical training often required.,High school diploma preferred. Apprenticeship or technical training often required.,40382.00,147070.00,93726.00,USD,"[{""max"""": 76711.23"," '""min'"": 40382.0"," '""label'"": '""Entry Level'""}"," {'""max'"": 120307.51"," '""min'"": 76711.23"," """"label"""": """"Mid Level""""}"," {'""max'"": 147070.0"," '""min'"": 120307.51"," '""label'"": '""Senior Level'""}]""",969168000.00,3529680000.00,2249424000.00,VND,"[{'max'"": 1841069427"," '""min'"": 969168000"," '""label'"": '""Cấp mới vào nghề'""}"," {'""max'"": 2887380122"," '""min'"": 1841069427"," '""label'"": '""Cấp trung cấp'""}"," {'""max'"": 3529680000"," '""min'"": 2887380122"," '""label'"": '""Cấp cao cấp'""}]""",2026-01-27 15:44:54.424881+00
699,Some preparation needed. Usually requires few months to 1 year of construction experience.,Some preparation needed. Usually requires few months to 1 year of construction experience.,High school diploma preferred. Apprenticeship or technical training often required.,High school diploma preferred. Apprenticeship or technical training often required.,74465.00,163731.00,119098.00,USD,"[{""max"""": 102696.57"," '""min'"": 74465.0"," '""label'"": '""Entry Level'""}"," {'""max'"": 137391.76"," '""min'"": 102696.57"," """"label"""": """"Mid Level""""}"," {'""max'"": 163731.0"," '""min'"": 137391.76"," '""label'"": '""Senior Level'""}]""",1787160000.00,3929544000.00,2858352000.00,VND,"[{'max'"": 2464717738"," '""min'"": 1787160000"," '""label'"": '""Cấp mới vào nghề'""}"," {'""max'"": 3297402271"," '""min'"": 2464717738"," '""label'"": '""Cấp trung cấp'""}"," {'""max'"": 3929544000"," '""min'"": 3297402271"," '""label'"": '""Cấp cao cấp'""}]""",2026-01-27 15:44:54.424881+00
700,Some preparation needed. Usually requires few months to 1 year of construction experience.,Some preparation needed. Usually requires few months to 1 year of construction experience.,High school diploma preferred. Apprenticeship or technical training often required.,High school diploma preferred. Apprenticeship or technical training often required.,66562.00,130135.00,98348.00,USD,"[{""max"""": 88545.92"," '""min'"": 66562.0"," '""label'"": '""Entry Level'""}"," {'""max'"": 108868.86"," '""min'"": 88545.92"," """"label"""": """"Mid Level""""}"," {'""max'"": 130135.0"," '""min'"": 108868.86"," '""label'"": '""Senior Level'""}]""",1597488000.00,3123240000.00,2360352000.00,VND,"[{'max'"": 2125102184"," '""min'"": 1597488000"," '""label'"": '""Cấp mới vào nghề'""}"," {'""max'"": 2612852527"," '""min'"": 2125102184"," '""label'"": '""Cấp trung cấp'""}"," {'""max'"": 3123240000"," '""min'"": 2612852527"," '""label'"": '""Cấp cao cấp'""}]""",2026-01-27 15:44:54.424881+00
701,Some preparation needed. Usually requires few months to 1 year of construction experience.,Some preparation needed. Usually requires few months to 1 year of construction experience.,High school diploma preferred. Apprenticeship or technical training often required.,High school diploma preferred. Apprenticeship or technical training often required.,78116.00,140596.00,109356.00,USD,"[{""max"""": 95726.61"," '""min'"": 78116.0"," '""label'"": '""Entry Level'""}"," {'""max'"": 120227.57"," '""min'"": 95726.61"," """"label"""": """"Mid Level""""}"," {'""max'"": 140596.0"," '""min'"": 120227.57"," '""label'"": '""Senior Level'""}]""",1874784000.00,3374304000.00,2624544000.00,VND,"[{'max'"": 2297438552"," '""min'"": 1874784000"," '""label'"": '""Cấp mới vào nghề'""}"," {'""max'"": 2885461789"," '""min'"": 2297438552"," '""label'"": '""Cấp trung cấp'""}"," {'""max'"": 3374304000"," '""min'"": 2885461789"," '""label'"": '""Cấp cao cấp'""}]""",2026-01-27 15:44:54.424881+00
702,Some preparation needed. Usually requires few months to 1 year of construction experience.,Some preparation needed. Usually requires few months to 1 year of construction experience.,High school diploma preferred. Apprenticeship or technical training often required.,High school diploma preferred. Apprenticeship or technical training often required.,79012.00,115474.00,97243.00,USD,"[{""max"""": 89255.83"," '""min'"": 79012.0"," '""label'"": '""Entry Level'""}"," {'""max'"": 103956.06"," '""min'"": 89255.83"," """"label"""": """"Mid Level""""}"," {'""max'"": 115474.0"," '""min'"": 103956.06"," '""label'"": '""Senior Level'""}]""",1896288000.00,2771376000.00,2333832000.00,VND,"[{'max'"": 2142139818"," '""min'"": 1896288000"," '""label'"": '""Cấp mới vào nghề'""}"," {'""max'"": 2494945325"," '""min'"": 2142139818"," '""label'"": '""Cấp trung cấp'""}"," {'""max'"": 2771376000"," '""min'"": 2494945325"," '""label'"": '""Cấp cao cấp'""}]""",2026-01-27 15:44:54.424881+00
703,Some preparation needed. Usually requires few months to 1 year of construction experience.,Some preparation needed. Usually requires few months to 1 year of construction experience.,High school diploma preferred. Apprenticeship or technical training often required.,High school diploma preferred. Apprenticeship or technical training often required.,61281.00,193474.00,127377.00,USD,"[{""max"""": 94563.58"," '""min'"": 61281.0"," '""label'"": '""Entry Level'""}"," {'""max'"": 156151.45"," '""min'"": 94563.58"," """"label"""": """"Mid Level""""}"," {'""max'"": 193474.0"," '""min'"": 156151.45"," '""label'"": '""Senior Level'""}]""",1470744000.00,4643376000.00,3057048000.00,VND,"[{'max'"": 2269525811"," '""min'"": 1470744000"," '""label'"": '""Cấp mới vào nghề'""}"," {'""max'"": 3747634767"," '""min'"": 2269525811"," '""label'"": '""Cấp trung cấp'""}"," {'""max'"": 4643376000"," '""min'"": 3747634767"," '""label'"": '""Cấp cao cấp'""}]""",2026-01-27 15:44:54.424881+00
704,Some preparation needed. Usually requires few months to 1 year of construction experience.,Some preparation needed. Usually requires few months to 1 year of construction experience.,High school diploma preferred. Apprenticeship or technical training often required.,High school diploma preferred. Apprenticeship or technical training often required.,70293.00,174076.00,122184.00,USD,"[{""max"""": 106136.03"," '""min'"": 70293.0"," '""label'"": '""Entry Level'""}"," {'""max'"": 145223.68"," '""min'"": 106136.03"," """"label"""": """"Mid Level""""}"," {'""max'"": 174076.0"," '""min'"": 145223.68"," '""label'"": '""Senior Level'""}]""",1687032000.00,4177824000.00,2932416000.00,VND,"[{'max'"": 2547264654"," '""min'"": 1687032000"," '""label'"": '""Cấp mới vào nghề'""}"," {'""max'"": 3485368339"," '""min'"": 2547264654"," '""label'"": '""Cấp trung cấp'""}"," {'""max'"": 4177824000"," '""min'"": 3485368339"," '""label'"": '""Cấp cao cấp'""}]""",2026-01-27 15:44:54.424881+00
705,Some preparation needed. Usually requires few months to 1 year of construction experience.,Some preparation needed. Usually requires few months to 1 year of construction experience.,High school diploma preferred. Apprenticeship or technical training often required.,High school diploma preferred. Apprenticeship or technical training often required.,58439.00,195418.00,126928.00,USD,"[{""max"""": 93022.86"," '""min'"": 58439.0"," '""label'"": '""Entry Level'""}"," {'""max'"": 157479.55"," '""min'"": 93022.86"," """"label"""": """"Mid Level""""}"," {'""max'"": 195418.0"," '""min'"": 157479.55"," '""label'"": '""Senior Level'""}]""",1402536000.00,4690032000.00,3046272000.00,VND,"[{'max'"": 2232548695"," '""min'"": 1402536000"," '""label'"": '""Cấp mới vào nghề'""}"," {'""max'"": 3779509305"," '""min'"": 2232548695"," '""label'"": '""Cấp trung cấp'""}"," {'""max'"": 4690032000"," '""min'"": 3779509305"," '""label'"": '""Cấp cao cấp'""}]""",2026-01-27 15:44:54.424881+00
706,Some preparation needed. Usually requires few months to 1 year of construction experience.,Some preparation needed. Usually requires few months to 1 year of construction experience.,High school diploma preferred. Apprenticeship or technical training often required.,High school diploma preferred. Apprenticeship or technical training often required.,41411.00,168696.00,105053.00,USD,"[{""max"""": 75808.86"," '""min'"": 41411.0"," '""label'"": '""Entry Level'""}"," {'""max'"": 124218.74"," '""min'"": 75808.86"," """"label"""": """"Mid Level""""}"," {'""max'"": 168696.0"," '""min'"": 124218.74"," '""label'"": '""Senior Level'""}]""",993864000.00,4048704000.00,2521272000.00,VND,"[{'max'"": 1819412676"," '""min'"": 993864000"," '""label'"": '""Cấp mới vào nghề'""}"," {'""max'"": 2981249753"," '""min'"": 1819412676"," '""label'"": '""Cấp trung cấp'""}"," {'""max'"": 4048704000"," '""min'"": 2981249753"," '""label'"": '""Cấp cao cấp'""}]""",2026-01-27 15:44:54.424881+00
707,Some preparation needed. Usually requires few months to 1 year of construction experience.,Some preparation needed. Usually requires few months to 1 year of construction experience.,High school diploma preferred. Apprenticeship or technical training often required.,High school diploma preferred. Apprenticeship or technical training often required.,75024.00,193961.00,134492.00,USD,"[{""max"""": 112418.44"," '""min'"": 75024.0"," '""label'"": '""Entry Level'""}"," {'""max'"": 163788.83"," '""min'"": 112418.44"," """"label"""": """"Mid Level""""}"," {'""max'"": 193961.0"," '""min'"": 163788.83"," '""label'"": '""Senior Level'""}]""",1800576000.00,4655064000.00,3227808000.00,VND,"[{'max'"": 2698042562"," '""min'"": 1800576000"," '""label'"": '""Cấp mới vào nghề'""}"," {'""max'"": 3930931977"," '""min'"": 2698042562"," '""label'"": '""Cấp trung cấp'""}"," {'""max'"": 4655064000"," '""min'"": 3930931977"," '""label'"": '""Cấp cao cấp'""}]""",2026-01-27 15:44:54.424881+00
708,Some preparation needed. Usually requires few months to 1 year of construction experience.,Some preparation needed. Usually requires few months to 1 year of construction experience.,High school diploma preferred. Apprenticeship or technical training often required.,High school diploma preferred. Apprenticeship or technical training often required.,70623.00,101476.00,86049.00,USD,"[{""max"""": 81155.14"," '""min'"": 70623.0"," '""label'"": '""Entry Level'""}"," {'""max'"": 93060.19"," '""min'"": 81155.14"," """"label"""": """"Mid Level""""}"," {'""max'"": 101476.0"," '""min'"": 93060.19"," '""label'"": '""Senior Level'""}]""",1694952000.00,2435424000.00,2065176000.00,VND,"[{'max'"": 1947723450"," '""min'"": 1694952000"," '""label'"": '""Cấp mới vào nghề'""}"," {'""max'"": 2233444663"," '""min'"": 1947723450"," '""label'"": '""Cấp trung cấp'""}"," {'""max'"": 2435424000"," '""min'"": 2233444663"," '""label'"": '""Cấp cao cấp'""}]""",2026-01-27 15:44:54.424881+00
709,Some preparation needed. Usually requires few months to 1 year of construction experience.,Some preparation needed. Usually requires few months to 1 year of construction experience.,High school diploma preferred. Apprenticeship or technical training often required.,High school diploma preferred. Apprenticeship or technical training often required.,73905.00,108575.00,91240.00,USD,"[{""max"""": 84145.45"," '""min'"": 73905.0"," '""label'"": '""Entry Level'""}"," {'""max'"": 96645.47"," '""min'"": 84145.45"," """"label"""": """"Mid Level""""}"," {'""max'"": 108575.0"," '""min'"": 96645.47"," '""label'"": '""Senior Level'""}]""",1773720000.00,2605800000.00,2189760000.00,VND,"[{'max'"": 2019490740"," '""min'"": 1773720000"," '""label'"": '""Cấp mới vào nghề'""}"," {'""max'"": 2319491199"," '""min'"": 2019490740"," '""label'"": '""Cấp trung cấp'""}"," {'""max'"": 2605800000"," '""min'"": 2319491199"," '""label'"": '""Cấp cao cấp'""}]""",2026-01-27 15:44:54.424881+00
710,Some preparation needed. Usually requires few months to 1 year of construction experience.,Some preparation needed. Usually requires few months to 1 year of construction experience.,High school diploma preferred. Apprenticeship or technical training often required.,High school diploma preferred. Apprenticeship or technical training often required.,42670.00,148052.00,95361.00,USD,"[{""max"""": 72758.77"," '""min'"": 42670.0"," '""label'"": '""Entry Level'""}"," {'""max'"": 121601.54"," '""min'"": 72758.77"," """"label"""": """"Mid Level""""}"," {'""max'"": 148052.0"," '""min'"": 121601.54"," '""label'"": '""Senior Level'""}]""",1024080000.00,3553248000.00,2288664000.00,VND,"[{'max'"": 1746210462"," '""min'"": 1024080000"," '""label'"": '""Cấp mới vào nghề'""}"," {'""max'"": 2918436880"," '""min'"": 1746210462"," '""label'"": '""Cấp trung cấp'""}"," {'""max'"": 3553248000"," '""min'"": 2918436880"," '""label'"": '""Cấp cao cấp'""}]""",2026-01-27 15:44:54.424881+00
711,Some preparation needed. Usually requires few months to 1 year of construction experience.,Some preparation needed. Usually requires few months to 1 year of construction experience.,High school diploma preferred. Apprenticeship or technical training often required.,High school diploma preferred. Apprenticeship or technical training often required.,58449.00,138562.00,98505.00,USD,"[{""max"""": 85269.0"," '""min'"": 58449.0"," '""label'"": '""Entry Level'""}"," {'""max'"": 112661.92"," '""min'"": 85269.0"," """"label"""": """"Mid Level""""}"," {'""max'"": 138562.0"," '""min'"": 112661.92"," '""label'"": '""Senior Level'""}]""",1402776000.00,3325488000.00,2364120000.00,VND,"[{'max'"": 2046455966"," '""min'"": 1402776000"," '""label'"": '""Cấp mới vào nghề'""}"," {'""max'"": 2703886135"," '""min'"": 2046455966"," '""label'"": '""Cấp trung cấp'""}"," {'""max'"": 3325488000"," '""min'"": 2703886135"," '""label'"": '""Cấp cao cấp'""}]""",2026-01-27 15:44:54.424881+00
712,Some preparation needed. Usually requires few months to 1 year of construction experience.,Some preparation needed. Usually requires few months to 1 year of construction experience.,High school diploma preferred. Apprenticeship or technical training often required.,High school diploma preferred. Apprenticeship or technical training often required.,53560.00,110086.00,81823.00,USD,"[{""max"""": 72505.52"," '""min'"": 53560.0"," '""label'"": '""Entry Level'""}"," {'""max'"": 95395.02"," '""min'"": 72505.52"," """"label"""": """"Mid Level""""}"," {'""max'"": 110086.0"," '""min'"": 95395.02"," '""label'"": '""Senior Level'""}]""",1285440000.00,2642064000.00,1963752000.00,VND,"[{'max'"": 1740132439"," '""min'"": 1285440000"," '""label'"": '""Cấp mới vào nghề'""}"," {'""max'"": 2289480423"," '""min'"": 1740132439"," '""label'"": '""Cấp trung cấp'""}"," {'""max'"": 2642064000"," '""min'"": 2289480423"," '""label'"": '""Cấp cao cấp'""}]""",2026-01-27 15:44:54.424881+00
713,Some preparation needed. Usually requires few months to 1 year of construction experience.,Some preparation needed. Usually requires few months to 1 year of construction experience.,High school diploma preferred. Apprenticeship or technical training often required.,High school diploma preferred. Apprenticeship or technical training often required.,69207.00,172808.00,121007.00,USD,"[{""max"""": 97025.0"," '""min'"": 69207.0"," '""label'"": '""Entry Level'""}"," {'""max'"": 136979.62"," '""min'"": 97025.0"," """"label"""": """"Mid Level""""}"," {'""max'"": 172808.0"," '""min'"": 136979.62"," '""label'"": '""Senior Level'""}]""",1660968000.00,4147392000.00,2904168000.00,VND,"[{'max'"": 2328599889"," '""min'"": 1660968000"," '""label'"": '""Cấp mới vào nghề'""}"," {'""max'"": 3287510880"," '""min'"": 2328599889"," '""label'"": '""Cấp trung cấp'""}"," {'""max'"": 4147392000"," '""min'"": 3287510880"," '""label'"": '""Cấp cao cấp'""}]""",2026-01-27 15:44:54.424881+00
714,Some preparation needed. Usually requires few months to 1 year of construction experience.,Some preparation needed. Usually requires few months to 1 year of construction experience.,High school diploma preferred. Apprenticeship or technical training often required.,High school diploma preferred. Apprenticeship or technical training often required.,44909.00,135587.00,90248.00,USD,"[{""max"""": 73169.97"," '""min'"": 44909.0"," '""label'"": '""Entry Level'""}"," {'""max'"": 112281.7"," '""min'"": 73169.97"," """"label"""": """"Mid Level""""}"," {'""max'"": 135587.0"," '""min'"": 112281.7"," '""label'"": '""Senior Level'""}]""",1077816000.00,3254088000.00,2165952000.00,VND,"[{'max'"": 1756079243"," '""min'"": 1077816000"," '""label'"": '""Cấp mới vào nghề'""}"," {'""max'"": 2694760785"," '""min'"": 1756079243"," '""label'"": '""Cấp trung cấp'""}"," {'""max'"": 3254088000"," '""min'"": 2694760785"," '""label'"": '""Cấp cao cấp'""}]""",2026-01-27 15:44:54.424881+00
715,Some preparation needed. Usually requires few months to 1 year of construction experience.,Some preparation needed. Usually requires few months to 1 year of construction experience.,High school diploma preferred. Apprenticeship or technical training often required.,High school diploma preferred. Apprenticeship or technical training often required.,69861.00,132067.00,100964.00,USD,"[{""max"""": 86490.83"," '""min'"": 69861.0"," '""label'"": '""Entry Level'""}"," {'""max'"": 112293.5"," '""min'"": 86490.83"," """"label"""": """"Mid Level""""}"," {'""max'"": 132067.0"," '""min'"": 112293.5"," '""label'"": '""Senior Level'""}]""",1676664000.00,3169608000.00,2423136000.00,VND,"[{'max'"": 2075779983"," '""min'"": 1676664000"," '""label'"": '""Cấp mới vào nghề'""}"," {'""max'"": 2695043957"," '""min'"": 2075779983"," '""label'"": '""Cấp trung cấp'""}"," {'""max'"": 3169608000"," '""min'"": 2695043957"," '""label'"": '""Cấp cao cấp'""}]""",2026-01-27 15:44:54.424881+00
716,Some preparation needed. Usually requires few months to 1 year of construction experience.,Some preparation needed. Usually requires few months to 1 year of construction experience.,High school diploma preferred. Apprenticeship or technical training often required.,High school diploma preferred. Apprenticeship or technical training often required.,55054.00,131429.00,93241.00,USD,"[{""max"""": 81301.2"," '""min'"": 55054.0"," '""label'"": '""Entry Level'""}"," {'""max'"": 106562.21"," '""min'"": 81301.2"," """"label"""": """"Mid Level""""}"," {'""max'"": 131429.0"," '""min'"": 106562.21"," '""label'"": '""Senior Level'""}]""",1321296000.00,3154296000.00,2237784000.00,VND,"[{'max'"": 1951228764"," '""min'"": 1321296000"," '""label'"": '""Cấp mới vào nghề'""}"," {'""max'"": 2557493140"," '""min'"": 1951228764"," '""label'"": '""Cấp trung cấp'""}"," {'""max'"": 3154296000"," '""min'"": 2557493140"," '""label'"": '""Cấp cao cấp'""}]""",2026-01-27 15:44:54.424881+00
717,Some preparation needed. Usually requires few months to 1 year of construction experience.,Some preparation needed. Usually requires few months to 1 year of construction experience.,High school diploma preferred. Apprenticeship or technical training often required.,High school diploma preferred. Apprenticeship or technical training often required.,54443.00,151424.00,102933.00,USD,"[{""max"""": 85317.22"," '""min'"": 54443.0"," '""label'"": '""Entry Level'""}"," {'""max'"": 123527.54"," '""min'"": 85317.22"," """"label"""": """"Mid Level""""}"," {'""max'"": 151424.0"," '""min'"": 123527.54"," '""label'"": '""Senior Level'""}]""",1306632000.00,3634176000.00,2470392000.00,VND,"[{'max'"": 2047613230"," '""min'"": 1306632000"," '""label'"": '""Cấp mới vào nghề'""}"," {'""max'"": 2964661075"," '""min'"": 2047613230"," '""label'"": '""Cấp trung cấp'""}"," {'""max'"": 3634176000"," '""min'"": 2964661075"," '""label'"": '""Cấp cao cấp'""}]""",2026-01-27 15:44:54.424881+00
718,Some preparation needed. Usually requires few months to 1 year of construction experience.,Some preparation needed. Usually requires few months to 1 year of construction experience.,High school diploma preferred. Apprenticeship or technical training often required.,High school diploma preferred. Apprenticeship or technical training often required.,41842.00,145201.00,93521.00,USD,"[{""max"""": 67785.2"," '""min'"": 41842.0"," '""label'"": '""Entry Level'""}"," {'""max'"": 109768.47"," '""min'"": 67785.2"," """"label"""": """"Mid Level""""}"," {'""max'"": 145201.0"," '""min'"": 109768.47"," '""label'"": '""Senior Level'""}]""",1004208000.00,3484824000.00,2244504000.00,VND,"[{'max'"": 1626844733"," '""min'"": 1004208000"," '""label'"": '""Cấp mới vào nghề'""}"," {'""max'"": 2634443247"," '""min'"": 1626844733"," '""label'"": '""Cấp trung cấp'""}"," {'""max'"": 3484824000"," '""min'"": 2634443247"," '""label'"": '""Cấp cao cấp'""}]""",2026-01-27 15:44:54.424881+00
719,Some preparation needed. Usually requires few months to 1 year of construction experience.,Some preparation needed. Usually requires few months to 1 year of construction experience.,High school diploma preferred. Apprenticeship or technical training often required.,High school diploma preferred. Apprenticeship or technical training often required.,59062.00,137809.00,98435.00,USD,"[{""max"""": 82102.45"," '""min'"": 59062.0"," '""label'"": '""Entry Level'""}"," {'""max'"": 113472.17"," '""min'"": 82102.45"," """"label"""": """"Mid Level""""}"," {'""max'"": 137809.0"," '""min'"": 113472.17"," '""label'"": '""Senior Level'""}]""",1417488000.00,3307416000.00,2362440000.00,VND,"[{'max'"": 1970458762"," '""min'"": 1417488000"," '""label'"": '""Cấp mới vào nghề'""}"," {'""max'"": 2723332061"," '""min'"": 1970458762"," '""label'"": '""Cấp trung cấp'""}"," {'""max'"": 3307416000"," '""min'"": 2723332061"," '""label'"": '""Cấp cao cấp'""}]""",2026-01-27 15:44:54.424881+00
720,Some preparation needed. Usually requires few months to 1 year of construction experience.,Some preparation needed. Usually requires few months to 1 year of construction experience.,High school diploma preferred. Apprenticeship or technical training often required.,High school diploma preferred. Apprenticeship or technical training often required.,41772.00,115378.00,78575.00,USD,"[{""max"""": 65326.26"," '""min'"": 41772.0"," '""label'"": '""Entry Level'""}"," {'""max'"": 92723.12"," '""min'"": 65326.26"," """"label"""": """"Mid Level""""}"," {'""max'"": 115378.0"," '""min'"": 92723.12"," '""label'"": '""Senior Level'""}]""",1002528000.00,2769072000.00,1885800000.00,VND,"[{'max'"": 1567830261"," '""min'"": 1002528000"," '""label'"": '""Cấp mới vào nghề'""}"," {'""max'"": 2225354812"," '""min'"": 1567830261"," '""label'"": '""Cấp trung cấp'""}"," {'""max'"": 2769072000"," '""min'"": 2225354812"," '""label'"": '""Cấp cao cấp'""}]""",2026-01-27 15:44:54.424881+00
721,Some preparation needed. Usually requires few months to 1 year of construction experience.,Some preparation needed. Usually requires few months to 1 year of construction experience.,High school diploma preferred. Apprenticeship or technical training often required.,High school diploma preferred. Apprenticeship or technical training often required.,64517.00,108173.00,86345.00,USD,"[{""max"""": 75892.43"," '""min'"": 64517.0"," '""label'"": '""Entry Level'""}"," {'""max'"": 96284.89"," '""min'"": 75892.43"," """"label"""": """"Mid Level""""}"," {'""max'"": 108173.0"," '""min'"": 96284.89"," '""label'"": '""Senior Level'""}]""",1548408000.00,2596152000.00,2072280000.00,VND,"[{'max'"": 1821418274"," '""min'"": 1548408000"," '""label'"": '""Cấp mới vào nghề'""}"," {'""max'"": 2310837307"," '""min'"": 1821418274"," '""label'"": '""Cấp trung cấp'""}"," {'""max'"": 2596152000"," '""min'"": 2310837307"," '""label'"": '""Cấp cao cấp'""}]""",2026-01-27 15:44:54.424881+00
722,Some preparation needed. Usually requires few months to 1 year of construction experience.,Some preparation needed. Usually requires few months to 1 year of construction experience.,High school diploma preferred. Apprenticeship or technical training often required.,High school diploma preferred. Apprenticeship or technical training often required.,56210.00,191689.00,123949.00,USD,"[{""max"""": 91947.1"," '""min'"": 56210.0"," '""label'"": '""Entry Level'""}"," {'""max'"": 147588.04"," '""min'"": 91947.1"," """"label"""": """"Mid Level""""}"," {'""max'"": 191689.0"," '""min'"": 147588.04"," '""label'"": '""Senior Level'""}]""",1349040000.00,4600536000.00,2974776000.00,VND,"[{'max'"": 2206730280"," '""min'"": 1349040000"," '""label'"": '""Cấp mới vào nghề'""}"," {'""max'"": 3542113040"," '""min'"": 2206730280"," '""label'"": '""Cấp trung cấp'""}"," {'""max'"": 4600536000"," '""min'"": 3542113040"," '""label'"": '""Cấp cao cấp'""}]""",2026-01-27 15:44:54.424881+00
723,Some preparation needed. Usually requires few months to 1 year of construction experience.,Some preparation needed. Usually requires few months to 1 year of construction experience.,High school diploma preferred. Apprenticeship or technical training often required.,High school diploma preferred. Apprenticeship or technical training often required.,71909.00,192341.00,132125.00,USD,"[{""max"""": 108657.66"," '""min'"": 71909.0"," '""label'"": '""Entry Level'""}"," {'""max'"": 150266.09"," '""min'"": 108657.66"," """"label"""": """"Mid Level""""}"," {'""max'"": 192341.0"," '""min'"": 150266.09"," '""label'"": '""Senior Level'""}]""",1725816000.00,4616184000.00,3171000000.00,VND,"[{'max'"": 2607783795"," '""min'"": 1725816000"," '""label'"": '""Cấp mới vào nghề'""}"," {'""max'"": 3606386254"," '""min'"": 2607783795"," '""label'"": '""Cấp trung cấp'""}"," {'""max'"": 4616184000"," '""min'"": 3606386254"," '""label'"": '""Cấp cao cấp'""}]""",2026-01-27 15:44:54.424881+00
724,Some preparation needed. Usually requires few months to 1 year of construction experience.,Some preparation needed. Usually requires few months to 1 year of construction experience.,High school diploma preferred. Apprenticeship or technical training often required.,High school diploma preferred. Apprenticeship or technical training often required.,44846.00,182042.00,113444.00,USD,"[{""max"""": 86663.11"," '""min'"": 44846.0"," '""label'"": '""Entry Level'""}"," {'""max'"": 145524.18"," '""min'"": 86663.11"," """"label"""": """"Mid Level""""}"," {'""max'"": 182042.0"," '""min'"": 145524.18"," '""label'"": '""Senior Level'""}]""",1076304000.00,4369008000.00,2722656000.00,VND,"[{'max'"": 2079914697"," '""min'"": 1076304000"," '""label'"": '""Cấp mới vào nghề'""}"," {'""max'"": 3492580435"," '""min'"": 2079914697"," '""label'"": '""Cấp trung cấp'""}"," {'""max'"": 4369008000"," '""min'"": 3492580435"," '""label'"": '""Cấp cao cấp'""}]""",2026-01-27 15:44:54.424881+00
725,Some preparation needed. Usually requires few months to 1 year of construction experience.,Some preparation needed. Usually requires few months to 1 year of construction experience.,High school diploma preferred. Apprenticeship or technical training often required.,High school diploma preferred. Apprenticeship or technical training often required.,47528.00,116733.00,82130.00,USD,"[{""max"""": 67441.76"," '""min'"": 47528.0"," '""label'"": '""Entry Level'""}"," {'""max'"": 95726.28"," '""min'"": 67441.76"," """"label"""": """"Mid Level""""}"," {'""max'"": 116733.0"," '""min'"": 95726.28"," '""label'"": '""Senior Level'""}]""",1140672000.00,2801592000.00,1971120000.00,VND,"[{'max'"": 1618602271"," '""min'"": 1140672000"," '""label'"": '""Cấp mới vào nghề'""}"," {'""max'"": 2297430725"," '""min'"": 1618602271"," '""label'"": '""Cấp trung cấp'""}"," {'""max'"": 2801592000"," '""min'"": 2297430725"," '""label'"": '""Cấp cao cấp'""}]""",2026-01-27 15:44:54.424881+00
726,Some preparation needed. Usually requires few months to 1 year of construction experience.,Some preparation needed. Usually requires few months to 1 year of construction experience.,High school diploma preferred. Apprenticeship or technical training often required.,High school diploma preferred. Apprenticeship or technical training often required.,56668.00,140310.00,98489.00,USD,"[{""max"""": 84674.38"," '""min'"": 56668.0"," '""label'"": '""Entry Level'""}"," {'""max'"": 117622.37"," '""min'"": 84674.38"," """"label"""": """"Mid Level""""}"," {'""max'"": 140310.0"," '""min'"": 117622.37"," '""label'"": '""Senior Level'""}]""",1360032000.00,3367440000.00,2363736000.00,VND,"[{'max'"": 2032185114"," '""min'"": 1360032000"," '""label'"": '""Cấp mới vào nghề'""}"," {'""max'"": 2822936860"," '""min'"": 2032185114"," '""label'"": '""Cấp trung cấp'""}"," {'""max'"": 3367440000"," '""min'"": 2822936860"," '""label'"": '""Cấp cao cấp'""}]""",2026-01-27 15:44:54.424881+00
727,Some preparation needed. Usually requires few months to 1 year of construction experience.,Some preparation needed. Usually requires few months to 1 year of construction experience.,High school diploma preferred. Apprenticeship or technical training often required.,High school diploma preferred. Apprenticeship or technical training often required.,63846.00,151801.00,107823.00,USD,"[{""max"""": 89457.63"," '""min'"": 63846.0"," '""label'"": '""Entry Level'""}"," {'""max'"": 126432.33"," '""min'"": 89457.63"," """"label"""": """"Mid Level""""}"," {'""max'"": 151801.0"," '""min'"": 126432.33"," '""label'"": '""Senior Level'""}]""",1532304000.00,3643224000.00,2587752000.00,VND,"[{'max'"": 2146983221"," '""min'"": 1532304000"," '""label'"": '""Cấp mới vào nghề'""}"," {'""max'"": 3034376035"," '""min'"": 2146983221"," '""label'"": '""Cấp trung cấp'""}"," {'""max'"": 3643224000"," '""min'"": 3034376035"," '""label'"": '""Cấp cao cấp'""}]""",2026-01-27 15:44:54.424881+00
728,Some preparation needed. Usually requires few months to 1 year of construction experience.,Some preparation needed. Usually requires few months to 1 year of construction experience.,High school diploma preferred. Apprenticeship or technical training often required.,High school diploma preferred. Apprenticeship or technical training often required.,69097.00,168248.00,118672.00,USD,"[{""max"""": 95132.36"," '""min'"": 69097.0"," '""label'"": '""Entry Level'""}"," {'""max'"": 143228.02"," '""min'"": 95132.36"," """"label"""": """"Mid Level""""}"," {'""max'"": 168248.0"," '""min'"": 143228.02"," '""label'"": '""Senior Level'""}]""",1658328000.00,4037952000.00,2848128000.00,VND,"[{'max'"": 2283176599"," '""min'"": 1658328000"," '""label'"": '""Cấp mới vào nghề'""}"," {'""max'"": 3437472412"," '""min'"": 2283176599"," '""label'"": '""Cấp trung cấp'""}"," {'""max'"": 4037952000"," '""min'"": 3437472412"," '""label'"": '""Cấp cao cấp'""}]""",2026-01-27 15:44:54.424881+00
729,Some preparation needed. Usually requires few months to 1 year of construction experience.,Some preparation needed. Usually requires few months to 1 year of construction experience.,High school diploma preferred. Apprenticeship or technical training often required.,High school diploma preferred. Apprenticeship or technical training often required.,64937.00,179215.00,122076.00,USD,"[{""max"""": 98891.78"," '""min'"": 64937.0"," '""label'"": '""Entry Level'""}"," {'""max'"": 148898.71"," '""min'"": 98891.78"," """"label"""": """"Mid Level""""}"," {'""max'"": 179215.0"," '""min'"": 148898.71"," '""label'"": '""Senior Level'""}]""",1558488000.00,4301160000.00,2929824000.00,VND,"[{'max'"": 2373402715"," '""min'"": 1558488000"," '""label'"": '""Cấp mới vào nghề'""}"," {'""max'"": 3573569057"," '""min'"": 2373402715"," '""label'"": '""Cấp trung cấp'""}"," {'""max'"": 4301160000"," '""min'"": 3573569057"," '""label'"": '""Cấp cao cấp'""}]""",2026-01-27 15:44:54.424881+00
730,Some preparation needed. Usually requires few months to 1 year of construction experience.,Some preparation needed. Usually requires few months to 1 year of construction experience.,High school diploma preferred. Apprenticeship or technical training often required.,High school diploma preferred. Apprenticeship or technical training often required.,71434.00,113717.00,92575.00,USD,"[{""max"""": 82129.68"," '""min'"": 71434.0"," '""label'"": '""Entry Level'""}"," {'""max'"": 102643.99"," '""min'"": 82129.68"," """"label"""": """"Mid Level""""}"," {'""max'"": 113717.0"," '""min'"": 102643.99"," '""label'"": '""Senior Level'""}]""",1714416000.00,2729208000.00,2221800000.00,VND,"[{'max'"": 1971112383"," '""min'"": 1714416000"," '""label'"": '""Cấp mới vào nghề'""}"," {'""max'"": 2463455756"," '""min'"": 1971112383"," '""label'"": '""Cấp trung cấp'""}"," {'""max'"": 2729208000"," '""min'"": 2463455756"," '""label'"": '""Cấp cao cấp'""}]""",2026-01-27 15:44:54.424881+00
731,Some preparation needed. Usually requires few months to 1 year of construction experience.,Some preparation needed. Usually requires few months to 1 year of construction experience.,High school diploma preferred. Apprenticeship or technical training often required.,High school diploma preferred. Apprenticeship or technical training often required.,43474.00,138141.00,90807.00,USD,"[{""max"""": 67553.44"," '""min'"": 43474.0"," '""label'"": '""Entry Level'""}"," {'""max'"": 112152.76"," '""min'"": 67553.44"," """"label"""": """"Mid Level""""}"," {'""max'"": 138141.0"," '""min'"": 112152.76"," '""label'"": '""Senior Level'""}]""",1043376000.00,3315384000.00,2179368000.00,VND,"[{'max'"": 1621282545"," '""min'"": 1043376000"," '""label'"": '""Cấp mới vào nghề'""}"," {'""max'"": 2691666178"," '""min'"": 1621282545"," '""label'"": '""Cấp trung cấp'""}"," {'""max'"": 3315384000"," '""min'"": 2691666178"," '""label'"": '""Cấp cao cấp'""}]""",2026-01-27 15:44:54.424881+00
732,Some preparation needed. Usually requires few months to 1 year of construction experience.,Some preparation needed. Usually requires few months to 1 year of construction experience.,High school diploma preferred. Apprenticeship or technical training often required.,High school diploma preferred. Apprenticeship or technical training often required.,44077.00,131190.00,87633.00,USD,"[{""max"""": 68434.67"," '""min'"": 44077.0"," '""label'"": '""Entry Level'""}"," {'""max'"": 101572.59"," '""min'"": 68434.67"," """"label"""": """"Mid Level""""}"," {'""max'"": 131190.0"," '""min'"": 101572.59"," '""label'"": '""Senior Level'""}]""",1057848000.00,3148560000.00,2103192000.00,VND,"[{'max'"": 1642432185"," '""min'"": 1057848000"," '""label'"": '""Cấp mới vào nghề'""}"," {'""max'"": 2437742173"," '""min'"": 1642432185"," '""label'"": '""Cấp trung cấp'""}"," {'""max'"": 3148560000"," '""min'"": 2437742173"," '""label'"": '""Cấp cao cấp'""}]""",2026-01-27 15:44:54.424881+00
733,Some preparation needed. Usually requires few months to 1 year of construction experience.,Some preparation needed. Usually requires few months to 1 year of construction experience.,High school diploma preferred. Apprenticeship or technical training often required.,High school diploma preferred. Apprenticeship or technical training often required.,42045.00,176276.00,109160.00,USD,"[{""max"""": 86858.48"," '""min'"": 42045.0"," '""label'"": '""Entry Level'""}"," {'""max'"": 137034.63"," '""min'"": 86858.48"," """"label"""": """"Mid Level""""}"," {'""max'"": 176276.0"," '""min'"": 137034.63"," '""label'"": '""Senior Level'""}]""",1009080000.00,4230624000.00,2619840000.00,VND,"[{'max'"": 2084603544"," '""min'"": 1009080000"," '""label'"": '""Cấp mới vào nghề'""}"," {'""max'"": 3288831194"," '""min'"": 2084603544"," '""label'"": '""Cấp trung cấp'""}"," {'""max'"": 4230624000"," '""min'"": 3288831194"," '""label'"": '""Cấp cao cấp'""}]""",2026-01-27 15:44:54.424881+00
734,Some preparation needed. Usually requires few months to 1 year of construction experience.,Some preparation needed. Usually requires few months to 1 year of construction experience.,High school diploma preferred. Apprenticeship or technical training often required.,High school diploma preferred. Apprenticeship or technical training often required.,55691.00,165697.00,110694.00,USD,"[{""max"""": 91583.52"," '""min'"": 55691.0"," '""label'"": '""Entry Level'""}"," {'""max'"": 130140.83"," '""min'"": 91583.52"," """"label"""": """"Mid Level""""}"," {'""max'"": 165697.0"," '""min'"": 130140.83"," '""label'"": '""Senior Level'""}]""",1336584000.00,3976728000.00,2656656000.00,VND,"[{'max'"": 2198004398"," '""min'"": 1336584000"," '""label'"": '""Cấp mới vào nghề'""}"," {'""max'"": 3123379882"," '""min'"": 2198004398"," '""label'"": '""Cấp trung cấp'""}"," {'""max'"": 3976728000"," '""min'"": 3123379882"," '""label'"": '""Cấp cao cấp'""}]""",2026-01-27 15:44:54.424881+00
735,Some preparation needed. Usually requires few months to 1 year of construction experience.,Some preparation needed. Usually requires few months to 1 year of construction experience.,High school diploma preferred. Apprenticeship or technical training often required.,High school diploma preferred. Apprenticeship or technical training often required.,50679.00,125104.00,87891.00,USD,"[{""max"""": 73528.12"," '""min'"": 50679.0"," '""label'"": '""Entry Level'""}"," {'""max'"": 105488.62"," '""min'"": 73528.12"," """"label"""": """"Mid Level""""}"," {'""max'"": 125104.0"," '""min'"": 105488.62"," '""label'"": '""Senior Level'""}]""",1216296000.00,3002496000.00,2109384000.00,VND,"[{'max'"": 1764674845"," '""min'"": 1216296000"," '""label'"": '""Cấp mới vào nghề'""}"," {'""max'"": 2531726771"," '""min'"": 1764674845"," '""label'"": '""Cấp trung cấp'""}"," {'""max'"": 3002496000"," '""min'"": 2531726771"," '""label'"": '""Cấp cao cấp'""}]""",2026-01-27 15:44:54.424881+00
736,Some preparation needed. Usually requires few months to 1 year of construction experience.,Some preparation needed. Usually requires few months to 1 year of construction experience.,High school diploma preferred. Apprenticeship or technical training often required.,High school diploma preferred. Apprenticeship or technical training often required.,47205.00,126154.00,86679.00,USD,"[{""max"""": 70665.59"," '""min'"": 47205.0"," '""label'"": '""Entry Level'""}"," {'""max'"": 105216.45"," '""min'"": 70665.59"," """"label"""": """"Mid Level""""}"," {'""max'"": 126154.0"," '""min'"": 105216.45"," '""label'"": '""Senior Level'""}]""",1132920000.00,3027696000.00,2080296000.00,VND,"[{'max'"": 1695974167"," '""min'"": 1132920000"," '""label'"": '""Cấp mới vào nghề'""}"," {'""max'"": 2525194873"," '""min'"": 1695974167"," '""label'"": '""Cấp trung cấp'""}"," {'""max'"": 3027696000"," '""min'"": 2525194873"," '""label'"": '""Cấp cao cấp'""}]""",2026-01-27 15:44:54.424881+00
737,Some preparation needed. Usually requires few months to 1 year of construction experience.,Some preparation needed. Usually requires few months to 1 year of construction experience.,High school diploma preferred. Apprenticeship or technical training often required.,High school diploma preferred. Apprenticeship or technical training often required.,70388.00,163521.00,116954.00,USD,"[{""max"""": 94214.77"," '""min'"": 70388.0"," '""label'"": '""Entry Level'""}"," {'""max'"": 139840.29"," '""min'"": 94214.77"," """"label"""": """"Mid Level""""}"," {'""max'"": 163521.0"," '""min'"": 139840.29"," '""label'"": '""Senior Level'""}]""",1689312000.00,3924504000.00,2806896000.00,VND,"[{'max'"": 2261154560"," '""min'"": 1689312000"," '""label'"": '""Cấp mới vào nghề'""}"," {'""max'"": 3356166888"," '""min'"": 2261154560"," '""label'"": '""Cấp trung cấp'""}"," {'""max'"": 3924504000"," '""min'"": 3356166888"," '""label'"": '""Cấp cao cấp'""}]""",2026-01-27 15:44:54.424881+00
738,Some preparation needed. Usually requires few months to 1 year of construction experience.,Some preparation needed. Usually requires few months to 1 year of construction experience.,High school diploma preferred. Apprenticeship or technical training often required.,High school diploma preferred. Apprenticeship or technical training often required.,61871.00,159847.00,110859.00,USD,"[{""max"""": 95849.81"," '""min'"": 61871.0"," '""label'"": '""Entry Level'""}"," {'""max'"": 127585.25"," '""min'"": 95849.81"," """"label"""": """"Mid Level""""}"," {'""max'"": 159847.0"," '""min'"": 127585.25"," '""label'"": '""Senior Level'""}]""",1484904000.00,3836328000.00,2660616000.00,VND,"[{'max'"": 2300395544"," '""min'"": 1484904000"," '""label'"": '""Cấp mới vào nghề'""}"," {'""max'"": 3062046019"," '""min'"": 2300395544"," '""label'"": '""Cấp trung cấp'""}"," {'""max'"": 3836328000"," '""min'"": 3062046019"," '""label'"": '""Cấp cao cấp'""}]""",2026-01-27 15:44:54.424881+00
739,Some preparation needed. Usually requires few months to 1 year of construction experience.,Some preparation needed. Usually requires few months to 1 year of construction experience.,High school diploma preferred. Apprenticeship or technical training often required.,High school diploma preferred. Apprenticeship or technical training often required.,69761.00,105221.00,87491.00,USD,"[{""max"""": 81334.87"," '""min'"": 69761.0"," '""label'"": '""Entry Level'""}"," {'""max'"": 93128.72"," '""min'"": 81334.87"," """"label"""": """"Mid Level""""}"," {'""max'"": 105221.0"," '""min'"": 93128.72"," '""label'"": '""Senior Level'""}]""",1674264000.00,2525304000.00,2099784000.00,VND,"[{'max'"": 1952036940"," '""min'"": 1674264000"," '""label'"": '""Cấp mới vào nghề'""}"," {'""max'"": 2235089166"," '""min'"": 1952036940"," '""label'"": '""Cấp trung cấp'""}"," {'""max'"": 2525304000"," '""min'"": 2235089166"," '""label'"": '""Cấp cao cấp'""}]""",2026-01-27 15:44:54.424881+00
740,Some preparation needed. Usually requires few months to 1 year of construction experience.,Some preparation needed. Usually requires few months to 1 year of construction experience.,High school diploma preferred. Apprenticeship or technical training often required.,High school diploma preferred. Apprenticeship or technical training often required.,69825.00,175875.00,122850.00,USD,"[{""max"""": 104433.26"," '""min'"": 69825.0"," '""label'"": '""Entry Level'""}"," {'""max'"": 143065.37"," '""min'"": 104433.26"," """"label"""": """"Mid Level""""}"," {'""max'"": 175875.0"," '""min'"": 143065.37"," '""label'"": '""Senior Level'""}]""",1675800000.00,4221000000.00,2948400000.00,VND,"[{'max'"": 2506398351"," '""min'"": 1675800000"," '""label'"": '""Cấp mới vào nghề'""}"," {'""max'"": 3433568924"," '""min'"": 2506398351"," '""label'"": '""Cấp trung cấp'""}"," {'""max'"": 4221000000"," '""min'"": 3433568924"," '""label'"": '""Cấp cao cấp'""}]""",2026-01-27 15:44:54.424881+00
741,Some preparation needed. Usually requires few months to 1 year of construction experience.,Some preparation needed. Usually requires few months to 1 year of construction experience.,High school diploma preferred. Apprenticeship or technical training often required.,High school diploma preferred. Apprenticeship or technical training often required.,49386.00,162738.00,106062.00,USD,"[{""max"""": 86336.87"," '""min'"": 49386.0"," '""label'"": '""Entry Level'""}"," {'""max'"": 124673.06"," '""min'"": 86336.87"," """"label"""": """"Mid Level""""}"," {'""max'"": 162738.0"," '""min'"": 124673.06"," '""label'"": '""Senior Level'""}]""",1185264000.00,3905712000.00,2545488000.00,VND,"[{'max'"": 2072084854"," '""min'"": 1185264000"," '""label'"": '""Cấp mới vào nghề'""}"," {'""max'"": 2992153480"," '""min'"": 2072084854"," '""label'"": '""Cấp trung cấp'""}"," {'""max'"": 3905712000"," '""min'"": 2992153480"," '""label'"": '""Cấp cao cấp'""}]""",2026-01-27 15:44:54.424881+00
742,Medium preparation needed. Usually requires 1-2 years of technical training or experience.,Medium preparation needed. Usually requires 1-2 years of technical training or experience.,High school diploma required. Technical training or apprenticeship preferred.,High school diploma required. Technical training or apprenticeship preferred.,76215.00,195019.00,135617.00,USD,"[{""max"""": 108239.26"," '""min'"": 76215.0"," '""label'"": '""Entry Level'""}"," {'""max'"": 160236.74"," '""min'"": 108239.26"," """"label"""": """"Mid Level""""}"," {'""max'"": 195019.0"," '""min'"": 160236.74"," '""label'"": '""Senior Level'""}]""",1829160000.00,4680456000.00,3254808000.00,VND,"[{'max'"": 2597742256"," '""min'"": 1829160000"," '""label'"": '""Cấp mới vào nghề'""}"," {'""max'"": 3845681860"," '""min'"": 2597742256"," '""label'"": '""Cấp trung cấp'""}"," {'""max'"": 4680456000"," '""min'"": 3845681860"," '""label'"": '""Cấp cao cấp'""}]""",2026-01-27 15:44:54.424881+00
743,Medium preparation needed. Usually requires 1-2 years of technical training or experience.,Medium preparation needed. Usually requires 1-2 years of technical training or experience.,High school diploma required. Technical training or apprenticeship preferred.,High school diploma required. Technical training or apprenticeship preferred.,49397.00,115973.00,82685.00,USD,"[{""max"""": 68954.26"," '""min'"": 49397.0"," '""label'"": '""Entry Level'""}"," {'""max'"": 97926.45"," '""min'"": 68954.26"," """"label"""": """"Mid Level""""}"," {'""max'"": 115973.0"," '""min'"": 97926.45"," '""label'"": '""Senior Level'""}]""",1185528000.00,2783352000.00,1984440000.00,VND,"[{'max'"": 1654902267"," '""min'"": 1185528000"," '""label'"": '""Cấp mới vào nghề'""}"," {'""max'"": 2350234825"," '""min'"": 1654902267"," '""label'"": '""Cấp trung cấp'""}"," {'""max'"": 2783352000"," '""min'"": 2350234825"," '""label'"": '""Cấp cao cấp'""}]""",2026-01-27 15:44:54.424881+00
744,Medium preparation needed. Usually requires 1-2 years of technical training or experience.,Medium preparation needed. Usually requires 1-2 years of technical training or experience.,High school diploma required. Technical training or apprenticeship preferred.,High school diploma required. Technical training or apprenticeship preferred.,46817.00,132457.00,89637.00,USD,"[{""max"""": 68702.63"," '""min'"": 46817.0"," '""label'"": '""Entry Level'""}"," {'""max'"": 105845.04"," '""min'"": 68702.63"," """"label"""": """"Mid Level""""}"," {'""max'"": 132457.0"," '""min'"": 105845.04"," '""label'"": '""Senior Level'""}]""",1123608000.00,3178968000.00,2151288000.00,VND,"[{'max'"": 1648863065"," '""min'"": 1123608000"," '""label'"": '""Cấp mới vào nghề'""}"," {'""max'"": 2540280899"," '""min'"": 1648863065"," '""label'"": '""Cấp trung cấp'""}"," {'""max'"": 3178968000"," '""min'"": 2540280899"," '""label'"": '""Cấp cao cấp'""}]""",2026-01-27 15:44:54.424881+00
745,Medium preparation needed. Usually requires 1-2 years of technical training or experience.,Medium preparation needed. Usually requires 1-2 years of technical training or experience.,High school diploma required. Technical training or apprenticeship preferred.,High school diploma required. Technical training or apprenticeship preferred.,55260.00,156946.00,106103.00,USD,"[{""max"""": 90799.07"," '""min'"": 55260.0"," '""label'"": '""Entry Level'""}"," {'""max'"": 129651.29"," '""min'"": 90799.07"," """"label"""": """"Mid Level""""}"," {'""max'"": 156946.0"," '""min'"": 129651.29"," '""label'"": '""Senior Level'""}]""",1326240000.00,3766704000.00,2546472000.00,VND,"[{'max'"": 2179177614"," '""min'"": 1326240000"," '""label'"": '""Cấp mới vào nghề'""}"," {'""max'"": 3111631028"," '""min'"": 2179177614"," '""label'"": '""Cấp trung cấp'""}"," {'""max'"": 3766704000"," '""min'"": 3111631028"," '""label'"": '""Cấp cao cấp'""}]""",2026-01-27 15:44:54.424881+00
746,Medium preparation needed. Usually requires 1-2 years of technical training or experience.,Medium preparation needed. Usually requires 1-2 years of technical training or experience.,High school diploma required. Technical training or apprenticeship preferred.,High school diploma required. Technical training or apprenticeship preferred.,41575.00,186551.00,114063.00,USD,"[{""max"""": 82100.85"," '""min'"": 41575.0"," '""label'"": '""Entry Level'""}"," {'""max'"": 139545.96"," '""min'"": 82100.85"," """"label"""": """"Mid Level""""}"," {'""max'"": 186551.0"," '""min'"": 139545.96"," '""label'"": '""Senior Level'""}]""",997800000.00,4477224000.00,2737512000.00,VND,"[{'max'"": 1970420438"," '""min'"": 997800000"," '""label'"": '""Cấp mới vào nghề'""}"," {'""max'"": 3349102975"," '""min'"": 1970420438"," '""label'"": '""Cấp trung cấp'""}"," {'""max'"": 4477224000"," '""min'"": 3349102975"," '""label'"": '""Cấp cao cấp'""}]""",2026-01-27 15:44:54.424881+00
747,Medium preparation needed. Usually requires 1-2 years of technical training or experience.,Medium preparation needed. Usually requires 1-2 years of technical training or experience.,High school diploma required. Technical training or apprenticeship preferred.,High school diploma required. Technical training or apprenticeship preferred.,72623.00,127208.00,99915.00,USD,"[{""max"""": 89321.49"," '""min'"": 72623.0"," '""label'"": '""Entry Level'""}"," {'""max'"": 111945.89"," '""min'"": 89321.49"," """"label"""": """"Mid Level""""}"," {'""max'"": 127208.0"," '""min'"": 111945.89"," '""label'"": '""Senior Level'""}]""",1742952000.00,3052992000.00,2397960000.00,VND,"[{'max'"": 2143715796"," '""min'"": 1742952000"," '""label'"": '""Cấp mới vào nghề'""}"," {'""max'"": 2686701243"," '""min'"": 2143715796"," '""label'"": '""Cấp trung cấp'""}"," {'""max'"": 3052992000"," '""min'"": 2686701243"," '""label'"": '""Cấp cao cấp'""}]""",2026-01-27 15:44:54.424881+00
748,Medium preparation needed. Usually requires 1-2 years of technical training or experience.,Medium preparation needed. Usually requires 1-2 years of technical training or experience.,High school diploma required. Technical training or apprenticeship preferred.,High school diploma required. Technical training or apprenticeship preferred.,60532.00,183417.00,121974.00,USD,"[{""max"""": 93417.48"," '""min'"": 60532.0"," '""label'"": '""Entry Level'""}"," {'""max'"": 143457.22"," '""min'"": 93417.48"," """"label"""": """"Mid Level""""}"," {'""max'"": 183417.0"," '""min'"": 143457.22"," '""label'"": '""Senior Level'""}]""",1452768000.00,4402008000.00,2927376000.00,VND,"[{'max'"": 2242019599"," '""min'"": 1452768000"," '""label'"": '""Cấp mới vào nghề'""}"," {'""max'"": 3442973345"," '""min'"": 2242019599"," '""label'"": '""Cấp trung cấp'""}"," {'""max'"": 4402008000"," '""min'"": 3442973345"," '""label'"": '""Cấp cao cấp'""}]""",2026-01-27 15:44:54.424881+00
749,Medium preparation needed. Usually requires 1-2 years of technical training or experience.,Medium preparation needed. Usually requires 1-2 years of technical training or experience.,High school diploma required. Technical training or apprenticeship preferred.,High school diploma required. Technical training or apprenticeship preferred.,56063.00,169276.00,112669.00,USD,"[{""max"""": 92337.32"," '""min'"": 56063.0"," '""label'"": '""Entry Level'""}"," {'""max'"": 130869.23"," '""min'"": 92337.32"," """"label"""": """"Mid Level""""}"," {'""max'"": 169276.0"," '""min'"": 130869.23"," '""label'"": '""Senior Level'""}]""",1345512000.00,4062624000.00,2704056000.00,VND,"[{'max'"": 2216095675"," '""min'"": 1345512000"," '""label'"": '""Cấp mới vào nghề'""}"," {'""max'"": 3140861409"," '""min'"": 2216095675"," '""label'"": '""Cấp trung cấp'""}"," {'""max'"": 4062624000"," '""min'"": 3140861409"," '""label'"": '""Cấp cao cấp'""}]""",2026-01-27 15:44:54.424881+00
750,Medium preparation needed. Usually requires 1-2 years of technical training or experience.,Medium preparation needed. Usually requires 1-2 years of technical training or experience.,High school diploma required. Technical training or apprenticeship preferred.,High school diploma required. Technical training or apprenticeship preferred.,67945.00,185107.00,126526.00,USD,"[{""max"""": 102386.63"," '""min'"": 67945.0"," '""label'"": '""Entry Level'""}"," {'""max'"": 149269.17"," '""min'"": 102386.63"," """"label"""": """"Mid Level""""}"," {'""max'"": 185107.0"," '""min'"": 149269.17"," '""label'"": '""Senior Level'""}]""",1630680000.00,4442568000.00,3036624000.00,VND,"[{'max'"": 2457279224"," '""min'"": 1630680000"," '""label'"": '""Cấp mới vào nghề'""}"," {'""max'"": 3582460052"," '""min'"": 2457279224"," '""label'"": '""Cấp trung cấp'""}"," {'""max'"": 4442568000"," '""min'"": 3582460052"," '""label'"": '""Cấp cao cấp'""}]""",2026-01-27 15:44:54.424881+00
751,Medium preparation needed. Usually requires 1-2 years of technical training or experience.,Medium preparation needed. Usually requires 1-2 years of technical training or experience.,High school diploma required. Technical training or apprenticeship preferred.,High school diploma required. Technical training or apprenticeship preferred.,46463.00,135084.00,90773.00,USD,"[{""max"""": 76585.1"," '""min'"": 46463.0"," '""label'"": '""Entry Level'""}"," {'""max'"": 108057.06"," '""min'"": 76585.1"," """"label"""": """"Mid Level""""}"," {'""max'"": 135084.0"," '""min'"": 108057.06"," '""label'"": '""Senior Level'""}]""",1115112000.00,3242016000.00,2178552000.00,VND,"[{'max'"": 1838042513"," '""min'"": 1115112000"," '""label'"": '""Cấp mới vào nghề'""}"," {'""max'"": 2593369464"," '""min'"": 1838042513"," '""label'"": '""Cấp trung cấp'""}"," {'""max'"": 3242016000"," '""min'"": 2593369464"," '""label'"": '""Cấp cao cấp'""}]""",2026-01-27 15:44:54.424881+00
752,Medium preparation needed. Usually requires 1-2 years of technical training or experience.,Medium preparation needed. Usually requires 1-2 years of technical training or experience.,High school diploma required. Technical training or apprenticeship preferred.,High school diploma required. Technical training or apprenticeship preferred.,52769.00,174096.00,113432.00,USD,"[{""max"""": 85665.77"," '""min'"": 52769.0"," '""label'"": '""Entry Level'""}"," {'""max'"": 138691.42"," '""min'"": 85665.77"," """"label"""": """"Mid Level""""}"," {'""max'"": 174096.0"," '""min'"": 138691.42"," '""label'"": '""Senior Level'""}]""",1266456000.00,4178304000.00,2722368000.00,VND,"[{'max'"": 2055978596"," '""min'"": 1266456000"," '""label'"": '""Cấp mới vào nghề'""}"," {'""max'"": 3328594123"," '""min'"": 2055978596"," '""label'"": '""Cấp trung cấp'""}"," {'""max'"": 4178304000"," '""min'"": 3328594123"," '""label'"": '""Cấp cao cấp'""}]""",2026-01-27 15:44:54.424881+00
753,Medium preparation needed. Usually requires 1-2 years of technical training or experience.,Medium preparation needed. Usually requires 1-2 years of technical training or experience.,High school diploma required. Technical training or apprenticeship preferred.,High school diploma required. Technical training or apprenticeship preferred.,76085.00,163200.00,119642.00,USD,"[{""max"""": 106374.33"," '""min'"": 76085.0"," '""label'"": '""Entry Level'""}"," {'""max'"": 134849.3"," '""min'"": 106374.33"," """"label"""": """"Mid Level""""}"," {'""max'"": 163200.0"," '""min'"": 134849.3"," '""label'"": '""Senior Level'""}]""",1826040000.00,3916800000.00,2871408000.00,VND,"[{'max'"": 2552983844"," '""min'"": 1826040000"," '""label'"": '""Cấp mới vào nghề'""}"," {'""max'"": 3236383182"," '""min'"": 2552983844"," '""label'"": '""Cấp trung cấp'""}"," {'""max'"": 3916800000"," '""min'"": 3236383182"," '""label'"": '""Cấp cao cấp'""}]""",2026-01-27 15:44:54.424881+00
754,Medium preparation needed. Usually requires 1-2 years of technical training or experience.,Medium preparation needed. Usually requires 1-2 years of technical training or experience.,High school diploma required. Technical training or apprenticeship preferred.,High school diploma required. Technical training or apprenticeship preferred.,44317.00,165176.00,104746.00,USD,"[{""max"""": 84295.05"," '""min'"": 44317.0"," '""label'"": '""Entry Level'""}"," {'""max'"": 129067.88"," '""min'"": 84295.05"," """"label"""": """"Mid Level""""}"," {'""max'"": 165176.0"," '""min'"": 129067.88"," '""label'"": '""Senior Level'""}]""",1063608000.00,3964224000.00,2513904000.00,VND,"[{'max'"": 2023081205"," '""min'"": 1063608000"," '""label'"": '""Cấp mới vào nghề'""}"," {'""max'"": 3097629137"," '""min'"": 2023081205"," '""label'"": '""Cấp trung cấp'""}"," {'""max'"": 3964224000"," '""min'"": 3097629137"," '""label'"": '""Cấp cao cấp'""}]""",2026-01-27 15:44:54.424881+00
755,Medium preparation needed. Usually requires 1-2 years of technical training or experience.,Medium preparation needed. Usually requires 1-2 years of technical training or experience.,High school diploma required. Technical training or apprenticeship preferred.,High school diploma required. Technical training or apprenticeship preferred.,44534.00,115094.00,79814.00,USD,"[{""max"""": 68385.9"," '""min'"": 44534.0"," '""label'"": '""Entry Level'""}"," {'""max'"": 92916.37"," '""min'"": 68385.9"," """"label"""": """"Mid Level""""}"," {'""max'"": 115094.0"," '""min'"": 92916.37"," '""label'"": '""Senior Level'""}]""",1068816000.00,2762256000.00,1915536000.00,VND,"[{'max'"": 1641261647"," '""min'"": 1068816000"," '""label'"": '""Cấp mới vào nghề'""}"," {'""max'"": 2229992830"," '""min'"": 1641261647"," '""label'"": '""Cấp trung cấp'""}"," {'""max'"": 2762256000"," '""min'"": 2229992830"," '""label'"": '""Cấp cao cấp'""}]""",2026-01-27 15:44:54.424881+00
756,Medium preparation needed. Usually requires 1-2 years of technical training or experience.,Medium preparation needed. Usually requires 1-2 years of technical training or experience.,High school diploma required. Technical training or apprenticeship preferred.,High school diploma required. Technical training or apprenticeship preferred.,62913.00,120516.00,91714.00,USD,"[{""max"""": 78278.94"," '""min'"": 62913.0"," '""label'"": '""Entry Level'""}"," {'""max'"": 102116.71"," '""min'"": 78278.94"," """"label"""": """"Mid Level""""}"," {'""max'"": 120516.0"," '""min'"": 102116.71"," '""label'"": '""Senior Level'""}]""",1509912000.00,2892384000.00,2201136000.00,VND,"[{'max'"": 1878694593"," '""min'"": 1509912000"," '""label'"": '""Cấp mới vào nghề'""}"," {'""max'"": 2450801082"," '""min'"": 1878694593"," '""label'"": '""Cấp trung cấp'""}"," {'""max'"": 2892384000"," '""min'"": 2450801082"," '""label'"": '""Cấp cao cấp'""}]""",2026-01-27 15:44:54.424881+00
757,Medium preparation needed. Usually requires 1-2 years of technical training or experience.,Medium preparation needed. Usually requires 1-2 years of technical training or experience.,High school diploma required. Technical training or apprenticeship preferred.,High school diploma required. Technical training or apprenticeship preferred.,54145.00,177382.00,115763.00,USD,"[{""max"""": 92810.08"," '""min'"": 54145.0"," '""label'"": '""Entry Level'""}"," {'""max'"": 143573.33"," '""min'"": 92810.08"," """"label"""": """"Mid Level""""}"," {'""max'"": 177382.0"," '""min'"": 143573.33"," '""label'"": '""Senior Level'""}]""",1299480000.00,4257168000.00,2778312000.00,VND,"[{'max'"": 2227441842"," '""min'"": 1299480000"," '""label'"": '""Cấp mới vào nghề'""}"," {'""max'"": 3445759938"," '""min'"": 2227441842"," '""label'"": '""Cấp trung cấp'""}"," {'""max'"": 4257168000"," '""min'"": 3445759938"," '""label'"": '""Cấp cao cấp'""}]""",2026-01-27 15:44:54.424881+00
758,Medium preparation needed. Usually requires 1-2 years of technical training or experience.,Medium preparation needed. Usually requires 1-2 years of technical training or experience.,High school diploma required. Technical training or apprenticeship preferred.,High school diploma required. Technical training or apprenticeship preferred.,57639.00,141242.00,99440.00,USD,"[{""max"""": 79704.82"," '""min'"": 57639.0"," '""label'"": '""Entry Level'""}"," {'""max'"": 115264.27"," '""min'"": 79704.82"," """"label"""": """"Mid Level""""}"," {'""max'"": 141242.0"," '""min'"": 115264.27"," '""label'"": '""Senior Level'""}]""",1383336000.00,3389808000.00,2386560000.00,VND,"[{'max'"": 1912915732"," '""min'"": 1383336000"," '""label'"": '""Cấp mới vào nghề'""}"," {'""max'"": 2766342501"," '""min'"": 1912915732"," '""label'"": '""Cấp trung cấp'""}"," {'""max'"": 3389808000"," '""min'"": 2766342501"," '""label'"": '""Cấp cao cấp'""}]""",2026-01-27 15:44:54.424881+00
759,Medium preparation needed. Usually requires 1-2 years of technical training or experience.,Medium preparation needed. Usually requires 1-2 years of technical training or experience.,High school diploma required. Technical training or apprenticeship preferred.,High school diploma required. Technical training or apprenticeship preferred.,58649.00,161275.00,109962.00,USD,"[{""max"""": 87203.42"," '""min'"": 58649.0"," '""label'"": '""Entry Level'""}"," {'""max'"": 129834.39"," '""min'"": 87203.42"," """"label"""": """"Mid Level""""}"," {'""max'"": 161275.0"," '""min'"": 129834.39"," '""label'"": '""Senior Level'""}]""",1407576000.00,3870600000.00,2639088000.00,VND,"[{'max'"": 2092882004"," '""min'"": 1407576000"," '""label'"": '""Cấp mới vào nghề'""}"," {'""max'"": 3116025353"," '""min'"": 2092882004"," '""label'"": '""Cấp trung cấp'""}"," {'""max'"": 3870600000"," '""min'"": 3116025353"," '""label'"": '""Cấp cao cấp'""}]""",2026-01-27 15:44:54.424881+00
760,Medium preparation needed. Usually requires 1-2 years of technical training or experience.,Medium preparation needed. Usually requires 1-2 years of technical training or experience.,High school diploma required. Technical training or apprenticeship preferred.,High school diploma required. Technical training or apprenticeship preferred.,56759.00,157328.00,107043.00,USD,"[{""max"""": 84331.85"," '""min'"": 56759.0"," '""label'"": '""Entry Level'""}"," {'""max'"": 123803.18"," '""min'"": 84331.85"," """"label"""": """"Mid Level""""}"," {'""max'"": 157328.0"," '""min'"": 123803.18"," '""label'"": '""Senior Level'""}]""",1362216000.00,3775872000.00,2569032000.00,VND,"[{'max'"": 2023964305"," '""min'"": 1362216000"," '""label'"": '""Cấp mới vào nghề'""}"," {'""max'"": 2971276288"," '""min'"": 2023964305"," '""label'"": '""Cấp trung cấp'""}"," {'""max'"": 3775872000"," '""min'"": 2971276288"," '""label'"": '""Cấp cao cấp'""}]""",2026-01-27 15:44:54.424881+00
761,Medium preparation needed. Usually requires 1-2 years of technical training or experience.,Medium preparation needed. Usually requires 1-2 years of technical training or experience.,High school diploma required. Technical training or apprenticeship preferred.,High school diploma required. Technical training or apprenticeship preferred.,46746.00,183328.00,115037.00,USD,"[{""max"""": 93342.03"," '""min'"": 46746.0"," '""label'"": '""Entry Level'""}"," {'""max'"": 148462.73"," '""min'"": 93342.03"," """"label"""": """"Mid Level""""}"," {'""max'"": 183328.0"," '""min'"": 148462.73"," '""label'"": '""Senior Level'""}]""",1121904000.00,4399872000.00,2760888000.00,VND,"[{'max'"": 2240208626"," '""min'"": 1121904000"," '""label'"": '""Cấp mới vào nghề'""}"," {'""max'"": 3563105505"," '""min'"": 2240208626"," '""label'"": '""Cấp trung cấp'""}"," {'""max'"": 4399872000"," '""min'"": 3563105505"," '""label'"": '""Cấp cao cấp'""}]""",2026-01-27 15:44:54.424881+00
762,Medium preparation needed. Usually requires 1-2 years of technical training or experience.,Medium preparation needed. Usually requires 1-2 years of technical training or experience.,High school diploma required. Technical training or apprenticeship preferred.,High school diploma required. Technical training or apprenticeship preferred.,73772.00,163401.00,118586.00,USD,"[{""max"""": 103265.22"," '""min'"": 73772.0"," '""label'"": '""Entry Level'""}"," {'""max'"": 136218.44"," '""min'"": 103265.22"," """"label"""": """"Mid Level""""}"," {'""max'"": 163401.0"," '""min'"": 136218.44"," '""label'"": '""Senior Level'""}]""",1770528000.00,3921624000.00,2846064000.00,VND,"[{'max'"": 2478365280"," '""min'"": 1770528000"," '""label'"": '""Cấp mới vào nghề'""}"," {'""max'"": 3269242583"," '""min'"": 2478365280"," '""label'"": '""Cấp trung cấp'""}"," {'""max'"": 3921624000"," '""min'"": 3269242583"," '""label'"": '""Cấp cao cấp'""}]""",2026-01-27 15:44:54.424881+00
763,Medium preparation needed. Usually requires 1-2 years of technical training or experience.,Medium preparation needed. Usually requires 1-2 years of technical training or experience.,High school diploma required. Technical training or apprenticeship preferred.,High school diploma required. Technical training or apprenticeship preferred.,74115.00,128683.00,101399.00,USD,"[{""max"""": 92259.25"," '""min'"": 74115.0"," '""label'"": '""Entry Level'""}"," {'""max'"": 109602.22"," '""min'"": 92259.25"," """"label"""": """"Mid Level""""}"," {'""max'"": 128683.0"," '""min'"": 109602.22"," '""label'"": '""Senior Level'""}]""",1778760000.00,3088392000.00,2433576000.00,VND,"[{'max'"": 2214222041"," '""min'"": 1778760000"," '""label'"": '""Cấp mới vào nghề'""}"," {'""max'"": 2630453337"," '""min'"": 2214222041"," '""label'"": '""Cấp trung cấp'""}"," {'""max'"": 3088392000"," '""min'"": 2630453337"," '""label'"": '""Cấp cao cấp'""}]""",2026-01-27 15:44:54.424881+00
764,Medium preparation needed. Usually requires 1-2 years of technical training or experience.,Medium preparation needed. Usually requires 1-2 years of technical training or experience.,High school diploma required. Technical training or apprenticeship preferred.,High school diploma required. Technical training or apprenticeship preferred.,63028.00,114477.00,88752.00,USD,"[{""max"""": 80306.79"," '""min'"": 63028.0"," '""label'"": '""Entry Level'""}"," {'""max'"": 100012.47"," '""min'"": 80306.79"," """"label"""": """"Mid Level""""}"," {'""max'"": 114477.0"," '""min'"": 100012.47"," '""label'"": '""Senior Level'""}]""",1512672000.00,2747448000.00,2130048000.00,VND,"[{'max'"": 1927362978"," '""min'"": 1512672000"," '""label'"": '""Cấp mới vào nghề'""}"," {'""max'"": 2400299331"," '""min'"": 1927362978"," '""label'"": '""Cấp trung cấp'""}"," {'""max'"": 2747448000"," '""min'"": 2400299331"," '""label'"": '""Cấp cao cấp'""}]""",2026-01-27 15:44:54.424881+00
765,Medium preparation needed. Usually requires 1-2 years of technical training or experience.,Medium preparation needed. Usually requires 1-2 years of technical training or experience.,High school diploma required. Technical training or apprenticeship preferred.,High school diploma required. Technical training or apprenticeship preferred.,47562.00,126102.00,86832.00,USD,"[{""max"""": 71440.92"," '""min'"": 47562.0"," '""label'"": '""Entry Level'""}"," {'""max'"": 99146.03"," '""min'"": 71440.92"," """"label"""": """"Mid Level""""}"," {'""max'"": 126102.0"," '""min'"": 99146.03"," '""label'"": '""Senior Level'""}]""",1141488000.00,3026448000.00,2083968000.00,VND,"[{'max'"": 1714582143"," '""min'"": 1141488000"," '""label'"": '""Cấp mới vào nghề'""}"," {'""max'"": 2379504739"," '""min'"": 1714582143"," '""label'"": '""Cấp trung cấp'""}"," {'""max'"": 3026448000"," '""min'"": 2379504739"," '""label'"": '""Cấp cao cấp'""}]""",2026-01-27 15:44:54.424881+00
766,Medium preparation needed. Usually requires 1-2 years of technical training or experience.,Medium preparation needed. Usually requires 1-2 years of technical training or experience.,High school diploma required. Technical training or apprenticeship preferred.,High school diploma required. Technical training or apprenticeship preferred.,64169.00,117615.00,90892.00,USD,"[{""max"""": 82096.28"," '""min'"": 64169.0"," '""label'"": '""Entry Level'""}"," {'""max'"": 99771.97"," '""min'"": 82096.28"," """"label"""": """"Mid Level""""}"," {'""max'"": 117615.0"," '""min'"": 99771.97"," '""label'"": '""Senior Level'""}]""",1540056000.00,2822760000.00,2181408000.00,VND,"[{'max'"": 1970310755"," '""min'"": 1540056000"," '""label'"": '""Cấp mới vào nghề'""}"," {'""max'"": 2394527399"," '""min'"": 1970310755"," '""label'"": '""Cấp trung cấp'""}"," {'""max'"": 2822760000"," '""min'"": 2394527399"," '""label'"": '""Cấp cao cấp'""}]""",2026-01-27 15:44:54.424881+00
767,Medium preparation needed. Usually requires 1-2 years of technical training or experience.,Medium preparation needed. Usually requires 1-2 years of technical training or experience.,High school diploma required. Technical training or apprenticeship preferred.,High school diploma required. Technical training or apprenticeship preferred.,61426.00,171371.00,116398.00,USD,"[{""max"""": 89684.57"," '""min'"": 61426.0"," '""label'"": '""Entry Level'""}"," {'""max'"": 135426.32"," '""min'"": 89684.57"," """"label"""": """"Mid Level""""}"," {'""max'"": 171371.0"," '""min'"": 135426.32"," '""label'"": '""Senior Level'""}]""",1474224000.00,4112904000.00,2793552000.00,VND,"[{'max'"": 2152429640"," '""min'"": 1474224000"," '""label'"": '""Cấp mới vào nghề'""}"," {'""max'"": 3250231793"," '""min'"": 2152429640"," '""label'"": '""Cấp trung cấp'""}"," {'""max'"": 4112904000"," '""min'"": 3250231793"," '""label'"": '""Cấp cao cấp'""}]""",2026-01-27 15:44:54.424881+00
768,Medium preparation needed. Usually requires 1-2 years of technical training or experience.,Medium preparation needed. Usually requires 1-2 years of technical training or experience.,High school diploma required. Technical training or apprenticeship preferred.,High school diploma required. Technical training or apprenticeship preferred.,77431.00,190231.00,133831.00,USD,"[{""max"""": 111892.85"," '""min'"": 77431.0"," '""label'"": '""Entry Level'""}"," {'""max'"": 154740.49"," '""min'"": 111892.85"," """"label"""": """"Mid Level""""}"," {'""max'"": 190231.0"," '""min'"": 154740.49"," '""label'"": '""Senior Level'""}]""",1858344000.00,4565544000.00,3211944000.00,VND,"[{'max'"": 2685428286"," '""min'"": 1858344000"," '""label'"": '""Cấp mới vào nghề'""}"," {'""max'"": 3713771838"," '""min'"": 2685428286"," '""label'"": '""Cấp trung cấp'""}"," {'""max'"": 4565544000"," '""min'"": 3713771838"," '""label'"": '""Cấp cao cấp'""}]""",2026-01-27 15:44:54.424881+00
769,Medium preparation needed. Usually requires 1-2 years of technical training or experience.,Medium preparation needed. Usually requires 1-2 years of technical training or experience.,High school diploma required. Technical training or apprenticeship preferred.,High school diploma required. Technical training or apprenticeship preferred.,64144.00,150154.00,107149.00,USD,"[{""max"""": 89911.38"," '""min'"": 64144.0"," '""label'"": '""Entry Level'""}"," {'""max'"": 127796.94"," '""min'"": 89911.38"," """"label"""": """"Mid Level""""}"," {'""max'"": 150154.0"," '""min'"": 127796.94"," '""label'"": '""Senior Level'""}]""",1539456000.00,3603696000.00,2571576000.00,VND,"[{'max'"": 2157873082"," '""min'"": 1539456000"," '""label'"": '""Cấp mới vào nghề'""}"," {'""max'"": 3067126536"," '""min'"": 2157873082"," '""label'"": '""Cấp trung cấp'""}"," {'""max'"": 3603696000"," '""min'"": 3067126536"," '""label'"": '""Cấp cao cấp'""}]""",2026-01-27 15:44:54.424881+00
770,Medium preparation needed. Usually requires 1-2 years of technical training or experience.,Medium preparation needed. Usually requires 1-2 years of technical training or experience.,High school diploma required. Technical training or apprenticeship preferred.,High school diploma required. Technical training or apprenticeship preferred.,50864.00,167804.00,109334.00,USD,"[{""max"""": 87842.24"," '""min'"": 50864.0"," '""label'"": '""Entry Level'""}"," {'""max'"": 137345.43"," '""min'"": 87842.24"," """"label"""": """"Mid Level""""}"," {'""max'"": 167804.0"," '""min'"": 137345.43"," '""label'"": '""Senior Level'""}]""",1220736000.00,4027296000.00,2624016000.00,VND,"[{'max'"": 2108213654"," '""min'"": 1220736000"," '""label'"": '""Cấp mới vào nghề'""}"," {'""max'"": 3296290417"," '""min'"": 2108213654"," '""label'"": '""Cấp trung cấp'""}"," {'""max'"": 4027296000"," '""min'"": 3296290417"," '""label'"": '""Cấp cao cấp'""}]""",2026-01-27 15:44:54.424881+00
771,Medium preparation needed. Usually requires 1-2 years of technical training or experience.,Medium preparation needed. Usually requires 1-2 years of technical training or experience.,High school diploma required. Technical training or apprenticeship preferred.,High school diploma required. Technical training or apprenticeship preferred.,46110.00,198275.00,122192.00,USD,"[{""max"""": 90246.9"," '""min'"": 46110.0"," '""label'"": '""Entry Level'""}"," {'""max'"": 146929.86"," '""min'"": 90246.9"," """"label"""": """"Mid Level""""}"," {'""max'"": 198275.0"," '""min'"": 146929.86"," '""label'"": '""Senior Level'""}]""",1106640000.00,4758600000.00,2932608000.00,VND,"[{'max'"": 2165925520"," '""min'"": 1106640000"," '""label'"": '""Cấp mới vào nghề'""}"," {'""max'"": 3526316625"," '""min'"": 2165925520"," '""label'"": '""Cấp trung cấp'""}"," {'""max'"": 4758600000"," '""min'"": 3526316625"," '""label'"": '""Cấp cao cấp'""}]""",2026-01-27 15:44:54.424881+00
772,Medium preparation needed. Usually requires 1-2 years of technical training or experience.,Medium preparation needed. Usually requires 1-2 years of technical training or experience.,High school diploma required. Technical training or apprenticeship preferred.,High school diploma required. Technical training or apprenticeship preferred.,70754.00,138301.00,104527.00,USD,"[{""max"""": 90733.55"," '""min'"": 70754.0"," '""label'"": '""Entry Level'""}"," {'""max'"": 118658.92"," '""min'"": 90733.55"," """"label"""": """"Mid Level""""}"," {'""max'"": 138301.0"," '""min'"": 118658.92"," '""label'"": '""Senior Level'""}]""",1698096000.00,3319224000.00,2508648000.00,VND,"[{'max'"": 2177605122"," '""min'"": 1698096000"," '""label'"": '""Cấp mới vào nghề'""}"," {'""max'"": 2847814038"," '""min'"": 2177605122"," '""label'"": '""Cấp trung cấp'""}"," {'""max'"": 3319224000"," '""min'"": 2847814038"," '""label'"": '""Cấp cao cấp'""}]""",2026-01-27 15:44:54.424881+00
773,Medium preparation needed. Usually requires 1-2 years of technical training or experience.,Medium preparation needed. Usually requires 1-2 years of technical training or experience.,High school diploma required. Technical training or apprenticeship preferred.,High school diploma required. Technical training or apprenticeship preferred.,43028.00,191280.00,117154.00,USD,"[{""max"""": 87676.75"," '""min'"": 43028.0"," '""label'"": '""Entry Level'""}"," {'""max'"": 149170.13"," '""min'"": 87676.75"," """"label"""": """"Mid Level""""}"," {'""max'"": 191280.0"," '""min'"": 149170.13"," '""label'"": '""Senior Level'""}]""",1032672000.00,4590720000.00,2811696000.00,VND,"[{'max'"": 2104242090"," '""min'"": 1032672000"," '""label'"": '""Cấp mới vào nghề'""}"," {'""max'"": 3580083149"," '""min'"": 2104242090"," '""label'"": '""Cấp trung cấp'""}"," {'""max'"": 4590720000"," '""min'"": 3580083149"," '""label'"": '""Cấp cao cấp'""}]""",2026-01-27 15:44:54.424881+00
774,Medium preparation needed. Usually requires 1-2 years of technical training or experience.,Medium preparation needed. Usually requires 1-2 years of technical training or experience.,High school diploma required. Technical training or apprenticeship preferred.,High school diploma required. Technical training or apprenticeship preferred.,69972.00,173847.00,121909.00,USD,"[{""max"""": 104526.61"," '""min'"": 69972.0"," '""label'"": '""Entry Level'""}"," {'""max'"": 137804.55"," '""min'"": 104526.61"," """"label"""": """"Mid Level""""}"," {'""max'"": 173847.0"," '""min'"": 137804.55"," '""label'"": '""Senior Level'""}]""",1679328000.00,4172328000.00,2925816000.00,VND,"[{'max'"": 2508638642"," '""min'"": 1679328000"," '""label'"": '""Cấp mới vào nghề'""}"," {'""max'"": 3307309119"," '""min'"": 2508638642"," '""label'"": '""Cấp trung cấp'""}"," {'""max'"": 4172328000"," '""min'"": 3307309119"," '""label'"": '""Cấp cao cấp'""}]""",2026-01-27 15:44:54.424881+00
775,Medium preparation needed. Usually requires 1-2 years of technical training or experience.,Medium preparation needed. Usually requires 1-2 years of technical training or experience.,High school diploma required. Technical training or apprenticeship preferred.,High school diploma required. Technical training or apprenticeship preferred.,44255.00,148268.00,96261.00,USD,"[{""max"""": 78823.68"," '""min'"": 44255.0"," '""label'"": '""Entry Level'""}"," {'""max'"": 121472.37"," '""min'"": 78823.68"," """"label"""": """"Mid Level""""}"," {'""max'"": 148268.0"," '""min'"": 121472.37"," '""label'"": '""Senior Level'""}]""",1062120000.00,3558432000.00,2310264000.00,VND,"[{'max'"": 1891768347"," '""min'"": 1062120000"," '""label'"": '""Cấp mới vào nghề'""}"," {'""max'"": 2915336819"," '""min'"": 1891768347"," '""label'"": '""Cấp trung cấp'""}"," {'""max'"": 3558432000"," '""min'"": 2915336819"," '""label'"": '""Cấp cao cấp'""}]""",2026-01-27 15:44:54.424881+00
776,Medium preparation needed. Usually requires 1-2 years of technical training or experience.,Medium preparation needed. Usually requires 1-2 years of technical training or experience.,High school diploma required. Technical training or apprenticeship preferred.,High school diploma required. Technical training or apprenticeship preferred.,47287.00,173810.00,110548.00,USD,"[{""max"""": 81454.16"," '""min'"": 47287.0"," '""label'"": '""Entry Level'""}"," {'""max'"": 140964.41"," '""min'"": 81454.16"," """"label"""": """"Mid Level""""}"," {'""max'"": 173810.0"," '""min'"": 140964.41"," '""label'"": '""Senior Level'""}]""",1134888000.00,4171440000.00,2653152000.00,VND,"[{'max'"": 1954899822"," '""min'"": 1134888000"," '""label'"": '""Cấp mới vào nghề'""}"," {'""max'"": 3383145728"," '""min'"": 1954899822"," '""label'"": '""Cấp trung cấp'""}"," {'""max'"": 4171440000"," '""min'"": 3383145728"," '""label'"": '""Cấp cao cấp'""}]""",2026-01-27 15:44:54.424881+00
777,Medium preparation needed. Usually requires 1-2 years of technical training or experience.,Medium preparation needed. Usually requires 1-2 years of technical training or experience.,High school diploma required. Technical training or apprenticeship preferred.,High school diploma required. Technical training or apprenticeship preferred.,42527.00,149569.00,96048.00,USD,"[{""max"""": 75100.27"," '""min'"": 42527.0"," '""label'"": '""Entry Level'""}"," {'""max'"": 118574.53"," '""min'"": 75100.27"," """"label"""": """"Mid Level""""}"," {'""max'"": 149569.0"," '""min'"": 118574.53"," '""label'"": '""Senior Level'""}]""",1020648000.00,3589656000.00,2305152000.00,VND,"[{'max'"": 1802406491"," '""min'"": 1020648000"," '""label'"": '""Cấp mới vào nghề'""}"," {'""max'"": 2845788823"," '""min'"": 1802406491"," '""label'"": '""Cấp trung cấp'""}"," {'""max'"": 3589656000"," '""min'"": 2845788823"," '""label'"": '""Cấp cao cấp'""}]""",2026-01-27 15:44:54.424881+00
778,Medium preparation needed. Usually requires 1-2 years of technical training or experience.,Medium preparation needed. Usually requires 1-2 years of technical training or experience.,High school diploma required. Technical training or apprenticeship preferred.,High school diploma required. Technical training or apprenticeship preferred.,75247.00,107233.00,91240.00,USD,"[{""max"""": 84073.52"," '""min'"": 75247.0"," '""label'"": '""Entry Level'""}"," {'""max'"": 98051.02"," '""min'"": 84073.52"," """"label"""": """"Mid Level""""}"," {'""max'"": 107233.0"," '""min'"": 98051.02"," '""label'"": '""Senior Level'""}]""",1805928000.00,2573592000.00,2189760000.00,VND,"[{'max'"": 2017764396"," '""min'"": 1805928000"," '""label'"": '""Cấp mới vào nghề'""}"," {'""max'"": 2353224544"," '""min'"": 2017764396"," '""label'"": '""Cấp trung cấp'""}"," {'""max'"": 2573592000"," '""min'"": 2353224544"," '""label'"": '""Cấp cao cấp'""}]""",2026-01-27 15:44:54.424881+00
779,Medium preparation needed. Usually requires 1-2 years of technical training or experience.,Medium preparation needed. Usually requires 1-2 years of technical training or experience.,High school diploma required. Technical training or apprenticeship preferred.,High school diploma required. Technical training or apprenticeship preferred.,67231.00,157399.00,112315.00,USD,"[{""max"""": 94122.66"," '""min'"": 67231.0"," '""label'"": '""Entry Level'""}"," {'""max'"": 133070.68"," '""min'"": 94122.66"," """"label"""": """"Mid Level""""}"," {'""max'"": 157399.0"," '""min'"": 133070.68"," '""label'"": '""Senior Level'""}]""",1613544000.00,3777576000.00,2695560000.00,VND,"[{'max'"": 2258943800"," '""min'"": 1613544000"," '""label'"": '""Cấp mới vào nghề'""}"," {'""max'"": 3193696438"," '""min'"": 2258943800"," '""label'"": '""Cấp trung cấp'""}"," {'""max'"": 3777576000"," '""min'"": 3193696438"," '""label'"": '""Cấp cao cấp'""}]""",2026-01-27 15:44:54.424881+00
780,Medium preparation needed. Usually requires 1-2 years of technical training or experience.,Medium preparation needed. Usually requires 1-2 years of technical training or experience.,High school diploma required. Technical training or apprenticeship preferred.,High school diploma required. Technical training or apprenticeship preferred.,78259.00,165232.00,121745.00,USD,"[{""max"""": 102172.23"," '""min'"": 78259.0"," '""label'"": '""Entry Level'""}"," {'""max'"": 137094.97"," '""min'"": 102172.23"," """"label"""": """"Mid Level""""}"," {'""max'"": 165232.0"," '""min'"": 137094.97"," '""label'"": '""Senior Level'""}]""",1878216000.00,3965568000.00,2921880000.00,VND,"[{'max'"": 2452133443"," '""min'"": 1878216000"," '""label'"": '""Cấp mới vào nghề'""}"," {'""max'"": 3290279262"," '""min'"": 2452133443"," '""label'"": '""Cấp trung cấp'""}"," {'""max'"": 3965568000"," '""min'"": 3290279262"," '""label'"": '""Cấp cao cấp'""}]""",2026-01-27 15:44:54.424881+00
781,Medium preparation needed. Usually requires 1-2 years of technical training or experience.,Medium preparation needed. Usually requires 1-2 years of technical training or experience.,High school diploma required. Technical training or apprenticeship preferred.,High school diploma required. Technical training or apprenticeship preferred.,43129.00,131785.00,87457.00,USD,"[{""max"""": 71558.52"," '""min'"": 43129.0"," '""label'"": '""Entry Level'""}"," {'""max'"": 104013.54"," '""min'"": 71558.52"," """"label"""": """"Mid Level""""}"," {'""max'"": 131785.0"," '""min'"": 104013.54"," '""label'"": '""Senior Level'""}]""",1035096000.00,3162840000.00,2098968000.00,VND,"[{'max'"": 1717404564"," '""min'"": 1035096000"," '""label'"": '""Cấp mới vào nghề'""}"," {'""max'"": 2496324949"," '""min'"": 1717404564"," '""label'"": '""Cấp trung cấp'""}"," {'""max'"": 3162840000"," '""min'"": 2496324949"," '""label'"": '""Cấp cao cấp'""}]""",2026-01-27 15:44:54.424881+00
782,Medium preparation needed. Usually requires 1-2 years of technical training or experience.,Medium preparation needed. Usually requires 1-2 years of technical training or experience.,High school diploma required. Technical training or apprenticeship preferred.,High school diploma required. Technical training or apprenticeship preferred.,65108.00,178756.00,121932.00,USD,"[{""max"""": 97328.52"," '""min'"": 65108.0"," '""label'"": '""Entry Level'""}"," {'""max'"": 149950.17"," '""min'"": 97328.52"," """"label"""": """"Mid Level""""}"," {'""max'"": 178756.0"," '""min'"": 149950.17"," '""label'"": '""Senior Level'""}]""",1562592000.00,4290144000.00,2926368000.00,VND,"[{'max'"": 2335884414"," '""min'"": 1562592000"," '""label'"": '""Cấp mới vào nghề'""}"," {'""max'"": 3598804020"," '""min'"": 2335884414"," '""label'"": '""Cấp trung cấp'""}"," {'""max'"": 4290144000"," '""min'"": 3598804020"," '""label'"": '""Cấp cao cấp'""}]""",2026-01-27 15:44:54.424881+00
783,Medium preparation needed. Usually requires 1-2 years of technical training or experience.,Medium preparation needed. Usually requires 1-2 years of technical training or experience.,High school diploma required. Technical training or apprenticeship preferred.,High school diploma required. Technical training or apprenticeship preferred.,72566.00,194881.00,133723.00,USD,"[{""max"""": 107221.12"," '""min'"": 72566.0"," '""label'"": '""Entry Level'""}"," {'""max'"": 153879.71"," '""min'"": 107221.12"," """"label"""": """"Mid Level""""}"," {'""max'"": 194881.0"," '""min'"": 153879.71"," '""label'"": '""Senior Level'""}]""",1741584000.00,4677144000.00,3209352000.00,VND,"[{'max'"": 2573306806"," '""min'"": 1741584000"," '""label'"": '""Cấp mới vào nghề'""}"," {'""max'"": 3693113022"," '""min'"": 2573306806"," '""label'"": '""Cấp trung cấp'""}"," {'""max'"": 4677144000"," '""min'"": 3693113022"," '""label'"": '""Cấp cao cấp'""}]""",2026-01-27 15:44:54.424881+00
784,Medium preparation needed. Usually requires 1-2 years of technical training or experience.,Medium preparation needed. Usually requires 1-2 years of technical training or experience.,High school diploma required. Technical training or apprenticeship preferred.,High school diploma required. Technical training or apprenticeship preferred.,42412.00,145217.00,93814.00,USD,"[{""max"""": 68197.27"," '""min'"": 42412.0"," '""label'"": '""Entry Level'""}"," {'""max'"": 115499.39"," '""min'"": 68197.27"," """"label"""": """"Mid Level""""}"," {'""max'"": 145217.0"," '""min'"": 115499.39"," '""label'"": '""Senior Level'""}]""",1017888000.00,3485208000.00,2251536000.00,VND,"[{'max'"": 1636734551"," '""min'"": 1017888000"," '""label'"": '""Cấp mới vào nghề'""}"," {'""max'"": 2771985353"," '""min'"": 1636734551"," '""label'"": '""Cấp trung cấp'""}"," {'""max'"": 3485208000"," '""min'"": 2771985353"," '""label'"": '""Cấp cao cấp'""}]""",2026-01-27 15:44:54.424881+00
785,Medium preparation needed. Usually requires 1-2 years of technical training or experience.,Medium preparation needed. Usually requires 1-2 years of technical training or experience.,High school diploma required. Technical training or apprenticeship preferred.,High school diploma required. Technical training or apprenticeship preferred.,70942.00,105406.00,88174.00,USD,"[{""max"""": 79612.29"," '""min'"": 70942.0"," '""label'"": '""Entry Level'""}"," {'""max'"": 95992.28"," '""min'"": 79612.29"," """"label"""": """"Mid Level""""}"," {'""max'"": 105406.0"," '""min'"": 95992.28"," '""label'"": '""Senior Level'""}]""",1702608000.00,2529744000.00,2116176000.00,VND,"[{'max'"": 1910694865"," '""min'"": 1702608000"," '""label'"": '""Cấp mới vào nghề'""}"," {'""max'"": 2303814764"," '""min'"": 1910694865"," '""label'"": '""Cấp trung cấp'""}"," {'""max'"": 2529744000"," '""min'"": 2303814764"," '""label'"": '""Cấp cao cấp'""}]""",2026-01-27 15:44:54.424881+00
786,Medium preparation needed. Usually requires 1-2 years of technical training or experience.,Medium preparation needed. Usually requires 1-2 years of technical training or experience.,High school diploma required. Technical training or apprenticeship preferred.,High school diploma required. Technical training or apprenticeship preferred.,42141.00,102720.00,72430.00,USD,"[{""max"""": 58485.3"," '""min'"": 42141.0"," '""label'"": '""Entry Level'""}"," {'""max'"": 82949.3"," '""min'"": 58485.3"," """"label"""": """"Mid Level""""}"," {'""max'"": 102720.0"," '""min'"": 82949.3"," '""label'"": '""Senior Level'""}]""",1011384000.00,2465280000.00,1738320000.00,VND,"[{'max'"": 1403647143"," '""min'"": 1011384000"," '""label'"": '""Cấp mới vào nghề'""}"," {'""max'"": 1990783165"," '""min'"": 1403647143"," '""label'"": '""Cấp trung cấp'""}"," {'""max'"": 2465280000"," '""min'"": 1990783165"," '""label'"": '""Cấp cao cấp'""}]""",2026-01-27 15:44:54.424881+00
787,Medium preparation needed. Usually requires 1-2 years of technical training or experience.,Medium preparation needed. Usually requires 1-2 years of technical training or experience.,High school diploma required. Technical training or apprenticeship preferred.,High school diploma required. Technical training or apprenticeship preferred.,51829.00,101212.00,76520.00,USD,"[{""max"""": 67500.84"," '""min'"": 51829.0"," '""label'"": '""Entry Level'""}"," {'""max'"": 85387.64"," '""min'"": 67500.84"," """"label"""": """"Mid Level""""}"," {'""max'"": 101212.0"," '""min'"": 85387.64"," '""label'"": '""Senior Level'""}]""",1243896000.00,2429088000.00,1836480000.00,VND,"[{'max'"": 1620020182"," '""min'"": 1243896000"," '""label'"": '""Cấp mới vào nghề'""}"," {'""max'"": 2049303435"," '""min'"": 1620020182"," '""label'"": '""Cấp trung cấp'""}"," {'""max'"": 2429088000"," '""min'"": 2049303435"," '""label'"": '""Cấp cao cấp'""}]""",2026-01-27 15:44:54.424881+00
788,Medium preparation needed. Usually requires 1-2 years of technical training or experience.,Medium preparation needed. Usually requires 1-2 years of technical training or experience.,High school diploma required. Technical training or apprenticeship preferred.,High school diploma required. Technical training or apprenticeship preferred.,47665.00,118770.00,83217.00,USD,"[{""max"""": 69897.36"," '""min'"": 47665.0"," '""label'"": '""Entry Level'""}"," {'""max'"": 96127.74"," '""min'"": 69897.36"," """"label"""": """"Mid Level""""}"," {'""max'"": 118770.0"," '""min'"": 96127.74"," '""label'"": '""Senior Level'""}]""",1143960000.00,2850480000.00,1997208000.00,VND,"[{'max'"": 1677536686"," '""min'"": 1143960000"," '""label'"": '""Cấp mới vào nghề'""}"," {'""max'"": 2307065751"," '""min'"": 1677536686"," '""label'"": '""Cấp trung cấp'""}"," {'""max'"": 2850480000"," '""min'"": 2307065751"," '""label'"": '""Cấp cao cấp'""}]""",2026-01-27 15:44:54.424881+00
789,Medium preparation needed. Usually requires 1-2 years of technical training or experience.,Medium preparation needed. Usually requires 1-2 years of technical training or experience.,High school diploma required. Technical training or apprenticeship preferred.,High school diploma required. Technical training or apprenticeship preferred.,67959.00,192708.00,130333.00,USD,"[{""max"""": 109007.91"," '""min'"": 67959.0"," '""label'"": '""Entry Level'""}"," {'""max'"": 159456.3"," '""min'"": 109007.91"," """"label"""": """"Mid Level""""}"," {'""max'"": 192708.0"," '""min'"": 159456.3"," '""label'"": '""Senior Level'""}]""",1631016000.00,4624992000.00,3127992000.00,VND,"[{'max'"": 2616189812"," '""min'"": 1631016000"," '""label'"": '""Cấp mới vào nghề'""}"," {'""max'"": 3826951299"," '""min'"": 2616189812"," '""label'"": '""Cấp trung cấp'""}"," {'""max'"": 4624992000"," '""min'"": 3826951299"," '""label'"": '""Cấp cao cấp'""}]""",2026-01-27 15:44:54.424881+00
790,Medium preparation needed. Usually requires 1-2 years of technical training or experience.,Medium preparation needed. Usually requires 1-2 years of technical training or experience.,High school diploma required. Technical training or apprenticeship preferred.,High school diploma required. Technical training or apprenticeship preferred.,47333.00,196201.00,121767.00,USD,"[{""max"""": 89135.22"," '""min'"": 47333.0"," '""label'"": '""Entry Level'""}"," {'""max'"": 148413.35"," '""min'"": 89135.22"," """"label"""": """"Mid Level""""}"," {'""max'"": 196201.0"," '""min'"": 148413.35"," '""label'"": '""Senior Level'""}]""",1135992000.00,4708824000.00,2922408000.00,VND,"[{'max'"": 2139245200"," '""min'"": 1135992000"," '""label'"": '""Cấp mới vào nghề'""}"," {'""max'"": 3561920335"," '""min'"": 2139245200"," '""label'"": '""Cấp trung cấp'""}"," {'""max'"": 4708824000"," '""min'"": 3561920335"," '""label'"": '""Cấp cao cấp'""}]""",2026-01-27 15:44:54.424881+00
791,Medium preparation needed. Usually requires 1-2 years of technical training or experience.,Medium preparation needed. Usually requires 1-2 years of technical training or experience.,High school diploma required. Technical training or apprenticeship preferred.,High school diploma required. Technical training or apprenticeship preferred.,61977.00,147260.00,104618.00,USD,"[{""max"""": 86635.11"," '""min'"": 61977.0"," '""label'"": '""Entry Level'""}"," {'""max'"": 119997.59"," '""min'"": 86635.11"," """"label"""": """"Mid Level""""}"," {'""max'"": 147260.0"," '""min'"": 119997.59"," '""label'"": '""Senior Level'""}]""",1487448000.00,3534240000.00,2510832000.00,VND,"[{'max'"": 2079242526"," '""min'"": 1487448000"," '""label'"": '""Cấp mới vào nghề'""}"," {'""max'"": 2879942134"," '""min'"": 2079242526"," '""label'"": '""Cấp trung cấp'""}"," {'""max'"": 3534240000"," '""min'"": 2879942134"," '""label'"": '""Cấp cao cấp'""}]""",2026-01-27 15:44:54.424881+00
792,Medium preparation needed. Usually requires 1-2 years of technical training or experience.,Medium preparation needed. Usually requires 1-2 years of technical training or experience.,High school diploma required. Technical training or apprenticeship preferred.,High school diploma required. Technical training or apprenticeship preferred.,61553.00,189888.00,125720.00,USD,"[{""max"""": 99639.11"," '""min'"": 61553.0"," '""label'"": '""Entry Level'""}"," {'""max'"": 145916.81"," '""min'"": 99639.11"," """"label"""": """"Mid Level""""}"," {'""max'"": 189888.0"," '""min'"": 145916.81"," '""label'"": '""Senior Level'""}]""",1477272000.00,4557312000.00,3017280000.00,VND,"[{'max'"": 2391338650"," '""min'"": 1477272000"," '""label'"": '""Cấp mới vào nghề'""}"," {'""max'"": 3502003464"," '""min'"": 2391338650"," '""label'"": '""Cấp trung cấp'""}"," {'""max'"": 4557312000"," '""min'"": 3502003464"," '""label'"": '""Cấp cao cấp'""}]""",2026-01-27 15:44:54.424881+00
793,Some preparation needed. Usually requires few months to 1 year of production experience.,Some preparation needed. Usually requires few months to 1 year of production experience.,High school diploma required. Technical training or apprenticeship preferred.,High school diploma required. Technical training or apprenticeship preferred.,75322.00,150265.00,112793.00,USD,"[{""max"""": 98315.9"," '""min'"": 75322.0"," '""label'"": '""Entry Level'""}"," {'""max'"": 129055.43"," '""min'"": 98315.9"," """"label"""": """"Mid Level""""}"," {'""max'"": 150265.0"," '""min'"": 129055.43"," '""label'"": '""Senior Level'""}]""",1807728000.00,3606360000.00,2707032000.00,VND,"[{'max'"": 2359581581"," '""min'"": 1807728000"," '""label'"": '""Cấp mới vào nghề'""}"," {'""max'"": 3097330425"," '""min'"": 2359581581"," '""label'"": '""Cấp trung cấp'""}"," {'""max'"": 3606360000"," '""min'"": 3097330425"," '""label'"": '""Cấp cao cấp'""}]""",2026-01-27 15:44:54.424881+00
794,Some preparation needed. Usually requires few months to 1 year of production experience.,Some preparation needed. Usually requires few months to 1 year of production experience.,High school diploma required. Technical training or apprenticeship preferred.,High school diploma required. Technical training or apprenticeship preferred.,78951.00,131338.00,105144.00,USD,"[{""max"""": 92753.78"," '""min'"": 78951.0"," '""label'"": '""Entry Level'""}"," {'""max'"": 117673.78"," '""min'"": 92753.78"," """"label"""": """"Mid Level""""}"," {'""max'"": 131338.0"," '""min'"": 117673.78"," '""label'"": '""Senior Level'""}]""",1894824000.00,3152112000.00,2523456000.00,VND,"[{'max'"": 2226090797"," '""min'"": 1894824000"," '""label'"": '""Cấp mới vào nghề'""}"," {'""max'"": 2824170729"," '""min'"": 2226090797"," '""label'"": '""Cấp trung cấp'""}"," {'""max'"": 3152112000"," '""min'"": 2824170729"," '""label'"": '""Cấp cao cấp'""}]""",2026-01-27 15:44:54.424881+00
795,Some preparation needed. Usually requires few months to 1 year of production experience.,Some preparation needed. Usually requires few months to 1 year of production experience.,High school diploma required. Technical training or apprenticeship preferred.,High school diploma required. Technical training or apprenticeship preferred.,77639.00,101232.00,89435.00,USD,"[{""max"""": 85229.02"," '""min'"": 77639.0"," '""label'"": '""Entry Level'""}"," {'""max'"": 95138.74"," '""min'"": 85229.02"," """"label"""": """"Mid Level""""}"," {'""max'"": 101232.0"," '""min'"": 95138.74"," '""label'"": '""Senior Level'""}]""",1863336000.00,2429568000.00,2146440000.00,VND,"[{'max'"": 2045496469"," '""min'"": 1863336000"," '""label'"": '""Cấp mới vào nghề'""}"," {'""max'"": 2283329837"," '""min'"": 2045496469"," '""label'"": '""Cấp trung cấp'""}"," {'""max'"": 2429568000"," '""min'"": 2283329837"," '""label'"": '""Cấp cao cấp'""}]""",2026-01-27 15:44:54.424881+00
796,Some preparation needed. Usually requires few months to 1 year of production experience.,Some preparation needed. Usually requires few months to 1 year of production experience.,High school diploma required. Technical training or apprenticeship preferred.,High school diploma required. Technical training or apprenticeship preferred.,47229.00,144500.00,95864.00,USD,"[{""max"""": 74125.24"," '""min'"": 47229.0"," '""label'"": '""Entry Level'""}"," {'""max'"": 116893.43"," '""min'"": 74125.24"," """"label"""": """"Mid Level""""}"," {'""max'"": 144500.0"," '""min'"": 116893.43"," '""label'"": '""Senior Level'""}]""",1133496000.00,3468000000.00,2300736000.00,VND,"[{'max'"": 1779005752"," '""min'"": 1133496000"," '""label'"": '""Cấp mới vào nghề'""}"," {'""max'"": 2805442398"," '""min'"": 1779005752"," '""label'"": '""Cấp trung cấp'""}"," {'""max'"": 3468000000"," '""min'"": 2805442398"," '""label'"": '""Cấp cao cấp'""}]""",2026-01-27 15:44:54.424881+00
797,Some preparation needed. Usually requires few months to 1 year of production experience.,Some preparation needed. Usually requires few months to 1 year of production experience.,High school diploma required. Technical training or apprenticeship preferred.,High school diploma required. Technical training or apprenticeship preferred.,67320.00,123694.00,95507.00,USD,"[{""max"""": 81801.32"," '""min'"": 67320.0"," '""label'"": '""Entry Level'""}"," {'""max'"": 108249.92"," '""min'"": 81801.32"," """"label"""": """"Mid Level""""}"," {'""max'"": 123694.0"," '""min'"": 108249.92"," '""label'"": '""Senior Level'""}]""",1615680000.00,2968656000.00,2292168000.00,VND,"[{'max'"": 1963231647"," '""min'"": 1615680000"," '""label'"": '""Cấp mới vào nghề'""}"," {'""max'"": 2597998106"," '""min'"": 1963231647"," '""label'"": '""Cấp trung cấp'""}"," {'""max'"": 2968656000"," '""min'"": 2597998106"," '""label'"": '""Cấp cao cấp'""}]""",2026-01-27 15:44:54.424881+00
798,Some preparation needed. Usually requires few months to 1 year of production experience.,Some preparation needed. Usually requires few months to 1 year of production experience.,High school diploma required. Technical training or apprenticeship preferred.,High school diploma required. Technical training or apprenticeship preferred.,69758.00,188503.00,129130.00,USD,"[{""max"""": 106001.34"," '""min'"": 69758.0"," '""label'"": '""Entry Level'""}"," {'""max'"": 148851.64"," '""min'"": 106001.34"," """"label"""": """"Mid Level""""}"," {'""max'"": 188503.0"," '""min'"": 148851.64"," '""label'"": '""Senior Level'""}]""",1674192000.00,4524072000.00,3099120000.00,VND,"[{'max'"": 2544032120"," '""min'"": 1674192000"," '""label'"": '""Cấp mới vào nghề'""}"," {'""max'"": 3572439456"," '""min'"": 2544032120"," '""label'"": '""Cấp trung cấp'""}"," {'""max'"": 4524072000"," '""min'"": 3572439456"," '""label'"": '""Cấp cao cấp'""}]""",2026-01-27 15:44:54.424881+00
799,Some preparation needed. Usually requires few months to 1 year of production experience.,Some preparation needed. Usually requires few months to 1 year of production experience.,High school diploma required. Technical training or apprenticeship preferred.,High school diploma required. Technical training or apprenticeship preferred.,70591.00,104087.00,87339.00,USD,"[{""max"""": 79002.17"," '""min'"": 70591.0"," '""label'"": '""Entry Level'""}"," {'""max'"": 95035.4"," '""min'"": 79002.17"," """"label"""": """"Mid Level""""}"," {'""max'"": 104087.0"," '""min'"": 95035.4"," '""label'"": '""Senior Level'""}]""",1694184000.00,2498088000.00,2096136000.00,VND,"[{'max'"": 1896052039"," '""min'"": 1694184000"," '""label'"": '""Cấp mới vào nghề'""}"," {'""max'"": 2280849551"," '""min'"": 1896052039"," '""label'"": '""Cấp trung cấp'""}"," {'""max'"": 2498088000"," '""min'"": 2280849551"," '""label'"": '""Cấp cao cấp'""}]""",2026-01-27 15:44:54.424881+00
800,Some preparation needed. Usually requires few months to 1 year of production experience.,Some preparation needed. Usually requires few months to 1 year of production experience.,High school diploma required. Technical training or apprenticeship preferred.,High school diploma required. Technical training or apprenticeship preferred.,63389.00,116842.00,90115.00,USD,"[{""max"""": 80037.31"," '""min'"": 63389.0"," '""label'"": '""Entry Level'""}"," {'""max'"": 99208.05"," '""min'"": 80037.31"," """"label"""": """"Mid Level""""}"," {'""max'"": 116842.0"," '""min'"": 99208.05"," '""label'"": '""Senior Level'""}]""",1521336000.00,2804208000.00,2162760000.00,VND,"[{'max'"": 1920895341"," '""min'"": 1521336000"," '""label'"": '""Cấp mới vào nghề'""}"," {'""max'"": 2380993245"," '""min'"": 1920895341"," '""label'"": '""Cấp trung cấp'""}"," {'""max'"": 2804208000"," '""min'"": 2380993245"," '""label'"": '""Cấp cao cấp'""}]""",2026-01-27 15:44:54.424881+00
801,Some preparation needed. Usually requires few months to 1 year of production experience.,Some preparation needed. Usually requires few months to 1 year of production experience.,High school diploma required. Technical training or apprenticeship preferred.,High school diploma required. Technical training or apprenticeship preferred.,75087.00,130622.00,102854.00,USD,"[{""max"""": 90070.75"," '""min'"": 75087.0"," '""label'"": '""Entry Level'""}"," {'""max'"": 113783.66"," '""min'"": 90070.75"," """"label"""": """"Mid Level""""}"," {'""max'"": 130622.0"," '""min'"": 113783.66"," '""label'"": '""Senior Level'""}]""",1802088000.00,3134928000.00,2468496000.00,VND,"[{'max'"": 2161698102"," '""min'"": 1802088000"," '""label'"": '""Cấp mới vào nghề'""}"," {'""max'"": 2730807785"," '""min'"": 2161698102"," '""label'"": '""Cấp trung cấp'""}"," {'""max'"": 3134928000"," '""min'"": 2730807785"," '""label'"": '""Cấp cao cấp'""}]""",2026-01-27 15:44:54.424881+00
802,Some preparation needed. Usually requires few months to 1 year of production experience.,Some preparation needed. Usually requires few months to 1 year of production experience.,High school diploma required. Technical training or apprenticeship preferred.,High school diploma required. Technical training or apprenticeship preferred.,54058.00,100484.00,77271.00,USD,"[{""max"""": 68810.21"," '""min'"": 54058.0"," '""label'"": '""Entry Level'""}"," {'""max'"": 87635.39"," '""min'"": 68810.21"," """"label"""": """"Mid Level""""}"," {'""max'"": 100484.0"," '""min'"": 87635.39"," '""label'"": '""Senior Level'""}]""",1297392000.00,2411616000.00,1854504000.00,VND,"[{'max'"": 1651445134"," '""min'"": 1297392000"," '""label'"": '""Cấp mới vào nghề'""}"," {'""max'"": 2103249442"," '""min'"": 1651445134"," '""label'"": '""Cấp trung cấp'""}"," {'""max'"": 2411616000"," '""min'"": 2103249442"," '""label'"": '""Cấp cao cấp'""}]""",2026-01-27 15:44:54.424881+00
803,Some preparation needed. Usually requires few months to 1 year of production experience.,Some preparation needed. Usually requires few months to 1 year of production experience.,High school diploma required. Technical training or apprenticeship preferred.,High school diploma required. Technical training or apprenticeship preferred.,78241.00,100291.00,89266.00,USD,"[{""max"""": 84595.82"," '""min'"": 78241.0"," '""label'"": '""Entry Level'""}"," {'""max'"": 93053.2"," '""min'"": 84595.82"," """"label"""": """"Mid Level""""}"," {'""max'"": 100291.0"," '""min'"": 93053.2"," '""label'"": '""Senior Level'""}]""",1877784000.00,2406984000.00,2142384000.00,VND,"[{'max'"": 2030299607"," '""min'"": 1877784000"," '""label'"": '""Cấp mới vào nghề'""}"," {'""max'"": 2233276801"," '""min'"": 2030299607"," '""label'"": '""Cấp trung cấp'""}"," {'""max'"": 2406984000"," '""min'"": 2233276801"," '""label'"": '""Cấp cao cấp'""}]""",2026-01-27 15:44:54.424881+00
804,Some preparation needed. Usually requires few months to 1 year of production experience.,Some preparation needed. Usually requires few months to 1 year of production experience.,High school diploma required. Technical training or apprenticeship preferred.,High school diploma required. Technical training or apprenticeship preferred.,64470.00,113562.00,89016.00,USD,"[{""max"""": 80304.59"," '""min'"": 64470.0"," '""label'"": '""Entry Level'""}"," {'""max'"": 96648.79"," '""min'"": 80304.59"," """"label"""": """"Mid Level""""}"," {'""max'"": 113562.0"," '""min'"": 96648.79"," '""label'"": '""Senior Level'""}]""",1547280000.00,2725488000.00,2136384000.00,VND,"[{'max'"": 1927310147"," '""min'"": 1547280000"," '""label'"": '""Cấp mới vào nghề'""}"," {'""max'"": 2319570840"," '""min'"": 1927310147"," '""label'"": '""Cấp trung cấp'""}"," {'""max'"": 2725488000"," '""min'"": 2319570840"," '""label'"": '""Cấp cao cấp'""}]""",2026-01-27 15:44:54.424881+00
805,Some preparation needed. Usually requires few months to 1 year of production experience.,Some preparation needed. Usually requires few months to 1 year of production experience.,High school diploma required. Technical training or apprenticeship preferred.,High school diploma required. Technical training or apprenticeship preferred.,71079.00,118826.00,94952.00,USD,"[{""max"""": 83399.26"," '""min'"": 71079.0"," '""label'"": '""Entry Level'""}"," {'""max'"": 103812.73"," '""min'"": 83399.26"," """"label"""": """"Mid Level""""}"," {'""max'"": 118826.0"," '""min'"": 103812.73"," '""label'"": '""Senior Level'""}]""",1705896000.00,2851824000.00,2278848000.00,VND,"[{'max'"": 2001582213"," '""min'"": 1705896000"," '""label'"": '""Cấp mới vào nghề'""}"," {'""max'"": 2491505565"," '""min'"": 2001582213"," '""label'"": '""Cấp trung cấp'""}"," {'""max'"": 2851824000"," '""min'"": 2491505565"," '""label'"": '""Cấp cao cấp'""}]""",2026-01-27 15:44:54.424881+00
806,Some preparation needed. Usually requires few months to 1 year of production experience.,Some preparation needed. Usually requires few months to 1 year of production experience.,High school diploma required. Technical training or apprenticeship preferred.,High school diploma required. Technical training or apprenticeship preferred.,41022.00,125173.00,83097.00,USD,"[{""max"""": 63644.53"," '""min'"": 41022.0"," '""label'"": '""Entry Level'""}"," {'""max'"": 99376.5"," '""min'"": 63644.53"," """"label"""": """"Mid Level""""}"," {'""max'"": 125173.0"," '""min'"": 99376.5"," '""label'"": '""Senior Level'""}]""",984528000.00,3004152000.00,1994328000.00,VND,"[{'max'"": 1527468743"," '""min'"": 984528000"," '""label'"": '""Cấp mới vào nghề'""}"," {'""max'"": 2385035945"," '""min'"": 1527468743"," '""label'"": '""Cấp trung cấp'""}"," {'""max'"": 3004152000"," '""min'"": 2385035945"," '""label'"": '""Cấp cao cấp'""}]""",2026-01-27 15:44:54.424881+00
807,Some preparation needed. Usually requires few months to 1 year of production experience.,Some preparation needed. Usually requires few months to 1 year of production experience.,High school diploma required. Technical training or apprenticeship preferred.,High school diploma required. Technical training or apprenticeship preferred.,57810.00,117782.00,87796.00,USD,"[{""max"""": 74608.94"," '""min'"": 57810.0"," '""label'"": '""Entry Level'""}"," {'""max'"": 98808.06"," '""min'"": 74608.94"," """"label"""": """"Mid Level""""}"," {'""max'"": 117782.0"," '""min'"": 98808.06"," '""label'"": '""Senior Level'""}]""",1387440000.00,2826768000.00,2107104000.00,VND,"[{'max'"": 1790614598"," '""min'"": 1387440000"," '""label'"": '""Cấp mới vào nghề'""}"," {'""max'"": 2371393487"," '""min'"": 1790614598"," '""label'"": '""Cấp trung cấp'""}"," {'""max'"": 2826768000"," '""min'"": 2371393487"," '""label'"": '""Cấp cao cấp'""}]""",2026-01-27 15:44:54.424881+00
808,Some preparation needed. Usually requires few months to 1 year of production experience.,Some preparation needed. Usually requires few months to 1 year of production experience.,High school diploma required. Technical training or apprenticeship preferred.,High school diploma required. Technical training or apprenticeship preferred.,63662.00,185457.00,124559.00,USD,"[{""max"""": 98051.31"," '""min'"": 63662.0"," '""label'"": '""Entry Level'""}"," {'""max'"": 145050.44"," '""min'"": 98051.31"," """"label"""": """"Mid Level""""}"," {'""max'"": 185457.0"," '""min'"": 145050.44"," '""label'"": '""Senior Level'""}]""",1527888000.00,4450968000.00,2989416000.00,VND,"[{'max'"": 2353231485"," '""min'"": 1527888000"," '""label'"": '""Cấp mới vào nghề'""}"," {'""max'"": 3481210662"," '""min'"": 2353231485"," '""label'"": '""Cấp trung cấp'""}"," {'""max'"": 4450968000"," '""min'"": 3481210662"," '""label'"": '""Cấp cao cấp'""}]""",2026-01-27 15:44:54.424881+00
809,Some preparation needed. Usually requires few months to 1 year of production experience.,Some preparation needed. Usually requires few months to 1 year of production experience.,High school diploma required. Technical training or apprenticeship preferred.,High school diploma required. Technical training or apprenticeship preferred.,74194.00,140500.00,107347.00,USD,"[{""max"""": 90793.81"," '""min'"": 74194.0"," '""label'"": '""Entry Level'""}"," {'""max'"": 121686.54"," '""min'"": 90793.81"," """"label"""": """"Mid Level""""}"," {'""max'"": 140500.0"," '""min'"": 121686.54"," '""label'"": '""Senior Level'""}]""",1780656000.00,3372000000.00,2576328000.00,VND,"[{'max'"": 2179051376"," '""min'"": 1780656000"," '""label'"": '""Cấp mới vào nghề'""}"," {'""max'"": 2920476991"," '""min'"": 2179051376"," '""label'"": '""Cấp trung cấp'""}"," {'""max'"": 3372000000"," '""min'"": 2920476991"," '""label'"": '""Cấp cao cấp'""}]""",2026-01-27 15:44:54.424881+00
810,Some preparation needed. Usually requires few months to 1 year of production experience.,Some preparation needed. Usually requires few months to 1 year of production experience.,High school diploma required. Technical training or apprenticeship preferred.,High school diploma required. Technical training or apprenticeship preferred.,78806.00,163859.00,121332.00,USD,"[{""max"""": 100785.33"," '""min'"": 78806.0"," '""label'"": '""Entry Level'""}"," {'""max'"": 142454.21"," '""min'"": 100785.33"," """"label"""": """"Mid Level""""}"," {'""max'"": 163859.0"," '""min'"": 142454.21"," '""label'"": '""Senior Level'""}]""",1891344000.00,3932616000.00,2911968000.00,VND,"[{'max'"": 2418847923"," '""min'"": 1891344000"," '""label'"": '""Cấp mới vào nghề'""}"," {'""max'"": 3418900982"," '""min'"": 2418847923"," '""label'"": '""Cấp trung cấp'""}"," {'""max'"": 3932616000"," '""min'"": 3418900982"," '""label'"": '""Cấp cao cấp'""}]""",2026-01-27 15:44:54.424881+00
811,Some preparation needed. Usually requires few months to 1 year of production experience.,Some preparation needed. Usually requires few months to 1 year of production experience.,High school diploma required. Technical training or apprenticeship preferred.,High school diploma required. Technical training or apprenticeship preferred.,56326.00,134941.00,95633.00,USD,"[{""max"""": 77442.44"," '""min'"": 56326.0"," '""label'"": '""Entry Level'""}"," {'""max'"": 110164.67"," '""min'"": 77442.44"," """"label"""": """"Mid Level""""}"," {'""max'"": 134941.0"," '""min'"": 110164.67"," '""label'"": '""Senior Level'""}]""",1351824000.00,3238584000.00,2295192000.00,VND,"[{'max'"": 1858618650"," '""min'"": 1351824000"," '""label'"": '""Cấp mới vào nghề'""}"," {'""max'"": 2643952014"," '""min'"": 1858618650"," '""label'"": '""Cấp trung cấp'""}"," {'""max'"": 3238584000"," '""min'"": 2643952014"," '""label'"": '""Cấp cao cấp'""}]""",2026-01-27 15:44:54.424881+00
812,Some preparation needed. Usually requires few months to 1 year of production experience.,Some preparation needed. Usually requires few months to 1 year of production experience.,High school diploma required. Technical training or apprenticeship preferred.,High school diploma required. Technical training or apprenticeship preferred.,61027.00,131653.00,96340.00,USD,"[{""max"""": 81460.96"," '""min'"": 61027.0"," '""label'"": '""Entry Level'""}"," {'""max'"": 108355.64"," '""min'"": 81460.96"," """"label"""": """"Mid Level""""}"," {'""max'"": 131653.0"," '""min'"": 108355.64"," '""label'"": '""Senior Level'""}]""",1464648000.00,3159672000.00,2312160000.00,VND,"[{'max'"": 1955063087"," '""min'"": 1464648000"," '""label'"": '""Cấp mới vào nghề'""}"," {'""max'"": 2600535355"," '""min'"": 1955063087"," '""label'"": '""Cấp trung cấp'""}"," {'""max'"": 3159672000"," '""min'"": 2600535355"," '""label'"": '""Cấp cao cấp'""}]""",2026-01-27 15:44:54.424881+00
813,Some preparation needed. Usually requires few months to 1 year of production experience.,Some preparation needed. Usually requires few months to 1 year of production experience.,High school diploma required. Technical training or apprenticeship preferred.,High school diploma required. Technical training or apprenticeship preferred.,40796.00,121451.00,81123.00,USD,"[{""max"""": 67421.31"," '""min'"": 40796.0"," '""label'"": '""Entry Level'""}"," {'""max'"": 99615.8"," '""min'"": 67421.31"," """"label"""": """"Mid Level""""}"," {'""max'"": 121451.0"," '""min'"": 99615.8"," '""label'"": '""Senior Level'""}]""",979104000.00,2914824000.00,1946952000.00,VND,"[{'max'"": 1618111491"," '""min'"": 979104000"," '""label'"": '""Cấp mới vào nghề'""}"," {'""max'"": 2390779169"," '""min'"": 1618111491"," '""label'"": '""Cấp trung cấp'""}"," {'""max'"": 2914824000"," '""min'"": 2390779169"," '""label'"": '""Cấp cao cấp'""}]""",2026-01-27 15:44:54.424881+00
814,Some preparation needed. Usually requires few months to 1 year of production experience.,Some preparation needed. Usually requires few months to 1 year of production experience.,High school diploma required. Technical training or apprenticeship preferred.,High school diploma required. Technical training or apprenticeship preferred.,46163.00,143473.00,94818.00,USD,"[{""max"""": 70793.91"," '""min'"": 46163.0"," '""label'"": '""Entry Level'""}"," {'""max'"": 118356.73"," '""min'"": 70793.91"," """"label"""": """"Mid Level""""}"," {'""max'"": 143473.0"," '""min'"": 118356.73"," '""label'"": '""Senior Level'""}]""",1107912000.00,3443352000.00,2275632000.00,VND,"[{'max'"": 1699053927"," '""min'"": 1107912000"," '""label'"": '""Cấp mới vào nghề'""}"," {'""max'"": 2840561467"," '""min'"": 1699053927"," '""label'"": '""Cấp trung cấp'""}"," {'""max'"": 3443352000"," '""min'"": 2840561467"," '""label'"": '""Cấp cao cấp'""}]""",2026-01-27 15:44:54.424881+00
815,Some preparation needed. Usually requires few months to 1 year of production experience.,Some preparation needed. Usually requires few months to 1 year of production experience.,High school diploma required. Technical training or apprenticeship preferred.,High school diploma required. Technical training or apprenticeship preferred.,57700.00,176801.00,117250.00,USD,"[{""max"""": 87483.4"," '""min'"": 57700.0"," '""label'"": '""Entry Level'""}"," {'""max'"": 138673.14"," '""min'"": 87483.4"," """"label"""": """"Mid Level""""}"," {'""max'"": 176801.0"," '""min'"": 138673.14"," '""label'"": '""Senior Level'""}]""",1384800000.00,4243224000.00,2814000000.00,VND,"[{'max'"": 2099601508"," '""min'"": 1384800000"," '""label'"": '""Cấp mới vào nghề'""}"," {'""max'"": 3328155470"," '""min'"": 2099601508"," '""label'"": '""Cấp trung cấp'""}"," {'""max'"": 4243224000"," '""min'"": 3328155470"," '""label'"": '""Cấp cao cấp'""}]""",2026-01-27 15:44:54.424881+00
816,Some preparation needed. Usually requires few months to 1 year of production experience.,Some preparation needed. Usually requires few months to 1 year of production experience.,High school diploma required. Technical training or apprenticeship preferred.,High school diploma required. Technical training or apprenticeship preferred.,44320.00,189261.00,116790.00,USD,"[{""max"""": 87985.33"," '""min'"": 44320.0"," '""label'"": '""Entry Level'""}"," {'""max'"": 147015.08"," '""min'"": 87985.33"," """"label"""": """"Mid Level""""}"," {'""max'"": 189261.0"," '""min'"": 147015.08"," '""label'"": '""Senior Level'""}]""",1063680000.00,4542264000.00,2802960000.00,VND,"[{'max'"": 2111647847"," '""min'"": 1063680000"," '""label'"": '""Cấp mới vào nghề'""}"," {'""max'"": 3528362024"," '""min'"": 2111647847"," '""label'"": '""Cấp trung cấp'""}"," {'""max'"": 4542264000"," '""min'"": 3528362024"," '""label'"": '""Cấp cao cấp'""}]""",2026-01-27 15:44:54.424881+00
817,Some preparation needed. Usually requires few months to 1 year of production experience.,Some preparation needed. Usually requires few months to 1 year of production experience.,High school diploma required. Technical training or apprenticeship preferred.,High school diploma required. Technical training or apprenticeship preferred.,45034.00,115189.00,80111.00,USD,"[{""max"""": 64001.68"," '""min'"": 45034.0"," '""label'"": '""Entry Level'""}"," {'""max'"": 91919.57"," '""min'"": 64001.68"," """"label"""": """"Mid Level""""}"," {'""max'"": 115189.0"," '""min'"": 91919.57"," '""label'"": '""Senior Level'""}]""",1080816000.00,2764536000.00,1922664000.00,VND,"[{'max'"": 1536040328"," '""min'"": 1080816000"," '""label'"": '""Cấp mới vào nghề'""}"," {'""max'"": 2206069575"," '""min'"": 1536040328"," '""label'"": '""Cấp trung cấp'""}"," {'""max'"": 2764536000"," '""min'"": 2206069575"," '""label'"": '""Cấp cao cấp'""}]""",2026-01-27 15:44:54.424881+00
818,Some preparation needed. Usually requires few months to 1 year of production experience.,Some preparation needed. Usually requires few months to 1 year of production experience.,High school diploma required. Technical training or apprenticeship preferred.,High school diploma required. Technical training or apprenticeship preferred.,75860.00,107796.00,91828.00,USD,"[{""max"""": 85382.18"," '""min'"": 75860.0"," '""label'"": '""Entry Level'""}"," {'""max'"": 99377.51"," '""min'"": 85382.18"," """"label"""": """"Mid Level""""}"," {'""max'"": 107796.0"," '""min'"": 99377.51"," '""label'"": '""Senior Level'""}]""",1820640000.00,2587104000.00,2203872000.00,VND,"[{'max'"": 2049172326"," '""min'"": 1820640000"," '""label'"": '""Cấp mới vào nghề'""}"," {'""max'"": 2385060205"," '""min'"": 2049172326"," '""label'"": '""Cấp trung cấp'""}"," {'""max'"": 2587104000"," '""min'"": 2385060205"," '""label'"": '""Cấp cao cấp'""}]""",2026-01-27 15:44:54.424881+00
819,Some preparation needed. Usually requires few months to 1 year of production experience.,Some preparation needed. Usually requires few months to 1 year of production experience.,High school diploma required. Technical training or apprenticeship preferred.,High school diploma required. Technical training or apprenticeship preferred.,45523.00,122472.00,83997.00,USD,"[{""max"""": 68012.0"," '""min'"": 45523.0"," '""label'"": '""Entry Level'""}"," {'""max'"": 100102.67"," '""min'"": 68012.0"," """"label"""": """"Mid Level""""}"," {'""max'"": 122472.0"," '""min'"": 100102.67"," '""label'"": '""Senior Level'""}]""",1092552000.00,2939328000.00,2015928000.00,VND,"[{'max'"": 1632287954"," '""min'"": 1092552000"," '""label'"": '""Cấp mới vào nghề'""}"," {'""max'"": 2402463979"," '""min'"": 1632287954"," '""label'"": '""Cấp trung cấp'""}"," {'""max'"": 2939328000"," '""min'"": 2402463979"," '""label'"": '""Cấp cao cấp'""}]""",2026-01-27 15:44:54.424881+00
820,Some preparation needed. Usually requires few months to 1 year of production experience.,Some preparation needed. Usually requires few months to 1 year of production experience.,High school diploma required. Technical training or apprenticeship preferred.,High school diploma required. Technical training or apprenticeship preferred.,52740.00,184810.00,118775.00,USD,"[{""max"""": 92478.25"," '""min'"": 52740.0"," '""label'"": '""Entry Level'""}"," {'""max'"": 142826.89"," '""min'"": 92478.25"," """"label"""": """"Mid Level""""}"," {'""max'"": 184810.0"," '""min'"": 142826.89"," '""label'"": '""Senior Level'""}]""",1265760000.00,4435440000.00,2850600000.00,VND,"[{'max'"": 2219477994"," '""min'"": 1265760000"," '""label'"": '""Cấp mới vào nghề'""}"," {'""max'"": 3427845430"," '""min'"": 2219477994"," '""label'"": '""Cấp trung cấp'""}"," {'""max'"": 4435440000"," '""min'"": 3427845430"," '""label'"": '""Cấp cao cấp'""}]""",2026-01-27 15:44:54.424881+00
821,Some preparation needed. Usually requires few months to 1 year of production experience.,Some preparation needed. Usually requires few months to 1 year of production experience.,High school diploma required. Technical training or apprenticeship preferred.,High school diploma required. Technical training or apprenticeship preferred.,42551.00,149749.00,96150.00,USD,"[{""max"""": 77450.93"," '""min'"": 42551.0"," '""label'"": '""Entry Level'""}"," {'""max'"": 118782.46"," '""min'"": 77450.93"," """"label"""": """"Mid Level""""}"," {'""max'"": 149749.0"," '""min'"": 118782.46"," '""label'"": '""Senior Level'""}]""",1021224000.00,3593976000.00,2307600000.00,VND,"[{'max'"": 1858822425"," '""min'"": 1021224000"," '""label'"": '""Cấp mới vào nghề'""}"," {'""max'"": 2850779094"," '""min'"": 1858822425"," '""label'"": '""Cấp trung cấp'""}"," {'""max'"": 3593976000"," '""min'"": 2850779094"," '""label'"": '""Cấp cao cấp'""}]""",2026-01-27 15:44:54.424881+00
822,Some preparation needed. Usually requires few months to 1 year of production experience.,Some preparation needed. Usually requires few months to 1 year of production experience.,High school diploma required. Technical training or apprenticeship preferred.,High school diploma required. Technical training or apprenticeship preferred.,55391.00,182949.00,119170.00,USD,"[{""max"""": 95054.2"," '""min'"": 55391.0"," '""label'"": '""Entry Level'""}"," {'""max'"": 142478.88"," '""min'"": 95054.2"," """"label"""": """"Mid Level""""}"," {'""max'"": 182949.0"," '""min'"": 142478.88"," '""label'"": '""Senior Level'""}]""",1329384000.00,4390776000.00,2860080000.00,VND,"[{'max'"": 2281300796"," '""min'"": 1329384000"," '""label'"": '""Cấp mới vào nghề'""}"," {'""max'"": 3419493101"," '""min'"": 2281300796"," '""label'"": '""Cấp trung cấp'""}"," {'""max'"": 4390776000"," '""min'"": 3419493101"," '""label'"": '""Cấp cao cấp'""}]""",2026-01-27 15:44:54.424881+00
823,Some preparation needed. Usually requires few months to 1 year of production experience.,Some preparation needed. Usually requires few months to 1 year of production experience.,High school diploma required. Technical training or apprenticeship preferred.,High school diploma required. Technical training or apprenticeship preferred.,74982.00,135417.00,105199.00,USD,"[{""max"""": 90307.85"," '""min'"": 74982.0"," '""label'"": '""Entry Level'""}"," {'""max'"": 119223.48"," '""min'"": 90307.85"," """"label"""": """"Mid Level""""}"," {'""max'"": 135417.0"," '""min'"": 119223.48"," '""label'"": '""Senior Level'""}]""",1799568000.00,3250008000.00,2524776000.00,VND,"[{'max'"": 2167388381"," '""min'"": 1799568000"," '""label'"": '""Cấp mới vào nghề'""}"," {'""max'"": 2861363625"," '""min'"": 2167388381"," '""label'"": '""Cấp trung cấp'""}"," {'""max'"": 3250008000"," '""min'"": 2861363625"," '""label'"": '""Cấp cao cấp'""}]""",2026-01-27 15:44:54.424881+00
824,Some preparation needed. Usually requires few months to 1 year of production experience.,Some preparation needed. Usually requires few months to 1 year of production experience.,High school diploma required. Technical training or apprenticeship preferred.,High school diploma required. Technical training or apprenticeship preferred.,52100.00,113425.00,82762.00,USD,"[{""max"""": 69251.81"," '""min'"": 52100.0"," '""label'"": '""Entry Level'""}"," {'""max'"": 96879.1"," '""min'"": 69251.81"," """"label"""": """"Mid Level""""}"," {'""max'"": 113425.0"," '""min'"": 96879.1"," '""label'"": '""Senior Level'""}]""",1250400000.00,2722200000.00,1986288000.00,VND,"[{'max'"": 1662043381"," '""min'"": 1250400000"," '""label'"": '""Cấp mới vào nghề'""}"," {'""max'"": 2325098319"," '""min'"": 1662043381"," '""label'"": '""Cấp trung cấp'""}"," {'""max'"": 2722200000"," '""min'"": 2325098319"," '""label'"": '""Cấp cao cấp'""}]""",2026-01-27 15:44:54.424881+00
825,Some preparation needed. Usually requires few months to 1 year of production experience.,Some preparation needed. Usually requires few months to 1 year of production experience.,High school diploma required. Technical training or apprenticeship preferred.,High school diploma required. Technical training or apprenticeship preferred.,61401.00,140349.00,100875.00,USD,"[{""max"""": 88330.77"," '""min'"": 61401.0"," '""label'"": '""Entry Level'""}"," {'""max'"": 114183.0"," '""min'"": 88330.77"," """"label"""": """"Mid Level""""}"," {'""max'"": 140349.0"," '""min'"": 114183.0"," '""label'"": '""Senior Level'""}]""",1473624000.00,3368376000.00,2421000000.00,VND,"[{'max'"": 2119938491"," '""min'"": 1473624000"," '""label'"": '""Cấp mới vào nghề'""}"," {'""max'"": 2740391895"," '""min'"": 2119938491"," '""label'"": '""Cấp trung cấp'""}"," {'""max'"": 3368376000"," '""min'"": 2740391895"," '""label'"": '""Cấp cao cấp'""}]""",2026-01-27 15:44:54.424881+00
826,Some preparation needed. Usually requires few months to 1 year of production experience.,Some preparation needed. Usually requires few months to 1 year of production experience.,High school diploma required. Technical training or apprenticeship preferred.,High school diploma required. Technical training or apprenticeship preferred.,67168.00,118097.00,92632.00,USD,"[{""max"""": 81931.84"," '""min'"": 67168.0"," '""label'"": '""Entry Level'""}"," {'""max'"": 105184.36"," '""min'"": 81931.84"," """"label"""": """"Mid Level""""}"," {'""max'"": 118097.0"," '""min'"": 105184.36"," '""label'"": '""Senior Level'""}]""",1612032000.00,2834328000.00,2223168000.00,VND,"[{'max'"": 1966364178"," '""min'"": 1612032000"," '""label'"": '""Cấp mới vào nghề'""}"," {'""max'"": 2524424533"," '""min'"": 1966364178"," '""label'"": '""Cấp trung cấp'""}"," {'""max'"": 2834328000"," '""min'"": 2524424533"," '""label'"": '""Cấp cao cấp'""}]""",2026-01-27 15:44:54.424881+00
827,Some preparation needed. Usually requires few months to 1 year of production experience.,Some preparation needed. Usually requires few months to 1 year of production experience.,High school diploma required. Technical training or apprenticeship preferred.,High school diploma required. Technical training or apprenticeship preferred.,54281.00,147996.00,101138.00,USD,"[{""max"""": 78501.84"," '""min'"": 54281.0"," '""label'"": '""Entry Level'""}"," {'""max'"": 123433.74"," '""min'"": 78501.84"," """"label"""": """"Mid Level""""}"," {'""max'"": 147996.0"," '""min'"": 123433.74"," '""label'"": '""Senior Level'""}]""",1302744000.00,3551904000.00,2427312000.00,VND,"[{'max'"": 1884044044"," '""min'"": 1302744000"," '""label'"": '""Cấp mới vào nghề'""}"," {'""max'"": 2962409722"," '""min'"": 1884044044"," '""label'"": '""Cấp trung cấp'""}"," {'""max'"": 3551904000"," '""min'"": 2962409722"," '""label'"": '""Cấp cao cấp'""}]""",2026-01-27 15:44:54.424881+00
828,Some preparation needed. Usually requires few months to 1 year of production experience.,Some preparation needed. Usually requires few months to 1 year of production experience.,High school diploma required. Technical training or apprenticeship preferred.,High school diploma required. Technical training or apprenticeship preferred.,59816.00,159602.00,109709.00,USD,"[{""max"""": 87445.16"," '""min'"": 59816.0"," '""label'"": '""Entry Level'""}"," {'""max'"": 126474.14"," '""min'"": 87445.16"," """"label"""": """"Mid Level""""}"," {'""max'"": 159602.0"," '""min'"": 126474.14"," '""label'"": '""Senior Level'""}]""",1435584000.00,3830448000.00,2633016000.00,VND,"[{'max'"": 2098683754"," '""min'"": 1435584000"," '""label'"": '""Cấp mới vào nghề'""}"," {'""max'"": 3035379434"," '""min'"": 2098683754"," '""label'"": '""Cấp trung cấp'""}"," {'""max'"": 3830448000"," '""min'"": 3035379434"," '""label'"": '""Cấp cao cấp'""}]""",2026-01-27 15:44:54.424881+00
829,Some preparation needed. Usually requires few months to 1 year of production experience.,Some preparation needed. Usually requires few months to 1 year of production experience.,High school diploma required. Technical training or apprenticeship preferred.,High school diploma required. Technical training or apprenticeship preferred.,56492.00,144754.00,100623.00,USD,"[{""max"""": 84347.61"," '""min'"": 56492.0"," '""label'"": '""Entry Level'""}"," {'""max'"": 121263.04"," '""min'"": 84347.61"," """"label"""": """"Mid Level""""}"," {'""max'"": 144754.0"," '""min'"": 121263.04"," '""label'"": '""Senior Level'""}]""",1355808000.00,3474096000.00,2414952000.00,VND,"[{'max'"": 2024342587"," '""min'"": 1355808000"," '""label'"": '""Cấp mới vào nghề'""}"," {'""max'"": 2910312896"," '""min'"": 2024342587"," '""label'"": '""Cấp trung cấp'""}"," {'""max'"": 3474096000"," '""min'"": 2910312896"," '""label'"": '""Cấp cao cấp'""}]""",2026-01-27 15:44:54.424881+00
830,Some preparation needed. Usually requires few months to 1 year of production experience.,Some preparation needed. Usually requires few months to 1 year of production experience.,High school diploma required. Technical training or apprenticeship preferred.,High school diploma required. Technical training or apprenticeship preferred.,57551.00,103608.00,80579.00,USD,"[{""max"""": 72837.57"," '""min'"": 57551.0"," '""label'"": '""Entry Level'""}"," {'""max'"": 89633.37"," '""min'"": 72837.57"," """"label"""": """"Mid Level""""}"," {'""max'"": 103608.0"," '""min'"": 89633.37"," '""label'"": '""Senior Level'""}]""",1381224000.00,2486592000.00,1933896000.00,VND,"[{'max'"": 1748101663"," '""min'"": 1381224000"," '""label'"": '""Cấp mới vào nghề'""}"," {'""max'"": 2151200817"," '""min'"": 1748101663"," '""label'"": '""Cấp trung cấp'""}"," {'""max'"": 2486592000"," '""min'"": 2151200817"," '""label'"": '""Cấp cao cấp'""}]""",2026-01-27 15:44:54.424881+00
831,Some preparation needed. Usually requires few months to 1 year of production experience.,Some preparation needed. Usually requires few months to 1 year of production experience.,High school diploma required. Technical training or apprenticeship preferred.,High school diploma required. Technical training or apprenticeship preferred.,46642.00,164221.00,105431.00,USD,"[{""max"""": 81586.39"," '""min'"": 46642.0"," '""label'"": '""Entry Level'""}"," {'""max'"": 125057.3"," '""min'"": 81586.39"," """"label"""": """"Mid Level""""}"," {'""max'"": 164221.0"," '""min'"": 125057.3"," '""label'"": '""Senior Level'""}]""",1119408000.00,3941304000.00,2530344000.00,VND,"[{'max'"": 1958073272"," '""min'"": 1119408000"," '""label'"": '""Cấp mới vào nghề'""}"," {'""max'"": 3001375229"," '""min'"": 1958073272"," '""label'"": '""Cấp trung cấp'""}"," {'""max'"": 3941304000"," '""min'"": 3001375229"," '""label'"": '""Cấp cao cấp'""}]""",2026-01-27 15:44:54.424881+00
832,Some preparation needed. Usually requires few months to 1 year of production experience.,Some preparation needed. Usually requires few months to 1 year of production experience.,High school diploma required. Technical training or apprenticeship preferred.,High school diploma required. Technical training or apprenticeship preferred.,71497.00,188570.00,130033.00,USD,"[{""max"""": 104479.95"," '""min'"": 71497.0"," '""label'"": '""Entry Level'""}"," {'""max'"": 154591.88"," '""min'"": 104479.95"," """"label"""": """"Mid Level""""}"," {'""max'"": 188570.0"," '""min'"": 154591.88"," '""label'"": '""Senior Level'""}]""",1715928000.00,4525680000.00,3120792000.00,VND,"[{'max'"": 2507518905"," '""min'"": 1715928000"," '""label'"": '""Cấp mới vào nghề'""}"," {'""max'"": 3710205005"," '""min'"": 2507518905"," '""label'"": '""Cấp trung cấp'""}"," {'""max'"": 4525680000"," '""min'"": 3710205005"," '""label'"": '""Cấp cao cấp'""}]""",2026-01-27 15:44:54.424881+00
833,Some preparation needed. Usually requires few months to 1 year of production experience.,Some preparation needed. Usually requires few months to 1 year of production experience.,High school diploma required. Technical training or apprenticeship preferred.,High school diploma required. Technical training or apprenticeship preferred.,66157.00,150348.00,108252.00,USD,"[{""max"""": 92036.78"," '""min'"": 66157.0"," '""label'"": '""Entry Level'""}"," {'""max'"": 127953.15"," '""min'"": 92036.78"," """"label"""": """"Mid Level""""}"," {'""max'"": 150348.0"," '""min'"": 127953.15"," '""label'"": '""Senior Level'""}]""",1587768000.00,3608352000.00,2598048000.00,VND,"[{'max'"": 2208882666"," '""min'"": 1587768000"," '""label'"": '""Cấp mới vào nghề'""}"," {'""max'"": 3070875640"," '""min'"": 2208882666"," '""label'"": '""Cấp trung cấp'""}"," {'""max'"": 3608352000"," '""min'"": 3070875640"," '""label'"": '""Cấp cao cấp'""}]""",2026-01-27 15:44:54.424881+00
834,Some preparation needed. Usually requires few months to 1 year of production experience.,Some preparation needed. Usually requires few months to 1 year of production experience.,High school diploma required. Technical training or apprenticeship preferred.,High school diploma required. Technical training or apprenticeship preferred.,43860.00,173995.00,108927.00,USD,"[{""max"""": 77222.97"," '""min'"": 43860.0"," '""label'"": '""Entry Level'""}"," {'""max'"": 137310.56"," '""min'"": 77222.97"," """"label"""": """"Mid Level""""}"," {'""max'"": 173995.0"," '""min'"": 137310.56"," '""label'"": '""Senior Level'""}]""",1052640000.00,4175880000.00,2614248000.00,VND,"[{'max'"": 1853351384"," '""min'"": 1052640000"," '""label'"": '""Cấp mới vào nghề'""}"," {'""max'"": 3295453546"," '""min'"": 1853351384"," '""label'"": '""Cấp trung cấp'""}"," {'""max'"": 4175880000"," '""min'"": 3295453546"," '""label'"": '""Cấp cao cấp'""}]""",2026-01-27 15:44:54.424881+00
835,Some preparation needed. Usually requires few months to 1 year of production experience.,Some preparation needed. Usually requires few months to 1 year of production experience.,High school diploma required. Technical training or apprenticeship preferred.,High school diploma required. Technical training or apprenticeship preferred.,75844.00,102241.00,89042.00,USD,"[{""max"""": 84828.73"," '""min'"": 75844.0"," '""label'"": '""Entry Level'""}"," {'""max'"": 93462.6"," '""min'"": 84828.73"," """"label"""": """"Mid Level""""}"," {'""max'"": 102241.0"," '""min'"": 93462.6"," '""label'"": '""Senior Level'""}]""",1820256000.00,2453784000.00,2137008000.00,VND,"[{'max'"": 2035889465"," '""min'"": 1820256000"," '""label'"": '""Cấp mới vào nghề'""}"," {'""max'"": 2243102447"," '""min'"": 2035889465"," '""label'"": '""Cấp trung cấp'""}"," {'""max'"": 2453784000"," '""min'"": 2243102447"," '""label'"": '""Cấp cao cấp'""}]""",2026-01-27 15:44:54.424881+00
836,Some preparation needed. Usually requires few months to 1 year of production experience.,Some preparation needed. Usually requires few months to 1 year of production experience.,High school diploma required. Technical training or apprenticeship preferred.,High school diploma required. Technical training or apprenticeship preferred.,53190.00,161999.00,107594.00,USD,"[{""max"""": 86212.44"," '""min'"": 53190.0"," '""label'"": '""Entry Level'""}"," {'""max'"": 126834.92"," '""min'"": 86212.44"," """"label"""": """"Mid Level""""}"," {'""max'"": 161999.0"," '""min'"": 126834.92"," '""label'"": '""Senior Level'""}]""",1276560000.00,3887976000.00,2582256000.00,VND,"[{'max'"": 2069098605"," '""min'"": 1276560000"," '""label'"": '""Cấp mới vào nghề'""}"," {'""max'"": 3044038195"," '""min'"": 2069098605"," '""label'"": '""Cấp trung cấp'""}"," {'""max'"": 3887976000"," '""min'"": 3044038195"," '""label'"": '""Cấp cao cấp'""}]""",2026-01-27 15:44:54.424881+00
837,Some preparation needed. Usually requires few months to 1 year of production experience.,Some preparation needed. Usually requires few months to 1 year of production experience.,High school diploma required. Technical training or apprenticeship preferred.,High school diploma required. Technical training or apprenticeship preferred.,59214.00,191279.00,125246.00,USD,"[{""max"""": 94955.05"," '""min'"": 59214.0"," '""label'"": '""Entry Level'""}"," {'""max'"": 156522.88"," '""min'"": 94955.05"," """"label"""": """"Mid Level""""}"," {'""max'"": 191279.0"," '""min'"": 156522.88"," '""label'"": '""Senior Level'""}]""",1421136000.00,4590696000.00,3005904000.00,VND,"[{'max'"": 2278921273"," '""min'"": 1421136000"," '""label'"": '""Cấp mới vào nghề'""}"," {'""max'"": 3756549009"," '""min'"": 2278921273"," '""label'"": '""Cấp trung cấp'""}"," {'""max'"": 4590696000"," '""min'"": 3756549009"," '""label'"": '""Cấp cao cấp'""}]""",2026-01-27 15:44:54.424881+00
838,Some preparation needed. Usually requires few months to 1 year of production experience.,Some preparation needed. Usually requires few months to 1 year of production experience.,High school diploma required. Technical training or apprenticeship preferred.,High school diploma required. Technical training or apprenticeship preferred.,77235.00,173725.00,125480.00,USD,"[{""max"""": 103457.36"," '""min'"": 77235.0"," '""label'"": '""Entry Level'""}"," {'""max'"": 147963.23"," '""min'"": 103457.36"," """"label"""": """"Mid Level""""}"," {'""max'"": 173725.0"," '""min'"": 147963.23"," '""label'"": '""Senior Level'""}]""",1853640000.00,4169400000.00,3011520000.00,VND,"[{'max'"": 2482976530"," '""min'"": 1853640000"," '""label'"": '""Cấp mới vào nghề'""}"," {'""max'"": 3551117566"," '""min'"": 2482976530"," '""label'"": '""Cấp trung cấp'""}"," {'""max'"": 4169400000"," '""min'"": 3551117566"," '""label'"": '""Cấp cao cấp'""}]""",2026-01-27 15:44:54.424881+00
839,Some preparation needed. Usually requires few months to 1 year of production experience.,Some preparation needed. Usually requires few months to 1 year of production experience.,High school diploma required. Technical training or apprenticeship preferred.,High school diploma required. Technical training or apprenticeship preferred.,76034.00,193784.00,134909.00,USD,"[{""max"""": 109370.4"," '""min'"": 76034.0"," '""label'"": '""Entry Level'""}"," {'""max'"": 159744.05"," '""min'"": 109370.4"," """"label"""": """"Mid Level""""}"," {'""max'"": 193784.0"," '""min'"": 159744.05"," '""label'"": '""Senior Level'""}]""",1824816000.00,4650816000.00,3237816000.00,VND,"[{'max'"": 2624889482"," '""min'"": 1824816000"," '""label'"": '""Cấp mới vào nghề'""}"," {'""max'"": 3833857204"," '""min'"": 2624889482"," '""label'"": '""Cấp trung cấp'""}"," {'""max'"": 4650816000"," '""min'"": 3833857204"," '""label'"": '""Cấp cao cấp'""}]""",2026-01-27 15:44:54.424881+00
840,Some preparation needed. Usually requires few months to 1 year of production experience.,Some preparation needed. Usually requires few months to 1 year of production experience.,High school diploma required. Technical training or apprenticeship preferred.,High school diploma required. Technical training or apprenticeship preferred.,56946.00,152980.00,104963.00,USD,"[{""max"""": 83392.44"," '""min'"": 56946.0"," '""label'"": '""Entry Level'""}"," {'""max'"": 127125.14"," '""min'"": 83392.44"," """"label"""": """"Mid Level""""}"," {'""max'"": 152980.0"," '""min'"": 127125.14"," '""label'"": '""Senior Level'""}]""",1366704000.00,3671520000.00,2519112000.00,VND,"[{'max'"": 2001418557"," '""min'"": 1366704000"," '""label'"": '""Cấp mới vào nghề'""}"," {'""max'"": 3051003297"," '""min'"": 2001418557"," '""label'"": '""Cấp trung cấp'""}"," {'""max'"": 3671520000"," '""min'"": 3051003297"," '""label'"": '""Cấp cao cấp'""}]""",2026-01-27 15:44:54.424881+00
841,Some preparation needed. Usually requires few months to 1 year of production experience.,Some preparation needed. Usually requires few months to 1 year of production experience.,High school diploma required. Technical training or apprenticeship preferred.,High school diploma required. Technical training or apprenticeship preferred.,52212.00,160829.00,106520.00,USD,"[{""max"""": 88190.33"," '""min'"": 52212.0"," '""label'"": '""Entry Level'""}"," {'""max'"": 131613.14"," '""min'"": 88190.33"," """"label"""": """"Mid Level""""}"," {'""max'"": 160829.0"," '""min'"": 131613.14"," '""label'"": '""Senior Level'""}]""",1253088000.00,3859896000.00,2556480000.00,VND,"[{'max'"": 2116568022"," '""min'"": 1253088000"," '""label'"": '""Cấp mới vào nghề'""}"," {'""max'"": 3158715257"," '""min'"": 2116568022"," '""label'"": '""Cấp trung cấp'""}"," {'""max'"": 3859896000"," '""min'"": 3158715257"," '""label'"": '""Cấp cao cấp'""}]""",2026-01-27 15:44:54.424881+00
842,Some preparation needed. Usually requires few months to 1 year of production experience.,Some preparation needed. Usually requires few months to 1 year of production experience.,High school diploma required. Technical training or apprenticeship preferred.,High school diploma required. Technical training or apprenticeship preferred.,59972.00,167670.00,113821.00,USD,"[{""max"""": 93413.32"," '""min'"": 59972.0"," '""label'"": '""Entry Level'""}"," {'""max'"": 137673.19"," '""min'"": 93413.32"," """"label"""": """"Mid Level""""}"," {'""max'"": 167670.0"," '""min'"": 137673.19"," '""label'"": '""Senior Level'""}]""",1439328000.00,4024080000.00,2731704000.00,VND,"[{'max'"": 2241919726"," '""min'"": 1439328000"," '""label'"": '""Cấp mới vào nghề'""}"," {'""max'"": 3304156466"," '""min'"": 2241919726"," '""label'"": '""Cấp trung cấp'""}"," {'""max'"": 4024080000"," '""min'"": 3304156466"," '""label'"": '""Cấp cao cấp'""}]""",2026-01-27 15:44:54.424881+00
843,Some preparation needed. Usually requires few months to 1 year of production experience.,Some preparation needed. Usually requires few months to 1 year of production experience.,High school diploma required. Technical training or apprenticeship preferred.,High school diploma required. Technical training or apprenticeship preferred.,78986.00,168479.00,123732.00,USD,"[{""max"""": 101701.39"," '""min'"": 78986.0"," '""label'"": '""Entry Level'""}"," {'""max'"": 144067.98"," '""min'"": 101701.39"," """"label"""": """"Mid Level""""}"," {'""max'"": 168479.0"," '""min'"": 144067.98"," '""label'"": '""Senior Level'""}]""",1895664000.00,4043496000.00,2969568000.00,VND,"[{'max'"": 2440833307"," '""min'"": 1895664000"," '""label'"": '""Cấp mới vào nghề'""}"," {'""max'"": 3457631614"," '""min'"": 2440833307"," '""label'"": '""Cấp trung cấp'""}"," {'""max'"": 4043496000"," '""min'"": 3457631614"," '""label'"": '""Cấp cao cấp'""}]""",2026-01-27 15:44:54.424881+00
844,Some preparation needed. Usually requires few months to 1 year of production experience.,Some preparation needed. Usually requires few months to 1 year of production experience.,High school diploma required. Technical training or apprenticeship preferred.,High school diploma required. Technical training or apprenticeship preferred.,61987.00,174478.00,118232.00,USD,"[{""max"""": 99738.75"," '""min'"": 61987.0"," '""label'"": '""Entry Level'""}"," {'""max'"": 138948.12"," '""min'"": 99738.75"," """"label"""": """"Mid Level""""}"," {'""max'"": 174478.0"," '""min'"": 138948.12"," '""label'"": '""Senior Level'""}]""",1487688000.00,4187472000.00,2837568000.00,VND,"[{'max'"": 2393729951"," '""min'"": 1487688000"," '""label'"": '""Cấp mới vào nghề'""}"," {'""max'"": 3334754886"," '""min'"": 2393729951"," '""label'"": '""Cấp trung cấp'""}"," {'""max'"": 4187472000"," '""min'"": 3334754886"," '""label'"": '""Cấp cao cấp'""}]""",2026-01-27 15:44:54.424881+00
845,Some preparation needed. Usually requires few months to 1 year of production experience.,Some preparation needed. Usually requires few months to 1 year of production experience.,High school diploma required. Technical training or apprenticeship preferred.,High school diploma required. Technical training or apprenticeship preferred.,43918.00,117753.00,80835.00,USD,"[{""max"""": 68628.99"," '""min'"": 43918.0"," '""label'"": '""Entry Level'""}"," {'""max'"": 93788.4"," '""min'"": 68628.99"," """"label"""": """"Mid Level""""}"," {'""max'"": 117753.0"," '""min'"": 93788.4"," '""label'"": '""Senior Level'""}]""",1054032000.00,2826072000.00,1940040000.00,VND,"[{'max'"": 1647095648"," '""min'"": 1054032000"," '""label'"": '""Cấp mới vào nghề'""}"," {'""max'"": 2250921610"," '""min'"": 1647095648"," '""label'"": '""Cấp trung cấp'""}"," {'""max'"": 2826072000"," '""min'"": 2250921610"," '""label'"": '""Cấp cao cấp'""}]""",2026-01-27 15:44:54.424881+00
846,Some preparation needed. Usually requires few months to 1 year of production experience.,Some preparation needed. Usually requires few months to 1 year of production experience.,High school diploma required. Technical training or apprenticeship preferred.,High school diploma required. Technical training or apprenticeship preferred.,45423.00,158966.00,102194.00,USD,"[{""max"""": 75085.31"," '""min'"": 45423.0"," '""label'"": '""Entry Level'""}"," {'""max'"": 120380.26"," '""min'"": 75085.31"," """"label"""": """"Mid Level""""}"," {'""max'"": 158966.0"," '""min'"": 120380.26"," '""label'"": '""Senior Level'""}]""",1090152000.00,3815184000.00,2452656000.00,VND,"[{'max'"": 1802047482"," '""min'"": 1090152000"," '""label'"": '""Cấp mới vào nghề'""}"," {'""max'"": 2889126123"," '""min'"": 1802047482"," '""label'"": '""Cấp trung cấp'""}"," {'""max'"": 3815184000"," '""min'"": 2889126123"," '""label'"": '""Cấp cao cấp'""}]""",2026-01-27 15:44:54.424881+00
847,Some preparation needed. Usually requires few months to 1 year of production experience.,Some preparation needed. Usually requires few months to 1 year of production experience.,High school diploma required. Technical training or apprenticeship preferred.,High school diploma required. Technical training or apprenticeship preferred.,78904.00,175828.00,127366.00,USD,"[{""max"""": 108005.46"," '""min'"": 78904.0"," '""label'"": '""Entry Level'""}"," {'""max'"": 145243.56"," '""min'"": 108005.46"," """"label"""": """"Mid Level""""}"," {'""max'"": 175828.0"," '""min'"": 145243.56"," '""label'"": '""Senior Level'""}]""",1893696000.00,4219872000.00,3056784000.00,VND,"[{'max'"": 2592131042"," '""min'"": 1893696000"," '""label'"": '""Cấp mới vào nghề'""}"," {'""max'"": 3485845337"," '""min'"": 2592131042"," '""label'"": '""Cấp trung cấp'""}"," {'""max'"": 4219872000"," '""min'"": 3485845337"," '""label'"": '""Cấp cao cấp'""}]""",2026-01-27 15:44:54.424881+00
848,Some preparation needed. Usually requires few months to 1 year of production experience.,Some preparation needed. Usually requires few months to 1 year of production experience.,High school diploma required. Technical training or apprenticeship preferred.,High school diploma required. Technical training or apprenticeship preferred.,56616.00,164538.00,110577.00,USD,"[{""max"""": 88947.29"," '""min'"": 56616.0"," '""label'"": '""Entry Level'""}"," {'""max'"": 128495.92"," '""min'"": 88947.29"," """"label"""": """"Mid Level""""}"," {'""max'"": 164538.0"," '""min'"": 128495.92"," '""label'"": '""Senior Level'""}]""",1358784000.00,3948912000.00,2653848000.00,VND,"[{'max'"": 2134734912"," '""min'"": 1358784000"," '""label'"": '""Cấp mới vào nghề'""}"," {'""max'"": 3083902164"," '""min'"": 2134734912"," '""label'"": '""Cấp trung cấp'""}"," {'""max'"": 3948912000"," '""min'"": 3083902164"," '""label'"": '""Cấp cao cấp'""}]""",2026-01-27 15:44:54.424881+00
849,Some preparation needed. Usually requires few months to 1 year of production experience.,Some preparation needed. Usually requires few months to 1 year of production experience.,High school diploma required. Technical training or apprenticeship preferred.,High school diploma required. Technical training or apprenticeship preferred.,77632.00,157155.00,117393.00,USD,"[{""max"""": 101789.19"," '""min'"": 77632.0"," '""label'"": '""Entry Level'""}"," {'""max'"": 133287.39"," '""min'"": 101789.19"," """"label"""": """"Mid Level""""}"," {'""max'"": 157155.0"," '""min'"": 133287.39"," '""label'"": '""Senior Level'""}]""",1863168000.00,3771720000.00,2817432000.00,VND,"[{'max'"": 2442940632"," '""min'"": 1863168000"," '""label'"": '""Cấp mới vào nghề'""}"," {'""max'"": 3198897362"," '""min'"": 2442940632"," '""label'"": '""Cấp trung cấp'""}"," {'""max'"": 3771720000"," '""min'"": 3198897362"," '""label'"": '""Cấp cao cấp'""}]""",2026-01-27 15:44:54.424881+00
850,Some preparation needed. Usually requires few months to 1 year of production experience.,Some preparation needed. Usually requires few months to 1 year of production experience.,High school diploma required. Technical training or apprenticeship preferred.,High school diploma required. Technical training or apprenticeship preferred.,75593.00,116303.00,95948.00,USD,"[{""max"""": 86421.98"," '""min'"": 75593.0"," '""label'"": '""Entry Level'""}"," {'""max'"": 105497.81"," '""min'"": 86421.98"," """"label"""": """"Mid Level""""}"," {'""max'"": 116303.0"," '""min'"": 105497.81"," '""label'"": '""Senior Level'""}]""",1814232000.00,2791272000.00,2302752000.00,VND,"[{'max'"": 2074127591"," '""min'"": 1814232000"," '""label'"": '""Cấp mới vào nghề'""}"," {'""max'"": 2531947463"," '""min'"": 2074127591"," '""label'"": '""Cấp trung cấp'""}"," {'""max'"": 2791272000"," '""min'"": 2531947463"," '""label'"": '""Cấp cao cấp'""}]""",2026-01-27 15:44:54.424881+00
851,Some preparation needed. Usually requires few months to 1 year of production experience.,Some preparation needed. Usually requires few months to 1 year of production experience.,High school diploma required. Technical training or apprenticeship preferred.,High school diploma required. Technical training or apprenticeship preferred.,71228.00,146173.00,108700.00,USD,"[{""max"""": 91552.2"," '""min'"": 71228.0"," '""label'"": '""Entry Level'""}"," {'""max'"": 121555.45"," '""min'"": 91552.2"," """"label"""": """"Mid Level""""}"," {'""max'"": 146173.0"," '""min'"": 121555.45"," '""label'"": '""Senior Level'""}]""",1709472000.00,3508152000.00,2608800000.00,VND,"[{'max'"": 2197252819"," '""min'"": 1709472000"," '""label'"": '""Cấp mới vào nghề'""}"," {'""max'"": 2917330730"," '""min'"": 2197252819"," '""label'"": '""Cấp trung cấp'""}"," {'""max'"": 3508152000"," '""min'"": 2917330730"," '""label'"": '""Cấp cao cấp'""}]""",2026-01-27 15:44:54.424881+00
852,Some preparation needed. Usually requires few months to 1 year of production experience.,Some preparation needed. Usually requires few months to 1 year of production experience.,High school diploma required. Technical training or apprenticeship preferred.,High school diploma required. Technical training or apprenticeship preferred.,76365.00,138217.00,107291.00,USD,"[{""max"""": 97322.25"," '""min'"": 76365.0"," '""label'"": '""Entry Level'""}"," {'""max'"": 118642.35"," '""min'"": 97322.25"," """"label"""": """"Mid Level""""}"," {'""max'"": 138217.0"," '""min'"": 118642.35"," '""label'"": '""Senior Level'""}]""",1832760000.00,3317208000.00,2574984000.00,VND,"[{'max'"": 2335734017"," '""min'"": 1832760000"," '""label'"": '""Cấp mới vào nghề'""}"," {'""max'"": 2847416300"," '""min'"": 2335734017"," '""label'"": '""Cấp trung cấp'""}"," {'""max'"": 3317208000"," '""min'"": 2847416300"," '""label'"": '""Cấp cao cấp'""}]""",2026-01-27 15:44:54.424881+00
853,Some preparation needed. Usually requires few months to 1 year of production experience.,Some preparation needed. Usually requires few months to 1 year of production experience.,High school diploma required. Technical training or apprenticeship preferred.,High school diploma required. Technical training or apprenticeship preferred.,49522.00,153726.00,101624.00,USD,"[{""max"""": 81259.72"," '""min'"": 49522.0"," '""label'"": '""Entry Level'""}"," {'""max'"": 123122.32"," '""min'"": 81259.72"," """"label"""": """"Mid Level""""}"," {'""max'"": 153726.0"," '""min'"": 123122.32"," '""label'"": '""Senior Level'""}]""",1188528000.00,3689424000.00,2438976000.00,VND,"[{'max'"": 1950233174"," '""min'"": 1188528000"," '""label'"": '""Cấp mới vào nghề'""}"," {'""max'"": 2954935576"," '""min'"": 1950233174"," '""label'"": '""Cấp trung cấp'""}"," {'""max'"": 3689424000"," '""min'"": 2954935576"," '""label'"": '""Cấp cao cấp'""}]""",2026-01-27 15:44:54.424881+00
854,Some preparation needed. Usually requires few months to 1 year of production experience.,Some preparation needed. Usually requires few months to 1 year of production experience.,High school diploma required. Technical training or apprenticeship preferred.,High school diploma required. Technical training or apprenticeship preferred.,69901.00,144651.00,107276.00,USD,"[{""max"""": 90128.22"," '""min'"": 69901.0"," '""label'"": '""Entry Level'""}"," {'""max'"": 122351.37"," '""min'"": 90128.22"," """"label"""": """"Mid Level""""}"," {'""max'"": 144651.0"," '""min'"": 122351.37"," '""label'"": '""Senior Level'""}]""",1677624000.00,3471624000.00,2574624000.00,VND,"[{'max'"": 2163077165"," '""min'"": 1677624000"," '""label'"": '""Cấp mới vào nghề'""}"," {'""max'"": 2936432783"," '""min'"": 2163077165"," '""label'"": '""Cấp trung cấp'""}"," {'""max'"": 3471624000"," '""min'"": 2936432783"," '""label'"": '""Cấp cao cấp'""}]""",2026-01-27 15:44:54.424881+00
855,Some preparation needed. Usually requires few months to 1 year of production experience.,Some preparation needed. Usually requires few months to 1 year of production experience.,High school diploma required. Technical training or apprenticeship preferred.,High school diploma required. Technical training or apprenticeship preferred.,66454.00,178319.00,122386.00,USD,"[{""max"""": 101914.99"," '""min'"": 66454.0"," '""label'"": '""Entry Level'""}"," {'""max'"": 143637.36"," '""min'"": 101914.99"," """"label"""": """"Mid Level""""}"," {'""max'"": 178319.0"," '""min'"": 143637.36"," '""label'"": '""Senior Level'""}]""",1594896000.00,4279656000.00,2937264000.00,VND,"[{'max'"": 2445959753"," '""min'"": 1594896000"," '""label'"": '""Cấp mới vào nghề'""}"," {'""max'"": 3447296528"," '""min'"": 2445959753"," '""label'"": '""Cấp trung cấp'""}"," {'""max'"": 4279656000"," '""min'"": 3447296528"," '""label'"": '""Cấp cao cấp'""}]""",2026-01-27 15:44:54.424881+00
856,Some preparation needed. Usually requires few months to 1 year of production experience.,Some preparation needed. Usually requires few months to 1 year of production experience.,High school diploma required. Technical training or apprenticeship preferred.,High school diploma required. Technical training or apprenticeship preferred.,69229.00,140444.00,104836.00,USD,"[{""max"""": 87316.21"," '""min'"": 69229.0"," '""label'"": '""Entry Level'""}"," {'""max'"": 115876.74"," '""min'"": 87316.21"," """"label"""": """"Mid Level""""}"," {'""max'"": 140444.0"," '""min'"": 115876.74"," '""label'"": '""Senior Level'""}]""",1661496000.00,3370656000.00,2516064000.00,VND,"[{'max'"": 2095589065"," '""min'"": 1661496000"," '""label'"": '""Cấp mới vào nghề'""}"," {'""max'"": 2781041695"," '""min'"": 2095589065"," '""label'"": '""Cấp trung cấp'""}"," {'""max'"": 3370656000"," '""min'"": 2781041695"," '""label'"": '""Cấp cao cấp'""}]""",2026-01-27 15:44:54.424881+00
857,Some preparation needed. Usually requires few months to 1 year of production experience.,Some preparation needed. Usually requires few months to 1 year of production experience.,High school diploma required. Technical training or apprenticeship preferred.,High school diploma required. Technical training or apprenticeship preferred.,54408.00,142022.00,98215.00,USD,"[{""max"""": 78559.23"," '""min'"": 54408.0"," '""label'"": '""Entry Level'""}"," {'""max'"": 118484.44"," '""min'"": 78559.23"," """"label"""": """"Mid Level""""}"," {'""max'"": 142022.0"," '""min'"": 118484.44"," '""label'"": '""Senior Level'""}]""",1305792000.00,3408528000.00,2357160000.00,VND,"[{'max'"": 1885421535"," '""min'"": 1305792000"," '""label'"": '""Cấp mới vào nghề'""}"," {'""max'"": 2843626559"," '""min'"": 1885421535"," '""label'"": '""Cấp trung cấp'""}"," {'""max'"": 3408528000"," '""min'"": 2843626559"," '""label'"": '""Cấp cao cấp'""}]""",2026-01-27 15:44:54.424881+00
858,Some preparation needed. Usually requires few months to 1 year of production experience.,Some preparation needed. Usually requires few months to 1 year of production experience.,High school diploma required. Technical training or apprenticeship preferred.,High school diploma required. Technical training or apprenticeship preferred.,75667.00,130484.00,103075.00,USD,"[{""max"""": 93525.11"," '""min'"": 75667.0"," '""label'"": '""Entry Level'""}"," {'""max'"": 113806.78"," '""min'"": 93525.11"," """"label"""": """"Mid Level""""}"," {'""max'"": 130484.0"," '""min'"": 113806.78"," '""label'"": '""Senior Level'""}]""",1816008000.00,3131616000.00,2473800000.00,VND,"[{'max'"": 2244602558"," '""min'"": 1816008000"," '""label'"": '""Cấp mới vào nghề'""}"," {'""max'"": 2731362728"," '""min'"": 2244602558"," '""label'"": '""Cấp trung cấp'""}"," {'""max'"": 3131616000"," '""min'"": 2731362728"," '""label'"": '""Cấp cao cấp'""}]""",2026-01-27 15:44:54.424881+00
859,Some preparation needed. Usually requires few months to 1 year of production experience.,Some preparation needed. Usually requires few months to 1 year of production experience.,High school diploma required. Technical training or apprenticeship preferred.,High school diploma required. Technical training or apprenticeship preferred.,50734.00,111069.00,80901.00,USD,"[{""max"""": 70976.74"," '""min'"": 50734.0"," '""label'"": '""Entry Level'""}"," {'""max'"": 92220.36"," '""min'"": 70976.74"," """"label"""": """"Mid Level""""}"," {'""max'"": 111069.0"," '""min'"": 92220.36"," '""label'"": '""Senior Level'""}]""",1217616000.00,2665656000.00,1941624000.00,VND,"[{'max'"": 1703441685"," '""min'"": 1217616000"," '""label'"": '""Cấp mới vào nghề'""}"," {'""max'"": 2213288632"," '""min'"": 1703441685"," '""label'"": '""Cấp trung cấp'""}"," {'""max'"": 2665656000"," '""min'"": 2213288632"," '""label'"": '""Cấp cao cấp'""}]""",2026-01-27 15:44:54.424881+00
860,Some preparation needed. Usually requires few months to 1 year of production experience.,Some preparation needed. Usually requires few months to 1 year of production experience.,High school diploma required. Technical training or apprenticeship preferred.,High school diploma required. Technical training or apprenticeship preferred.,73042.00,178188.00,125615.00,USD,"[{""max"""": 102344.25"," '""min'"": 73042.0"," '""label'"": '""Entry Level'""}"," {'""max'"": 141745.76"," '""min'"": 102344.25"," """"label"""": """"Mid Level""""}"," {'""max'"": 178188.0"," '""min'"": 141745.76"," '""label'"": '""Senior Level'""}]""",1753008000.00,4276512000.00,3014760000.00,VND,"[{'max'"": 2456262045"," '""min'"": 1753008000"," '""label'"": '""Cấp mới vào nghề'""}"," {'""max'"": 3401898332"," '""min'"": 2456262045"," '""label'"": '""Cấp trung cấp'""}"," {'""max'"": 4276512000"," '""min'"": 3401898332"," '""label'"": '""Cấp cao cấp'""}]""",2026-01-27 15:44:54.424881+00
861,Some preparation needed. Usually requires few months to 1 year of production experience.,Some preparation needed. Usually requires few months to 1 year of production experience.,High school diploma required. Technical training or apprenticeship preferred.,High school diploma required. Technical training or apprenticeship preferred.,42695.00,187088.00,114891.00,USD,"[{""max"""": 83434.84"," '""min'"": 42695.0"," '""label'"": '""Entry Level'""}"," {'""max'"": 148788.16"," '""min'"": 83434.84"," """"label"""": """"Mid Level""""}"," {'""max'"": 187088.0"," '""min'"": 148788.16"," '""label'"": '""Senior Level'""}]""",1024680000.00,4490112000.00,2757384000.00,VND,"[{'max'"": 2002436043"," '""min'"": 1024680000"," '""label'"": '""Cấp mới vào nghề'""}"," {'""max'"": 3570915924"," '""min'"": 2002436043"," '""label'"": '""Cấp trung cấp'""}"," {'""max'"": 4490112000"," '""min'"": 3570915924"," '""label'"": '""Cấp cao cấp'""}]""",2026-01-27 15:44:54.424881+00
862,Some preparation needed. Usually requires few months to 1 year of production experience.,Some preparation needed. Usually requires few months to 1 year of production experience.,High school diploma required. Technical training or apprenticeship preferred.,High school diploma required. Technical training or apprenticeship preferred.,65738.00,121750.00,93744.00,USD,"[{""max"""": 80149.56"," '""min'"": 65738.0"," '""label'"": '""Entry Level'""}"," {'""max'"": 106158.73"," '""min'"": 80149.56"," """"label"""": """"Mid Level""""}"," {'""max'"": 121750.0"," '""min'"": 106158.73"," '""label'"": '""Senior Level'""}]""",1577712000.00,2922000000.00,2249856000.00,VND,"[{'max'"": 1923589391"," '""min'"": 1577712000"," '""label'"": '""Cấp mới vào nghề'""}"," {'""max'"": 2547809582"," '""min'"": 1923589391"," '""label'"": '""Cấp trung cấp'""}"," {'""max'"": 2922000000"," '""min'"": 2547809582"," '""label'"": '""Cấp cao cấp'""}]""",2026-01-27 15:44:54.424881+00
863,Some preparation needed. Usually requires few months to 1 year of production experience.,Some preparation needed. Usually requires few months to 1 year of production experience.,High school diploma required. Technical training or apprenticeship preferred.,High school diploma required. Technical training or apprenticeship preferred.,61201.00,155376.00,108288.00,USD,"[{""max"""": 88640.43"," '""min'"": 61201.0"," '""label'"": '""Entry Level'""}"," {'""max'"": 130403.61"," '""min'"": 88640.43"," """"label"""": """"Mid Level""""}"," {'""max'"": 155376.0"," '""min'"": 130403.61"," '""label'"": '""Senior Level'""}]""",1468824000.00,3729024000.00,2598912000.00,VND,"[{'max'"": 2127370410"," '""min'"": 1468824000"," '""label'"": '""Cấp mới vào nghề'""}"," {'""max'"": 3129686562"," '""min'"": 2127370410"," '""label'"": '""Cấp trung cấp'""}"," {'""max'"": 3729024000"," '""min'"": 3129686562"," '""label'"": '""Cấp cao cấp'""}]""",2026-01-27 15:44:54.424881+00
864,Some preparation needed. Usually requires few months to 1 year of production experience.,Some preparation needed. Usually requires few months to 1 year of production experience.,High school diploma required. Technical training or apprenticeship preferred.,High school diploma required. Technical training or apprenticeship preferred.,62938.00,150549.00,106743.00,USD,"[{""max"""": 92171.97"," '""min'"": 62938.0"," '""label'"": '""Entry Level'""}"," {'""max'"": 121515.74"," '""min'"": 92171.97"," """"label"""": """"Mid Level""""}"," {'""max'"": 150549.0"," '""min'"": 121515.74"," '""label'"": '""Senior Level'""}]""",1510512000.00,3613176000.00,2561832000.00,VND,"[{'max'"": 2212127225"," '""min'"": 1510512000"," '""label'"": '""Cấp mới vào nghề'""}"," {'""max'"": 2916377814"," '""min'"": 2212127225"," '""label'"": '""Cấp trung cấp'""}"," {'""max'"": 3613176000"," '""min'"": 2916377814"," '""label'"": '""Cấp cao cấp'""}]""",2026-01-27 15:44:54.424881+00
865,Some preparation needed. Usually requires few months to 1 year of production experience.,Some preparation needed. Usually requires few months to 1 year of production experience.,High school diploma required. Technical training or apprenticeship preferred.,High school diploma required. Technical training or apprenticeship preferred.,40830.00,133797.00,87313.00,USD,"[{""max"""": 72049.96"," '""min'"": 40830.0"," '""label'"": '""Entry Level'""}"," {'""max'"": 109816.16"," '""min'"": 72049.96"," """"label"""": """"Mid Level""""}"," {'""max'"": 133797.0"," '""min'"": 109816.16"," '""label'"": '""Senior Level'""}]""",979920000.00,3211128000.00,2095512000.00,VND,"[{'max'"": 1729198962"," '""min'"": 979920000"," '""label'"": '""Cấp mới vào nghề'""}"," {'""max'"": 2635587869"," '""min'"": 1729198962"," '""label'"": '""Cấp trung cấp'""}"," {'""max'"": 3211128000"," '""min'"": 2635587869"," '""label'"": '""Cấp cao cấp'""}]""",2026-01-27 15:44:54.424881+00
866,Some preparation needed. Usually requires few months to 1 year of production experience.,Some preparation needed. Usually requires few months to 1 year of production experience.,High school diploma required. Technical training or apprenticeship preferred.,High school diploma required. Technical training or apprenticeship preferred.,76965.00,166723.00,121844.00,USD,"[{""max"""": 101029.34"," '""min'"": 76965.0"," '""label'"": '""Entry Level'""}"," {'""max'"": 143735.72"," '""min'"": 101029.34"," """"label"""": """"Mid Level""""}"," {'""max'"": 166723.0"," '""min'"": 143735.72"," '""label'"": '""Senior Level'""}]""",1847160000.00,4001352000.00,2924256000.00,VND,"[{'max'"": 2424704061"," '""min'"": 1847160000"," '""label'"": '""Cấp mới vào nghề'""}"," {'""max'"": 3449657369"," '""min'"": 2424704061"," '""label'"": '""Cấp trung cấp'""}"," {'""max'"": 4001352000"," '""min'"": 3449657369"," '""label'"": '""Cấp cao cấp'""}]""",2026-01-27 15:44:54.424881+00
867,Some preparation needed. Usually requires few months to 1 year of production experience.,Some preparation needed. Usually requires few months to 1 year of production experience.,High school diploma required. Technical training or apprenticeship preferred.,High school diploma required. Technical training or apprenticeship preferred.,54244.00,115417.00,84830.00,USD,"[{""max"""": 70238.59"," '""min'"": 54244.0"," '""label'"": '""Entry Level'""}"," {'""max'"": 94360.23"," '""min'"": 70238.59"," """"label"""": """"Mid Level""""}"," {'""max'"": 115417.0"," '""min'"": 94360.23"," '""label'"": '""Senior Level'""}]""",1301856000.00,2770008000.00,2035920000.00,VND,"[{'max'"": 1685726186"," '""min'"": 1301856000"," '""label'"": '""Cấp mới vào nghề'""}"," {'""max'"": 2264645597"," '""min'"": 1685726186"," '""label'"": '""Cấp trung cấp'""}"," {'""max'"": 2770008000"," '""min'"": 2264645597"," '""label'"": '""Cấp cao cấp'""}]""",2026-01-27 15:44:54.424881+00
868,Some preparation needed. Usually requires few months to 1 year of production experience.,Some preparation needed. Usually requires few months to 1 year of production experience.,High school diploma required. Technical training or apprenticeship preferred.,High school diploma required. Technical training or apprenticeship preferred.,73976.00,123348.00,98662.00,USD,"[{""max"""": 87792.32"," '""min'"": 73976.0"," '""label'"": '""Entry Level'""}"," {'""max'"": 107871.04"," '""min'"": 87792.32"," """"label"""": """"Mid Level""""}"," {'""max'"": 123348.0"," '""min'"": 107871.04"," '""label'"": '""Senior Level'""}]""",1775424000.00,2960352000.00,2367888000.00,VND,"[{'max'"": 2107015776"," '""min'"": 1775424000"," '""label'"": '""Cấp mới vào nghề'""}"," {'""max'"": 2588904873"," '""min'"": 2107015776"," '""label'"": '""Cấp trung cấp'""}"," {'""max'"": 2960352000"," '""min'"": 2588904873"," '""label'"": '""Cấp cao cấp'""}]""",2026-01-27 15:44:54.424881+00
869,Some preparation needed. Usually requires few months to 1 year of production experience.,Some preparation needed. Usually requires few months to 1 year of production experience.,High school diploma required. Technical training or apprenticeship preferred.,High school diploma required. Technical training or apprenticeship preferred.,73293.00,120266.00,96779.00,USD,"[{""max"""": 85858.55"," '""min'"": 73293.0"," '""label'"": '""Entry Level'""}"," {'""max'"": 106753.81"," '""min'"": 85858.55"," """"label"""": """"Mid Level""""}"," {'""max'"": 120266.0"," '""min'"": 106753.81"," '""label'"": '""Senior Level'""}]""",1759032000.00,2886384000.00,2322696000.00,VND,"[{'max'"": 2060605320"," '""min'"": 1759032000"," '""label'"": '""Cấp mới vào nghề'""}"," {'""max'"": 2562091455"," '""min'"": 2060605320"," '""label'"": '""Cấp trung cấp'""}"," {'""max'"": 2886384000"," '""min'"": 2562091455"," '""label'"": '""Cấp cao cấp'""}]""",2026-01-27 15:44:54.424881+00
870,Some preparation needed. Usually requires few months to 1 year of production experience.,Some preparation needed. Usually requires few months to 1 year of production experience.,High school diploma required. Technical training or apprenticeship preferred.,High school diploma required. Technical training or apprenticeship preferred.,67979.00,121001.00,94490.00,USD,"[{""max"""": 83540.04"," '""min'"": 67979.0"," '""label'"": '""Entry Level'""}"," {'""max'"": 106031.4"," '""min'"": 83540.04"," """"label"""": """"Mid Level""""}"," {'""max'"": 121001.0"," '""min'"": 106031.4"," '""label'"": '""Senior Level'""}]""",1631496000.00,2904024000.00,2267760000.00,VND,"[{'max'"": 2004960979"," '""min'"": 1631496000"," '""label'"": '""Cấp mới vào nghề'""}"," {'""max'"": 2544753586"," '""min'"": 2004960979"," '""label'"": '""Cấp trung cấp'""}"," {'""max'"": 2904024000"," '""min'"": 2544753586"," '""label'"": '""Cấp cao cấp'""}]""",2026-01-27 15:44:54.424881+00
871,Some preparation needed. Usually requires few months to 1 year of production experience.,Some preparation needed. Usually requires few months to 1 year of production experience.,High school diploma required. Technical training or apprenticeship preferred.,High school diploma required. Technical training or apprenticeship preferred.,62763.00,141741.00,102252.00,USD,"[{""max"""": 84194.41"," '""min'"": 62763.0"," '""label'"": '""Entry Level'""}"," {'""max'"": 118411.87"," '""min'"": 84194.41"," """"label"""": """"Mid Level""""}"," {'""max'"": 141741.0"," '""min'"": 118411.87"," '""label'"": '""Senior Level'""}]""",1506312000.00,3401784000.00,2454048000.00,VND,"[{'max'"": 2020665786"," '""min'"": 1506312000"," '""label'"": '""Cấp mới vào nghề'""}"," {'""max'"": 2841884851"," '""min'"": 2020665786"," '""label'"": '""Cấp trung cấp'""}"," {'""max'"": 3401784000"," '""min'"": 2841884851"," '""label'"": '""Cấp cao cấp'""}]""",2026-01-27 15:44:54.424881+00
872,Some preparation needed. Usually requires few months to 1 year of production experience.,Some preparation needed. Usually requires few months to 1 year of production experience.,High school diploma required. Technical training or apprenticeship preferred.,High school diploma required. Technical training or apprenticeship preferred.,46453.00,190284.00,118368.00,USD,"[{""max"""": 89131.91"," '""min'"": 46453.0"," '""label'"": '""Entry Level'""}"," {'""max'"": 146186.16"," '""min'"": 89131.91"," """"label"""": """"Mid Level""""}"," {'""max'"": 190284.0"," '""min'"": 146186.16"," '""label'"": '""Senior Level'""}]""",1114872000.00,4566816000.00,2840832000.00,VND,"[{'max'"": 2139165918"," '""min'"": 1114872000"," '""label'"": '""Cấp mới vào nghề'""}"," {'""max'"": 3508467731"," '""min'"": 2139165918"," '""label'"": '""Cấp trung cấp'""}"," {'""max'"": 4566816000"," '""min'"": 3508467731"," '""label'"": '""Cấp cao cấp'""}]""",2026-01-27 15:44:54.424881+00
873,Some preparation needed. Usually requires few months to 1 year of production experience.,Some preparation needed. Usually requires few months to 1 year of production experience.,High school diploma required. Technical training or apprenticeship preferred.,High school diploma required. Technical training or apprenticeship preferred.,44796.00,110415.00,77605.00,USD,"[{""max"""": 64666.01"," '""min'"": 44796.0"," '""label'"": '""Entry Level'""}"," {'""max'"": 93352.17"," '""min'"": 64666.01"," """"label"""": """"Mid Level""""}"," {'""max'"": 110415.0"," '""min'"": 93352.17"," '""label'"": '""Senior Level'""}]""",1075104000.00,2649960000.00,1862520000.00,VND,"[{'max'"": 1551984226"," '""min'"": 1075104000"," '""label'"": '""Cấp mới vào nghề'""}"," {'""max'"": 2240452143"," '""min'"": 1551984226"," '""label'"": '""Cấp trung cấp'""}"," {'""max'"": 2649960000"," '""min'"": 2240452143"," '""label'"": '""Cấp cao cấp'""}]""",2026-01-27 15:44:54.424881+00
874,Some preparation needed. Usually requires few months to 1 year of production experience.,Some preparation needed. Usually requires few months to 1 year of production experience.,High school diploma required. Technical training or apprenticeship preferred.,High school diploma required. Technical training or apprenticeship preferred.,73535.00,168262.00,120898.00,USD,"[{""max"""": 97850.61"," '""min'"": 73535.0"," '""label'"": '""Entry Level'""}"," {'""max'"": 141259.37"," '""min'"": 97850.61"," """"label"""": """"Mid Level""""}"," {'""max'"": 168262.0"," '""min'"": 141259.37"," '""label'"": '""Senior Level'""}]""",1764840000.00,4038288000.00,2901552000.00,VND,"[{'max'"": 2348414699"," '""min'"": 1764840000"," '""label'"": '""Cấp mới vào nghề'""}"," {'""max'"": 3390224854"," '""min'"": 2348414699"," '""label'"": '""Cấp trung cấp'""}"," {'""max'"": 4038288000"," '""min'"": 3390224854"," '""label'"": '""Cấp cao cấp'""}]""",2026-01-27 15:44:54.424881+00
875,Some preparation needed. Usually requires few months to 1 year of production experience.,Some preparation needed. Usually requires few months to 1 year of production experience.,High school diploma required. Technical training or apprenticeship preferred.,High school diploma required. Technical training or apprenticeship preferred.,76675.00,113934.00,95304.00,USD,"[{""max"""": 86664.43"," '""min'"": 76675.0"," '""label'"": '""Entry Level'""}"," {'""max'"": 104447.14"," '""min'"": 86664.43"," """"label"""": """"Mid Level""""}"," {'""max'"": 113934.0"," '""min'"": 104447.14"," '""label'"": '""Senior Level'""}]""",1840200000.00,2734416000.00,2287296000.00,VND,"[{'max'"": 2079946399"," '""min'"": 1840200000"," '""label'"": '""Cấp mới vào nghề'""}"," {'""max'"": 2506731476"," '""min'"": 2079946399"," '""label'"": '""Cấp trung cấp'""}"," {'""max'"": 2734416000"," '""min'"": 2506731476"," '""label'"": '""Cấp cao cấp'""}]""",2026-01-27 15:44:54.424881+00
876,Some preparation needed. Usually requires few months to 1 year of production experience.,Some preparation needed. Usually requires few months to 1 year of production experience.,High school diploma required. Technical training or apprenticeship preferred.,High school diploma required. Technical training or apprenticeship preferred.,55377.00,162340.00,108858.00,USD,"[{""max"""": 83378.05"," '""min'"": 55377.0"," '""label'"": '""Entry Level'""}"," {'""max'"": 126285.27"," '""min'"": 83378.05"," """"label"""": """"Mid Level""""}"," {'""max'"": 162340.0"," '""min'"": 126285.27"," '""label'"": '""Senior Level'""}]""",1329048000.00,3896160000.00,2612592000.00,VND,"[{'max'"": 2001073196"," '""min'"": 1329048000"," '""label'"": '""Cấp mới vào nghề'""}"," {'""max'"": 3030846515"," '""min'"": 2001073196"," '""label'"": '""Cấp trung cấp'""}"," {'""max'"": 3896160000"," '""min'"": 3030846515"," '""label'"": '""Cấp cao cấp'""}]""",2026-01-27 15:44:54.424881+00
877,Some preparation needed. Usually requires few months to 1 year of production experience.,Some preparation needed. Usually requires few months to 1 year of production experience.,High school diploma required. Technical training or apprenticeship preferred.,High school diploma required. Technical training or apprenticeship preferred.,42673.00,140352.00,91512.00,USD,"[{""max"""": 74809.16"," '""min'"": 42673.0"," '""label'"": '""Entry Level'""}"," {'""max'"": 115592.78"," '""min'"": 74809.16"," """"label"""": """"Mid Level""""}"," {'""max'"": 140352.0"," '""min'"": 115592.78"," '""label'"": '""Senior Level'""}]""",1024152000.00,3368448000.00,2196288000.00,VND,"[{'max'"": 1795419746"," '""min'"": 1024152000"," '""label'"": '""Cấp mới vào nghề'""}"," {'""max'"": 2774226638"," '""min'"": 1795419746"," '""label'"": '""Cấp trung cấp'""}"," {'""max'"": 3368448000"," '""min'"": 2774226638"," '""label'"": '""Cấp cao cấp'""}]""",2026-01-27 15:44:54.424881+00
878,Some preparation needed. Usually requires few months to 1 year of production experience.,Some preparation needed. Usually requires few months to 1 year of production experience.,High school diploma required. Technical training or apprenticeship preferred.,High school diploma required. Technical training or apprenticeship preferred.,59088.00,109932.00,84510.00,USD,"[{""max"""": 75722.13"," '""min'"": 59088.0"," '""label'"": '""Entry Level'""}"," {'""max'"": 94410.06"," '""min'"": 75722.13"," """"label"""": """"Mid Level""""}"," {'""max'"": 109932.0"," '""min'"": 94410.06"," '""label'"": '""Senior Level'""}]""",1418112000.00,2638368000.00,2028240000.00,VND,"[{'max'"": 1817331211"," '""min'"": 1418112000"," '""label'"": '""Cấp mới vào nghề'""}"," {'""max'"": 2265841368"," '""min'"": 1817331211"," '""label'"": '""Cấp trung cấp'""}"," {'""max'"": 2638368000"," '""min'"": 2265841368"," '""label'"": '""Cấp cao cấp'""}]""",2026-01-27 15:44:54.424881+00
879,Some preparation needed. Usually requires few months to 1 year of production experience.,Some preparation needed. Usually requires few months to 1 year of production experience.,High school diploma required. Technical training or apprenticeship preferred.,High school diploma required. Technical training or apprenticeship preferred.,69858.00,131931.00,100894.00,USD,"[{""max"""": 86605.6"," '""min'"": 69858.0"," '""label'"": '""Entry Level'""}"," {'""max'"": 110678.48"," '""min'"": 86605.6"," """"label"""": """"Mid Level""""}"," {'""max'"": 131931.0"," '""min'"": 110678.48"," '""label'"": '""Senior Level'""}]""",1676592000.00,3166344000.00,2421456000.00,VND,"[{'max'"": 2078534510"," '""min'"": 1676592000"," '""label'"": '""Cấp mới vào nghề'""}"," {'""max'"": 2656283494"," '""min'"": 2078534510"," '""label'"": '""Cấp trung cấp'""}"," {'""max'"": 3166344000"," '""min'"": 2656283494"," '""label'"": '""Cấp cao cấp'""}]""",2026-01-27 15:44:54.424881+00
880,Some preparation needed. Usually requires few months to 1 year of production experience.,Some preparation needed. Usually requires few months to 1 year of production experience.,High school diploma required. Technical training or apprenticeship preferred.,High school diploma required. Technical training or apprenticeship preferred.,73970.00,105772.00,89871.00,USD,"[{""max"""": 82515.38"," '""min'"": 73970.0"," '""label'"": '""Entry Level'""}"," {'""max'"": 97796.21"," '""min'"": 82515.38"," """"label"""": """"Mid Level""""}"," {'""max'"": 105772.0"," '""min'"": 97796.21"," '""label'"": '""Senior Level'""}]""",1775280000.00,2538528000.00,2156904000.00,VND,"[{'max'"": 1980369164"," '""min'"": 1775280000"," '""label'"": '""Cấp mới vào nghề'""}"," {'""max'"": 2347108948"," '""min'"": 1980369164"," '""label'"": '""Cấp trung cấp'""}"," {'""max'"": 2538528000"," '""min'"": 2347108948"," '""label'"": '""Cấp cao cấp'""}]""",2026-01-27 15:44:54.424881+00
881,Some preparation needed. Usually requires few months to 1 year of production experience.,Some preparation needed. Usually requires few months to 1 year of production experience.,High school diploma required. Technical training or apprenticeship preferred.,High school diploma required. Technical training or apprenticeship preferred.,54064.00,150818.00,102441.00,USD,"[{""max"""": 81324.97"," '""min'"": 54064.0"," '""label'"": '""Entry Level'""}"," {'""max'"": 123479.12"," '""min'"": 81324.97"," """"label"""": """"Mid Level""""}"," {'""max'"": 150818.0"," '""min'"": 123479.12"," '""label'"": '""Senior Level'""}]""",1297536000.00,3619632000.00,2458584000.00,VND,"[{'max'"": 1951799277"," '""min'"": 1297536000"," '""label'"": '""Cấp mới vào nghề'""}"," {'""max'"": 2963498963"," '""min'"": 1951799277"," '""label'"": '""Cấp trung cấp'""}"," {'""max'"": 3619632000"," '""min'"": 2963498963"," '""label'"": '""Cấp cao cấp'""}]""",2026-01-27 15:44:54.424881+00
882,Some preparation needed. Usually requires few months to 1 year of production experience.,Some preparation needed. Usually requires few months to 1 year of production experience.,High school diploma required. Technical training or apprenticeship preferred.,High school diploma required. Technical training or apprenticeship preferred.,44278.00,116748.00,80513.00,USD,"[{""max"""": 67980.71"," '""min'"": 44278.0"," '""label'"": '""Entry Level'""}"," {'""max'"": 94763.46"," '""min'"": 67980.71"," """"label"""": """"Mid Level""""}"," {'""max'"": 116748.0"," '""min'"": 94763.46"," '""label'"": '""Senior Level'""}]""",1062672000.00,2801952000.00,1932312000.00,VND,"[{'max'"": 1631537034"," '""min'"": 1062672000"," '""label'"": '""Cấp mới vào nghề'""}"," {'""max'"": 2274322983"," '""min'"": 1631537034"," '""label'"": '""Cấp trung cấp'""}"," {'""max'"": 2801952000"," '""min'"": 2274322983"," '""label'"": '""Cấp cao cấp'""}]""",2026-01-27 15:44:54.424881+00
883,Some preparation needed. Usually requires few months to 1 year of production experience.,Some preparation needed. Usually requires few months to 1 year of production experience.,High school diploma required. Technical training or apprenticeship preferred.,High school diploma required. Technical training or apprenticeship preferred.,78276.00,113344.00,95810.00,USD,"[{""max"""": 89252.81"," '""min'"": 78276.0"," '""label'"": '""Entry Level'""}"," {'""max'"": 104078.28"," '""min'"": 89252.81"," """"label"""": """"Mid Level""""}"," {'""max'"": 113344.0"," '""min'"": 104078.28"," '""label'"": '""Senior Level'""}]""",1878624000.00,2720256000.00,2299440000.00,VND,"[{'max'"": 2142067368"," '""min'"": 1878624000"," '""label'"": '""Cấp mới vào nghề'""}"," {'""max'"": 2497878654"," '""min'"": 2142067368"," '""label'"": '""Cấp trung cấp'""}"," {'""max'"": 2720256000"," '""min'"": 2497878654"," '""label'"": '""Cấp cao cấp'""}]""",2026-01-27 15:44:54.424881+00
884,Some preparation needed. Usually requires few months to 1 year of production experience.,Some preparation needed. Usually requires few months to 1 year of production experience.,High school diploma required. Technical training or apprenticeship preferred.,High school diploma required. Technical training or apprenticeship preferred.,63939.00,184072.00,124005.00,USD,"[{""max"""": 101423.14"," '""min'"": 63939.0"," '""label'"": '""Entry Level'""}"," {'""max'"": 145757.21"," '""min'"": 101423.14"," """"label"""": """"Mid Level""""}"," {'""max'"": 184072.0"," '""min'"": 145757.21"," '""label'"": '""Senior Level'""}]""",1534536000.00,4417728000.00,2976120000.00,VND,"[{'max'"": 2434155322"," '""min'"": 1534536000"," '""label'"": '""Cấp mới vào nghề'""}"," {'""max'"": 3498173098"," '""min'"": 2434155322"," '""label'"": '""Cấp trung cấp'""}"," {'""max'"": 4417728000"," '""min'"": 3498173098"," '""label'"": '""Cấp cao cấp'""}]""",2026-01-27 15:44:54.424881+00
885,Some preparation needed. Usually requires few months to 1 year of production experience.,Some preparation needed. Usually requires few months to 1 year of production experience.,High school diploma required. Technical training or apprenticeship preferred.,High school diploma required. Technical training or apprenticeship preferred.,56216.00,173330.00,114773.00,USD,"[{""max"""": 89000.94"," '""min'"": 56216.0"," '""label'"": '""Entry Level'""}"," {'""max'"": 140920.0"," '""min'"": 89000.94"," """"label"""": """"Mid Level""""}"," {'""max'"": 173330.0"," '""min'"": 140920.0"," '""label'"": '""Senior Level'""}]""",1349184000.00,4159920000.00,2754552000.00,VND,"[{'max'"": 2136022608"," '""min'"": 1349184000"," '""label'"": '""Cấp mới vào nghề'""}"," {'""max'"": 3382080119"," '""min'"": 2136022608"," '""label'"": '""Cấp trung cấp'""}"," {'""max'"": 4159920000"," '""min'"": 3382080119"," '""label'"": '""Cấp cao cấp'""}]""",2026-01-27 15:44:54.424881+00
886,Some preparation needed. Usually requires few months to 1 year of production experience.,Some preparation needed. Usually requires few months to 1 year of production experience.,High school diploma required. Technical training or apprenticeship preferred.,High school diploma required. Technical training or apprenticeship preferred.,59253.00,113294.00,86273.00,USD,"[{""max"""": 74181.12"," '""min'"": 59253.0"," '""label'"": '""Entry Level'""}"," {'""max'"": 96729.82"," '""min'"": 74181.12"," """"label"""": """"Mid Level""""}"," {'""max'"": 113294.0"," '""min'"": 96729.82"," '""label'"": '""Senior Level'""}]""",1422072000.00,2719056000.00,2070552000.00,VND,"[{'max'"": 1780346930"," '""min'"": 1422072000"," '""label'"": '""Cấp mới vào nghề'""}"," {'""max'"": 2321515670"," '""min'"": 1780346930"," '""label'"": '""Cấp trung cấp'""}"," {'""max'"": 2719056000"," '""min'"": 2321515670"," '""label'"": '""Cấp cao cấp'""}]""",2026-01-27 15:44:54.424881+00
887,Some preparation needed. Usually requires few months to 1 year of production experience.,Some preparation needed. Usually requires few months to 1 year of production experience.,High school diploma required. Technical training or apprenticeship preferred.,High school diploma required. Technical training or apprenticeship preferred.,56498.00,175827.00,116162.00,USD,"[{""max"""": 87869.25"," '""min'"": 56498.0"," '""label'"": '""Entry Level'""}"," {'""max'"": 141412.44"," '""min'"": 87869.25"," """"label"""": """"Mid Level""""}"," {'""max'"": 175827.0"," '""min'"": 141412.44"," '""label'"": '""Senior Level'""}]""",1355952000.00,4219848000.00,2787888000.00,VND,"[{'max'"": 2108862052"," '""min'"": 1355952000"," '""label'"": '""Cấp mới vào nghề'""}"," {'""max'"": 3393898441"," '""min'"": 2108862052"," '""label'"": '""Cấp trung cấp'""}"," {'""max'"": 4219848000"," '""min'"": 3393898441"," '""label'"": '""Cấp cao cấp'""}]""",2026-01-27 15:44:54.424881+00
888,Some preparation needed. Usually requires few months to 1 year of production experience.,Some preparation needed. Usually requires few months to 1 year of production experience.,High school diploma required. Technical training or apprenticeship preferred.,High school diploma required. Technical training or apprenticeship preferred.,74476.00,133145.00,103810.00,USD,"[{""max"""": 89199.36"," '""min'"": 74476.0"," '""label'"": '""Entry Level'""}"," {'""max'"": 116657.69"," '""min'"": 89199.36"," """"label"""": """"Mid Level""""}"," {'""max'"": 133145.0"," '""min'"": 116657.69"," '""label'"": '""Senior Level'""}]""",1787424000.00,3195480000.00,2491440000.00,VND,"[{'max'"": 2140784753"," '""min'"": 1787424000"," '""label'"": '""Cấp mới vào nghề'""}"," {'""max'"": 2799784565"," '""min'"": 2140784753"," '""label'"": '""Cấp trung cấp'""}"," {'""max'"": 3195480000"," '""min'"": 2799784565"," '""label'"": '""Cấp cao cấp'""}]""",2026-01-27 15:44:54.424881+00
889,Some preparation needed. Usually requires few months to 1 year of production experience.,Some preparation needed. Usually requires few months to 1 year of production experience.,High school diploma required. Technical training or apprenticeship preferred.,High school diploma required. Technical training or apprenticeship preferred.,51708.00,127567.00,89637.00,USD,"[{""max"""": 76818.0"," '""min'"": 51708.0"," '""label'"": '""Entry Level'""}"," {'""max'"": 103726.57"," '""min'"": 76818.0"," """"label"""": """"Mid Level""""}"," {'""max'"": 127567.0"," '""min'"": 103726.57"," '""label'"": '""Senior Level'""}]""",1240992000.00,3061608000.00,2151288000.00,VND,"[{'max'"": 1843632111"," '""min'"": 1240992000"," '""label'"": '""Cấp mới vào nghề'""}"," {'""max'"": 2489437744"," '""min'"": 1843632111"," '""label'"": '""Cấp trung cấp'""}"," {'""max'"": 3061608000"," '""min'"": 2489437744"," '""label'"": '""Cấp cao cấp'""}]""",2026-01-27 15:44:54.424881+00
890,Some preparation needed. Usually requires few months to 1 year of production experience.,Some preparation needed. Usually requires few months to 1 year of production experience.,High school diploma required. Technical training or apprenticeship preferred.,High school diploma required. Technical training or apprenticeship preferred.,67211.00,191880.00,129545.00,USD,"[{""max"""": 108134.86"," '""min'"": 67211.0"," '""label'"": '""Entry Level'""}"," {'""max'"": 153499.38"," '""min'"": 108134.86"," """"label"""": """"Mid Level""""}"," {'""max'"": 191880.0"," '""min'"": 153499.38"," '""label'"": '""Senior Level'""}]""",1613064000.00,4605120000.00,3109080000.00,VND,"[{'max'"": 2595236645"," '""min'"": 1613064000"," '""label'"": '""Cấp mới vào nghề'""}"," {'""max'"": 3683985049"," '""min'"": 2595236645"," '""label'"": '""Cấp trung cấp'""}"," {'""max'"": 4605120000"," '""min'"": 3683985049"," '""label'"": '""Cấp cao cấp'""}]""",2026-01-27 15:44:54.424881+00
891,Some preparation needed. Usually requires few months to 1 year of production experience.,Some preparation needed. Usually requires few months to 1 year of production experience.,High school diploma required. Technical training or apprenticeship preferred.,High school diploma required. Technical training or apprenticeship preferred.,74416.00,116602.00,95509.00,USD,"[{""max"""": 85750.12"," '""min'"": 74416.0"," '""label'"": '""Entry Level'""}"," {'""max'"": 104149.96"," '""min'"": 85750.12"," """"label"""": """"Mid Level""""}"," {'""max'"": 116602.0"," '""min'"": 104149.96"," '""label'"": '""Senior Level'""}]""",1785984000.00,2798448000.00,2292216000.00,VND,"[{'max'"": 2058002918"," '""min'"": 1785984000"," '""label'"": '""Cấp mới vào nghề'""}"," {'""max'"": 2499598992"," '""min'"": 2058002918"," '""label'"": '""Cấp trung cấp'""}"," {'""max'"": 2798448000"," '""min'"": 2499598992"," '""label'"": '""Cấp cao cấp'""}]""",2026-01-27 15:44:54.424881+00
892,Some preparation needed. Usually requires few months to 1 year of production experience.,Some preparation needed. Usually requires few months to 1 year of production experience.,High school diploma required. Technical training or apprenticeship preferred.,High school diploma required. Technical training or apprenticeship preferred.,53384.00,184752.00,119068.00,USD,"[{""max"""": 98346.64"," '""min'"": 53384.0"," '""label'"": '""Entry Level'""}"," {'""max'"": 143179.32"," '""min'"": 98346.64"," """"label"""": """"Mid Level""""}"," {'""max'"": 184752.0"," '""min'"": 143179.32"," '""label'"": '""Senior Level'""}]""",1281216000.00,4434048000.00,2857632000.00,VND,"[{'max'"": 2360319279"," '""min'"": 1281216000"," '""label'"": '""Cấp mới vào nghề'""}"," {'""max'"": 3436303754"," '""min'"": 2360319279"," '""label'"": '""Cấp trung cấp'""}"," {'""max'"": 4434048000"," '""min'"": 3436303754"," '""label'"": '""Cấp cao cấp'""}]""",2026-01-27 15:44:54.424881+00
893,Some preparation needed. Usually requires few months to 1 year of production experience.,Some preparation needed. Usually requires few months to 1 year of production experience.,High school diploma required. Technical training or apprenticeship preferred.,High school diploma required. Technical training or apprenticeship preferred.,48806.00,176890.00,112848.00,USD,"[{""max"""": 86467.94"," '""min'"": 48806.0"," '""label'"": '""Entry Level'""}"," {'""max'"": 137347.13"," '""min'"": 86467.94"," """"label"""": """"Mid Level""""}"," {'""max'"": 176890.0"," '""min'"": 137347.13"," '""label'"": '""Senior Level'""}]""",1171344000.00,4245360000.00,2708352000.00,VND,"[{'max'"": 2075230637"," '""min'"": 1171344000"," '""label'"": '""Cấp mới vào nghề'""}"," {'""max'"": 3296331228"," '""min'"": 2075230637"," '""label'"": '""Cấp trung cấp'""}"," {'""max'"": 4245360000"," '""min'"": 3296331228"," '""label'"": '""Cấp cao cấp'""}]""",2026-01-27 15:44:54.424881+00
894,Some preparation needed. Usually requires few months to 1 year of production experience.,Some preparation needed. Usually requires few months to 1 year of production experience.,High school diploma required. Technical training or apprenticeship preferred.,High school diploma required. Technical training or apprenticeship preferred.,56307.00,121236.00,88771.00,USD,"[{""max"""": 77983.41"," '""min'"": 56307.0"," '""label'"": '""Entry Level'""}"," {'""max'"": 101258.67"," '""min'"": 77983.41"," """"label"""": """"Mid Level""""}"," {'""max'"": 121236.0"," '""min'"": 101258.67"," '""label'"": '""Senior Level'""}]""",1351368000.00,2909664000.00,2130504000.00,VND,"[{'max'"": 1871601782"," '""min'"": 1351368000"," '""label'"": '""Cấp mới vào nghề'""}"," {'""max'"": 2430208147"," '""min'"": 1871601782"," '""label'"": '""Cấp trung cấp'""}"," {'""max'"": 2909664000"," '""min'"": 2430208147"," '""label'"": '""Cấp cao cấp'""}]""",2026-01-27 15:44:54.424881+00
895,Some preparation needed. Usually requires few months to 1 year of production experience.,Some preparation needed. Usually requires few months to 1 year of production experience.,High school diploma required. Technical training or apprenticeship preferred.,High school diploma required. Technical training or apprenticeship preferred.,44242.00,152607.00,98424.00,USD,"[{""max"""": 76097.57"," '""min'"": 44242.0"," '""label'"": '""Entry Level'""}"," {'""max'"": 124501.47"," '""min'"": 76097.57"," """"label"""": """"Mid Level""""}"," {'""max'"": 152607.0"," '""min'"": 124501.47"," '""label'"": '""Senior Level'""}]""",1061808000.00,3662568000.00,2362176000.00,VND,"[{'max'"": 1826341574"," '""min'"": 1061808000"," '""label'"": '""Cấp mới vào nghề'""}"," {'""max'"": 2988035265"," '""min'"": 1826341574"," '""label'"": '""Cấp trung cấp'""}"," {'""max'"": 3662568000"," '""min'"": 2988035265"," '""label'"": '""Cấp cao cấp'""}]""",2026-01-27 15:44:54.424881+00
896,Some preparation needed. Usually requires few months to 1 year of production experience.,Some preparation needed. Usually requires few months to 1 year of production experience.,High school diploma required. Technical training or apprenticeship preferred.,High school diploma required. Technical training or apprenticeship preferred.,59869.00,156884.00,108376.00,USD,"[{""max"""": 87543.95"," '""min'"": 59869.0"," '""label'"": '""Entry Level'""}"," {'""max'"": 128955.64"," '""min'"": 87543.95"," """"label"""": """"Mid Level""""}"," {'""max'"": 156884.0"," '""min'"": 128955.64"," '""label'"": '""Senior Level'""}]""",1436856000.00,3765216000.00,2601024000.00,VND,"[{'max'"": 2101054712"," '""min'"": 1436856000"," '""label'"": '""Cấp mới vào nghề'""}"," {'""max'"": 3094935319"," '""min'"": 2101054712"," '""label'"": '""Cấp trung cấp'""}"," {'""max'"": 3765216000"," '""min'"": 3094935319"," '""label'"": '""Cấp cao cấp'""}]""",2026-01-27 15:44:54.424881+00
897,Some preparation needed. Usually requires few months to 1 year of production experience.,Some preparation needed. Usually requires few months to 1 year of production experience.,High school diploma required. Technical training or apprenticeship preferred.,High school diploma required. Technical training or apprenticeship preferred.,73692.00,143010.00,108351.00,USD,"[{""max"""": 95685.86"," '""min'"": 73692.0"," '""label'"": '""Entry Level'""}"," {'""max'"": 122359.34"," '""min'"": 95685.86"," """"label"""": """"Mid Level""""}"," {'""max'"": 143010.0"," '""min'"": 122359.34"," '""label'"": '""Senior Level'""}]""",1768608000.00,3432240000.00,2600424000.00,VND,"[{'max'"": 2296460613"," '""min'"": 1768608000"," '""label'"": '""Cấp mới vào nghề'""}"," {'""max'"": 2936624205"," '""min'"": 2296460613"," '""label'"": '""Cấp trung cấp'""}"," {'""max'"": 3432240000"," '""min'"": 2936624205"," '""label'"": '""Cấp cao cấp'""}]""",2026-01-27 15:44:54.424881+00
898,Some preparation needed. Usually requires few months to 1 year of production experience.,Some preparation needed. Usually requires few months to 1 year of production experience.,High school diploma required. Technical training or apprenticeship preferred.,High school diploma required. Technical training or apprenticeship preferred.,45982.00,199604.00,122793.00,USD,"[{""max"""": 87913.41"," '""min'"": 45982.0"," '""label'"": '""Entry Level'""}"," {'""max'"": 155249.58"," '""min'"": 87913.41"," """"label"""": """"Mid Level""""}"," {'""max'"": 199604.0"," '""min'"": 155249.58"," '""label'"": '""Senior Level'""}]""",1103568000.00,4790496000.00,2947032000.00,VND,"[{'max'"": 2109921937"," '""min'"": 1103568000"," '""label'"": '""Cấp mới vào nghề'""}"," {'""max'"": 3725989901"," '""min'"": 2109921937"," '""label'"": '""Cấp trung cấp'""}"," {'""max'"": 4790496000"," '""min'"": 3725989901"," '""label'"": '""Cấp cao cấp'""}]""",2026-01-27 15:44:54.424881+00
899,Some preparation needed. Usually requires few months to 1 year of production experience.,Some preparation needed. Usually requires few months to 1 year of production experience.,High school diploma required. Technical training or apprenticeship preferred.,High school diploma required. Technical training or apprenticeship preferred.,55785.00,138753.00,97269.00,USD,"[{""max"""": 83755.37"," '""min'"": 55785.0"," '""label'"": '""Entry Level'""}"," {'""max'"": 112197.42"," '""min'"": 83755.37"," """"label"""": """"Mid Level""""}"," {'""max'"": 138753.0"," '""min'"": 112197.42"," '""label'"": '""Senior Level'""}]""",1338840000.00,3330072000.00,2334456000.00,VND,"[{'max'"": 2010128777"," '""min'"": 1338840000"," '""label'"": '""Cấp mới vào nghề'""}"," {'""max'"": 2692738143"," '""min'"": 2010128777"," '""label'"": '""Cấp trung cấp'""}"," {'""max'"": 3330072000"," '""min'"": 2692738143"," '""label'"": '""Cấp cao cấp'""}]""",2026-01-27 15:44:54.424881+00
900,Some preparation needed. Usually requires few months to 1 year of production experience.,Some preparation needed. Usually requires few months to 1 year of production experience.,High school diploma required. Technical training or apprenticeship preferred.,High school diploma required. Technical training or apprenticeship preferred.,58066.00,110626.00,84346.00,USD,"[{""max"""": 73092.16"," '""min'"": 58066.0"," '""label'"": '""Entry Level'""}"," {'""max'"": 92559.1"," '""min'"": 73092.16"," """"label"""": """"Mid Level""""}"," {'""max'"": 110626.0"," '""min'"": 92559.1"," '""label'"": '""Senior Level'""}]""",1393584000.00,2655024000.00,2024304000.00,VND,"[{'max'"": 1754211742"," '""min'"": 1393584000"," '""label'"": '""Cấp mới vào nghề'""}"," {'""max'"": 2221418422"," '""min'"": 1754211742"," '""label'"": '""Cấp trung cấp'""}"," {'""max'"": 2655024000"," '""min'"": 2221418422"," '""label'"": '""Cấp cao cấp'""}]""",2026-01-27 15:44:54.424881+00
901,Some preparation needed. Usually requires few months to 1 year of production experience.,Some preparation needed. Usually requires few months to 1 year of production experience.,High school diploma required. Technical training or apprenticeship preferred.,High school diploma required. Technical training or apprenticeship preferred.,46872.00,185298.00,116085.00,USD,"[{""max"""": 82858.09"," '""min'"": 46872.0"," '""label'"": '""Entry Level'""}"," {'""max'"": 137809.26"," '""min'"": 82858.09"," """"label"""": """"Mid Level""""}"," {'""max'"": 185298.0"," '""min'"": 137809.26"," '""label'"": '""Senior Level'""}]""",1124928000.00,4447152000.00,2786040000.00,VND,"[{'max'"": 1988594250"," '""min'"": 1124928000"," '""label'"": '""Cấp mới vào nghề'""}"," {'""max'"": 3307422151"," '""min'"": 1988594250"," '""label'"": '""Cấp trung cấp'""}"," {'""max'"": 4447152000"," '""min'"": 3307422151"," '""label'"": '""Cấp cao cấp'""}]""",2026-01-27 15:44:54.424881+00
902,Some preparation needed. Usually requires few months to 1 year of production experience.,Some preparation needed. Usually requires few months to 1 year of production experience.,High school diploma required. Technical training or apprenticeship preferred.,High school diploma required. Technical training or apprenticeship preferred.,43900.00,107638.00,75769.00,USD,"[{""max"""": 64330.22"," '""min'"": 43900.0"," '""label'"": '""Entry Level'""}"," {'""max'"": 89305.42"," '""min'"": 64330.22"," """"label"""": """"Mid Level""""}"," {'""max'"": 107638.0"," '""min'"": 89305.42"," '""label'"": '""Senior Level'""}]""",1053600000.00,2583312000.00,1818456000.00,VND,"[{'max'"": 1543925349"," '""min'"": 1053600000"," '""label'"": '""Cấp mới vào nghề'""}"," {'""max'"": 2143330163"," '""min'"": 1543925349"," '""label'"": '""Cấp trung cấp'""}"," {'""max'"": 2583312000"," '""min'"": 2143330163"," '""label'"": '""Cấp cao cấp'""}]""",2026-01-27 15:44:54.424881+00
903,Some preparation needed. Usually requires few months to 1 year of production experience.,Some preparation needed. Usually requires few months to 1 year of production experience.,High school diploma required. Technical training or apprenticeship preferred.,High school diploma required. Technical training or apprenticeship preferred.,72513.00,182177.00,127345.00,USD,"[{""max"""": 104736.97"," '""min'"": 72513.0"," '""label'"": '""Entry Level'""}"," {'""max'"": 150690.27"," '""min'"": 104736.97"," """"label"""": """"Mid Level""""}"," {'""max'"": 182177.0"," '""min'"": 150690.27"," '""label'"": '""Senior Level'""}]""",1740312000.00,4372248000.00,3056280000.00,VND,"[{'max'"": 2513687298"," '""min'"": 1740312000"," '""label'"": '""Cấp mới vào nghề'""}"," {'""max'"": 3616566460"," '""min'"": 2513687298"," '""label'"": '""Cấp trung cấp'""}"," {'""max'"": 4372248000"," '""min'"": 3616566460"," '""label'"": '""Cấp cao cấp'""}]""",2026-01-27 15:44:54.424881+00
904,Some preparation needed. Usually requires few months to 1 year of production experience.,Some preparation needed. Usually requires few months to 1 year of production experience.,High school diploma required. Technical training or apprenticeship preferred.,High school diploma required. Technical training or apprenticeship preferred.,56707.00,134764.00,95735.00,USD,"[{""max"""": 84006.82"," '""min'"": 56707.0"," '""label'"": '""Entry Level'""}"," {'""max'"": 110039.99"," '""min'"": 84006.82"," """"label"""": """"Mid Level""""}"," {'""max'"": 134764.0"," '""min'"": 110039.99"," '""label'"": '""Senior Level'""}]""",1360968000.00,3234336000.00,2297640000.00,VND,"[{'max'"": 2016163670"," '""min'"": 1360968000"," '""label'"": '""Cấp mới vào nghề'""}"," {'""max'"": 2640959808"," '""min'"": 2016163670"," '""label'"": '""Cấp trung cấp'""}"," {'""max'"": 3234336000"," '""min'"": 2640959808"," '""label'"": '""Cấp cao cấp'""}]""",2026-01-27 15:44:54.424881+00
905,Some preparation needed. Usually requires few months to 1 year of production experience.,Some preparation needed. Usually requires few months to 1 year of production experience.,High school diploma required. Technical training or apprenticeship preferred.,High school diploma required. Technical training or apprenticeship preferred.,60759.00,140936.00,100847.00,USD,"[{""max"""": 80892.58"," '""min'"": 60759.0"," '""label'"": '""Entry Level'""}"," {'""max'"": 116921.17"," '""min'"": 80892.58"," """"label"""": """"Mid Level""""}"," {'""max'"": 140936.0"," '""min'"": 116921.17"," '""label'"": '""Senior Level'""}]""",1458216000.00,3382464000.00,2420328000.00,VND,"[{'max'"": 1941422026"," '""min'"": 1458216000"," '""label'"": '""Cấp mới vào nghề'""}"," {'""max'"": 2806108002"," '""min'"": 1941422026"," '""label'"": '""Cấp trung cấp'""}"," {'""max'"": 3382464000"," '""min'"": 2806108002"," '""label'"": '""Cấp cao cấp'""}]""",2026-01-27 15:44:54.424881+00
906,Some preparation needed. Usually requires few months to 1 year of production experience.,Some preparation needed. Usually requires few months to 1 year of production experience.,High school diploma required. Technical training or apprenticeship preferred.,High school diploma required. Technical training or apprenticeship preferred.,65271.00,128986.00,97128.00,USD,"[{""max"""": 85771.94"," '""min'"": 65271.0"," '""label'"": '""Entry Level'""}"," {'""max'"": 108909.94"," '""min'"": 85771.94"," """"label"""": """"Mid Level""""}"," {'""max'"": 128986.0"," '""min'"": 108909.94"," '""label'"": '""Senior Level'""}]""",1566504000.00,3095664000.00,2331072000.00,VND,"[{'max'"": 2058526659"," '""min'"": 1566504000"," '""label'"": '""Cấp mới vào nghề'""}"," {'""max'"": 2613838607"," '""min'"": 2058526659"," '""label'"": '""Cấp trung cấp'""}"," {'""max'"": 3095664000"," '""min'"": 2613838607"," '""label'"": '""Cấp cao cấp'""}]""",2026-01-27 15:44:54.424881+00
907,Some preparation needed. Usually requires few months to 1 year of driving experience.,Some preparation needed. Usually requires few months to 1 year of driving experience.,High school diploma required. Commercial driver's license often required.,High school diploma required. Commercial driver's license often required.,78661.00,116162.00,97411.00,USD,"[{""max"""": 88548.84"," '""min'"": 78661.0"," '""label'"": '""Entry Level'""}"," {'""max'"": 116162.0"," '""min'"": 88548.84"," """"label"""": """"Experienced""""}]""",1887864000.00,2787888000.00,2337864000.00,VND,"[{'max'"": 2125172077"," '""min'"": 1887864000"," '""label'"": '""Cấp mới vào nghề'""}"," {'""max'"": 2787888000"," '""min'"": 2125172077"," '""label'"": '""Experienced'""}]""",2026-01-27 15:44:54.424881+00
908,Some preparation needed. Usually requires few months to 1 year of driving experience.,Some preparation needed. Usually requires few months to 1 year of driving experience.,High school diploma required. Commercial driver's license often required.,High school diploma required. Commercial driver's license often required.,51771.00,167952.00,109861.00,USD,"[{""max"""": 89706.93"," '""min'"": 51771.0"," '""label'"": '""Entry Level'""}"," {'""max'"": 167952.0"," '""min'"": 89706.93"," """"label"""": """"Experienced""""}]""",1242504000.00,4030848000.00,2636664000.00,VND,"[{'max'"": 2152966249"," '""min'"": 1242504000"," '""label'"": '""Cấp mới vào nghề'""}"," {'""max'"": 4030848000"," '""min'"": 2152966249"," '""label'"": '""Experienced'""}]""",2026-01-27 15:44:54.424881+00
909,Some preparation needed. Usually requires few months to 1 year of driving experience.,Some preparation needed. Usually requires few months to 1 year of driving experience.,High school diploma required. Commercial driver's license often required.,High school diploma required. Commercial driver's license often required.,45017.00,119818.00,82417.00,USD,"[{""max"""": 66724.79"," '""min'"": 45017.0"," '""label'"": '""Entry Level'""}"," {'""max'"": 119818.0"," '""min'"": 66724.79"," """"label"""": """"Experienced""""}]""",1080408000.00,2875632000.00,1978008000.00,VND,"[{'max'"": 1601394903"," '""min'"": 1080408000"," '""label'"": '""Cấp mới vào nghề'""}"," {'""max'"": 2875632000"," '""min'"": 1601394903"," '""label'"": '""Experienced'""}]""",2026-01-27 15:44:54.424881+00
910,Some preparation needed. Usually requires few months to 1 year of driving experience.,Some preparation needed. Usually requires few months to 1 year of driving experience.,High school diploma required. Commercial driver's license often required.,High school diploma required. Commercial driver's license often required.,51175.00,113745.00,82460.00,USD,"[{""max"""": 71777.54"," '""min'"": 51175.0"," '""label'"": '""Entry Level'""}"," {'""max'"": 113745.0"," '""min'"": 71777.54"," """"label"""": """"Experienced""""}]""",1228200000.00,2729880000.00,1979040000.00,VND,"[{'max'"": 1722660892"," '""min'"": 1228200000"," '""label'"": '""Cấp mới vào nghề'""}"," {'""max'"": 2729880000"," '""min'"": 1722660892"," '""label'"": '""Experienced'""}]""",2026-01-27 15:44:54.424881+00
911,Some preparation needed. Usually requires few months to 1 year of driving experience.,Some preparation needed. Usually requires few months to 1 year of driving experience.,High school diploma required. Commercial driver's license often required.,High school diploma required. Commercial driver's license often required.,56385.00,103495.00,79940.00,USD,"[{""max"""": 69883.06"," '""min'"": 56385.0"," '""label'"": '""Entry Level'""}"," {'""max'"": 103495.0"," '""min'"": 69883.06"," """"label"""": """"Experienced""""}]""",1353240000.00,2483880000.00,1918560000.00,VND,"[{'max'"": 1677193459"," '""min'"": 1353240000"," '""label'"": '""Cấp mới vào nghề'""}"," {'""max'"": 2483880000"," '""min'"": 1677193459"," '""label'"": '""Experienced'""}]""",2026-01-27 15:44:54.424881+00
912,Some preparation needed. Usually requires few months to 1 year of driving experience.,Some preparation needed. Usually requires few months to 1 year of driving experience.,High school diploma required. Commercial driver's license often required.,High school diploma required. Commercial driver's license often required.,77154.00,184951.00,131052.00,USD,"[{""max"""": 106437.7"," '""min'"": 77154.0"," '""label'"": '""Entry Level'""}"," {'""max'"": 184951.0"," '""min'"": 106437.7"," """"label"""": """"Experienced""""}]""",1851696000.00,4438824000.00,3145248000.00,VND,"[{'max'"": 2554504795"," '""min'"": 1851696000"," '""label'"": '""Cấp mới vào nghề'""}"," {'""max'"": 4438824000"," '""min'"": 2554504795"," '""label'"": '""Experienced'""}]""",2026-01-27 15:44:54.424881+00
913,Some preparation needed. Usually requires few months to 1 year of driving experience.,Some preparation needed. Usually requires few months to 1 year of driving experience.,High school diploma required. Commercial driver's license often required.,High school diploma required. Commercial driver's license often required.,68316.00,111544.00,89930.00,USD,"[{""max"""": 79490.7"," '""min'"": 68316.0"," '""label'"": '""Entry Level'""}"," {'""max'"": 111544.0"," '""min'"": 79490.7"," """"label"""": """"Experienced""""}]""",1639584000.00,2677056000.00,2158320000.00,VND,"[{'max'"": 1907776764"," '""min'"": 1639584000"," '""label'"": '""Cấp mới vào nghề'""}"," {'""max'"": 2677056000"," '""min'"": 1907776764"," '""label'"": '""Experienced'""}]""",2026-01-27 15:44:54.424881+00
914,Some preparation needed. Usually requires few months to 1 year of driving experience.,Some preparation needed. Usually requires few months to 1 year of driving experience.,High school diploma required. Commercial driver's license often required.,High school diploma required. Commercial driver's license often required.,79159.00,182340.00,130749.00,USD,"[{""max"""": 105886.52"," '""min'"": 79159.0"," '""label'"": '""Entry Level'""}"," {'""max'"": 182340.0"," '""min'"": 105886.52"," """"label"""": """"Experienced""""}]""",1899816000.00,4376160000.00,3137976000.00,VND,"[{'max'"": 2541276520"," '""min'"": 1899816000"," '""label'"": '""Cấp mới vào nghề'""}"," {'""max'"": 4376160000"," '""min'"": 2541276520"," '""label'"": '""Experienced'""}]""",2026-01-27 15:44:54.424881+00
915,Some preparation needed. Usually requires few months to 1 year of driving experience.,Some preparation needed. Usually requires few months to 1 year of driving experience.,High school diploma required. Commercial driver's license often required.,High school diploma required. Commercial driver's license often required.,77656.00,145897.00,111776.00,USD,"[{""max"""": 101135.21"," '""min'"": 77656.0"," '""label'"": '""Entry Level'""}"," {'""max'"": 145897.0"," '""min'"": 101135.21"," """"label"""": """"Experienced""""}]""",1863744000.00,3501528000.00,2682624000.00,VND,"[{'max'"": 2427245126"," '""min'"": 1863744000"," '""label'"": '""Cấp mới vào nghề'""}"," {'""max'"": 3501528000"," '""min'"": 2427245126"," '""label'"": '""Experienced'""}]""",2026-01-27 15:44:54.424881+00
916,Some preparation needed. Usually requires few months to 1 year of driving experience.,Some preparation needed. Usually requires few months to 1 year of driving experience.,High school diploma required. Commercial driver's license often required.,High school diploma required. Commercial driver's license often required.,47735.00,138225.00,92980.00,USD,"[{""max"""": 75751.62"," '""min'"": 47735.0"," '""label'"": '""Entry Level'""}"," {'""max'"": 138225.0"," '""min'"": 75751.62"," """"label"""": """"Experienced""""}]""",1145640000.00,3317400000.00,2231520000.00,VND,"[{'max'"": 1818038944"," '""min'"": 1145640000"," '""label'"": '""Cấp mới vào nghề'""}"," {'""max'"": 3317400000"," '""min'"": 1818038944"," '""label'"": '""Experienced'""}]""",2026-01-27 15:44:54.424881+00
917,Some preparation needed. Usually requires few months to 1 year of driving experience.,Some preparation needed. Usually requires few months to 1 year of driving experience.,High school diploma required. Commercial driver's license often required.,High school diploma required. Commercial driver's license often required.,77651.00,193087.00,135369.00,USD,"[{""max"""": 109298.58"," '""min'"": 77651.0"," '""label'"": '""Entry Level'""}"," {'""max'"": 193087.0"," '""min'"": 109298.58"," """"label"""": """"Experienced""""}]""",1863624000.00,4634088000.00,3248856000.00,VND,"[{'max'"": 2623165949"," '""min'"": 1863624000"," '""label'"": '""Cấp mới vào nghề'""}"," {'""max'"": 4634088000"," '""min'"": 2623165949"," '""label'"": '""Experienced'""}]""",2026-01-27 15:44:54.424881+00
918,Some preparation needed. Usually requires few months to 1 year of driving experience.,Some preparation needed. Usually requires few months to 1 year of driving experience.,High school diploma required. Commercial driver's license often required.,High school diploma required. Commercial driver's license often required.,53968.00,163554.00,108761.00,USD,"[{""max"""": 87387.27"," '""min'"": 53968.0"," '""label'"": '""Entry Level'""}"," {'""max'"": 163554.0"," '""min'"": 87387.27"," """"label"""": """"Experienced""""}]""",1295232000.00,3925296000.00,2610264000.00,VND,"[{'max'"": 2097294564"," '""min'"": 1295232000"," '""label'"": '""Cấp mới vào nghề'""}"," {'""max'"": 3925296000"," '""min'"": 2097294564"," '""label'"": '""Experienced'""}]""",2026-01-27 15:44:54.424881+00
919,Some preparation needed. Usually requires few months to 1 year of driving experience.,Some preparation needed. Usually requires few months to 1 year of driving experience.,High school diploma required. Commercial driver's license often required.,High school diploma required. Commercial driver's license often required.,51822.00,143286.00,97554.00,USD,"[{""max"""": 81511.56"," '""min'"": 51822.0"," '""label'"": '""Entry Level'""}"," {'""max'"": 143286.0"," '""min'"": 81511.56"," """"label"""": """"Experienced""""}]""",1243728000.00,3438864000.00,2341296000.00,VND,"[{'max'"": 1956277349"," '""min'"": 1243728000"," '""label'"": '""Cấp mới vào nghề'""}"," {'""max'"": 3438864000"," '""min'"": 1956277349"," '""label'"": '""Experienced'""}]""",2026-01-27 15:44:54.424881+00
920,Some preparation needed. Usually requires few months to 1 year of driving experience.,Some preparation needed. Usually requires few months to 1 year of driving experience.,High school diploma required. Commercial driver's license often required.,High school diploma required. Commercial driver's license often required.,47961.00,112928.00,80444.00,USD,"[{""max"""": 69060.84"," '""min'"": 47961.0"," '""label'"": '""Entry Level'""}"," {'""max'"": 112928.0"," '""min'"": 69060.84"," """"label"""": """"Experienced""""}]""",1151064000.00,2710272000.00,1930656000.00,VND,"[{'max'"": 1657460248"," '""min'"": 1151064000"," '""label'"": '""Cấp mới vào nghề'""}"," {'""max'"": 2710272000"," '""min'"": 1657460248"," '""label'"": '""Experienced'""}]""",2026-01-27 15:44:54.424881+00
921,Some preparation needed. Usually requires few months to 1 year of driving experience.,Some preparation needed. Usually requires few months to 1 year of driving experience.,High school diploma required. Commercial driver's license often required.,High school diploma required. Commercial driver's license often required.,52039.00,187169.00,119604.00,USD,"[{""max"""": 98912.74"," '""min'"": 52039.0"," '""label'"": '""Entry Level'""}"," {'""max'"": 187169.0"," '""min'"": 98912.74"," """"label"""": """"Experienced""""}]""",1248936000.00,4492056000.00,2870496000.00,VND,"[{'max'"": 2373905813"," '""min'"": 1248936000"," '""label'"": '""Cấp mới vào nghề'""}"," {'""max'"": 4492056000"," '""min'"": 2373905813"," '""label'"": '""Experienced'""}]""",2026-01-27 15:44:54.424881+00
922,Some preparation needed. Usually requires few months to 1 year of driving experience.,Some preparation needed. Usually requires few months to 1 year of driving experience.,High school diploma required. Commercial driver's license often required.,High school diploma required. Commercial driver's license often required.,51486.00,195332.00,123409.00,USD,"[{""max"""": 90813.04"," '""min'"": 51486.0"," '""label'"": '""Entry Level'""}"," {'""max'"": 195332.0"," '""min'"": 90813.04"," """"label"""": """"Experienced""""}]""",1235664000.00,4687968000.00,2961816000.00,VND,"[{'max'"": 2179512917"," '""min'"": 1235664000"," '""label'"": '""Cấp mới vào nghề'""}"," {'""max'"": 4687968000"," '""min'"": 2179512917"," '""label'"": '""Experienced'""}]""",2026-01-27 15:44:54.424881+00
923,Some preparation needed. Usually requires few months to 1 year of driving experience.,Some preparation needed. Usually requires few months to 1 year of driving experience.,High school diploma required. Commercial driver's license often required.,High school diploma required. Commercial driver's license often required.,41500.00,188566.00,115033.00,USD,"[{""max"""": 89044.59"," '""min'"": 41500.0"," '""label'"": '""Entry Level'""}"," {'""max'"": 188566.0"," '""min'"": 89044.59"," """"label"""": """"Experienced""""}]""",996000000.00,4525584000.00,2760792000.00,VND,"[{'max'"": 2137070180"," '""min'"": 996000000"," '""label'"": '""Cấp mới vào nghề'""}"," {'""max'"": 4525584000"," '""min'"": 2137070180"," '""label'"": '""Experienced'""}]""",2026-01-27 15:44:54.424881+00
924,Some preparation needed. Usually requires few months to 1 year of driving experience.,Some preparation needed. Usually requires few months to 1 year of driving experience.,High school diploma required. Commercial driver's license often required.,High school diploma required. Commercial driver's license often required.,77949.00,196926.00,137437.00,USD,"[{""max"""": 114128.31"," '""min'"": 77949.0"," '""label'"": '""Entry Level'""}"," {'""max'"": 196926.0"," '""min'"": 114128.31"," """"label"""": """"Experienced""""}]""",1870776000.00,4726224000.00,3298488000.00,VND,"[{'max'"": 2739079528"," '""min'"": 1870776000"," '""label'"": '""Cấp mới vào nghề'""}"," {'""max'"": 4726224000"," '""min'"": 2739079528"," '""label'"": '""Experienced'""}]""",2026-01-27 15:44:54.424881+00
925,Some preparation needed. Usually requires few months to 1 year of driving experience.,Some preparation needed. Usually requires few months to 1 year of driving experience.,High school diploma required. Commercial driver's license often required.,High school diploma required. Commercial driver's license often required.,51723.00,152225.00,101974.00,USD,"[{""max"""": 81250.4"," '""min'"": 51723.0"," '""label'"": '""Entry Level'""}"," {'""max'"": 152225.0"," '""min'"": 81250.4"," """"label"""": """"Experienced""""}]""",1241352000.00,3653400000.00,2447376000.00,VND,"[{'max'"": 1950009485"," '""min'"": 1241352000"," '""label'"": '""Cấp mới vào nghề'""}"," {'""max'"": 3653400000"," '""min'"": 1950009485"," '""label'"": '""Experienced'""}]""",2026-01-27 15:44:54.424881+00
926,Some preparation needed. Usually requires few months to 1 year of driving experience.,Some preparation needed. Usually requires few months to 1 year of driving experience.,High school diploma required. Commercial driver's license often required.,High school diploma required. Commercial driver's license often required.,78112.00,106063.00,92087.00,USD,"[{""max"""": 85660.57"," '""min'"": 78112.0"," '""label'"": '""Entry Level'""}"," {'""max'"": 106063.0"," '""min'"": 85660.57"," """"label"""": """"Experienced""""}]""",1874688000.00,2545512000.00,2210088000.00,VND,"[{'max'"": 2055853781"," '""min'"": 1874688000"," '""label'"": '""Cấp mới vào nghề'""}"," {'""max'"": 2545512000"," '""min'"": 2055853781"," '""label'"": '""Experienced'""}]""",2026-01-27 15:44:54.424881+00
927,Some preparation needed. Usually requires few months to 1 year of driving experience.,Some preparation needed. Usually requires few months to 1 year of driving experience.,High school diploma required. Commercial driver's license often required.,High school diploma required. Commercial driver's license often required.,72467.00,197088.00,134777.00,USD,"[{""max"""": 103963.65"," '""min'"": 72467.0"," '""label'"": '""Entry Level'""}"," {'""max'"": 197088.0"," '""min'"": 103963.65"," """"label"""": """"Experienced""""}]""",1739208000.00,4730112000.00,3234648000.00,VND,"[{'max'"": 2495127624"," '""min'"": 1739208000"," '""label'"": '""Cấp mới vào nghề'""}"," {'""max'"": 4730112000"," '""min'"": 2495127624"," '""label'"": '""Experienced'""}]""",2026-01-27 15:44:54.424881+00
928,Some preparation needed. Usually requires few months to 1 year of driving experience.,Some preparation needed. Usually requires few months to 1 year of driving experience.,High school diploma required. Commercial driver's license often required.,High school diploma required. Commercial driver's license often required.,70686.00,134627.00,102656.00,USD,"[{""max"""": 90380.24"," '""min'"": 70686.0"," '""label'"": '""Entry Level'""}"," {'""max'"": 134627.0"," '""min'"": 90380.24"," """"label"""": """"Experienced""""}]""",1696464000.00,3231048000.00,2463744000.00,VND,"[{'max'"": 2169125791"," '""min'"": 1696464000"," '""label'"": '""Cấp mới vào nghề'""}"," {'""max'"": 3231048000"," '""min'"": 2169125791"," '""label'"": '""Experienced'""}]""",2026-01-27 15:44:54.424881+00
929,Some preparation needed. Usually requires few months to 1 year of driving experience.,Some preparation needed. Usually requires few months to 1 year of driving experience.,High school diploma required. Commercial driver's license often required.,High school diploma required. Commercial driver's license often required.,70618.00,155722.00,113170.00,USD,"[{""max"""": 93262.99"," '""min'"": 70618.0"," '""label'"": '""Entry Level'""}"," {'""max'"": 155722.0"," '""min'"": 93262.99"," """"label"""": """"Experienced""""}]""",1694832000.00,3737328000.00,2716080000.00,VND,"[{'max'"": 2238311827"," '""min'"": 1694832000"," '""label'"": '""Cấp mới vào nghề'""}"," {'""max'"": 3737328000"," '""min'"": 2238311827"," '""label'"": '""Experienced'""}]""",2026-01-27 15:44:54.424881+00
930,Some preparation needed. Usually requires few months to 1 year of driving experience.,Some preparation needed. Usually requires few months to 1 year of driving experience.,High school diploma required. Commercial driver's license often required.,High school diploma required. Commercial driver's license often required.,53179.00,132335.00,92757.00,USD,"[{""max"""": 76983.83"," '""min'"": 53179.0"," '""label'"": '""Entry Level'""}"," {'""max'"": 132335.0"," '""min'"": 76983.83"," """"label"""": """"Experienced""""}]""",1276296000.00,3176040000.00,2226168000.00,VND,"[{'max'"": 1847611846"," '""min'"": 1276296000"," '""label'"": '""Cấp mới vào nghề'""}"," {'""max'"": 3176040000"," '""min'"": 1847611846"," '""label'"": '""Experienced'""}]""",2026-01-27 15:44:54.424881+00
931,Some preparation needed. Usually requires few months to 1 year of driving experience.,Some preparation needed. Usually requires few months to 1 year of driving experience.,High school diploma required. Commercial driver's license often required.,High school diploma required. Commercial driver's license often required.,66912.00,191420.00,129166.00,USD,"[{""max"""": 106783.8"," '""min'"": 66912.0"," '""label'"": '""Entry Level'""}"," {'""max'"": 191420.0"," '""min'"": 106783.8"," """"label"""": """"Experienced""""}]""",1605888000.00,4594080000.00,3099984000.00,VND,"[{'max'"": 2562811088"," '""min'"": 1605888000"," '""label'"": '""Cấp mới vào nghề'""}"," {'""max'"": 4594080000"," '""min'"": 2562811088"," '""label'"": '""Experienced'""}]""",2026-01-27 15:44:54.424881+00
932,Some preparation needed. Usually requires few months to 1 year of driving experience.,Some preparation needed. Usually requires few months to 1 year of driving experience.,High school diploma required. Commercial driver's license often required.,High school diploma required. Commercial driver's license often required.,78411.00,168171.00,123291.00,USD,"[{""max"""": 108870.84"," '""min'"": 78411.0"," '""label'"": '""Entry Level'""}"," {'""max'"": 168171.0"," '""min'"": 108870.84"," """"label"""": """"Experienced""""}]""",1881864000.00,4036104000.00,2958984000.00,VND,"[{'max'"": 2612900118"," '""min'"": 1881864000"," '""label'"": '""Cấp mới vào nghề'""}"," {'""max'"": 4036104000"," '""min'"": 2612900118"," '""label'"": '""Experienced'""}]""",2026-01-27 15:44:54.424881+00
933,Some preparation needed. Usually requires few months to 1 year of driving experience.,Some preparation needed. Usually requires few months to 1 year of driving experience.,High school diploma required. Commercial driver's license often required.,High school diploma required. Commercial driver's license often required.,41545.00,158867.00,100206.00,USD,"[{""max"""": 71223.96"," '""min'"": 41545.0"," '""label'"": '""Entry Level'""}"," {'""max'"": 158867.0"," '""min'"": 71223.96"," """"label"""": """"Experienced""""}]""",997080000.00,3812808000.00,2404944000.00,VND,"[{'max'"": 1709374986"," '""min'"": 997080000"," '""label'"": '""Cấp mới vào nghề'""}"," {'""max'"": 3812808000"," '""min'"": 1709374986"," '""label'"": '""Experienced'""}]""",2026-01-27 15:44:54.424881+00
934,Some preparation needed. Usually requires few months to 1 year of driving experience.,Some preparation needed. Usually requires few months to 1 year of driving experience.,High school diploma required. Commercial driver's license often required.,High school diploma required. Commercial driver's license often required.,54228.00,143899.00,99063.00,USD,"[{""max"""": 82220.55"," '""min'"": 54228.0"," '""label'"": '""Entry Level'""}"," {'""max'"": 143899.0"," '""min'"": 82220.55"," """"label"""": """"Experienced""""}]""",1301472000.00,3453576000.00,2377512000.00,VND,"[{'max'"": 1973293184"," '""min'"": 1301472000"," '""label'"": '""Cấp mới vào nghề'""}"," {'""max'"": 3453576000"," '""min'"": 1973293184"," '""label'"": '""Experienced'""}]""",2026-01-27 15:44:54.424881+00
935,Some preparation needed. Usually requires few months to 1 year of driving experience.,Some preparation needed. Usually requires few months to 1 year of driving experience.,High school diploma required. Commercial driver's license often required.,High school diploma required. Commercial driver's license often required.,64491.00,148924.00,106707.00,USD,"[{""max"""": 86427.54"," '""min'"": 64491.0"," '""label'"": '""Entry Level'""}"," {'""max'"": 148924.0"," '""min'"": 86427.54"," """"label"""": """"Experienced""""}]""",1547784000.00,3574176000.00,2560968000.00,VND,"[{'max'"": 2074260908"," '""min'"": 1547784000"," '""label'"": '""Cấp mới vào nghề'""}"," {'""max'"": 3574176000"," '""min'"": 2074260908"," '""label'"": '""Experienced'""}]""",2026-01-27 15:44:54.424881+00
936,Some preparation needed. Usually requires few months to 1 year of driving experience.,Some preparation needed. Usually requires few months to 1 year of driving experience.,High school diploma required. Commercial driver's license often required.,High school diploma required. Commercial driver's license often required.,45560.00,149766.00,97663.00,USD,"[{""max"""": 80663.57"," '""min'"": 45560.0"," '""label'"": '""Entry Level'""}"," {'""max'"": 149766.0"," '""min'"": 80663.57"," """"label"""": """"Experienced""""}]""",1093440000.00,3594384000.00,2343912000.00,VND,"[{'max'"": 1935925572"," '""min'"": 1093440000"," '""label'"": '""Cấp mới vào nghề'""}"," {'""max'"": 3594384000"," '""min'"": 1935925572"," '""label'"": '""Experienced'""}]""",2026-01-27 15:44:54.424881+00
937,Some preparation needed. Usually requires few months to 1 year of driving experience.,Some preparation needed. Usually requires few months to 1 year of driving experience.,High school diploma required. Commercial driver's license often required.,High school diploma required. Commercial driver's license often required.,74782.00,169581.00,122181.00,USD,"[{""max"""": 107480.67"," '""min'"": 74782.0"," '""label'"": '""Entry Level'""}"," {'""max'"": 169581.0"," '""min'"": 107480.67"," """"label"""": """"Experienced""""}]""",1794768000.00,4069944000.00,2932344000.00,VND,"[{'max'"": 2579536119"," '""min'"": 1794768000"," '""label'"": '""Cấp mới vào nghề'""}"," {'""max'"": 4069944000"," '""min'"": 2579536119"," '""label'"": '""Experienced'""}]""",2026-01-27 15:44:54.424881+00
938,Some preparation needed. Usually requires few months to 1 year of driving experience.,Some preparation needed. Usually requires few months to 1 year of driving experience.,High school diploma required. Commercial driver's license often required.,High school diploma required. Commercial driver's license often required.,52207.00,125452.00,88829.00,USD,"[{""max"""": 76692.29"," '""min'"": 52207.0"," '""label'"": '""Entry Level'""}"," {'""max'"": 125452.0"," '""min'"": 76692.29"," """"label"""": """"Experienced""""}]""",1252968000.00,3010848000.00,2131896000.00,VND,"[{'max'"": 1840614899"," '""min'"": 1252968000"," '""label'"": '""Cấp mới vào nghề'""}"," {'""max'"": 3010848000"," '""min'"": 1840614899"," '""label'"": '""Experienced'""}]""",2026-01-27 15:44:54.424881+00
939,Some preparation needed. Usually requires few months to 1 year of driving experience.,Some preparation needed. Usually requires few months to 1 year of driving experience.,High school diploma required. Commercial driver's license often required.,High school diploma required. Commercial driver's license often required.,78734.00,173506.00,126120.00,USD,"[{""max"""": 103109.33"," '""min'"": 78734.0"," '""label'"": '""Entry Level'""}"," {'""max'"": 173506.0"," '""min'"": 103109.33"," """"label"""": """"Experienced""""}]""",1889616000.00,4164144000.00,3026880000.00,VND,"[{'max'"": 2474623847"," '""min'"": 1889616000"," '""label'"": '""Cấp mới vào nghề'""}"," {'""max'"": 4164144000"," '""min'"": 2474623847"," '""label'"": '""Experienced'""}]""",2026-01-27 15:44:54.424881+00
940,Some preparation needed. Usually requires few months to 1 year of driving experience.,Some preparation needed. Usually requires few months to 1 year of driving experience.,High school diploma required. Commercial driver's license often required.,High school diploma required. Commercial driver's license often required.,44065.00,150561.00,97313.00,USD,"[{""max"""": 80616.52"," '""min'"": 44065.0"," '""label'"": '""Entry Level'""}"," {'""max'"": 150561.0"," '""min'"": 80616.52"," """"label"""": """"Experienced""""}]""",1057560000.00,3613464000.00,2335512000.00,VND,"[{'max'"": 1934796492"," '""min'"": 1057560000"," '""label'"": '""Cấp mới vào nghề'""}"," {'""max'"": 3613464000"," '""min'"": 1934796492"," '""label'"": '""Experienced'""}]""",2026-01-27 15:44:54.424881+00
941,Some preparation needed. Usually requires few months to 1 year of driving experience.,Some preparation needed. Usually requires few months to 1 year of driving experience.,High school diploma required. Commercial driver's license often required.,High school diploma required. Commercial driver's license often required.,71365.00,197583.00,134474.00,USD,"[{""max"""": 107268.89"," '""min'"": 71365.0"," '""label'"": '""Entry Level'""}"," {'""max'"": 197583.0"," '""min'"": 107268.89"," """"label"""": """"Experienced""""}]""",1712760000.00,4741992000.00,3227376000.00,VND,"[{'max'"": 2574453352"," '""min'"": 1712760000"," '""label'"": '""Cấp mới vào nghề'""}"," {'""max'"": 4741992000"," '""min'"": 2574453352"," '""label'"": '""Experienced'""}]""",2026-01-27 15:44:54.424881+00
942,Some preparation needed. Usually requires few months to 1 year of driving experience.,Some preparation needed. Usually requires few months to 1 year of driving experience.,High school diploma required. Commercial driver's license often required.,High school diploma required. Commercial driver's license often required.,43905.00,182798.00,113351.00,USD,"[{""max"""": 78692.81"," '""min'"": 43905.0"," '""label'"": '""Entry Level'""}"," {'""max'"": 182798.0"," '""min'"": 78692.81"," """"label"""": """"Experienced""""}]""",1053720000.00,4387152000.00,2720424000.00,VND,"[{'max'"": 1888627458"," '""min'"": 1053720000"," '""label'"": '""Cấp mới vào nghề'""}"," {'""max'"": 4387152000"," '""min'"": 1888627458"," '""label'"": '""Experienced'""}]""",2026-01-27 15:44:54.424881+00
943,Some preparation needed. Usually requires few months to 1 year of driving experience.,Some preparation needed. Usually requires few months to 1 year of driving experience.,High school diploma required. Commercial driver's license often required.,High school diploma required. Commercial driver's license often required.,62901.00,143095.00,102998.00,USD,"[{""max"""": 85674.02"," '""min'"": 62901.0"," '""label'"": '""Entry Level'""}"," {'""max'"": 143095.0"," '""min'"": 85674.02"," """"label"""": """"Experienced""""}]""",1509624000.00,3434280000.00,2471952000.00,VND,"[{'max'"": 2056176539"," '""min'"": 1509624000"," '""label'"": '""Cấp mới vào nghề'""}"," {'""max'"": 3434280000"," '""min'"": 2056176539"," '""label'"": '""Experienced'""}]""",2026-01-27 15:44:54.424881+00
944,Some preparation needed. Usually requires few months to 1 year of driving experience.,Some preparation needed. Usually requires few months to 1 year of driving experience.,High school diploma required. Commercial driver's license often required.,High school diploma required. Commercial driver's license often required.,47209.00,125393.00,86301.00,USD,"[{""max"""": 72597.32"," '""min'"": 47209.0"," '""label'"": '""Entry Level'""}"," {'""max'"": 125393.0"," '""min'"": 72597.32"," """"label"""": """"Experienced""""}]""",1133016000.00,3009432000.00,2071224000.00,VND,"[{'max'"": 1742335700"," '""min'"": 1133016000"," '""label'"": '""Cấp mới vào nghề'""}"," {'""max'"": 3009432000"," '""min'"": 1742335700"," '""label'"": '""Experienced'""}]""",2026-01-27 15:44:54.424881+00
945,Some preparation needed. Usually requires few months to 1 year of driving experience.,Some preparation needed. Usually requires few months to 1 year of driving experience.,High school diploma required. Commercial driver's license often required.,High school diploma required. Commercial driver's license often required.,68383.00,199054.00,133718.00,USD,"[{""max"""": 114113.47"," '""min'"": 68383.0"," '""label'"": '""Entry Level'""}"," {'""max'"": 199054.0"," '""min'"": 114113.47"," """"label"""": """"Experienced""""}]""",1641192000.00,4777296000.00,3209232000.00,VND,"[{'max'"": 2738723360"," '""min'"": 1641192000"," '""label'"": '""Cấp mới vào nghề'""}"," {'""max'"": 4777296000"," '""min'"": 2738723360"," '""label'"": '""Experienced'""}]""",2026-01-27 15:44:54.424881+00
946,Some preparation needed. Usually requires few months to 1 year of driving experience.,Some preparation needed. Usually requires few months to 1 year of driving experience.,High school diploma required. Commercial driver's license often required.,High school diploma required. Commercial driver's license often required.,47960.00,163159.00,105559.00,USD,"[{""max"""": 87031.66"," '""min'"": 47960.0"," '""label'"": '""Entry Level'""}"," {'""max'"": 163159.0"," '""min'"": 87031.66"," """"label"""": """"Experienced""""}]""",1151040000.00,3915816000.00,2533416000.00,VND,"[{'max'"": 2088759884"," '""min'"": 1151040000"," '""label'"": '""Cấp mới vào nghề'""}"," {'""max'"": 3915816000"," '""min'"": 2088759884"," '""label'"": '""Experienced'""}]""",2026-01-27 15:44:54.424881+00
947,Some preparation needed. Usually requires few months to 1 year of driving experience.,Some preparation needed. Usually requires few months to 1 year of driving experience.,High school diploma required. Commercial driver's license often required.,High school diploma required. Commercial driver's license often required.,44082.00,167190.00,105636.00,USD,"[{""max"""": 76075.42"," '""min'"": 44082.0"," '""label'"": '""Entry Level'""}"," {'""max'"": 167190.0"," '""min'"": 76075.42"," """"label"""": """"Experienced""""}]""",1057968000.00,4012560000.00,2535264000.00,VND,"[{'max'"": 1825809976"," '""min'"": 1057968000"," '""label'"": '""Cấp mới vào nghề'""}"," {'""max'"": 4012560000"," '""min'"": 1825809976"," '""label'"": '""Experienced'""}]""",2026-01-27 15:44:54.424881+00
948,Some preparation needed. Usually requires few months to 1 year of driving experience.,Some preparation needed. Usually requires few months to 1 year of driving experience.,High school diploma required. Commercial driver's license often required.,High school diploma required. Commercial driver's license often required.,70251.00,170299.00,120275.00,USD,"[{""max"""": 97196.58"," '""min'"": 70251.0"," '""label'"": '""Entry Level'""}"," {'""max'"": 170299.0"," '""min'"": 97196.58"," """"label"""": """"Experienced""""}]""",1686024000.00,4087176000.00,2886600000.00,VND,"[{'max'"": 2332718005"," '""min'"": 1686024000"," '""label'"": '""Cấp mới vào nghề'""}"," {'""max'"": 4087176000"," '""min'"": 2332718005"," '""label'"": '""Experienced'""}]""",2026-01-27 15:44:54.424881+00
949,Some preparation needed. Usually requires few months to 1 year of driving experience.,Some preparation needed. Usually requires few months to 1 year of driving experience.,High school diploma required. Commercial driver's license often required.,High school diploma required. Commercial driver's license often required.,72033.00,145684.00,108858.00,USD,"[{""max"""": 97714.05"," '""min'"": 72033.0"," '""label'"": '""Entry Level'""}"," {'""max'"": 145684.0"," '""min'"": 97714.05"," """"label"""": """"Experienced""""}]""",1728792000.00,3496416000.00,2612592000.00,VND,"[{'max'"": 2345137141"," '""min'"": 1728792000"," '""label'"": '""Cấp mới vào nghề'""}"," {'""max'"": 3496416000"," '""min'"": 2345137141"," '""label'"": '""Experienced'""}]""",2026-01-27 15:44:54.424881+00
950,Some preparation needed. Usually requires few months to 1 year of driving experience.,Some preparation needed. Usually requires few months to 1 year of driving experience.,High school diploma required. Commercial driver's license often required.,High school diploma required. Commercial driver's license often required.,54252.00,122538.00,88395.00,USD,"[{""max"""": 75453.69"," '""min'"": 54252.0"," '""label'"": '""Entry Level'""}"," {'""max'"": 122538.0"," '""min'"": 75453.69"," """"label"""": """"Experienced""""}]""",1302048000.00,2940912000.00,2121480000.00,VND,"[{'max'"": 1810888539"," '""min'"": 1302048000"," '""label'"": '""Cấp mới vào nghề'""}"," {'""max'"": 2940912000"," '""min'"": 1810888539"," '""label'"": '""Experienced'""}]""",2026-01-27 15:44:54.424881+00
951,Some preparation needed. Usually requires few months to 1 year of driving experience.,Some preparation needed. Usually requires few months to 1 year of driving experience.,High school diploma required. Commercial driver's license often required.,High school diploma required. Commercial driver's license often required.,69050.00,166578.00,117814.00,USD,"[{""max"""": 101421.2"," '""min'"": 69050.0"," '""label'"": '""Entry Level'""}"," {'""max'"": 166578.0"," '""min'"": 101421.2"," """"label"""": """"Experienced""""}]""",1657200000.00,3997872000.00,2827536000.00,VND,"[{'max'"": 2434108717"," '""min'"": 1657200000"," '""label'"": '""Cấp mới vào nghề'""}"," {'""max'"": 3997872000"," '""min'"": 2434108717"," '""label'"": '""Experienced'""}]""",2026-01-27 15:44:54.424881+00
952,Some preparation needed. Usually requires few months to 1 year of driving experience.,Some preparation needed. Usually requires few months to 1 year of driving experience.,High school diploma required. Commercial driver's license often required.,High school diploma required. Commercial driver's license often required.,60452.00,104762.00,82607.00,USD,"[{""max"""": 73516.31"," '""min'"": 60452.0"," '""label'"": '""Entry Level'""}"," {'""max'"": 104762.0"," '""min'"": 73516.31"," """"label"""": """"Experienced""""}]""",1450848000.00,2514288000.00,1982568000.00,VND,"[{'max'"": 1764391385"," '""min'"": 1450848000"," '""label'"": '""Cấp mới vào nghề'""}"," {'""max'"": 2514288000"," '""min'"": 1764391385"," '""label'"": '""Experienced'""}]""",2026-01-27 15:44:54.424881+00
953,Some preparation needed. Usually requires few months to 1 year of driving experience.,Some preparation needed. Usually requires few months to 1 year of driving experience.,High school diploma required. Commercial driver's license often required.,High school diploma required. Commercial driver's license often required.,52929.00,151285.00,102107.00,USD,"[{""max"""": 80598.52"," '""min'"": 52929.0"," '""label'"": '""Entry Level'""}"," {'""max'"": 151285.0"," '""min'"": 80598.52"," """"label"""": """"Experienced""""}]""",1270296000.00,3630840000.00,2450568000.00,VND,"[{'max'"": 1934364532"," '""min'"": 1270296000"," '""label'"": '""Cấp mới vào nghề'""}"," {'""max'"": 3630840000"," '""min'"": 1934364532"," '""label'"": '""Experienced'""}]""",2026-01-27 15:44:54.424881+00
954,Some preparation needed. Usually requires few months to 1 year of driving experience.,Some preparation needed. Usually requires few months to 1 year of driving experience.,High school diploma required. Commercial driver's license often required.,High school diploma required. Commercial driver's license often required.,59294.00,141720.00,100507.00,USD,"[{""max"""": 79919.7"," '""min'"": 59294.0"," '""label'"": '""Entry Level'""}"," {'""max'"": 141720.0"," '""min'"": 79919.7"," """"label"""": """"Experienced""""}]""",1423056000.00,3401280000.00,2412168000.00,VND,"[{'max'"": 1918072759"," '""min'"": 1423056000"," '""label'"": '""Cấp mới vào nghề'""}"," {'""max'"": 3401280000"," '""min'"": 1918072759"," '""label'"": '""Experienced'""}]""",2026-01-27 15:44:54.424881+00
955,Some preparation needed. Usually requires few months to 1 year of driving experience.,Some preparation needed. Usually requires few months to 1 year of driving experience.,High school diploma required. Commercial driver's license often required.,High school diploma required. Commercial driver's license often required.,53041.00,146752.00,99896.00,USD,"[{""max"""": 78746.61"," '""min'"": 53041.0"," '""label'"": '""Entry Level'""}"," {'""max'"": 146752.0"," '""min'"": 78746.61"," """"label"""": """"Experienced""""}]""",1272984000.00,3522048000.00,2397504000.00,VND,"[{'max'"": 1889918654"," '""min'"": 1272984000"," '""label'"": '""Cấp mới vào nghề'""}"," {'""max'"": 3522048000"," '""min'"": 1889918654"," '""label'"": '""Experienced'""}]""",2026-01-27 15:44:54.424881+00
956,Some preparation needed. Usually requires few months to 1 year of driving experience.,Some preparation needed. Usually requires few months to 1 year of driving experience.,High school diploma required. Commercial driver's license often required.,High school diploma required. Commercial driver's license often required.,42985.00,178622.00,110803.00,USD,"[{""max"""": 84488.01"," '""min'"": 42985.0"," '""label'"": '""Entry Level'""}"," {'""max'"": 178622.0"," '""min'"": 84488.01"," """"label"""": """"Experienced""""}]""",1031640000.00,4286928000.00,2659272000.00,VND,"[{'max'"": 2027712337"," '""min'"": 1031640000"," '""label'"": '""Cấp mới vào nghề'""}"," {'""max'"": 4286928000"," '""min'"": 2027712337"," '""label'"": '""Experienced'""}]""",2026-01-27 15:44:54.424881+00
957,Some preparation needed. Usually requires few months to 1 year of driving experience.,Some preparation needed. Usually requires few months to 1 year of driving experience.,High school diploma required. Commercial driver's license often required.,High school diploma required. Commercial driver's license often required.,74864.00,162896.00,118880.00,USD,"[{""max"""": 104062.47"," '""min'"": 74864.0"," '""label'"": '""Entry Level'""}"," {'""max'"": 162896.0"," '""min'"": 104062.47"," """"label"""": """"Experienced""""}]""",1796736000.00,3909504000.00,2853120000.00,VND,"[{'max'"": 2497499188"," '""min'"": 1796736000"," '""label'"": '""Cấp mới vào nghề'""}"," {'""max'"": 3909504000"," '""min'"": 2497499188"," '""label'"": '""Experienced'""}]""",2026-01-27 15:44:54.424881+00
958,Some preparation needed. Usually requires few months to 1 year of driving experience.,Some preparation needed. Usually requires few months to 1 year of driving experience.,High school diploma required. Commercial driver's license often required.,High school diploma required. Commercial driver's license often required.,77078.00,130139.00,103608.00,USD,"[{""max"""": 93897.15"," '""min'"": 77078.0"," '""label'"": '""Entry Level'""}"," {'""max'"": 130139.0"," '""min'"": 93897.15"," """"label"""": """"Experienced""""}]""",1849872000.00,3123336000.00,2486592000.00,VND,"[{'max'"": 2253531671"," '""min'"": 1849872000"," '""label'"": '""Cấp mới vào nghề'""}"," {'""max'"": 3123336000"," '""min'"": 2253531671"," '""label'"": '""Experienced'""}]""",2026-01-27 15:44:54.424881+00
959,Some preparation needed. Usually requires few months to 1 year of driving experience.,Some preparation needed. Usually requires few months to 1 year of driving experience.,High school diploma required. Commercial driver's license often required.,High school diploma required. Commercial driver's license often required.,79504.00,159996.00,119750.00,USD,"[{""max"""": 102442.92"," '""min'"": 79504.0"," '""label'"": '""Entry Level'""}"," {'""max'"": 159996.0"," '""min'"": 102442.92"," """"label"""": """"Experienced""""}]""",1908096000.00,3839904000.00,2874000000.00,VND,"[{'max'"": 2458630117"," '""min'"": 1908096000"," '""label'"": '""Cấp mới vào nghề'""}"," {'""max'"": 3839904000"," '""min'"": 2458630117"," '""label'"": '""Experienced'""}]""",2026-01-27 15:44:54.424881+00
