job_id,title_vi,description_vi,skills_vi,riasec_centroid_json,tags_vi
11-1011.00,Giám đốc điều hành,"Xác định và xây dựng các chính sách và cung cấp hướng dẫn tổng thể cho các công ty hoặc các tổ chức khu vực tư nhân và công trong các hướng dẫn được thành lập bởi hội đồng quản trị hoặc cơ quan quản trị tương tự. Kế hoạch, trực tiếp hoặc phối hợp các hoạt động hoạt động tại cấp cao nhất của quản lý với sự giúp đỡ của các giám đốc điều hành và quản lý nhân viên.",Quản lý|giao tiếp|giao tiếp nói|giám sát|giải quyết vấn đề phức tạp|học chủ động|khả năng thích ứng|làm việc nhóm|lãnh đạo|lập kế hoạch chiến lược|lắng nghe tích cực|phán đoán & ra quyết định|phân tích hệ thống|phối hợp|quản lý dự án|quản lý nguồn lực tài chính|quản lý nguồn lực vật chất|quản lý nguồn nhân lực|quản lý nhóm|quản lý thời gian|ra quyết định|thuyết phục|tư duy phản biện|đàm phán|đọc hiểu,"[0.186, 0.463, 0.297, 0.503, 0.983, 0.714]",Quản lý|giao tiếp|giao tiếp nói|giám sát|giải quyết vấn đề phức tạp|học chủ động|khả năng thích ứng|làm việc nhóm|lãnh đạo|lập kế hoạch chiến lược|lắng nghe tích cực|phán đoán & ra quyết định|phân tích hệ thống|phối hợp|quản lý dự án|quản lý nguồn lực tài chính|quản lý nguồn lực vật chất|quản lý nguồn nhân lực|quản lý nhóm|quản lý thời gian|ra quyết định|thuyết phục|tư duy phản biện|đàm phán|đọc hiểu
11-1011.03,Các giám đốc về phát triển bền vững,"Truyền thông và phối hợp với quản lý, cổ đông, khách hàng và nhân viên để giải quyết các vấn đề bền vững.",Quản lý|giao tiếp|giao tiếp nói|giám sát|giải quyết vấn đề phức tạp|học chủ động|khả năng thích ứng|làm việc nhóm|lãnh đạo|lập kế hoạch chiến lược|lắng nghe tích cực|nhạy bén xã hội|phán đoán & ra quyết định|phân tích hệ thống|quản lý dự án|quản lý nguồn nhân lực|quản lý nhóm|quản lý thời gian|ra quyết định|thuyết phục|tư duy phản biện|viết|đánh giá hệ thống|đọc hiểu,"[0.291, 0.683, 0.354, 0.507, 0.954, 0.641]",Quản lý|giao tiếp|giao tiếp nói|giám sát|giải quyết vấn đề phức tạp|học chủ động|khả năng thích ứng|làm việc nhóm|lãnh đạo|lập kế hoạch chiến lược|lắng nghe tích cực|nhạy bén xã hội|phán đoán & ra quyết định|phân tích hệ thống|quản lý dự án|quản lý nguồn nhân lực|quản lý nhóm|quản lý thời gian|ra quyết định|thuyết phục|tư duy phản biện|viết|đánh giá hệ thống|đọc hiểu
11-1021.00,Quản lý chung và hoạt động,"Kế hoạch, chỉ đạo hoặc phối hợp các hoạt động của các tổ chức khu vực công hoặc tư nhân, giám sát nhiều bộ phận hoặc địa điểm. Các nhiệm vụ và trách nhiệm bao gồm xây dựng chính sách, quản lý hoạt động hàng ngày, và lập kế hoạch sử dụng vật liệu và nguồn nhân lực, nhưng có tính chất quá đa dạng và chung để được phân loại vào bất kỳ lĩnh vực chức năng nào của quản lý hoặc quản trị, chẳng hạn như nhân sự, mua sắm hoặc dịch vụ hành chính. Thông thường quản lý thông qua giám sát viên phụ trách. Không bao gồm giám sát viên hàng đầu.",Quản lý|giao tiếp|giao tiếp nói|giám sát|giải quyết vấn đề phức tạp|học chủ động|khả năng thích ứng|làm việc nhóm|lãnh đạo|lập kế hoạch chiến lược|lắng nghe tích cực|nhạy bén xã hội|phán đoán & ra quyết định|phối hợp|quản lý dự án|quản lý nguồn nhân lực|quản lý nhóm|quản lý thời gian|ra quyết định|tư duy phản biện|viết|đọc hiểu,"[0.317, 0.341, 0.187, 0.481, 0.994, 0.76]",Quản lý|giao tiếp|giao tiếp nói|giám sát|giải quyết vấn đề phức tạp|học chủ động|khả năng thích ứng|làm việc nhóm|lãnh đạo|lập kế hoạch chiến lược|lắng nghe tích cực|nhạy bén xã hội|phán đoán & ra quyết định|phối hợp|quản lý dự án|quản lý nguồn nhân lực|quản lý nhóm|quản lý thời gian|ra quyết định|tư duy phản biện|viết|đọc hiểu
11-1031.00,Các nhà lập pháp,"Phát triển, đưa ra hoặc ban hành luật pháp và quy định tại cấp địa phương, bộ lạc, tiểu bang hoặc liên bang.",giao tiếp|khả năng thích ứng|làm việc nhóm|quản lý thời gian|tư duy phản biện,"[0.22, 0.479, 0.386, 0.527, 0.789, 0.517]",giao tiếp|khả năng thích ứng|làm việc nhóm|quản lý thời gian|tư duy phản biện
11-2011.00,Người quản lý quảng cáo và khuyến mãi,"Lập kế hoạch, chỉ đạo hoặc phối hợp các chính sách và chương trình quảng cáo hoặc sản xuất các tài liệu phụ, chẳng hạn như poster, cuộc thi, phiếu giảm giá hoặc quà tặng, để tạo ra sự quan tâm thêm vào việc mua một sản phẩm hoặc dịch vụ cho một bộ phận, toàn bộ tổ chức, hoặc trên cơ sở tài khoản.",Quản lý|giao tiếp|giao tiếp nói|giám sát|giải quyết vấn đề phức tạp|học chủ động|khả năng thích ứng|làm việc nhóm|lãnh đạo|lập kế hoạch chiến lược|lắng nghe tích cực|nhạy bén xã hội|phán đoán & ra quyết định|phối hợp|quản lý dự án|quản lý nguồn nhân lực|quản lý nhóm|quản lý thời gian|ra quyết định|thuyết phục|tư duy phản biện|viết|đọc hiểu,"[0.153, 0.244, 0.55, 0.449, 1.0, 0.614]",Quản lý|giao tiếp|giao tiếp nói|giám sát|giải quyết vấn đề phức tạp|học chủ động|khả năng thích ứng|làm việc nhóm|lãnh đạo|lập kế hoạch chiến lược|lắng nghe tích cực|nhạy bén xã hội|phán đoán & ra quyết định|phối hợp|quản lý dự án|quản lý nguồn nhân lực|quản lý nhóm|quản lý thời gian|ra quyết định|thuyết phục|tư duy phản biện|viết|đọc hiểu
11-2021.00,Quản lý tiếp thị,"Kế hoạch, chỉ đạo hoặc phối hợp các chính sách và chương trình tiếp thị, chẳng hạn như xác định nhu cầu về các sản phẩm và dịch vụ được cung cấp bởi một công ty và các đối thủ cạnh tranh của nó, và xác định khách hàng tiềm năng. Phát triển các chiến lược định giá với mục tiêu tối đa hóa lợi nhuận hoặc thị phần của công ty trong khi đảm bảo khách hàng của doanh nghiệp hài lòng. Giám sát phát triển sản phẩm hoặc theo dõi xu hướng cho thấy nhu cầu về sản phẩm và dịch vụ mới.",Quản lý|giao tiếp|giao tiếp khách hàng|giao tiếp nói|giám sát|giải quyết vấn đề phức tạp|học chủ động|khả năng thích ứng|kỹ năng bán hàng|làm việc nhóm|lãnh đạo|lập kế hoạch chiến lược|lắng nghe tích cực|nhạy bén xã hội|phán đoán & ra quyết định|quản lý dự án|quản lý nguồn nhân lực|quản lý nhóm|quản lý thời gian|ra quyết định|thuyết phục|tư duy phản biện|viết|xây dựng mối quan hệ|đàm phán|đọc hiểu,"[0.143, 0.414, 0.35, 0.403, 1.0, 0.671]",Quản lý|giao tiếp|giao tiếp khách hàng|giao tiếp nói|giám sát|giải quyết vấn đề phức tạp|học chủ động|khả năng thích ứng|kỹ năng bán hàng|làm việc nhóm|lãnh đạo|lập kế hoạch chiến lược|lắng nghe tích cực|nhạy bén xã hội|phán đoán & ra quyết định|quản lý dự án|quản lý nguồn nhân lực|quản lý nhóm|quản lý thời gian|ra quyết định|thuyết phục|tư duy phản biện|viết|xây dựng mối quan hệ|đàm phán|đọc hiểu
11-2022.00,Quản lý bán hàng,"Kế hoạch, chỉ đạo hoặc phối hợp việc phân phối hoặc di chuyển thực tế của sản phẩm hoặc dịch vụ cho khách hàng. Điều phối phân phối bán hàng bằng cách thiết lập lãnh thổ bán hàng, hạn ngạch và mục tiêu và thiết lập các chương trình đào tạo cho đại diện bán hàng. Phân tích số liệu thống kê bán hàng được thu thập bởi nhân viên để xác định tiềm năng bán hàng và yêu cầu hàng tồn kho và theo dõi sở thích của khách hàng.",Quản lý|giao tiếp|giao tiếp khách hàng|giao tiếp nói|giám sát|học chủ động|khả năng thích ứng|kỹ năng bán hàng|làm việc nhóm|lãnh đạo|lập kế hoạch chiến lược|lắng nghe tích cực|nhạy bén xã hội|phán đoán & ra quyết định|phối hợp|quản lý dự án|quản lý nguồn nhân lực|quản lý nhóm|quản lý thời gian|ra quyết định|thuyết phục|tư duy phản biện|viết|xây dựng mối quan hệ|đàm phán|đọc hiểu,"[0.213, 0.237, 0.187, 0.47, 1.0, 0.797]",Quản lý|giao tiếp|giao tiếp khách hàng|giao tiếp nói|giám sát|học chủ động|khả năng thích ứng|kỹ năng bán hàng|làm việc nhóm|lãnh đạo|lập kế hoạch chiến lược|lắng nghe tích cực|nhạy bén xã hội|phán đoán & ra quyết định|phối hợp|quản lý dự án|quản lý nguồn nhân lực|quản lý nhóm|quản lý thời gian|ra quyết định|thuyết phục|tư duy phản biện|viết|xây dựng mối quan hệ|đàm phán|đọc hiểu
11-2032.00,Người quản lý quan hệ công chúng,"Kế hoạch, chỉ đạo hoặc phối hợp các hoạt động được thiết kế để tạo ra hoặc duy trì hình ảnh công chúng thuận lợi hoặc nâng cao nhận thức về vấn đề cho tổ chức hoặc khách hàng của họ.",giao tiếp|khả năng thích ứng|làm việc nhóm|lãnh đạo|lập kế hoạch chiến lược|quản lý dự án|quản lý nhóm|quản lý thời gian|ra quyết định|tư duy phản biện,"[0.143, 0.336, 0.526, 0.591, 1.0, 0.627]",giao tiếp|khả năng thích ứng|làm việc nhóm|lãnh đạo|lập kế hoạch chiến lược|quản lý dự án|quản lý nhóm|quản lý thời gian|ra quyết định|tư duy phản biện
11-2033.00,Các nhà quản lý huy động quỹ,"Kế hoạch, chỉ đạo hoặc phối hợp các hoạt động để thu thập và duy trì quỹ cho các dự án đặc biệt hoặc các tổ chức phi lợi nhuận.",Quản lý|giao tiếp|giao tiếp nói|giám sát|giải quyết vấn đề phức tạp|học chủ động|khả năng thích ứng|làm việc nhóm|lãnh đạo|lập kế hoạch chiến lược|lắng nghe tích cực|nhạy bén xã hội|phán đoán & ra quyết định|phối hợp|quản lý dự án|quản lý nhóm|quản lý thời gian|ra quyết định|thuyết phục|tư duy phản biện|viết|đọc hiểu,"[0.143, 0.344, 0.381, 0.536, 1.0, 0.674]",Quản lý|giao tiếp|giao tiếp nói|giám sát|giải quyết vấn đề phức tạp|học chủ động|khả năng thích ứng|làm việc nhóm|lãnh đạo|lập kế hoạch chiến lược|lắng nghe tích cực|nhạy bén xã hội|phán đoán & ra quyết định|phối hợp|quản lý dự án|quản lý nhóm|quản lý thời gian|ra quyết định|thuyết phục|tư duy phản biện|viết|đọc hiểu
11-3012.00,Người quản lý dịch vụ hành chính,"Kế hoạch, chỉ đạo hoặc phối hợp một hoặc nhiều dịch vụ hành chính của một tổ chức, chẳng hạn như quản lý hồ sơ và thông tin, phân phối thư và các dịch vụ hỗ trợ văn phòng khác.",Quản lý|giao tiếp|giao tiếp nói|giám sát|học chủ động|khả năng thích ứng|làm việc nhóm|lãnh đạo|lập kế hoạch chiến lược|lắng nghe tích cực|nhạy bén xã hội|phối hợp|quản lý dự án|quản lý nguồn nhân lực|quản lý nhóm|quản lý thời gian|ra quyết định|tư duy phản biện|viết|đàm phán|đọc hiểu,"[0.227, 0.29, 0.144, 0.53, 0.93, 0.919]",Quản lý|giao tiếp|giao tiếp nói|giám sát|học chủ động|khả năng thích ứng|làm việc nhóm|lãnh đạo|lập kế hoạch chiến lược|lắng nghe tích cực|nhạy bén xã hội|phối hợp|quản lý dự án|quản lý nguồn nhân lực|quản lý nhóm|quản lý thời gian|ra quyết định|tư duy phản biện|viết|đàm phán|đọc hiểu
11-3013.00,Người quản lý cơ sở,"Kế hoạch, trực tiếp hoặc phối hợp các hoạt động và chức năng của các cơ sở và tòa nhà. Có thể bao gồm các sân xung quanh hoặc nhiều cơ sở của khuôn viên của tổ chức.",Quản lý|giao tiếp|giao tiếp nói|giám sát|khả năng thích ứng|làm việc nhóm|lãnh đạo|lập kế hoạch chiến lược|lắng nghe tích cực|nhạy bén xã hội|phán đoán & ra quyết định|phối hợp|quản lý dự án|quản lý nguồn nhân lực|quản lý nhóm|quản lý thời gian|ra quyết định|tư duy phản biện|viết|đàm phán|đọc hiểu,"[0.561, 0.36, 0.234, 0.513, 0.791, 0.773]",Quản lý|giao tiếp|giao tiếp nói|giám sát|khả năng thích ứng|làm việc nhóm|lãnh đạo|lập kế hoạch chiến lược|lắng nghe tích cực|nhạy bén xã hội|phán đoán & ra quyết định|phối hợp|quản lý dự án|quản lý nguồn nhân lực|quản lý nhóm|quản lý thời gian|ra quyết định|tư duy phản biện|viết|đàm phán|đọc hiểu
11-3013.01,Người quản lý an ninh,"Quản lý các chức năng an ninh của tổ chức, bao gồm an ninh thể chất và an toàn của nhân viên và cơ sở.",Quản lý|giao tiếp|giao tiếp nói|giám sát|giải quyết vấn đề phức tạp|khả năng thích ứng|làm việc nhóm|lãnh đạo|lập kế hoạch chiến lược|lắng nghe tích cực|nhạy bén xã hội|phán đoán & ra quyết định|phối hợp|quản lý dự án|quản lý nhóm|quản lý thời gian|ra quyết định|tư duy phản biện|viết|đọc hiểu,"[0.486, 0.53, 0.184, 0.393, 0.8, 0.77]",Quản lý|giao tiếp|giao tiếp nói|giám sát|giải quyết vấn đề phức tạp|khả năng thích ứng|làm việc nhóm|lãnh đạo|lập kế hoạch chiến lược|lắng nghe tích cực|nhạy bén xã hội|phán đoán & ra quyết định|phối hợp|quản lý dự án|quản lý nhóm|quản lý thời gian|ra quyết định|tư duy phản biện|viết|đọc hiểu
11-3021.00,Người quản lý hệ thống máy tính và thông tin,"Kế hoạch, trực tiếp hoặc phối hợp các hoạt động trong các lĩnh vực như xử lý dữ liệu điện tử, hệ thống thông tin, phân tích hệ thống và lập trình máy tính.",Quản lý|chú ý đến chi tiết|giao tiếp|giao tiếp nói|giám sát|giải quyết vấn đề kỹ thuật|giải quyết vấn đề phức tạp|hướng dẫn|học chủ động|khả năng thích ứng|kỹ năng máy tính|làm việc nhóm|lãnh đạo|lập kế hoạch chiến lược|lắng nghe tích cực|nhạy bén xã hội|phán đoán & ra quyết định|phân tích dữ liệu|phối hợp|quản lý dự án|quản lý nhóm|quản lý thời gian|ra quyết định|tư duy logic|tư duy phản biện|viết|đánh giá hệ thống|đọc hiểu,"[0.366, 0.631, 0.214, 0.344, 0.727, 0.817]",Quản lý|chú ý đến chi tiết|giao tiếp|giao tiếp nói|giám sát|giải quyết vấn đề kỹ thuật|giải quyết vấn đề phức tạp|hướng dẫn|học chủ động|khả năng thích ứng|kỹ năng máy tính|làm việc nhóm|lãnh đạo|lập kế hoạch chiến lược|lắng nghe tích cực|nhạy bén xã hội|phán đoán & ra quyết định|phân tích dữ liệu|phối hợp|quản lý dự án|quản lý nhóm|quản lý thời gian|ra quyết định|tư duy logic|tư duy phản biện|viết|đánh giá hệ thống|đọc hiểu
11-3031.00,Quản lý tài chính,"Kế hoạch, trực tiếp hoặc phối hợp kế toán, đầu tư, ngân hàng, bảo hiểm, chứng khoán và các hoạt động tài chính khác của một chi nhánh, văn phòng hoặc bộ phận của một cơ sở.",Quản lý|giao tiếp|giao tiếp nói|giám sát|giải quyết vấn đề phức tạp|học chủ động|khả năng thích ứng|làm việc nhóm|lãnh đạo|lập kế hoạch chiến lược|lắng nghe tích cực|nhạy bén xã hội|phán đoán & ra quyết định|phối hợp|quản lý dự án|quản lý nguồn nhân lực|quản lý nhóm|quản lý thời gian|ra quyết định|thuyết phục|tư duy phản biện|viết|đàm phán|đọc hiểu,"[0.174, 0.35, 0.22, 0.419, 1.0, 0.814]",Quản lý|giao tiếp|giao tiếp nói|giám sát|giải quyết vấn đề phức tạp|học chủ động|khả năng thích ứng|làm việc nhóm|lãnh đạo|lập kế hoạch chiến lược|lắng nghe tích cực|nhạy bén xã hội|phán đoán & ra quyết định|phối hợp|quản lý dự án|quản lý nguồn nhân lực|quản lý nhóm|quản lý thời gian|ra quyết định|thuyết phục|tư duy phản biện|viết|đàm phán|đọc hiểu
11-3031.01,Các nhà tài chính và giám sát viên,"Các hoạt động tài chính trực tiếp, chẳng hạn như lập kế hoạch, mua sắm và đầu tư cho toàn bộ hoặc một phần của một tổ chức.",Quản lý|giao tiếp|giao tiếp nói|giám sát|giải quyết vấn đề phức tạp|học chủ động|khả năng thích ứng|làm việc nhóm|lắng nghe tích cực|phán đoán & ra quyết định|phân tích hệ thống|quản lý nguồn lực tài chính|quản lý thời gian|toán học|tư duy phản biện|viết|đánh giá hệ thống|đọc hiểu,"[0.143, 0.343, 0.183, 0.386, 0.889, 0.879]",Quản lý|giao tiếp|giao tiếp nói|giám sát|giải quyết vấn đề phức tạp|học chủ động|khả năng thích ứng|làm việc nhóm|lắng nghe tích cực|phán đoán & ra quyết định|phân tích hệ thống|quản lý nguồn lực tài chính|quản lý thời gian|toán học|tư duy phản biện|viết|đánh giá hệ thống|đọc hiểu
11-3031.03,Các nhà quản lý quỹ đầu tư,"Kế hoạch, trực tiếp hoặc phối hợp chiến lược hoặc hoạt động đầu tư cho một nhóm lớn các tài sản thanh khoản được cung cấp bởi các nhà đầu tư tổ chức hoặc các đầu tư cá nhân.",Quản lý|giao tiếp|giao tiếp nói|giám sát|giải quyết vấn đề phức tạp|học chủ động|khả năng thích ứng|làm việc nhóm|lãnh đạo|lập kế hoạch chiến lược|lắng nghe tích cực|phán đoán & ra quyết định|phân tích hệ thống|quản lý dự án|quản lý nhóm|quản lý thời gian|ra quyết định|tư duy phản biện|viết|đánh giá hệ thống|đọc hiểu,"[0.237, 0.53, 0.21, 0.366, 0.967, 0.75]",Quản lý|giao tiếp|giao tiếp nói|giám sát|giải quyết vấn đề phức tạp|học chủ động|khả năng thích ứng|làm việc nhóm|lãnh đạo|lập kế hoạch chiến lược|lắng nghe tích cực|phán đoán & ra quyết định|phân tích hệ thống|quản lý dự án|quản lý nhóm|quản lý thời gian|ra quyết định|tư duy phản biện|viết|đánh giá hệ thống|đọc hiểu
11-3051.00,Người quản lý sản xuất công nghiệp,"Kế hoạch, chỉ đạo hoặc phối hợp các hoạt động và nguồn lực làm việc cần thiết để sản xuất sản phẩm theo chi phí, chất lượng và số lượng.",Quản lý|chiến lược học tập|giao tiếp|giao tiếp nói|giám sát|học chủ động|khả năng thích ứng|làm việc nhóm|lãnh đạo|lập kế hoạch chiến lược|lắng nghe tích cực|phán đoán & ra quyết định|phối hợp|quản lý dự án|quản lý nguồn lực tài chính|quản lý nguồn lực vật chất|quản lý nguồn nhân lực|quản lý nhóm|quản lý thời gian|ra quyết định|tư duy phản biện|viết|đọc hiểu,"[0.604, 0.42, 0.19, 0.261, 0.846, 0.756]",Quản lý|chiến lược học tập|giao tiếp|giao tiếp nói|giám sát|học chủ động|khả năng thích ứng|làm việc nhóm|lãnh đạo|lập kế hoạch chiến lược|lắng nghe tích cực|phán đoán & ra quyết định|phối hợp|quản lý dự án|quản lý nguồn lực tài chính|quản lý nguồn lực vật chất|quản lý nguồn nhân lực|quản lý nhóm|quản lý thời gian|ra quyết định|tư duy phản biện|viết|đọc hiểu
11-3051.01,Người quản lý hệ thống kiểm soát chất lượng,"Lập kế hoạch, chỉ đạo hoặc phối hợp các chương trình đảm bảo chất lượng. Xác định các chính sách kiểm soát chất lượng và kiểm soát phẩm chất của các nỗ lực phòng thí nghiệm và sản xuất.",Quản lý|giao tiếp|giao tiếp nói|giám sát|giải quyết vấn đề phức tạp|học chủ động|khả năng thích ứng|làm việc nhóm|lãnh đạo|lập kế hoạch chiến lược|lắng nghe tích cực|phán đoán & ra quyết định|phân tích hệ thống|phân tích kiểm soát chất lượng|phối hợp|quản lý dự án|quản lý nhóm|quản lý thời gian|ra quyết định|tư duy phản biện|viết|đánh giá hệ thống|đọc hiểu,"[0.514, 0.574, 0.167, 0.296, 0.721, 0.814]",Quản lý|giao tiếp|giao tiếp nói|giám sát|giải quyết vấn đề phức tạp|học chủ động|khả năng thích ứng|làm việc nhóm|lãnh đạo|lập kế hoạch chiến lược|lắng nghe tích cực|phán đoán & ra quyết định|phân tích hệ thống|phân tích kiểm soát chất lượng|phối hợp|quản lý dự án|quản lý nhóm|quản lý thời gian|ra quyết định|tư duy phản biện|viết|đánh giá hệ thống|đọc hiểu
11-3051.02,Các nhà quản lý sản xuất nhiệt địa,"Quản lý các hoạt động tại các cơ sở sản xuất điện địa nhiệt, duy trì và giám sát thiết bị nhà máy địa nhiệt để hoạt động hiệu quả và an toàn.",Quản lý|giao tiếp|giao tiếp nói|giám sát|khả năng thích ứng|làm việc nhóm|lãnh đạo|lập kế hoạch chiến lược|lắng nghe tích cực|nhạy bén xã hội|phán đoán & ra quyết định|phối hợp|quản lý dự án|quản lý nguồn lực tài chính|quản lý nguồn nhân lực|quản lý nhóm|quản lý thời gian|ra quyết định|toán học|tư duy phản biện|viết|đánh giá hệ thống|đọc hiểu,"[0.764, 0.479, 0.143, 0.296, 0.654, 0.689]",Quản lý|giao tiếp|giao tiếp nói|giám sát|khả năng thích ứng|làm việc nhóm|lãnh đạo|lập kế hoạch chiến lược|lắng nghe tích cực|nhạy bén xã hội|phán đoán & ra quyết định|phối hợp|quản lý dự án|quản lý nguồn lực tài chính|quản lý nguồn nhân lực|quản lý nhóm|quản lý thời gian|ra quyết định|toán học|tư duy phản biện|viết|đánh giá hệ thống|đọc hiểu
11-3051.03,Quản lý sản xuất nhiên liệu sinh học,"Quản lý sản xuất nhiên liệu sinh học và hoạt động của nhà máy Thu thập và xử lý thông tin về sản xuất và hiệu suất nhà máy, chẩn đoán các vấn đề và thiết kế các thủ tục khắc phục.",Quản lý|giao tiếp|giao tiếp nói|giám sát|giải quyết vấn đề phức tạp|hướng dẫn|học chủ động|khả năng thích ứng|làm việc nhóm|lãnh đạo|lập kế hoạch chiến lược|lắng nghe tích cực|nhạy bén xã hội|phán đoán & ra quyết định|phối hợp|quản lý dự án|quản lý nguồn nhân lực|quản lý nhóm|quản lý thời gian|ra quyết định|tư duy phản biện|đọc hiểu,"[0.656, 0.534, 0.143, 0.261, 0.773, 0.723]",Quản lý|giao tiếp|giao tiếp nói|giám sát|giải quyết vấn đề phức tạp|hướng dẫn|học chủ động|khả năng thích ứng|làm việc nhóm|lãnh đạo|lập kế hoạch chiến lược|lắng nghe tích cực|nhạy bén xã hội|phán đoán & ra quyết định|phối hợp|quản lý dự án|quản lý nguồn nhân lực|quản lý nhóm|quản lý thời gian|ra quyết định|tư duy phản biện|đọc hiểu
11-3051.04,Người quản lý nhà máy điện sinh khối,"Quản lý hoạt động tại các cơ sở sản xuất năng lượng bằng sinh khối. Các hoạt động làm việc trực tiếp tại nhà máy, bao gồm giám sát hoạt động và nhân viên bảo trì.",Quản lý|giao tiếp|giao tiếp nói|giám sát|giám sát vận hành|giải quyết vấn đề phức tạp|khả năng thích ứng|làm việc nhóm|lãnh đạo|lập kế hoạch chiến lược|lắng nghe tích cực|phán đoán & ra quyết định|phân tích hệ thống|phối hợp|quản lý dự án|quản lý nguồn nhân lực|quản lý nhóm|quản lý thời gian|ra quyết định|tư duy phản biện|viết|đọc hiểu,"[0.731, 0.456, 0.143, 0.246, 0.694, 0.763]",Quản lý|giao tiếp|giao tiếp nói|giám sát|giám sát vận hành|giải quyết vấn đề phức tạp|khả năng thích ứng|làm việc nhóm|lãnh đạo|lập kế hoạch chiến lược|lắng nghe tích cực|phán đoán & ra quyết định|phân tích hệ thống|phối hợp|quản lý dự án|quản lý nguồn nhân lực|quản lý nhóm|quản lý thời gian|ra quyết định|tư duy phản biện|viết|đọc hiểu
11-3051.06,Người quản lý sản xuất thủy điện,"Quản lý hoạt động tại các cơ sở sản xuất điện thủy điện, duy trì và giám sát thiết bị nhà máy thủy điện để hoạt động hiệu quả và an toàn.",Quản lý|chiến lược học tập|giao tiếp|giao tiếp nói|giám sát|giải quyết vấn đề phức tạp|hướng dẫn|khả năng thích ứng|làm việc nhóm|lãnh đạo|lập kế hoạch chiến lược|lắng nghe tích cực|phán đoán & ra quyết định|phối hợp|quản lý dự án|quản lý nguồn nhân lực|quản lý nhóm|quản lý thời gian|ra quyết định|tư duy phản biện|viết|đọc hiểu,"[0.767, 0.52, 0.143, 0.261, 0.653, 0.717]",Quản lý|chiến lược học tập|giao tiếp|giao tiếp nói|giám sát|giải quyết vấn đề phức tạp|hướng dẫn|khả năng thích ứng|làm việc nhóm|lãnh đạo|lập kế hoạch chiến lược|lắng nghe tích cực|phán đoán & ra quyết định|phối hợp|quản lý dự án|quản lý nguồn nhân lực|quản lý nhóm|quản lý thời gian|ra quyết định|tư duy phản biện|viết|đọc hiểu
11-3061.00,Người quản lý mua hàng,"Kế hoạch, chỉ đạo hoặc phối hợp các hoạt động của người mua, nhân viên mua hàng và các nhân viên liên quan tham gia mua vật liệu, sản phẩm và dịch vụ. Bao gồm các nhà quản lý thương mại bán hàng bán lẻ hoặc bán lẻ và các quản lý giao dịch.",Quản lý|giao tiếp|giao tiếp nói|giám sát|khả năng thích ứng|làm việc nhóm|lãnh đạo|lập kế hoạch chiến lược|lắng nghe tích cực|nhạy bén xã hội|phối hợp|quản lý dự án|quản lý nguồn nhân lực|quản lý nhóm|quản lý thời gian|ra quyết định|thuyết phục|tư duy phản biện|viết|đàm phán|đọc hiểu,"[0.291, 0.287, 0.2, 0.396, 1.0, 0.793]",Quản lý|giao tiếp|giao tiếp nói|giám sát|khả năng thích ứng|làm việc nhóm|lãnh đạo|lập kế hoạch chiến lược|lắng nghe tích cực|nhạy bén xã hội|phối hợp|quản lý dự án|quản lý nguồn nhân lực|quản lý nhóm|quản lý thời gian|ra quyết định|thuyết phục|tư duy phản biện|viết|đàm phán|đọc hiểu
11-3071.00,"Người quản lý vận tải, lưu trữ và phân phối","Kế hoạch, trực tiếp hoặc phối hợp các hoạt động vận chuyển, lưu trữ hoặc phân phối phù hợp với chính sách tổ chức và luật pháp hoặc quy định của chính phủ áp dụng.",Quản lý|giao tiếp|giao tiếp nói|giám sát|học chủ động|khả năng thích ứng|làm việc nhóm|lãnh đạo|lập kế hoạch chiến lược|lắng nghe tích cực|phối hợp|quản lý dự án|quản lý nhóm|quản lý thời gian|ra quyết định|thuyết phục|tư duy phản biện|viết|đàm phán|đọc hiểu,"[0.514, 0.377, 0.143, 0.341, 0.857, 0.82]",Quản lý|giao tiếp|giao tiếp nói|giám sát|học chủ động|khả năng thích ứng|làm việc nhóm|lãnh đạo|lập kế hoạch chiến lược|lắng nghe tích cực|phối hợp|quản lý dự án|quản lý nhóm|quản lý thời gian|ra quyết định|thuyết phục|tư duy phản biện|viết|đàm phán|đọc hiểu
11-3071.04,Các nhà quản lý chuỗi cung ứng,"Quản xuất trực tiếp hoặc phối hợp các dịch vụ hoặc hoạt động dự báo sản xuất, mua hàng, lưu trữ, phân phối hoặc dự báo tài chính để hạn chế chi phí và cải thiện độ chính xác, dịch vụ khách hàng hoặc an toàn. Xem xét các thủ tục hoặc cơ hội hiện có để hợp lý hóa các hoạt động để đáp ứng nhu cầu phân phối sản phẩm. Quản lý vận chuyển, lưu trữ hoặc xử lý hàng tồn kho.",Quản lý|giao tiếp|giao tiếp nói|giám sát|giải quyết vấn đề phức tạp|khả năng thích ứng|làm việc nhóm|lãnh đạo|lập kế hoạch chiến lược|lắng nghe tích cực|nhạy bén xã hội|phán đoán & ra quyết định|phối hợp|quản lý dự án|quản lý nhóm|quản lý thời gian|ra quyết định|tư duy phản biện|viết|đọc hiểu,"[0.489, 0.364, 0.143, 0.293, 0.901, 0.771]",Quản lý|giao tiếp|giao tiếp nói|giám sát|giải quyết vấn đề phức tạp|khả năng thích ứng|làm việc nhóm|lãnh đạo|lập kế hoạch chiến lược|lắng nghe tích cực|nhạy bén xã hội|phán đoán & ra quyết định|phối hợp|quản lý dự án|quản lý nhóm|quản lý thời gian|ra quyết định|tư duy phản biện|viết|đọc hiểu
11-3111.00,Người quản lý bồi thường và lợi ích,"Kế hoạch, trực tiếp hoặc phối hợp các hoạt động bồi thường và lợi ích của một tổ chức.",Quản lý|giao tiếp|giao tiếp nói|học chủ động|khả năng thích ứng|làm việc nhóm|lãnh đạo|lập kế hoạch chiến lược|lắng nghe tích cực|nhạy bén xã hội|phán đoán & ra quyết định|phân tích hệ thống|quản lý dự án|quản lý nguồn lực tài chính|quản lý nguồn nhân lực|quản lý nhóm|quản lý thời gian|ra quyết định|tư duy phản biện|viết|đánh giá hệ thống|đọc hiểu,"[0.143, 0.349, 0.213, 0.527, 1.0, 0.794]",Quản lý|giao tiếp|giao tiếp nói|học chủ động|khả năng thích ứng|làm việc nhóm|lãnh đạo|lập kế hoạch chiến lược|lắng nghe tích cực|nhạy bén xã hội|phán đoán & ra quyết định|phân tích hệ thống|quản lý dự án|quản lý nguồn lực tài chính|quản lý nguồn nhân lực|quản lý nhóm|quản lý thời gian|ra quyết định|tư duy phản biện|viết|đánh giá hệ thống|đọc hiểu
11-3121.00,Người quản lý nguồn nhân lực,"Kế hoạch, chỉ đạo hoặc phối hợp các hoạt động nguồn nhân lực và nhân viên của một tổ chức.",Quản lý|giao tiếp|giao tiếp nói|giám sát|học chủ động|khả năng thích ứng|làm việc nhóm|lãnh đạo|lập kế hoạch chiến lược|lắng nghe tích cực|nhạy bén xã hội|phán đoán & ra quyết định|phối hợp|quản lý dự án|quản lý nguồn nhân lực|quản lý nhóm|quản lý thời gian|ra quyết định|tư duy phản biện|viết|đọc hiểu,"[0.156, 0.383, 0.244, 0.554, 1.0, 0.741]",Quản lý|giao tiếp|giao tiếp nói|giám sát|học chủ động|khả năng thích ứng|làm việc nhóm|lãnh đạo|lập kế hoạch chiến lược|lắng nghe tích cực|nhạy bén xã hội|phán đoán & ra quyết định|phối hợp|quản lý dự án|quản lý nguồn nhân lực|quản lý nhóm|quản lý thời gian|ra quyết định|tư duy phản biện|viết|đọc hiểu
11-3131.00,Người quản lý đào tạo và phát triển,"Kế hoạch, chỉ đạo hoặc phối hợp các hoạt động đào tạo và phát triển và nhân viên của một tổ chức.",Quản lý|chiến lược học tập|giao tiếp|giao tiếp nói|giám sát|giải quyết vấn đề phức tạp|hướng dẫn|học chủ động|khả năng thích ứng|làm việc nhóm|lãnh đạo|lập kế hoạch chiến lược|lắng nghe tích cực|nhạy bén xã hội|phối hợp|quản lý dự án|quản lý nguồn nhân lực|quản lý nhóm|quản lý thời gian|ra quyết định|tư duy phản biện|viết|đọc hiểu,"[0.279, 0.466, 0.374, 0.791, 0.907, 0.561]",Quản lý|chiến lược học tập|giao tiếp|giao tiếp nói|giám sát|giải quyết vấn đề phức tạp|hướng dẫn|học chủ động|khả năng thích ứng|làm việc nhóm|lãnh đạo|lập kế hoạch chiến lược|lắng nghe tích cực|nhạy bén xã hội|phối hợp|quản lý dự án|quản lý nguồn nhân lực|quản lý nhóm|quản lý thời gian|ra quyết định|tư duy phản biện|viết|đọc hiểu
11-9013.00,"Các nông dân, nông dân và các nhà quản lý nông nghiệp khác","Kế hoạch, chỉ đạo hoặc phối hợp quản lý hoặc hoạt động của các trang trại, trang trại chăn nuôi, nhà kính, hoạt động nuôi trồng thủy sản, vườn ươm, khu rừng gỗ hoặc các cơ sở nông nghiệp khác. Có thể thuê, đào tạo và giám sát công nhân nông nghiệp hoặc hợp đồng dịch vụ để thực hiện các hoạt động hàng ngày của hoạt động được quản lý. Có thể tham gia hoặc giám sát các hoạt động gieo trồng, trồng trọt, thu hoạch và hoạt động tài chính và tiếp thị.",Quản lý|giao tiếp|giao tiếp nói|giám sát|giải quyết vấn đề phức tạp|học chủ động|khả năng thích ứng|làm việc nhóm|lãnh đạo|lập kế hoạch chiến lược|lắng nghe tích cực|nhạy bén xã hội|phán đoán & ra quyết định|phối hợp|quản lý dự án|quản lý nguồn nhân lực|quản lý nhóm|quản lý thời gian|ra quyết định|thuyết phục|tư duy phản biện|viết|đàm phán|đọc hiểu,"[0.737, 0.396, 0.149, 0.376, 0.791, 0.644]",Quản lý|giao tiếp|giao tiếp nói|giám sát|giải quyết vấn đề phức tạp|học chủ động|khả năng thích ứng|làm việc nhóm|lãnh đạo|lập kế hoạch chiến lược|lắng nghe tích cực|nhạy bén xã hội|phán đoán & ra quyết định|phối hợp|quản lý dự án|quản lý nguồn nhân lực|quản lý nhóm|quản lý thời gian|ra quyết định|thuyết phục|tư duy phản biện|viết|đàm phán|đọc hiểu
11-9021.00,Người quản lý xây dựng,"Kế hoạch, trực tiếp hoặc phối hợp, thường thông qua nhân viên giám sát phụ thuộc, các hoạt động liên quan đến việc xây dựng và bảo trì các cấu trúc, cơ sở và hệ thống. Tham gia vào việc phát triển khái niệm của một dự án xây dựng và giám sát tổ chức, lập kế hoạch, lập ngân sách và thực hiện của nó. Bao gồm các nhà quản lý trong các lĩnh vực xây dựng chuyên nghiệp, chẳng hạn như thợ gỗ hoặc ống nước.",Quản lý|giao tiếp|giao tiếp nói|giám sát|giải quyết vấn đề phức tạp|học chủ động|khả năng thích ứng|làm việc nhóm|lãnh đạo|lập kế hoạch chiến lược|lắng nghe tích cực|phán đoán & ra quyết định|phối hợp|quản lý dự án|quản lý nguồn lực tài chính|quản lý nguồn nhân lực|quản lý nhóm|quản lý thời gian|ra quyết định|tư duy phản biện|đọc hiểu,"[0.67, 0.44, 0.247, 0.334, 0.82, 0.687]",Quản lý|giao tiếp|giao tiếp nói|giám sát|giải quyết vấn đề phức tạp|học chủ động|khả năng thích ứng|làm việc nhóm|lãnh đạo|lập kế hoạch chiến lược|lắng nghe tích cực|phán đoán & ra quyết định|phối hợp|quản lý dự án|quản lý nguồn lực tài chính|quản lý nguồn nhân lực|quản lý nhóm|quản lý thời gian|ra quyết định|tư duy phản biện|đọc hiểu
11-9031.00,"Quản trị viên giáo dục và chăm sóc trẻ em, mẫu giáo và nhà chăm sóc ban ngày","Kế hoạch, chỉ đạo hoặc phối hợp các hoạt động học tập hoặc phi học tập của các trường mẫu giáo hoặc trung tâm chăm sóc trẻ em và các chương trình, bao gồm chăm sóc trước và sau trường.",Quản lý|chiến lược học tập|chú ý đến chi tiết|chăm sóc bệnh nhân|giao tiếp|giao tiếp nói|giao tiếp với bệnh nhân|giám sát|hướng dẫn|học chủ động|khả năng giải thích|khả năng thích ứng|kiên nhẫn|kỹ năng thuyết trình|làm việc dưới áp lực|làm việc nhóm|lắng nghe tích cực|nhạy bén xã hội|phối hợp|quản lý lớp học|quản lý nguồn nhân lực|quản lý thời gian|tư duy phản biện|viết|định hướng dịch vụ|đọc hiểu|đồng cảm,"[0.154, 0.433, 0.411, 0.943, 0.68, 0.611]",Quản lý|chiến lược học tập|chú ý đến chi tiết|chăm sóc bệnh nhân|giao tiếp|giao tiếp nói|giao tiếp với bệnh nhân|giám sát|hướng dẫn|học chủ động|khả năng giải thích|khả năng thích ứng|kiên nhẫn|kỹ năng thuyết trình|làm việc dưới áp lực|làm việc nhóm|lắng nghe tích cực|nhạy bén xã hội|phối hợp|quản lý lớp học|quản lý nguồn nhân lực|quản lý thời gian|tư duy phản biện|viết|định hướng dịch vụ|đọc hiểu|đồng cảm
11-9032.00,"Người quản lý giáo dục, trường mẫu giáo đến trung học","Kế hoạch, chỉ đạo hoặc phối hợp các hoạt động học tập, hành chính hoặc phụ trợ của trường mẫu giáo, tiểu học hoặc trung học.",Quản lý|chiến lược học tập|giao tiếp|giao tiếp nói|giám sát|giải quyết vấn đề phức tạp|khả năng giải thích|khả năng thích ứng|kiên nhẫn|kỹ năng thuyết trình|làm việc nhóm|lãnh đạo|lập kế hoạch chiến lược|lắng nghe tích cực|nhạy bén xã hội|phán đoán & ra quyết định|phối hợp|quản lý dự án|quản lý lớp học|quản lý nguồn nhân lực|quản lý nhóm|quản lý thời gian|ra quyết định|tư duy phản biện|viết|đánh giá hệ thống|đọc hiểu,"[0.169, 0.474, 0.421, 0.839, 0.739, 0.64]",Quản lý|chiến lược học tập|giao tiếp|giao tiếp nói|giám sát|giải quyết vấn đề phức tạp|khả năng giải thích|khả năng thích ứng|kiên nhẫn|kỹ năng thuyết trình|làm việc nhóm|lãnh đạo|lập kế hoạch chiến lược|lắng nghe tích cực|nhạy bén xã hội|phán đoán & ra quyết định|phối hợp|quản lý dự án|quản lý lớp học|quản lý nguồn nhân lực|quản lý nhóm|quản lý thời gian|ra quyết định|tư duy phản biện|viết|đánh giá hệ thống|đọc hiểu
11-9033.00,"Quản trị viên giáo dục, sau trường trung học","Kế hoạch, trực tiếp hoặc phối hợp giảng dạy, quản lý và dịch vụ của sinh viên, cũng như các hoạt động nghiên cứu và giáo dục khác, tại các tổ chức sau trung học, bao gồm các trường đại học, cao đẳng và các trường trung học và cộng đồng.",Quản lý|chiến lược học tập|giao tiếp|giao tiếp nói|giám sát|giải quyết vấn đề phức tạp|hướng dẫn|học chủ động|khả năng giải thích|khả năng thích ứng|kiên nhẫn|kỹ năng thuyết trình|làm việc nhóm|lắng nghe tích cực|nhạy bén xã hội|phán đoán & ra quyết định|phối hợp|quản lý lớp học|quản lý thời gian|tư duy phản biện|viết|đọc hiểu,"[0.143, 0.571, 0.416, 0.829, 0.741, 0.667]",Quản lý|chiến lược học tập|giao tiếp|giao tiếp nói|giám sát|giải quyết vấn đề phức tạp|hướng dẫn|học chủ động|khả năng giải thích|khả năng thích ứng|kiên nhẫn|kỹ năng thuyết trình|làm việc nhóm|lắng nghe tích cực|nhạy bén xã hội|phán đoán & ra quyết định|phối hợp|quản lý lớp học|quản lý thời gian|tư duy phản biện|viết|đọc hiểu
11-9039.00,"Education Administrators, Khác",Thực hiện các nhiệm vụ đa dạng không được bao gồm trong các danh mục nghề nghiệp cụ thể khác trong lĩnh vực này.,Khác|Tổng quát|giao tiếp|khác|khả năng thích ứng|làm việc nhóm|quản lý thời gian|tư duy phản biện|tổng quát|đa dạng,"[0.4, 0.433, 0.259, 0.455, 0.881, 0.746]",Khác|Tổng quát|giao tiếp|khác|khả năng thích ứng|làm việc nhóm|quản lý thời gian|tư duy phản biện|tổng quát|đa dạng
11-9041.00,Các nhà quản lý kiến trúc và kỹ thuật,"Lập kế hoạch, chỉ đạo hoặc phối hợp các hoạt động trong các lĩnh vực như kiến trúc và kỹ thuật hoặc nghiên cứu và phát triển trong những lĩnh vực này.",Quản lý|chú ý đến chi tiết|giao tiếp|giao tiếp nói|giám sát|giải quyết vấn đề kỹ thuật|giải quyết vấn đề phức tạp|học chủ động|khả năng thích ứng|kỹ năng máy tính|làm việc nhóm|lãnh đạo|lập kế hoạch chiến lược|lắng nghe tích cực|phán đoán & ra quyết định|phân tích dữ liệu|phối hợp|quản lý dự án|quản lý nhóm|quản lý thời gian|ra quyết định|toán học|tư duy logic|tư duy phản biện|viết|đọc hiểu,"[0.453, 0.637, 0.38, 0.406, 0.911, 0.654]",Quản lý|chú ý đến chi tiết|giao tiếp|giao tiếp nói|giám sát|giải quyết vấn đề kỹ thuật|giải quyết vấn đề phức tạp|học chủ động|khả năng thích ứng|kỹ năng máy tính|làm việc nhóm|lãnh đạo|lập kế hoạch chiến lược|lắng nghe tích cực|phán đoán & ra quyết định|phân tích dữ liệu|phối hợp|quản lý dự án|quản lý nhóm|quản lý thời gian|ra quyết định|toán học|tư duy logic|tư duy phản biện|viết|đọc hiểu
11-9041.01,Trình quản lý phát triển và kỹ thuật đa năng,"Xác định, lập kế hoạch hoặc thực hiện các chương trình nghiên cứu nhiên liệu sinh học/biodiesel đánh giá các nguyên liệu và công nghệ chế biến thay thế có tiềm năng thương mại trong ngắn hạn.",Quản lý|chú ý đến chi tiết|giao tiếp|giao tiếp nói|giám sát|giải quyết vấn đề kỹ thuật|giải quyết vấn đề phức tạp|học chủ động|khả năng thích ứng|kỹ năng máy tính|làm việc nhóm|lãnh đạo|lập kế hoạch chiến lược|lắng nghe tích cực|phán đoán & ra quyết định|phân tích dữ liệu|phân tích hệ thống|quản lý dự án|quản lý nhóm|quản lý thời gian|ra quyết định|tư duy logic|tư duy phản biện|viết|đánh giá hệ thống|đọc hiểu,"[0.594, 0.834, 0.301, 0.3, 0.671, 0.501]",Quản lý|chú ý đến chi tiết|giao tiếp|giao tiếp nói|giám sát|giải quyết vấn đề kỹ thuật|giải quyết vấn đề phức tạp|học chủ động|khả năng thích ứng|kỹ năng máy tính|làm việc nhóm|lãnh đạo|lập kế hoạch chiến lược|lắng nghe tích cực|phán đoán & ra quyết định|phân tích dữ liệu|phân tích hệ thống|quản lý dự án|quản lý nhóm|quản lý thời gian|ra quyết định|tư duy logic|tư duy phản biện|viết|đánh giá hệ thống|đọc hiểu
11-9051.00,Người quản lý dịch vụ thực phẩm,"Kế hoạch, chỉ đạo hoặc phối hợp các hoạt động của một tổ chức hoặc bộ phận phục vụ thức ăn và đồ uống.",Quản lý|giao tiếp|giao tiếp nói|giám sát|học chủ động|khả năng thích ứng|làm việc nhóm|lãnh đạo|lập kế hoạch chiến lược|lắng nghe tích cực|nhạy bén xã hội|phối hợp|quản lý dự án|quản lý nguồn nhân lực|quản lý nhóm|quản lý thời gian|ra quyết định|tư duy phản biện|định hướng dịch vụ|đọc hiểu,"[0.566, 0.266, 0.227, 0.501, 0.85, 0.756]",Quản lý|giao tiếp|giao tiếp nói|giám sát|học chủ động|khả năng thích ứng|làm việc nhóm|lãnh đạo|lập kế hoạch chiến lược|lắng nghe tích cực|nhạy bén xã hội|phối hợp|quản lý dự án|quản lý nguồn nhân lực|quản lý nhóm|quản lý thời gian|ra quyết định|tư duy phản biện|định hướng dịch vụ|đọc hiểu
11-9071.00,Người quản lý cờ bạc,"Kế hoạch, chỉ đạo hoặc phối hợp các hoạt động cờ bạc trong một sòng bạc.",Quản lý|giao tiếp|giao tiếp nói|giám sát|giải quyết vấn đề phức tạp|khả năng thích ứng|làm việc nhóm|lãnh đạo|lập kế hoạch chiến lược|lắng nghe tích cực|nhạy bén xã hội|phán đoán & ra quyết định|phối hợp|quản lý dự án|quản lý nguồn nhân lực|quản lý nhóm|quản lý thời gian|ra quyết định|tư duy phản biện|viết|định hướng dịch vụ|đọc hiểu,"[0.42, 0.189, 0.143, 0.376, 0.959, 0.777]",Quản lý|giao tiếp|giao tiếp nói|giám sát|giải quyết vấn đề phức tạp|khả năng thích ứng|làm việc nhóm|lãnh đạo|lập kế hoạch chiến lược|lắng nghe tích cực|nhạy bén xã hội|phán đoán & ra quyết định|phối hợp|quản lý dự án|quản lý nguồn nhân lực|quản lý nhóm|quản lý thời gian|ra quyết định|tư duy phản biện|viết|định hướng dịch vụ|đọc hiểu
11-9072.00,"Người quản lý giải trí và giải trí, ngoại trừ cờ bạc","Kế hoạch, chỉ đạo hoặc phối hợp các hoạt động giải trí và giải trí của một cơ sở giải trí, bao gồm cả tàu du lịch và công viên.",Quản lý|chiến lược học tập|giao tiếp|giao tiếp nói|học chủ động|khả năng thích ứng|làm việc nhóm|lãnh đạo|lập kế hoạch chiến lược|lắng nghe tích cực|nhạy bén xã hội|phối hợp|quản lý dự án|quản lý nhóm|quản lý thời gian|ra quyết định|thuyết phục|tư duy phản biện|viết|định hướng dịch vụ|đọc hiểu,"[0.587, 0.291, 0.269, 0.507, 0.837, 0.683]",Quản lý|chiến lược học tập|giao tiếp|giao tiếp nói|học chủ động|khả năng thích ứng|làm việc nhóm|lãnh đạo|lập kế hoạch chiến lược|lắng nghe tích cực|nhạy bén xã hội|phối hợp|quản lý dự án|quản lý nhóm|quản lý thời gian|ra quyết định|thuyết phục|tư duy phản biện|viết|định hướng dịch vụ|đọc hiểu
11-9081.00,Người quản lý chỗ ở,"Kế hoạch, chỉ đạo hoặc phối hợp các hoạt động của một tổ chức hoặc bộ phận cung cấp chỗ ở và chỗ ở khác.",Quản lý|giao tiếp|giao tiếp nói|học chủ động|khả năng thích ứng|làm việc nhóm|lãnh đạo|lập kế hoạch chiến lược|lắng nghe tích cực|nhạy bén xã hội|phối hợp|quản lý dự án|quản lý nguồn nhân lực|quản lý nhóm|quản lý thời gian|ra quyết định|thuyết phục|tư duy phản biện|viết|đàm phán|định hướng dịch vụ|đọc hiểu,"[0.35, 0.167, 0.207, 0.603, 0.899, 0.759]",Quản lý|giao tiếp|giao tiếp nói|học chủ động|khả năng thích ứng|làm việc nhóm|lãnh đạo|lập kế hoạch chiến lược|lắng nghe tích cực|nhạy bén xã hội|phối hợp|quản lý dự án|quản lý nguồn nhân lực|quản lý nhóm|quản lý thời gian|ra quyết định|thuyết phục|tư duy phản biện|viết|đàm phán|định hướng dịch vụ|đọc hiểu
11-9111.00,Người quản lý dịch vụ y tế và y tế,"Kế hoạch, chỉ đạo hoặc phối hợp các dịch vụ y tế và y tế trong bệnh viện, phòng khám, tổ chức chăm sóc quản lý, cơ quan y tế công cộng hoặc các tổ chức tương tự.",Quản lý|chú ý đến chi tiết|chăm sóc bệnh nhân|giao tiếp|giao tiếp nói|giao tiếp với bệnh nhân|giám sát|giải quyết vấn đề phức tạp|khả năng thích ứng|làm việc dưới áp lực|làm việc nhóm|lãnh đạo|lập kế hoạch chiến lược|lắng nghe tích cực|nhạy bén xã hội|phán đoán & ra quyết định|phối hợp|quản lý dự án|quản lý nguồn nhân lực|quản lý nhóm|quản lý thời gian|ra quyết định|thuyết phục|tư duy phản biện|viết|đọc hiểu|đồng cảm,"[0.307, 0.55, 0.189, 0.606, 0.807, 0.804]",Quản lý|chú ý đến chi tiết|chăm sóc bệnh nhân|giao tiếp|giao tiếp nói|giao tiếp với bệnh nhân|giám sát|giải quyết vấn đề phức tạp|khả năng thích ứng|làm việc dưới áp lực|làm việc nhóm|lãnh đạo|lập kế hoạch chiến lược|lắng nghe tích cực|nhạy bén xã hội|phán đoán & ra quyết định|phối hợp|quản lý dự án|quản lý nguồn nhân lực|quản lý nhóm|quản lý thời gian|ra quyết định|thuyết phục|tư duy phản biện|viết|đọc hiểu|đồng cảm
11-9121.00,Các nhà quản lý khoa học tự nhiên,"Lập kế hoạch, chỉ đạo hoặc phối hợp các hoạt động trong các lĩnh vực như khoa học sinh học, khoa học vật lý, toán học, thống kê và nghiên cứu và phát triển trong những lĩnh vực này.",Quản lý|giao tiếp|giao tiếp nói|giám sát|giải quyết vấn đề phức tạp|học chủ động|khoa học|khả năng thích ứng|làm việc nhóm|lãnh đạo|lập kế hoạch chiến lược|lắng nghe tích cực|phán đoán & ra quyết định|phối hợp|quản lý dự án|quản lý nguồn nhân lực|quản lý nhóm|quản lý thời gian|ra quyết định|toán học|tư duy phản biện|viết|đọc hiểu,"[0.434, 0.819, 0.359, 0.424, 0.804, 0.599]",Quản lý|giao tiếp|giao tiếp nói|giám sát|giải quyết vấn đề phức tạp|học chủ động|khoa học|khả năng thích ứng|làm việc nhóm|lãnh đạo|lập kế hoạch chiến lược|lắng nghe tích cực|phán đoán & ra quyết định|phối hợp|quản lý dự án|quản lý nguồn nhân lực|quản lý nhóm|quản lý thời gian|ra quyết định|toán học|tư duy phản biện|viết|đọc hiểu
11-9121.01,Các nhà điều phối nghiên cứu lâm sàng,"Kế hoạch, chỉ đạo hoặc phối hợp các dự án nghiên cứu lâm sàng. Quản lý các hoạt động của các nhân viên tham gia vào các dự án nghiên cứu lâm sàng để đảm bảo tuân thủ các giao thức và các mục tiêu lâm sàng tổng thể. Có thể đánh giá và phân tích dữ liệu lâm sàng.",Quản lý|giao tiếp|giao tiếp nói|giám sát|giải quyết vấn đề phức tạp|học chủ động|khả năng thích ứng|làm việc nhóm|lắng nghe tích cực|nhạy bén xã hội|phối hợp|quản lý thời gian|tư duy phản biện|viết|định hướng dịch vụ|đọc hiểu,"[0.283, 0.82, 0.219, 0.51, 0.61, 0.72]",Quản lý|giao tiếp|giao tiếp nói|giám sát|giải quyết vấn đề phức tạp|học chủ động|khả năng thích ứng|làm việc nhóm|lắng nghe tích cực|nhạy bén xã hội|phối hợp|quản lý thời gian|tư duy phản biện|viết|định hướng dịch vụ|đọc hiểu
11-9121.02,Các chuyên gia tài nguyên nước,"Thiết kế hoặc thực hiện các chương trình và chiến lược liên quan đến các vấn đề tài nguyên nước như vấn đề cung cấp, chất lượng và tuân thủ quy định.",Quản lý|giao tiếp|giao tiếp nói|giám sát|giải quyết vấn đề phức tạp|học chủ động|khả năng thích ứng|làm việc nhóm|lắng nghe tích cực|phán đoán & ra quyết định|phân tích hệ thống|quản lý thời gian|toán học|tư duy phản biện|viết|đánh giá hệ thống|đọc hiểu,"[0.636, 0.829, 0.254, 0.369, 0.504, 0.596]",Quản lý|giao tiếp|giao tiếp nói|giám sát|giải quyết vấn đề phức tạp|học chủ động|khả năng thích ứng|làm việc nhóm|lắng nghe tích cực|phán đoán & ra quyết định|phân tích hệ thống|quản lý thời gian|toán học|tư duy phản biện|viết|đánh giá hệ thống|đọc hiểu
11-9131.00,Các chủ bưu chính và giám đốc bưu điện,"Kế hoạch, trực tiếp, hoặc phối hợp các dịch vụ hoạt động, hành chính, quản lý và hỗ trợ của một văn phòng bưu điện Hoa Kỳ; hoặc điều phối các hoạt động của công nhân tham gia vào việc bưu chính và các công việc liên quan trong văn phòng thư được chỉ định.",Quản lý|giao tiếp|giao tiếp nói|giám sát|khả năng thích ứng|làm việc nhóm|lãnh đạo|lập kế hoạch chiến lược|lắng nghe tích cực|nhạy bén xã hội|phối hợp|quản lý dự án|quản lý nguồn nhân lực|quản lý nhóm|quản lý thời gian|ra quyết định|thuyết phục|tư duy phản biện|viết|đàm phán|đọc hiểu,"[0.297, 0.166, 0.153, 0.481, 0.857, 0.849]",Quản lý|giao tiếp|giao tiếp nói|giám sát|khả năng thích ứng|làm việc nhóm|lãnh đạo|lập kế hoạch chiến lược|lắng nghe tích cực|nhạy bén xã hội|phối hợp|quản lý dự án|quản lý nguồn nhân lực|quản lý nhóm|quản lý thời gian|ra quyết định|thuyết phục|tư duy phản biện|viết|đàm phán|đọc hiểu
11-9141.00,"Các nhà quản lý tài sản, bất động sản và cộng đồng","Kế hoạch, chỉ đạo hoặc phối hợp các hoạt động bán, mua, cho thuê hoặc quản lý bất động sản thương mại, công nghiệp hoặc dân cư. Bao gồm các nhà quản lý của các hiệp hội chủ nhà và chung cư, các đơn vị nhà ở thuê hoặc thuê, tòa nhà hoặc đất (bao gồm quyền di chuyển).",Quản lý|giao tiếp|giao tiếp nói|khả năng thích ứng|làm việc nhóm|lãnh đạo|lập kế hoạch chiến lược|lắng nghe tích cực|nhạy bén xã hội|phán đoán & ra quyết định|phối hợp|quản lý dự án|quản lý nhóm|quản lý thời gian|ra quyết định|thuyết phục|tư duy phản biện|viết|đàm phán|đọc hiểu,"[0.449, 0.317, 0.25, 0.499, 0.967, 0.766]",Quản lý|giao tiếp|giao tiếp nói|khả năng thích ứng|làm việc nhóm|lãnh đạo|lập kế hoạch chiến lược|lắng nghe tích cực|nhạy bén xã hội|phán đoán & ra quyết định|phối hợp|quản lý dự án|quản lý nhóm|quản lý thời gian|ra quyết định|thuyết phục|tư duy phản biện|viết|đàm phán|đọc hiểu
11-9151.00,Người quản lý dịch vụ xã hội và cộng đồng,"Kế hoạch, chỉ đạo hoặc phối hợp các hoạt động của một chương trình dịch vụ xã hội hoặc tổ chức tiếp cận cộng đồng. Giám sát ngân sách và chính sách của chương trình hoặc tổ chức liên quan đến sự tham gia của người tham gia, yêu cầu chương trình và lợi ích. Công việc có thể liên quan đến việc hướng dẫn các nhân viên xã hội, cố vấn, hoặc nhân viên kiểm tra.",Quản lý|giao tiếp|giao tiếp nói|giám sát|giải quyết vấn đề phức tạp|học chủ động|khả năng thích ứng|làm việc nhóm|lãnh đạo|lập kế hoạch chiến lược|lắng nghe tích cực|nhạy bén xã hội|phán đoán & ra quyết định|phối hợp|quản lý dự án|quản lý nguồn nhân lực|quản lý nhóm|quản lý thời gian|ra quyết định|tư duy phản biện|viết|định hướng dịch vụ|đọc hiểu,"[0.143, 0.307, 0.334, 0.764, 1.0, 0.65]",Quản lý|giao tiếp|giao tiếp nói|giám sát|giải quyết vấn đề phức tạp|học chủ động|khả năng thích ứng|làm việc nhóm|lãnh đạo|lập kế hoạch chiến lược|lắng nghe tích cực|nhạy bén xã hội|phán đoán & ra quyết định|phối hợp|quản lý dự án|quản lý nguồn nhân lực|quản lý nhóm|quản lý thời gian|ra quyết định|tư duy phản biện|viết|định hướng dịch vụ|đọc hiểu
11-9161.00,Giám đốc quản lý khẩn cấp,"Kế hoạch và các hoạt động ứng phó thiên tai trực tiếp hoặc quản lý khủng hoảng, cung cấp đào tạo chuẩn bị thiên tai, và chuẩn bị các kế hoạch và thủ tục khẩn cấp cho các thảm họa tự nhiên (ví dụ: bão, lũ lụt, động đất), thời chiến hoặc công nghệ, ví dụ: thảm họa nhà máy điện hạt nhân hoặc rò rỉ vật liệu nguy hiểm) hoặc tình huống con tin.",Quản lý|giao tiếp|giao tiếp nói|giám sát|giải quyết vấn đề phức tạp|hướng dẫn|học chủ động|khả năng thích ứng|làm việc nhóm|lãnh đạo|lập kế hoạch chiến lược|lắng nghe tích cực|nhạy bén xã hội|phán đoán & ra quyết định|phân tích hệ thống|phối hợp|quản lý dự án|quản lý nhóm|quản lý thời gian|ra quyết định|tư duy phản biện|viết|đánh giá hệ thống|định hướng dịch vụ|đọc hiểu,"[0.514, 0.651, 0.254, 0.571, 0.713, 0.666]",Quản lý|giao tiếp|giao tiếp nói|giám sát|giải quyết vấn đề phức tạp|hướng dẫn|học chủ động|khả năng thích ứng|làm việc nhóm|lãnh đạo|lập kế hoạch chiến lược|lắng nghe tích cực|nhạy bén xã hội|phán đoán & ra quyết định|phân tích hệ thống|phối hợp|quản lý dự án|quản lý nhóm|quản lý thời gian|ra quyết định|tư duy phản biện|viết|đánh giá hệ thống|định hướng dịch vụ|đọc hiểu
11-9171.00,Người quản lý nhà tang lễ,"Kế hoạch, chỉ đạo hoặc phối hợp các dịch vụ hoặc tài nguyên của nhà tang lễ. Bao gồm các hoạt động như xác định giá cho dịch vụ hay hàng hóa và quản lý các cơ sở vật chất của nhà Tang lễ.",Quản lý|giao tiếp|giao tiếp nói|khả năng thích ứng|làm việc nhóm|lãnh đạo|lập kế hoạch chiến lược|lắng nghe tích cực|nhạy bén xã hội|phán đoán & ra quyết định|phối hợp|quản lý dự án|quản lý nguồn nhân lực|quản lý nhóm|quản lý thời gian|ra quyết định|thuyết phục|tư duy phản biện|viết|định hướng dịch vụ|đọc hiểu,"[0.427, 0.291, 0.266, 0.626, 0.93, 0.68]",Quản lý|giao tiếp|giao tiếp nói|khả năng thích ứng|làm việc nhóm|lãnh đạo|lập kế hoạch chiến lược|lắng nghe tích cực|nhạy bén xã hội|phán đoán & ra quyết định|phối hợp|quản lý dự án|quản lý nguồn nhân lực|quản lý nhóm|quản lý thời gian|ra quyết định|thuyết phục|tư duy phản biện|viết|định hướng dịch vụ|đọc hiểu
11-9179.01,Các nhà điều phối sức khỏe và sức khỏe,"Quản lý hoặc phối hợp các chương trình và dịch vụ về sức khỏe và sức khỏe. Quản trị và đào tạo nhân viên của các chuyên gia sức khỏe, giáo viên sức khỏe hoặc giảng viên thể dục.",Quản lý|chiến lược học tập|giao tiếp|giao tiếp nói|giám sát|hướng dẫn|học chủ động|khả năng thích ứng|làm việc nhóm|lắng nghe tích cực|nhạy bén xã hội|phối hợp|quản lý thời gian|thuyết phục|tư duy phản biện|viết|định hướng dịch vụ|đọc hiểu,"[0.426, 0.399, 0.303, 0.803, 0.771, 0.523]",Quản lý|chiến lược học tập|giao tiếp|giao tiếp nói|giám sát|hướng dẫn|học chủ động|khả năng thích ứng|làm việc nhóm|lắng nghe tích cực|nhạy bén xã hội|phối hợp|quản lý thời gian|thuyết phục|tư duy phản biện|viết|định hướng dịch vụ|đọc hiểu
11-9179.02,Các nhà quản lý spa,"Kế hoạch, chỉ đạo hoặc phối hợp các hoạt động của một cơ sở spa.",Quản lý|giao tiếp|giao tiếp nói|giám sát|học chủ động|khả năng thích ứng|làm việc nhóm|lãnh đạo|lập kế hoạch chiến lược|lắng nghe tích cực|nhạy bén xã hội|phán đoán & ra quyết định|phối hợp|quản lý dự án|quản lý nguồn nhân lực|quản lý nhóm|quản lý thời gian|ra quyết định|thuyết phục|tư duy phản biện|định hướng dịch vụ|đọc hiểu,"[0.359, 0.166, 0.219, 0.561, 1.0, 0.81]",Quản lý|giao tiếp|giao tiếp nói|giám sát|học chủ động|khả năng thích ứng|làm việc nhóm|lãnh đạo|lập kế hoạch chiến lược|lắng nghe tích cực|nhạy bén xã hội|phán đoán & ra quyết định|phối hợp|quản lý dự án|quản lý nguồn nhân lực|quản lý nhóm|quản lý thời gian|ra quyết định|thuyết phục|tư duy phản biện|định hướng dịch vụ|đọc hiểu
11-9199.00,"Quản lý, Khác",Thực hiện các nhiệm vụ đa dạng không được bao gồm trong các danh mục nghề nghiệp cụ thể khác trong lĩnh vực này.,Khác|Tổng quát|giao tiếp|khác|khả năng thích ứng|làm việc nhóm|lãnh đạo|lập kế hoạch chiến lược|quản lý dự án|quản lý nhóm|quản lý thời gian|ra quyết định|tư duy phản biện|tổng quát|đa dạng,"[0.405, 0.458, 0.236, 0.484, 0.882, 0.729]",Khác|Tổng quát|giao tiếp|khác|khả năng thích ứng|làm việc nhóm|lãnh đạo|lập kế hoạch chiến lược|quản lý dự án|quản lý nhóm|quản lý thời gian|ra quyết định|tư duy phản biện|tổng quát|đa dạng
11-9199.01,Người quản lý các vấn đề quy định,"Kế hoạch, chỉ đạo hoặc phối hợp các hoạt động sản xuất của một tổ chức để đảm bảo tuân thủ các quy định và thủ tục hoạt động tiêu chuẩn.",Quản lý|giao tiếp|giao tiếp nói|giám sát|giải quyết vấn đề phức tạp|học chủ động|khả năng thích ứng|làm việc nhóm|lãnh đạo|lập kế hoạch chiến lược|lắng nghe tích cực|phán đoán & ra quyết định|phân tích hệ thống|quản lý dự án|quản lý nhóm|quản lý thời gian|ra quyết định|tư duy phản biện|viết|đánh giá hệ thống|đọc hiểu,"[0.25, 0.406, 0.179, 0.377, 0.916, 0.864]",Quản lý|giao tiếp|giao tiếp nói|giám sát|giải quyết vấn đề phức tạp|học chủ động|khả năng thích ứng|làm việc nhóm|lãnh đạo|lập kế hoạch chiến lược|lắng nghe tích cực|phán đoán & ra quyết định|phân tích hệ thống|quản lý dự án|quản lý nhóm|quản lý thời gian|ra quyết định|tư duy phản biện|viết|đánh giá hệ thống|đọc hiểu
11-9199.02,Người quản lý tuân thủ,"Kế hoạch, chỉ đạo hoặc phối hợp các hoạt động của một tổ chức để đảm bảo tuân thủ các tiêu chuẩn đạo đức hoặc quy định.",Quản lý|giao tiếp|giao tiếp nói|giám sát|hướng dẫn|học chủ động|khả năng thích ứng|làm việc nhóm|lãnh đạo|lập kế hoạch chiến lược|lắng nghe tích cực|nhạy bén xã hội|phán đoán & ra quyết định|phối hợp|quản lý dự án|quản lý nhóm|quản lý thời gian|ra quyết định|thuyết phục|tư duy phản biện|viết|đọc hiểu,"[0.274, 0.426, 0.143, 0.443, 0.847, 0.9]",Quản lý|giao tiếp|giao tiếp nói|giám sát|hướng dẫn|học chủ động|khả năng thích ứng|làm việc nhóm|lãnh đạo|lập kế hoạch chiến lược|lắng nghe tích cực|nhạy bén xã hội|phán đoán & ra quyết định|phối hợp|quản lý dự án|quản lý nhóm|quản lý thời gian|ra quyết định|thuyết phục|tư duy phản biện|viết|đọc hiểu
11-9199.08,Các nhà quản lý phòng ngừa tổn thất,"Kế hoạch và trực tiếp các chính sách, thủ tục hoặc hệ thống để ngăn chặn sự mất mát tài sản.",Quản lý|giao tiếp|giao tiếp nói|giám sát|giải quyết vấn đề phức tạp|hướng dẫn|khả năng thích ứng|làm việc nhóm|lãnh đạo|lập kế hoạch chiến lược|lắng nghe tích cực|phán đoán & ra quyết định|phân tích hệ thống|quản lý dự án|quản lý nguồn nhân lực|quản lý nhóm|quản lý thời gian|ra quyết định|thuyết phục|tư duy phản biện|viết|đọc hiểu,"[0.541, 0.53, 0.143, 0.386, 0.804, 0.806]",Quản lý|giao tiếp|giao tiếp nói|giám sát|giải quyết vấn đề phức tạp|hướng dẫn|khả năng thích ứng|làm việc nhóm|lãnh đạo|lập kế hoạch chiến lược|lắng nghe tích cực|phán đoán & ra quyết định|phân tích hệ thống|quản lý dự án|quản lý nguồn nhân lực|quản lý nhóm|quản lý thời gian|ra quyết định|thuyết phục|tư duy phản biện|viết|đọc hiểu
11-9199.09,Người quản lý hoạt động năng lượng gió,"Quản lý các hoạt động trên lĩnh vực gió, bao gồm nhân viên, hoạt động bảo trì, hoạt tính tài chính và lập kế hoạch.",Quản lý|giao tiếp|giao tiếp nói|giám sát|giải quyết vấn đề phức tạp|khả năng thích ứng|làm việc nhóm|lãnh đạo|lập kế hoạch chiến lược|lắng nghe tích cực|nhạy bén xã hội|phối hợp|quản lý dự án|quản lý nguồn nhân lực|quản lý nhóm|quản lý thời gian|ra quyết định|thuyết phục|tư duy phản biện|viết|đàm phán|đọc hiểu,"[0.594, 0.434, 0.143, 0.334, 0.924, 0.749]",Quản lý|giao tiếp|giao tiếp nói|giám sát|giải quyết vấn đề phức tạp|khả năng thích ứng|làm việc nhóm|lãnh đạo|lập kế hoạch chiến lược|lắng nghe tích cực|nhạy bén xã hội|phối hợp|quản lý dự án|quản lý nguồn nhân lực|quản lý nhóm|quản lý thời gian|ra quyết định|thuyết phục|tư duy phản biện|viết|đàm phán|đọc hiểu
11-9199.10,Người quản lý phát triển năng lượng gió,"Lãnh đạo hoặc quản lý việc phát triển và đánh giá các cơ hội kinh doanh năng lượng gió tiềm năng, bao gồm nghiên cứu môi trường, cấp phép và đề xuất.",Quản lý|giao tiếp|giao tiếp nói|giám sát|học chủ động|khả năng thích ứng|làm việc nhóm|lãnh đạo|lập kế hoạch chiến lược|lắng nghe tích cực|nhạy bén xã hội|phán đoán & ra quyết định|phối hợp|quản lý dự án|quản lý nhóm|quản lý thời gian|ra quyết định|thuyết phục|toán học|tư duy phản biện|viết|đàm phán|đọc hiểu,"[0.491, 0.551, 0.237, 0.34, 0.959, 0.689]",Quản lý|giao tiếp|giao tiếp nói|giám sát|học chủ động|khả năng thích ứng|làm việc nhóm|lãnh đạo|lập kế hoạch chiến lược|lắng nghe tích cực|nhạy bén xã hội|phán đoán & ra quyết định|phối hợp|quản lý dự án|quản lý nhóm|quản lý thời gian|ra quyết định|thuyết phục|toán học|tư duy phản biện|viết|đàm phán|đọc hiểu
11-9199.11,Các chuyên gia tái phát triển và quản lý trang web Brownfield,Kế hoạch và làm sạch trực tiếp và phát triển lại các tài sản bị ô nhiễm để tái sử dụng.,Quản lý|giao tiếp|giao tiếp nói|giám sát|giải quyết vấn đề phức tạp|học chủ động|khả năng thích ứng|làm việc nhóm|lãnh đạo|lập kế hoạch chiến lược|lắng nghe tích cực|phán đoán & ra quyết định|phối hợp|quản lý dự án|quản lý nhóm|quản lý thời gian|ra quyết định|toán học|tư duy phản biện|viết|đọc hiểu,"[0.641, 0.616, 0.209, 0.29, 0.649, 0.67]",Quản lý|giao tiếp|giao tiếp nói|giám sát|giải quyết vấn đề phức tạp|học chủ động|khả năng thích ứng|làm việc nhóm|lãnh đạo|lập kế hoạch chiến lược|lắng nghe tích cực|phán đoán & ra quyết định|phối hợp|quản lý dự án|quản lý nhóm|quản lý thời gian|ra quyết định|toán học|tư duy phản biện|viết|đọc hiểu
13-1011.00,"Các đại lý và quản lý kinh doanh của các nghệ sĩ, nghệ sĩ và vận động viên","đại diện và thúc đẩy các nghệ sĩ, nghệ sĩ và vận động viên trong việc đối phó với các nhà tuyển dụng hiện tại hoặc tương lai. Có thể xử lý đàm phán hợp đồng và các vấn đề kinh doanh khác cho khách hàng.",Kinh doanh/Tài chính|giao tiếp|giao tiếp nói|học chủ động|khả năng thích ứng|làm việc nhóm|lãnh đạo|lập kế hoạch chiến lược|lắng nghe tích cực|nhạy bén xã hội|phán đoán & ra quyết định|phối hợp|quản lý dự án|quản lý nhóm|quản lý thời gian|ra quyết định|thuyết phục|tư duy phản biện|viết|đàm phán|đọc hiểu,"[0.143, 0.236, 0.503, 0.573, 0.907, 0.557]",Kinh doanh/Tài chính|giao tiếp|giao tiếp nói|học chủ động|khả năng thích ứng|làm việc nhóm|lãnh đạo|lập kế hoạch chiến lược|lắng nghe tích cực|nhạy bén xã hội|phán đoán & ra quyết định|phối hợp|quản lý dự án|quản lý nhóm|quản lý thời gian|ra quyết định|thuyết phục|tư duy phản biện|viết|đàm phán|đọc hiểu
13-1021.00,"Người mua và đại lý mua, sản phẩm nông nghiệp","Mua sản phẩm nông nghiệp cho việc chế biến hoặc bán lại. Bao gồm các nhà thầu nông nghiệp cây, môi giới ngũ cốc và các nhà khai thác thị trường, người mua ngũc và người mua thuốc lá.",Kinh doanh/Tài chính|giao tiếp|giao tiếp nói|giám sát|giải quyết vấn đề phức tạp|học chủ động|khả năng thích ứng|làm việc nhóm|lắng nghe tích cực|phán đoán & ra quyết định|quản lý thời gian|thuyết phục|tư duy phản biện|viết|đàm phán|đọc hiểu,"[0.669, 0.257, 0.147, 0.243, 0.694, 0.694]",Kinh doanh/Tài chính|giao tiếp|giao tiếp nói|giám sát|giải quyết vấn đề phức tạp|học chủ động|khả năng thích ứng|làm việc nhóm|lắng nghe tích cực|phán đoán & ra quyết định|quản lý thời gian|thuyết phục|tư duy phản biện|viết|đàm phán|đọc hiểu
13-1022.00,"Người mua bán lẻ và bán lẻ, ngoại trừ các sản phẩm nông nghiệp","Mua hàng hóa hoặc hàng hóa, không phải là sản phẩm nông nghiệp, để bán lại cho người tiêu dùng ở mức bán buôn hoặc bán lẻ, bao gồm cả hàng hóa bền và không bền. Phân tích xu hướng mua hàng trước đây, hồ sơ bán hàng, giá cả và chất lượng của hàng hóa để xác định giá trị và lợi nhuận. Chọn, đặt hàng và ủy quyền thanh toán hàng hóa theo thỏa thuận hợp đồng. Có thể tổ chức các cuộc họp với nhân viên bán hàng và giới thiệu các sản phẩm mới. Có thể đàm phán hợp đồng. Bao gồm các trợ lý mua bán hàng bán lẻ và bán lẻ của các sản phẩm phi nông nghiệp.",Kinh doanh/Tài chính|giao tiếp|giao tiếp nói|giám sát|học chủ động|khả năng thích ứng|làm việc nhóm|lắng nghe tích cực|nhạy bén xã hội|phán đoán & ra quyết định|phối hợp|quản lý thời gian|thuyết phục|toán học|tư duy phản biện|viết|đàm phán|đọc hiểu,"[0.487, 0.271, 0.226, 0.347, 0.743, 0.736]",Kinh doanh/Tài chính|giao tiếp|giao tiếp nói|giám sát|học chủ động|khả năng thích ứng|làm việc nhóm|lắng nghe tích cực|nhạy bén xã hội|phán đoán & ra quyết định|phối hợp|quản lý thời gian|thuyết phục|toán học|tư duy phản biện|viết|đàm phán|đọc hiểu
13-1023.00,"Các đại lý mua hàng, ngoại trừ hàng bán buôn, bán lẻ và nông sản","Mua máy móc, thiết bị, công cụ, bộ phận, hàng hóa hoặc dịch vụ cần thiết cho hoạt động của một cơ sở Mua vật liệu thô hoặc bán kết thúc cho sản xuất. Có thể đàm phán hợp đồng.",Kinh doanh/Tài chính|giao tiếp|giao tiếp nói|giám sát|giải quyết vấn đề phức tạp|học chủ động|khả năng thích ứng|làm việc nhóm|lắng nghe tích cực|phán đoán & ra quyết định|quản lý thời gian|thuyết phục|tư duy phản biện|viết|đàm phán|đọc hiểu,"[0.484, 0.273, 0.16, 0.276, 0.713, 0.813]",Kinh doanh/Tài chính|giao tiếp|giao tiếp nói|giám sát|giải quyết vấn đề phức tạp|học chủ động|khả năng thích ứng|làm việc nhóm|lắng nghe tích cực|phán đoán & ra quyết định|quản lý thời gian|thuyết phục|tư duy phản biện|viết|đàm phán|đọc hiểu
13-1031.00,"Những người điều chỉnh, kiểm tra và điều tra yêu cầu",Xem xét các yêu cầu giải quyết để xác định rằng các khoản thanh toán và thanh toán được thực hiện theo các thực tiễn và thủ tục của công ty.,Kinh doanh/Tài chính|giao tiếp|giao tiếp nói|giám sát|giải quyết vấn đề phức tạp|học chủ động|khả năng thích ứng|làm việc nhóm|lắng nghe tích cực|nhạy bén xã hội|phán đoán & ra quyết định|quản lý thời gian|tư duy phản biện|viết|đọc hiểu,"[0.159, 0.486, 0.143, 0.376, 0.686, 0.891]",Kinh doanh/Tài chính|giao tiếp|giao tiếp nói|giám sát|giải quyết vấn đề phức tạp|học chủ động|khả năng thích ứng|làm việc nhóm|lắng nghe tích cực|nhạy bén xã hội|phán đoán & ra quyết định|quản lý thời gian|tư duy phản biện|viết|đọc hiểu
13-1032.00,"Các nhà đánh giá bảo hiểm, thiệt hại xe hơi",Đánh giá thiệt hại ô tô hoặc phương tiện khác để xác định chi phí sửa chữa để giải quyết yêu cầu bảo hiểm. Chuẩn bị các mẫu bảo hiểm để chỉ ra chi phí sửa chữa hoặc ước tính chi phí và khuyến nghị. Có thể tìm kiếm thỏa thuận với nhà máy sửa chữa ô tô về chi phí sửa chữa.,Kinh doanh/Tài chính|giao tiếp|giao tiếp nói|học chủ động|khả năng thích ứng|làm việc nhóm|lắng nghe tích cực|nhạy bén xã hội|phán đoán & ra quyết định|quản lý thời gian|tư duy phản biện|viết|định hướng dịch vụ|đọc hiểu,"[0.721, 0.433, 0.16, 0.243, 0.514, 0.78]",Kinh doanh/Tài chính|giao tiếp|giao tiếp nói|học chủ động|khả năng thích ứng|làm việc nhóm|lắng nghe tích cực|nhạy bén xã hội|phán đoán & ra quyết định|quản lý thời gian|tư duy phản biện|viết|định hướng dịch vụ|đọc hiểu
13-1041.00,Các nhân viên tuân thủ,"Kiểm tra, đánh giá và điều tra sự đủ điều kiện hoặc phù hợp với các luật và quy định quy định tuân thủ hợp đồng của giấy phép và giấy phép, và thực hiện các hoạt động kiểm tra và phân tích tuân thủ và thực thi khác không được phân loại ở nơi khác.",Kinh doanh/Tài chính|giao tiếp|giao tiếp nói|giám sát|giải quyết vấn đề phức tạp|học chủ động|khả năng thích ứng|làm việc nhóm|lắng nghe tích cực|nhạy bén xã hội|phán đoán & ra quyết định|quản lý thời gian|thuyết phục|tư duy phản biện|viết|đọc hiểu,"[0.369, 0.436, 0.143, 0.421, 0.58, 0.903]",Kinh doanh/Tài chính|giao tiếp|giao tiếp nói|giám sát|giải quyết vấn đề phức tạp|học chủ động|khả năng thích ứng|làm việc nhóm|lắng nghe tích cực|nhạy bén xã hội|phán đoán & ra quyết định|quản lý thời gian|thuyết phục|tư duy phản biện|viết|đọc hiểu
13-1041.01,Các thanh tra tuân thủ môi trường,"Kiểm tra và điều tra các nguồn ô nhiễm để bảo vệ công chúng và môi trường và đảm bảo tuân thủ các quy định và quy định liên bang, tiểu bang và địa phương.",Kinh doanh/Tài chính|giao tiếp|giao tiếp nói|giám sát|giám sát vận hành|giải quyết vấn đề phức tạp|học chủ động|khả năng thích ứng|làm việc nhóm|lắng nghe tích cực|nhạy bén xã hội|phán đoán & ra quyết định|quản lý thời gian|tư duy phản biện|viết|đánh giá hệ thống|đọc hiểu,"[0.653, 0.681, 0.15, 0.336, 0.459, 0.834]",Kinh doanh/Tài chính|giao tiếp|giao tiếp nói|giám sát|giám sát vận hành|giải quyết vấn đề phức tạp|học chủ động|khả năng thích ứng|làm việc nhóm|lắng nghe tích cực|nhạy bén xã hội|phán đoán & ra quyết định|quản lý thời gian|tư duy phản biện|viết|đánh giá hệ thống|đọc hiểu
13-1041.03,Các đại diện và quan chức có cơ hội bình đẳng,"Theo dõi và đánh giá việc tuân thủ các luật, hướng dẫn và chính sách về cơ hội bình đẳng để đảm bảo rằng các thực tiễn việc làm và các thỏa thuận hợp đồng cung cấp cơ hội bằng nhau bất kể chủng tộc, tôn giáo, màu sắc, nguồn gốc quốc gia, giới tính, tuổi tác hoặc khuyết tật.",Kinh doanh/Tài chính|giao tiếp|giao tiếp nói|giám sát|giải quyết vấn đề phức tạp|học chủ động|khả năng thích ứng|làm việc nhóm|lắng nghe tích cực|nhạy bén xã hội|phán đoán & ra quyết định|quản lý thời gian|thuyết phục|tư duy phản biện|viết|đàm phán|đọc hiểu,"[0.176, 0.43, 0.247, 0.606, 0.767, 0.744]",Kinh doanh/Tài chính|giao tiếp|giao tiếp nói|giám sát|giải quyết vấn đề phức tạp|học chủ động|khả năng thích ứng|làm việc nhóm|lắng nghe tích cực|nhạy bén xã hội|phán đoán & ra quyết định|quản lý thời gian|thuyết phục|tư duy phản biện|viết|đàm phán|đọc hiểu
13-1041.04,Các thanh tra và điều tra tài sản của chính phủ,Điều tra hoặc kiểm tra tài sản của chính phủ để đảm bảo tuân thủ các thỏa thuận hợp đồng và các quy định của chính quyền.,Kinh doanh/Tài chính|giao tiếp|giao tiếp nói|giám sát|giải quyết vấn đề phức tạp|học chủ động|khả năng thích ứng|làm việc nhóm|lắng nghe tích cực|nhạy bén xã hội|phán đoán & ra quyết định|phối hợp|quản lý thời gian|thuyết phục|tư duy phản biện|viết|đọc hiểu,"[0.441, 0.474, 0.143, 0.344, 0.6, 0.894]",Kinh doanh/Tài chính|giao tiếp|giao tiếp nói|giám sát|giải quyết vấn đề phức tạp|học chủ động|khả năng thích ứng|làm việc nhóm|lắng nghe tích cực|nhạy bén xã hội|phán đoán & ra quyết định|phối hợp|quản lý thời gian|thuyết phục|tư duy phản biện|viết|đọc hiểu
13-1041.06,Các nhân viên điều tra,"Các hoạt động trực tiếp như khám nghiệm tử thi, phân tích bệnh lý và độc tính, và các cuộc điều tra liên quan đến việc điều tra về các trường hợp tử vong xảy ra trong phạm vi thẩm quyền pháp lý để xác định nguyên nhân tử vong hoặc xác định trách nhiệm về những cái chết ngẫu nhiên, bạo lực hoặc không giải thích.",Kinh doanh/Tài chính|giao tiếp|giao tiếp nói|giám sát|học chủ động|khoa học|khả năng thích ứng|làm việc nhóm|lắng nghe tích cực|nhạy bén xã hội|phán đoán & ra quyết định|phối hợp|quản lý thời gian|tư duy phản biện|viết|đọc hiểu,"[0.583, 0.694, 0.217, 0.447, 0.56, 0.687]",Kinh doanh/Tài chính|giao tiếp|giao tiếp nói|giám sát|học chủ động|khoa học|khả năng thích ứng|làm việc nhóm|lắng nghe tích cực|nhạy bén xã hội|phán đoán & ra quyết định|phối hợp|quản lý thời gian|tư duy phản biện|viết|đọc hiểu
13-1041.07,Các chuyên gia về vấn đề quy định,"Điều phối và ghi lại các quy trình quản lý nội bộ, chẳng hạn như kiểm toán nội bộ , kiểm tra, gia hạn giấy phép hoặc đăng ký. Có thể biên soạn và chuẩn bị tài liệu để nộp cho các cơ quan quản lý.",Kinh doanh/Tài chính|giao tiếp|giao tiếp nói|giám sát|giải quyết vấn đề phức tạp|học chủ động|khả năng thích ứng|làm việc nhóm|lắng nghe tích cực|phán đoán & ra quyết định|phân tích hệ thống|phối hợp|quản lý thời gian|thuyết phục|tư duy phản biện|viết|đánh giá hệ thống|đọc hiểu,"[0.211, 0.476, 0.143, 0.351, 0.637, 0.903]",Kinh doanh/Tài chính|giao tiếp|giao tiếp nói|giám sát|giải quyết vấn đề phức tạp|học chủ động|khả năng thích ứng|làm việc nhóm|lắng nghe tích cực|phán đoán & ra quyết định|phân tích hệ thống|phối hợp|quản lý thời gian|thuyết phục|tư duy phản biện|viết|đánh giá hệ thống|đọc hiểu
13-1041.08,Các nhà môi giới hải quan,Chuẩn bị tài liệu hải quan và đảm bảo rằng các lô hàng đáp ứng tất cả luật pháp áp dụng để tạo điều kiện cho nhập khẩu và xuất khẩu hàng hóa. Xác định và theo dõi thuế và thuế phải trả và xử lý các khoản thanh toán thay mặt khách hàng. Đăng ký tài liệu dưới quyền ủy quyền. Đại diện cho khách hàng trong các cuộc họp với các quan chức hải quan và yêu cầu hoàn trả thuế và phân loại lại thuế quan. Điều phối vận chuyển và lưu trữ hàng hóa nhập khẩu.,Kinh doanh/Tài chính|chiến lược học tập|giao tiếp|giao tiếp nói|giám sát|giải quyết vấn đề phức tạp|học chủ động|khả năng thích ứng|làm việc nhóm|lắng nghe tích cực|phán đoán & ra quyết định|phối hợp|quản lý thời gian|tư duy phản biện|viết|định hướng dịch vụ|đọc hiểu,"[0.347, 0.219, 0.143, 0.314, 0.724, 0.876]",Kinh doanh/Tài chính|chiến lược học tập|giao tiếp|giao tiếp nói|giám sát|giải quyết vấn đề phức tạp|học chủ động|khả năng thích ứng|làm việc nhóm|lắng nghe tích cực|phán đoán & ra quyết định|phối hợp|quản lý thời gian|tư duy phản biện|viết|định hướng dịch vụ|đọc hiểu
13-1051.00,Các ước tính chi phí,"Chuẩn bị ước tính chi phí cho sản xuất sản phẩm, dự án xây dựng hoặc dịch vụ để hỗ trợ quản lý trong việc đấu thầu hoặc xác định giá của sản phẩm hoặc Dịch vụ. Có thể chuyên theo dịch vụ cụ thể được thực hiện hoặc loại sản phẩm được sản xuất.",Kinh doanh/Tài chính|giao tiếp|giao tiếp nói|giải quyết vấn đề phức tạp|học chủ động|khả năng thích ứng|làm việc nhóm|lắng nghe tích cực|phán đoán & ra quyết định|phân tích hệ thống|quản lý nguồn lực tài chính|quản lý thời gian|thuyết phục|toán học|tư duy phản biện|viết|đọc hiểu,"[0.443, 0.464, 0.15, 0.237, 0.673, 0.92]",Kinh doanh/Tài chính|giao tiếp|giao tiếp nói|giải quyết vấn đề phức tạp|học chủ động|khả năng thích ứng|làm việc nhóm|lắng nghe tích cực|phán đoán & ra quyết định|phân tích hệ thống|quản lý nguồn lực tài chính|quản lý thời gian|thuyết phục|toán học|tư duy phản biện|viết|đọc hiểu
13-1071.00,Các chuyên gia nguồn nhân lực,"tuyển dụng, kiểm tra, phỏng vấn hoặc đặt cá nhân trong một tổ chức. Có thể thực hiện các hoạt động khác trong nhiều lĩnh vực nguồn nhân lực.",Kinh doanh/Tài chính|chiến lược học tập|giao tiếp|giao tiếp nói|giám sát|học chủ động|khả năng thích ứng|làm việc nhóm|lắng nghe tích cực|nhạy bén xã hội|phán đoán & ra quyết định|phối hợp|quản lý thời gian|tư duy phản biện|viết|định hướng dịch vụ|đọc hiểu,"[0.153, 0.356, 0.206, 0.54, 0.821, 0.786]",Kinh doanh/Tài chính|chiến lược học tập|giao tiếp|giao tiếp nói|giám sát|học chủ động|khả năng thích ứng|làm việc nhóm|lắng nghe tích cực|nhạy bén xã hội|phán đoán & ra quyết định|phối hợp|quản lý thời gian|tư duy phản biện|viết|định hướng dịch vụ|đọc hiểu
13-1074.00,Các nhà thầu lao động nông nghiệp,"Đặt và thuê lao động nông nghiệp theo mùa hoặc tạm thời. Có thể vận chuyển, nhà ở và cung cấp bữa ăn cho lao động.",Kinh doanh/Tài chính|giao tiếp|giao tiếp nói|khả năng thích ứng|làm việc nhóm|lắng nghe tích cực|nhạy bén xã hội|phán đoán & ra quyết định|phối hợp|quản lý nguồn nhân lực|quản lý thời gian|tư duy phản biện|đàm phán,"[0.693, 0.22, 0.143, 0.463, 0.713, 0.627]",Kinh doanh/Tài chính|giao tiếp|giao tiếp nói|khả năng thích ứng|làm việc nhóm|lắng nghe tích cực|nhạy bén xã hội|phán đoán & ra quyết định|phối hợp|quản lý nguồn nhân lực|quản lý thời gian|tư duy phản biện|đàm phán
13-1075.00,Các chuyên gia quan hệ lao động,"Giải quyết tranh chấp giữa người lao động và người quản lý, đàm phán các thỏa thuận thương lượng tập thể hoặc phối hợp các thủ tục khiếu nại để xử lý các khiếunại của nhân viên.",Kinh doanh/Tài chính|giao tiếp|giao tiếp nói|giám sát|giải quyết vấn đề phức tạp|học chủ động|khả năng thích ứng|làm việc nhóm|lắng nghe tích cực|nhạy bén xã hội|phán đoán & ra quyết định|quản lý thời gian|thuyết phục|tư duy phản biện|viết|đàm phán|đọc hiểu,"[0.18, 0.429, 0.236, 0.547, 0.811, 0.666]",Kinh doanh/Tài chính|giao tiếp|giao tiếp nói|giám sát|giải quyết vấn đề phức tạp|học chủ động|khả năng thích ứng|làm việc nhóm|lắng nghe tích cực|nhạy bén xã hội|phán đoán & ra quyết định|quản lý thời gian|thuyết phục|tư duy phản biện|viết|đàm phán|đọc hiểu
13-1081.00,Các chuyên gia hậu cần,"Phân tích và phối hợp các chức năng hậu cần đang diễn ra của một công ty hoặc tổ chức. chịu trách nhiệm cho toàn bộ vòng đời của sản phẩm, bao gồm việc mua lại, phân phối, phân bổ nội bộ, giao hàng và xử lý cuối cùng các nguồn lực.",Kinh doanh/Tài chính|giao tiếp|giao tiếp nói|giám sát|giải quyết vấn đề phức tạp|khả năng thích ứng|làm việc nhóm|lắng nghe tích cực|phán đoán & ra quyết định|phân tích hệ thống|phân tích vận hành|phối hợp|quản lý thời gian|tư duy phản biện|viết|đánh giá hệ thống|đọc hiểu,"[0.341, 0.547, 0.15, 0.336, 0.729, 0.797]",Kinh doanh/Tài chính|giao tiếp|giao tiếp nói|giám sát|giải quyết vấn đề phức tạp|khả năng thích ứng|làm việc nhóm|lắng nghe tích cực|phán đoán & ra quyết định|phân tích hệ thống|phân tích vận hành|phối hợp|quản lý thời gian|tư duy phản biện|viết|đánh giá hệ thống|đọc hiểu
13-1081.01,Kỹ sư hậu cần,"Thiết kế hoặc phân tích các giải pháp hoạt động cho các dự án như tối ưu hóa giao thông, mô hình hóa mạng, phân tích quy trình và phương pháp, kiểm soát chi phí, tăng cường năng lực, tối ưu hoá định tuyến và vận chuyển hoặc quản lý thông tin.",Kinh doanh/Tài chính|giao tiếp|giao tiếp nói|giải quyết vấn đề phức tạp|học chủ động|khả năng thích ứng|làm việc nhóm|lắng nghe tích cực|phán đoán & ra quyết định|phân tích hệ thống|phân tích vận hành|quản lý thời gian|toán học|tư duy phản biện|viết|đánh giá hệ thống|đọc hiểu,"[0.571, 0.78, 0.151, 0.173, 0.513, 0.819]",Kinh doanh/Tài chính|giao tiếp|giao tiếp nói|giải quyết vấn đề phức tạp|học chủ động|khả năng thích ứng|làm việc nhóm|lắng nghe tích cực|phán đoán & ra quyết định|phân tích hệ thống|phân tích vận hành|quản lý thời gian|toán học|tư duy phản biện|viết|đánh giá hệ thống|đọc hiểu
13-1081.02,Các nhà phân tích hậu cần,"Phân tích các quy trình giao hàng sản phẩm hoặc chuỗi cung ứng để xác định hoặc đề nghị thay đổi. Có thể quản lý hoạt động tuyến đường bao gồm hóa đơn, hóa đơn điện tử và theo dõi hàng hóa.",Kinh doanh/Tài chính|giao tiếp|giao tiếp nói|giám sát|giải quyết vấn đề phức tạp|học chủ động|khả năng thích ứng|làm việc nhóm|lắng nghe tích cực|phán đoán & ra quyết định|phân tích hệ thống|quản lý thời gian|toán học|tư duy phản biện|viết|đánh giá hệ thống|đọc hiểu,"[0.46, 0.569, 0.143, 0.221, 0.63, 0.977]",Kinh doanh/Tài chính|giao tiếp|giao tiếp nói|giám sát|giải quyết vấn đề phức tạp|học chủ động|khả năng thích ứng|làm việc nhóm|lắng nghe tích cực|phán đoán & ra quyết định|phân tích hệ thống|quản lý thời gian|toán học|tư duy phản biện|viết|đánh giá hệ thống|đọc hiểu
13-1082.00,Các chuyên gia quản lý dự án,"Phân tích và phối hợp lịch trình, thời gian, mua sắm, nhân viên và ngân sách của một sản phẩm hoặc dịch vụ trên cơ sở mỗi dự án. Lãnh đạo và hướng dẫn công việc của nhân viên kỹ thuật. Có thể phục vụ như một điểm liên lạc cho khách hàng hoặc khách hàng.",giao tiếp|khả năng thích ứng|làm việc nhóm|lãnh đạo|lập kế hoạch chiến lược|quản lý dự án|quản lý nhóm|quản lý thời gian|ra quyết định|tư duy phản biện,"[0.209, 0.394, 0.226, 0.479, 0.909, 0.794]",giao tiếp|khả năng thích ứng|làm việc nhóm|lãnh đạo|lập kế hoạch chiến lược|quản lý dự án|quản lý nhóm|quản lý thời gian|ra quyết định|tư duy phản biện
13-1111.00,Các nhà phân tích quản lý,"Thực hiện các nghiên cứu tổ chức và đánh giá, thiết kế hệ thống và thủ tục, thực hiện việc đơn giản hóa công việc và nghiên cứu đo lường, và chuẩn bị các hướng dẫn hoạt động và quy trình để hỗ trợ quản lý hoạt động hiệu quả và hiệu quả hơn. Bao gồm các nhà phân tích chương trình và cố vấn quản lý.",Kinh doanh/Tài chính|giao tiếp|giao tiếp nói|giám sát|giải quyết vấn đề phức tạp|học chủ động|khả năng thích ứng|làm việc nhóm|lãnh đạo|lập kế hoạch chiến lược|lắng nghe tích cực|nhạy bén xã hội|phán đoán & ra quyết định|phối hợp|quản lý dự án|quản lý nhóm|quản lý thời gian|ra quyết định|tư duy phản biện|viết|đọc hiểu,"[0.226, 0.78, 0.226, 0.396, 0.68, 0.876]",Kinh doanh/Tài chính|giao tiếp|giao tiếp nói|giám sát|giải quyết vấn đề phức tạp|học chủ động|khả năng thích ứng|làm việc nhóm|lãnh đạo|lập kế hoạch chiến lược|lắng nghe tích cực|nhạy bén xã hội|phán đoán & ra quyết định|phối hợp|quản lý dự án|quản lý nhóm|quản lý thời gian|ra quyết định|tư duy phản biện|viết|đọc hiểu
13-1121.00,"Những người lập kế hoạch hội nghị, hội nghị và sự kiện","Điều phối các hoạt động của nhân viên, nhân viên hội nghị hoặc khách hàng để sắp xếp các cuộc họp nhóm, các sự kiện hoặc hội nghị.",Kinh doanh/Tài chính|giao tiếp|giao tiếp nói|giám sát|giải quyết vấn đề phức tạp|khả năng thích ứng|làm việc nhóm|lắng nghe tích cực|nhạy bén xã hội|phối hợp|quản lý thời gian|tư duy phản biện|viết|đàm phán|định hướng dịch vụ|đọc hiểu,"[0.143, 0.204, 0.349, 0.646, 1.0, 0.753]",Kinh doanh/Tài chính|giao tiếp|giao tiếp nói|giám sát|giải quyết vấn đề phức tạp|khả năng thích ứng|làm việc nhóm|lắng nghe tích cực|nhạy bén xã hội|phối hợp|quản lý thời gian|tư duy phản biện|viết|đàm phán|định hướng dịch vụ|đọc hiểu
13-1131.00,Việc huy động quỹ,"Thiết lập các hoạt động để huy động quỹ hoặc yêu cầu và thu thập tiền quyên góp hoặc các món quà khác cho một tổ chức. Có thể thiết kế và sản xuất các tài liệu quảng cáo. Cũng có thể nâng cao nhận thức về công việc, mục tiêu và nhu cầu tài chính của tổ chức.",Kinh doanh/Tài chính|giao tiếp|giao tiếp nói|khả năng thích ứng|làm việc nhóm|lắng nghe tích cực|nhạy bén xã hội|phán đoán & ra quyết định|phối hợp|quản lý thời gian|thuyết phục|tư duy phản biện|viết|đàm phán|đọc hiểu,"[0.143, 0.284, 0.466, 0.597, 0.854, 0.59]",Kinh doanh/Tài chính|giao tiếp|giao tiếp nói|khả năng thích ứng|làm việc nhóm|lắng nghe tích cực|nhạy bén xã hội|phán đoán & ra quyết định|phối hợp|quản lý thời gian|thuyết phục|tư duy phản biện|viết|đàm phán|đọc hiểu
13-1141.00,"Các chuyên gia về bồi thường, lợi ích và phân tích công việc","Thực hiện các chương trình bồi thường và lợi ích và phân tích công việc cho nhà tuyển dụng. Có thể chuyên về các lĩnh vực cụ thể, chẳng hạn như phân loại vị trí và chương trình hưu trí.",Kinh doanh/Tài chính|chiến lược học tập|giao tiếp|giao tiếp nói|giám sát|giải quyết vấn đề phức tạp|học chủ động|khả năng thích ứng|làm việc nhóm|lắng nghe tích cực|nhạy bén xã hội|phán đoán & ra quyết định|phân tích hệ thống|quản lý thời gian|thuyết phục|tư duy phản biện|viết|đánh giá hệ thống|đọc hiểu,"[0.204, 0.5, 0.183, 0.467, 0.73, 0.851]",Kinh doanh/Tài chính|chiến lược học tập|giao tiếp|giao tiếp nói|giám sát|giải quyết vấn đề phức tạp|học chủ động|khả năng thích ứng|làm việc nhóm|lắng nghe tích cực|nhạy bén xã hội|phán đoán & ra quyết định|phân tích hệ thống|quản lý thời gian|thuyết phục|tư duy phản biện|viết|đánh giá hệ thống|đọc hiểu
13-1151.00,Các chuyên gia đào tạo và phát triển,Thiết kế hoặc tiến hành các chương trình đào tạo và phát triển liên quan đến công việc để cải thiện kỹ năng cá nhân hoặc hiệu suất tổ chức. Có thể phân tích nhu cầu đào tạo tổ chức hoặc đánh giá hiệu quả đào tạo.,Kinh doanh/Tài chính|chiến lược học tập|giao tiếp|giao tiếp nói|giám sát|hướng dẫn|học chủ động|khả năng thích ứng|làm việc nhóm|lắng nghe tích cực|nhạy bén xã hội|phán đoán & ra quyết định|quản lý thời gian|tư duy phản biện|viết|đọc hiểu,"[0.281, 0.56, 0.441, 0.809, 0.537, 0.561]",Kinh doanh/Tài chính|chiến lược học tập|giao tiếp|giao tiếp nói|giám sát|hướng dẫn|học chủ động|khả năng thích ứng|làm việc nhóm|lắng nghe tích cực|nhạy bén xã hội|phán đoán & ra quyết định|quản lý thời gian|tư duy phản biện|viết|đọc hiểu
13-1161.00,Các nhà phân tích nghiên cứu thị trường và chuyên gia tiếp thị,"Điều kiện nghiên cứu trên thị trường địa phương, khu vực, quốc gia hoặc trực tuyến. Thu thập thông tin để xác định khả năng bán hàng của một sản phẩm hoặc dịch vụ, hoặc lập kế hoạch cho một chiến dịch tiếp thị hoặc quảng cáo. Có thể thu thập thông tin về các đối thủ cạnh tranh, giá, bán hàng và phương pháp tiếp thị và phân phối. Có thể sử dụng chiến thuật tiếp thị tìm kiếm, phân tích số liệu web và phát triển các khuyến nghị để tăng xếp hạng công cụ tìm kiếm và khả năng hiển thị cho các thị trường mục tiêu.",Kinh doanh/Tài chính|giao tiếp|giao tiếp khách hàng|giao tiếp nói|giám sát|giải quyết vấn đề phức tạp|học chủ động|khả năng thích ứng|kỹ năng bán hàng|làm việc nhóm|lắng nghe tích cực|phán đoán & ra quyết định|phân tích hệ thống|quản lý thời gian|thuyết phục|toán học|tư duy phản biện|viết|xây dựng mối quan hệ|đàm phán|đánh giá hệ thống|đọc hiểu,"[0.153, 0.657, 0.366, 0.354, 0.789, 0.66]",Kinh doanh/Tài chính|giao tiếp|giao tiếp khách hàng|giao tiếp nói|giám sát|giải quyết vấn đề phức tạp|học chủ động|khả năng thích ứng|kỹ năng bán hàng|làm việc nhóm|lắng nghe tích cực|phán đoán & ra quyết định|phân tích hệ thống|quản lý thời gian|thuyết phục|toán học|tư duy phản biện|viết|xây dựng mối quan hệ|đàm phán|đánh giá hệ thống|đọc hiểu
13-1161.01,Tìm kiếm chiến lược tiếp thị,"Sử dụng chiến thuật tiếp thị tìm kiếm để tăng khả năng hiển thị và tương tác với nội dung, sản phẩm hoặc dịch vụ trong các thiết bị hoặc giao diện có khả năng Internet. Kiểm tra hành vi truy vấn tìm kiếm trên các công cụ tìm kiếm chung hoặc đặc biệt hoặc nội dung Internet khác. Phân tích nghiên cứu, dữ liệu hoặc công nghệ để hiểu ý định của người dùng và đo kết quả cho tối ưu hóa liên tục.",Kinh doanh/Tài chính|giao tiếp|giao tiếp khách hàng|giao tiếp nói|giám sát|giải quyết vấn đề phức tạp|học chủ động|khả năng thích ứng|kỹ năng bán hàng|làm việc nhóm|lắng nghe tích cực|phán đoán & ra quyết định|phân tích hệ thống|phối hợp|quản lý thời gian|thuyết phục|tư duy phản biện|viết|xây dựng mối quan hệ|đàm phán|đánh giá hệ thống|đọc hiểu,"[0.143, 0.544, 0.461, 0.386, 0.79, 0.67]",Kinh doanh/Tài chính|giao tiếp|giao tiếp khách hàng|giao tiếp nói|giám sát|giải quyết vấn đề phức tạp|học chủ động|khả năng thích ứng|kỹ năng bán hàng|làm việc nhóm|lắng nghe tích cực|phán đoán & ra quyết định|phân tích hệ thống|phối hợp|quản lý thời gian|thuyết phục|tư duy phản biện|viết|xây dựng mối quan hệ|đàm phán|đánh giá hệ thống|đọc hiểu
13-1199.00,"Business Operations Specialists, Khác",Thực hiện các nhiệm vụ đa dạng không được bao gồm trong các danh mục nghề nghiệp cụ thể khác trong lĩnh vực này.,Khác|Tổng quát|giao tiếp|khác|khả năng thích ứng|làm việc nhóm|quản lý thời gian|tư duy phản biện|tổng quát|đa dạng,"[0.316, 0.493, 0.227, 0.39, 0.706, 0.783]",Khác|Tổng quát|giao tiếp|khác|khả năng thích ứng|làm việc nhóm|quản lý thời gian|tư duy phản biện|tổng quát|đa dạng
13-1199.04,Kế hoạch liên tục kinh doanh,"Phát triển, duy trì hoặc thực hiện các chiến lược và giải pháp tiếp tục kinh doanh và phục hồi sau thảm họa, bao gồm đánh giá rủi ro, phân tích tác động kinh doanh, lựa chọn chiến lược, và tài liệu về quy trình tiếp tục hoạt động và phục vụ sau tai nạn. Lập kế hoạch, tiến hành và báo cáo các cuộc tập trận thảm họa giả mạo thường xuyên để kiểm tra sự phù hợp của các kế hoạch và chiến lược hiện có, cập nhật các thủ tục và kế hoạch thường xuyên. Làm việc như một người phối hợp cho các nỗ lực liên tục sau một sự cố gián đoạn.",Kinh doanh/Tài chính|giao tiếp|giao tiếp nói|giải quyết vấn đề phức tạp|học chủ động|khả năng thích ứng|làm việc nhóm|lắng nghe tích cực|phán đoán & ra quyết định|phân tích hệ thống|phối hợp|quản lý thời gian|tư duy phản biện|viết|đánh giá hệ thống|đọc hiểu,"[0.291, 0.63, 0.236, 0.437, 0.759, 0.729]",Kinh doanh/Tài chính|giao tiếp|giao tiếp nói|giải quyết vấn đề phức tạp|học chủ động|khả năng thích ứng|làm việc nhóm|lắng nghe tích cực|phán đoán & ra quyết định|phân tích hệ thống|phối hợp|quản lý thời gian|tư duy phản biện|viết|đánh giá hệ thống|đọc hiểu
13-1199.05,Các chuyên gia về bền vững,"Giải quyết các vấn đề về tính bền vững của tổ chức, chẳng hạn như quản lý dòng thải, thực tiễn xây dựng xanh và kế hoạch mua sắm xanh.",Kinh doanh/Tài chính|giao tiếp|giao tiếp nói|giám sát|giải quyết vấn đề phức tạp|học chủ động|khả năng thích ứng|làm việc nhóm|lắng nghe tích cực|phán đoán & ra quyết định|phối hợp|quản lý thời gian|tư duy phản biện|viết|đánh giá hệ thống|đọc hiểu,"[0.294, 0.743, 0.357, 0.421, 0.727, 0.63]",Kinh doanh/Tài chính|giao tiếp|giao tiếp nói|giám sát|giải quyết vấn đề phức tạp|học chủ động|khả năng thích ứng|làm việc nhóm|lắng nghe tích cực|phán đoán & ra quyết định|phối hợp|quản lý thời gian|tư duy phản biện|viết|đánh giá hệ thống|đọc hiểu
13-1199.06,Các thương nhân trực tuyến,"Thực hiện các hoạt động bán lẻ của các doanh nghiệp hoạt động độc quyền trực tuyến. Có thể thực hiện các nhiệm vụ như chuẩn bị các chiến lược kinh doanh, mua hàng hóa, quản lý hàng tồn kho, thực hiện hoạt động tiếp thị, hoàn thành và vận chuyển đơn đặt hàng trực tuyến và cân bằng hồ sơ tài chính.",Kinh doanh/Tài chính|giao tiếp|giao tiếp nói|giám sát|học chủ động|khả năng thích ứng|làm việc nhóm|lắng nghe tích cực|phán đoán & ra quyết định|quản lý nguồn lực tài chính|quản lý thời gian|thuyết phục|toán học|tư duy phản biện|viết|định hướng dịch vụ|đọc hiểu,"[0.334, 0.214, 0.226, 0.339, 0.837, 0.893]",Kinh doanh/Tài chính|giao tiếp|giao tiếp nói|giám sát|học chủ động|khả năng thích ứng|làm việc nhóm|lắng nghe tích cực|phán đoán & ra quyết định|quản lý nguồn lực tài chính|quản lý thời gian|thuyết phục|toán học|tư duy phản biện|viết|định hướng dịch vụ|đọc hiểu
13-1199.07,Các chuyên gia quản lý an ninh,"Thực hiện đánh giá an ninh cho các tổ chức, và thiết kế các hệ thống và quy trình an ninh. Có thể chuyên về các lĩnh vực như an ninh vật lý hoặc an toàn của nhân viên và cơ sở.",Kinh doanh/Tài chính|giao tiếp|giao tiếp nói|giám sát|giải quyết vấn đề phức tạp|học chủ động|khả năng thích ứng|làm việc nhóm|lãnh đạo|lập kế hoạch chiến lược|lắng nghe tích cực|phán đoán & ra quyết định|phối hợp|quản lý dự án|quản lý nhóm|quản lý thời gian|ra quyết định|thuyết phục|tư duy phản biện|viết|đọc hiểu,"[0.559, 0.731, 0.24, 0.283, 0.514, 0.806]",Kinh doanh/Tài chính|giao tiếp|giao tiếp nói|giám sát|giải quyết vấn đề phức tạp|học chủ động|khả năng thích ứng|làm việc nhóm|lãnh đạo|lập kế hoạch chiến lược|lắng nghe tích cực|phán đoán & ra quyết định|phối hợp|quản lý dự án|quản lý nhóm|quản lý thời gian|ra quyết định|thuyết phục|tư duy phản biện|viết|đọc hiểu
13-2011.00,Các kế toán và kiểm toán viên,"Kiểm tra, phân tích và giải thích hồ sơ kế toán để chuẩn bị báo cáo tài chính, tư vấn hoặc kiểm toán và đánh giá các báo cáo do người khác chuẩn bị. Thiết lập hoặc tư vấn về các hệ thống ghi lại chi phí hoặc các dữ liệu tài chính và ngân sách khác.",Kinh doanh/Tài chính|giao tiếp|giao tiếp nói|giám sát|giải quyết vấn đề phức tạp|học chủ động|khả năng thích ứng|làm việc nhóm|lắng nghe tích cực|nhạy bén xã hội|phán đoán & ra quyết định|quản lý thời gian|toán học|tư duy phản biện|viết|định hướng dịch vụ|đọc hiểu,"[0.163, 0.51, 0.156, 0.304, 0.551, 1.0]",Kinh doanh/Tài chính|giao tiếp|giao tiếp nói|giám sát|giải quyết vấn đề phức tạp|học chủ động|khả năng thích ứng|làm việc nhóm|lắng nghe tích cực|nhạy bén xã hội|phán đoán & ra quyết định|quản lý thời gian|toán học|tư duy phản biện|viết|định hướng dịch vụ|đọc hiểu
13-2022.00,Người đánh giá tài sản cá nhân và kinh doanh,"Đánh giá và ước tính giá trị hợp lý của tài sản cá nhân hoặc kinh doanh hữu hình, chẳng hạn như đồ trang sức, nghệ thuật, đồ cổ, đồ sưu tập và thiết bị.",Kinh doanh/Tài chính|giao tiếp|giao tiếp nói|giải quyết vấn đề phức tạp|học chủ động|khả năng thích ứng|làm việc nhóm|lắng nghe tích cực|nhạy bén xã hội|phán đoán & ra quyết định|phối hợp|quản lý thời gian|thuyết phục|toán học|tư duy phản biện|viết|định hướng dịch vụ|đọc hiểu,"[0.51, 0.373, 0.29, 0.243, 0.669, 0.86]",Kinh doanh/Tài chính|giao tiếp|giao tiếp nói|giải quyết vấn đề phức tạp|học chủ động|khả năng thích ứng|làm việc nhóm|lắng nghe tích cực|nhạy bén xã hội|phán đoán & ra quyết định|phối hợp|quản lý thời gian|thuyết phục|toán học|tư duy phản biện|viết|định hướng dịch vụ|đọc hiểu
13-2023.00,Các nhà đánh giá và đánh giá bất động sản,"Đánh giá bất động sản, độc quyền, và ước tính giá trị hợp lý của nó.",Kinh doanh/Tài chính|giao tiếp|giao tiếp nói|giải quyết vấn đề phức tạp|học chủ động|khả năng thích ứng|làm việc nhóm|lắng nghe tích cực|phán đoán & ra quyết định|quản lý thời gian|tư duy phản biện|viết|đọc hiểu,"[0.389, 0.397, 0.23, 0.38, 0.687, 0.844]",Kinh doanh/Tài chính|giao tiếp|giao tiếp nói|giải quyết vấn đề phức tạp|học chủ động|khả năng thích ứng|làm việc nhóm|lắng nghe tích cực|phán đoán & ra quyết định|quản lý thời gian|tư duy phản biện|viết|đọc hiểu
13-2031.00,Các nhà phân tích ngân sách,"Kiểm tra ước tính ngân sách để xem nó đầy đủ, chính xác và phù hợp với các thủ tục và quy định.",Kinh doanh/Tài chính|giao tiếp|giao tiếp nói|giải quyết vấn đề phức tạp|học chủ động|khả năng thích ứng|làm việc nhóm|lắng nghe tích cực|phán đoán & ra quyết định|phân tích hệ thống|quản lý nguồn lực tài chính|quản lý thời gian|toán học|tư duy phản biện|viết|đọc hiểu,"[0.143, 0.544, 0.219, 0.314, 0.68, 0.989]",Kinh doanh/Tài chính|giao tiếp|giao tiếp nói|giải quyết vấn đề phức tạp|học chủ động|khả năng thích ứng|làm việc nhóm|lắng nghe tích cực|phán đoán & ra quyết định|phân tích hệ thống|quản lý nguồn lực tài chính|quản lý thời gian|toán học|tư duy phản biện|viết|đọc hiểu
13-2041.00,Các nhà phân tích tín dụng,Phân tích dữ liệu tín dụng và báo cáo tài chính của cá nhân hoặc công ty để xác định mức độ rủi ro liên quan đến việc mở rộng tín dụng hoặc cho vay tiền.,Kinh doanh/Tài chính|giao tiếp|giao tiếp nói|giám sát|học chủ động|khả năng thích ứng|làm việc nhóm|lắng nghe tích cực|nhạy bén xã hội|phán đoán & ra quyết định|quản lý thời gian|toán học|tư duy phản biện|viết|đánh giá hệ thống|đọc hiểu,"[0.143, 0.547, 0.143, 0.346, 0.643, 0.984]",Kinh doanh/Tài chính|giao tiếp|giao tiếp nói|giám sát|học chủ động|khả năng thích ứng|làm việc nhóm|lắng nghe tích cực|nhạy bén xã hội|phán đoán & ra quyết định|quản lý thời gian|toán học|tư duy phản biện|viết|đánh giá hệ thống|đọc hiểu
13-2051.00,Các nhà phân tích tài chính và đầu tư,"Thực hiện phân tích định lượng về thông tin liên quan đến các chương trình đầu tư hoặc dữ liệu tài chính của các tổ chức công cộng hoặc tư nhân, bao gồm đánh giá doanh nghiệp.",giao tiếp|khả năng thích ứng|làm việc nhóm|quản lý thời gian|tư duy phản biện,"[0.143, 0.723, 0.254, 0.321, 0.727, 0.791]",giao tiếp|khả năng thích ứng|làm việc nhóm|quản lý thời gian|tư duy phản biện
13-2052.00,Các cố vấn tài chính cá nhân,"Tư vấn cho khách hàng về kế hoạch tài chính bằng cách sử dụng kiến thức về các chiến lược thuế và đầu tư, chứng khoán, bảo hiểm, kế hoạch hưu trí và bất động sản. Các nhiệm vụ bao gồm đánh giá tài sản, nợ, dòng tiền mặt, bảo hiểm, tình trạng thuế và mục tiêu tài chính của khách hàng. Cũng có thể mua và bán tài sản tài chính cho khách hàng.",Kinh doanh/Tài chính|giao tiếp|giao tiếp nói|giám sát|giải quyết vấn đề phức tạp|khả năng thích ứng|làm việc nhóm|lắng nghe tích cực|nhạy bén xã hội|phán đoán & ra quyết định|quản lý thời gian|toán học|tư duy phản biện|viết|định hướng dịch vụ|đọc hiểu,"[0.143, 0.453, 0.249, 0.6, 0.84, 0.797]",Kinh doanh/Tài chính|giao tiếp|giao tiếp nói|giám sát|giải quyết vấn đề phức tạp|khả năng thích ứng|làm việc nhóm|lắng nghe tích cực|nhạy bén xã hội|phán đoán & ra quyết định|quản lý thời gian|toán học|tư duy phản biện|viết|định hướng dịch vụ|đọc hiểu
13-2053.00,Công ty bảo hiểm,Xem xét các đơn xin bảo hiểm cá nhân để đánh giá mức độ rủi ro liên quan và xác định việc chấp nhận các đơn.,Kinh doanh/Tài chính|chiến lược học tập|giao tiếp|giao tiếp nói|giám sát|giải quyết vấn đề phức tạp|học chủ động|khả năng thích ứng|làm việc nhóm|lắng nghe tích cực|nhạy bén xã hội|phán đoán & ra quyết định|quản lý thời gian|tư duy phản biện|viết|đọc hiểu,"[0.224, 0.503, 0.143, 0.411, 0.64, 0.896]",Kinh doanh/Tài chính|chiến lược học tập|giao tiếp|giao tiếp nói|giám sát|giải quyết vấn đề phức tạp|học chủ động|khả năng thích ứng|làm việc nhóm|lắng nghe tích cực|nhạy bén xã hội|phán đoán & ra quyết định|quản lý thời gian|tư duy phản biện|viết|đọc hiểu
13-2054.00,Các chuyên gia về rủi ro tài chính,"Phân tích và đo lường rủi ro tín dụng và thị trường đe dọa tài sản, năng lực thu nhập hoặc tình trạng kinh tế của một tổ chức. Có thể đưa ra các khuyến nghị để hạn chế rủi ro.",giao tiếp|khả năng thích ứng|làm việc nhóm|quản lý thời gian|tư duy phản biện,"[0.24, 0.711, 0.184, 0.356, 0.703, 0.766]",giao tiếp|khả năng thích ứng|làm việc nhóm|quản lý thời gian|tư duy phản biện
13-2061.00,Các nhà kiểm tra tài chính,"Thực thi hoặc đảm bảo tuân thủ luật pháp và quy định quy định các tổ chức tài chính và chứng khoán và các giao dịch tài sản và bất động sản. Có thể kiểm tra, xác minh hoặc xác thực hồ sơ.",Kinh doanh/Tài chính|chiến lược học tập|giao tiếp|giao tiếp nói|giám sát|giải quyết vấn đề phức tạp|học chủ động|khả năng thích ứng|làm việc nhóm|lắng nghe tích cực|phán đoán & ra quyết định|quản lý thời gian|toán học|tư duy phản biện|viết|đánh giá hệ thống|đọc hiểu,"[0.143, 0.506, 0.143, 0.386, 0.673, 0.88]",Kinh doanh/Tài chính|chiến lược học tập|giao tiếp|giao tiếp nói|giám sát|giải quyết vấn đề phức tạp|học chủ động|khả năng thích ứng|làm việc nhóm|lắng nghe tích cực|phán đoán & ra quyết định|quản lý thời gian|toán học|tư duy phản biện|viết|đánh giá hệ thống|đọc hiểu
13-2071.00,Các cố vấn tín dụng,"Tư vấn và giáo dục các cá nhân hoặc tổ chức về việc thu thập và quản lý nợ. Có thể cung cấp hướng dẫn về việc xác định loại vay tốt nhất và giải thích các yêu cầu hoặc hạn chế cho vay. Có thể giúp phát triển các kế hoạch quản lý nợ hoặc gói hỗ trợ tài chính cho sinh viên. Có thể tư vấn về các vấn đề tín dụng, hoặc cung cấp ngân sách, thế chấp, phá sản, hoặc tư vấn hỗ trợ tài chính cho sinh viên.",Kinh doanh/Tài chính|giao tiếp|giao tiếp nói|giải quyết vấn đề phức tạp|học chủ động|khả năng thích ứng|làm việc nhóm|lắng nghe tích cực|nhạy bén xã hội|phán đoán & ra quyết định|quản lý thời gian|thuyết phục|tư duy phản biện|viết|đàm phán|định hướng dịch vụ|đọc hiểu,"[0.143, 0.374, 0.257, 0.693, 0.676, 0.78]",Kinh doanh/Tài chính|giao tiếp|giao tiếp nói|giải quyết vấn đề phức tạp|học chủ động|khả năng thích ứng|làm việc nhóm|lắng nghe tích cực|nhạy bén xã hội|phán đoán & ra quyết định|quản lý thời gian|thuyết phục|tư duy phản biện|viết|đàm phán|định hướng dịch vụ|đọc hiểu
13-2072.00,Các nhân viên vay,"Đánh giá, ủy quyền hoặc đề nghị phê duyệt các khoản vay thương mại, bất động sản hoặc tín dụng. Tư vấn cho người vay về tình trạng tài chính và phương pháp thanh toán. Bao gồm các cán bộ vay thế chấp và đại lý, các nhà phân tích thu nhập, cán bộ dịch vụ cho vay, nhà bảo hiểm cho vay và cán bộ cho vay ngày lương.",Kinh doanh/Tài chính|giao tiếp|giao tiếp nói|giải quyết vấn đề phức tạp|học chủ động|khả năng thích ứng|làm việc nhóm|lắng nghe tích cực|nhạy bén xã hội|phán đoán & ra quyết định|quản lý thời gian|toán học|tư duy phản biện|viết|định hướng dịch vụ|đọc hiểu,"[0.177, 0.329, 0.143, 0.537, 0.719, 0.86]",Kinh doanh/Tài chính|giao tiếp|giao tiếp nói|giải quyết vấn đề phức tạp|học chủ động|khả năng thích ứng|làm việc nhóm|lắng nghe tích cực|nhạy bén xã hội|phán đoán & ra quyết định|quản lý thời gian|toán học|tư duy phản biện|viết|định hướng dịch vụ|đọc hiểu
13-2081.00,"Các nhà kiểm tra và thu thuế, và các đại lý thu nhập",Xác định nghĩa vụ thuế hoặc thu thuế từ cá nhân hoặc các công ty kinh doanh theo luật và quy định quy định.,Kinh doanh/Tài chính|giao tiếp|giao tiếp nói|giám sát|hướng dẫn|học chủ động|khả năng thích ứng|làm việc nhóm|lắng nghe tích cực|phán đoán & ra quyết định|quản lý thời gian|toán học|tư duy phản biện|viết|đàm phán|đọc hiểu,"[0.184, 0.32, 0.143, 0.453, 0.623, 0.97]",Kinh doanh/Tài chính|giao tiếp|giao tiếp nói|giám sát|hướng dẫn|học chủ động|khả năng thích ứng|làm việc nhóm|lắng nghe tích cực|phán đoán & ra quyết định|quản lý thời gian|toán học|tư duy phản biện|viết|đàm phán|đọc hiểu
13-2082.00,Những người chuẩn bị thuế,Chuẩn bị tờ khai thuế cho cá nhân hoặc doanh nghiệp nhỏ.,Kinh doanh/Tài chính|giao tiếp|giao tiếp nói|giám sát|học chủ động|khả năng thích ứng|làm việc nhóm|lắng nghe tích cực|phán đoán & ra quyết định|quản lý thời gian|toán học|tư duy phản biện|viết|định hướng dịch vụ|đọc hiểu,"[0.281, 0.337, 0.143, 0.346, 0.504, 0.946]",Kinh doanh/Tài chính|giao tiếp|giao tiếp nói|giám sát|học chủ động|khả năng thích ứng|làm việc nhóm|lắng nghe tích cực|phán đoán & ra quyết định|quản lý thời gian|toán học|tư duy phản biện|viết|định hướng dịch vụ|đọc hiểu
13-2099.00,"Financial Specialists, Khác",Thực hiện các nhiệm vụ đa dạng không được bao gồm trong các danh mục nghề nghiệp cụ thể khác trong lĩnh vực này.,Khác|Tổng quát|giao tiếp|khác|khả năng thích ứng|làm việc nhóm|quản lý thời gian|tư duy phản biện|tổng quát|đa dạng,"[0.305, 0.482, 0.223, 0.383, 0.719, 0.775]",Khác|Tổng quát|giao tiếp|khác|khả năng thích ứng|làm việc nhóm|quản lý thời gian|tư duy phản biện|tổng quát|đa dạng
13-2099.01,Các nhà phân tích số lượng tài chính,"Phát triển các kỹ thuật định lượng để thông báo đầu tư chứng khoán, đầu tư cổ phiếu, định giá hoặc đánh giá các công cụ tài chính. Phát triển các mô hình toán học hoặc thống kê để quản lý rủi ro, tối ưu hóa tài sản, định giá hoặc phân tích giá trị tương đối.",Kinh doanh/Tài chính|giao tiếp|giao tiếp nói|giải quyết vấn đề phức tạp|học chủ động|khả năng thích ứng|làm việc nhóm|lắng nghe tích cực|phán đoán & ra quyết định|phân tích hệ thống|quản lý thời gian|toán học|tư duy phản biện|viết|đánh giá hệ thống|đọc hiểu,"[0.251, 0.943, 0.26, 0.23, 0.489, 0.84]",Kinh doanh/Tài chính|giao tiếp|giao tiếp nói|giải quyết vấn đề phức tạp|học chủ động|khả năng thích ứng|làm việc nhóm|lắng nghe tích cực|phán đoán & ra quyết định|phân tích hệ thống|quản lý thời gian|toán học|tư duy phản biện|viết|đánh giá hệ thống|đọc hiểu
13-2099.04,"Các nhà kiểm tra, điều tra và phân tích gian lận",Có thể phối hợp các hoạt động phát hiện và ngăn chặn gian lận.,Kinh doanh/Tài chính|giao tiếp|giao tiếp nói|giải quyết vấn đề phức tạp|học chủ động|khả năng thích ứng|làm việc nhóm|lắng nghe tích cực|nhạy bén xã hội|phán đoán & ra quyết định|phối hợp|quản lý thời gian|tư duy phản biện|viết|đọc hiểu,"[0.264, 0.649, 0.159, 0.263, 0.661, 0.87]",Kinh doanh/Tài chính|giao tiếp|giao tiếp nói|giải quyết vấn đề phức tạp|học chủ động|khả năng thích ứng|làm việc nhóm|lắng nghe tích cực|nhạy bén xã hội|phán đoán & ra quyết định|phối hợp|quản lý thời gian|tư duy phản biện|viết|đọc hiểu
15-1211.00,Các nhà phân tích hệ thống máy tính,"Phân tích khoa học, kỹ thuật, kinh doanh, và các vấn đề xử lý dữ liệu khác để phát triển và thực hiện các giải pháp cho vấn đề ứng dụng phức tạp, vấn đề quản lý hệ thống hoặc mối quan tâm mạng. Thực hiện các chức năng quản lý và tích hợp hệ thống, cải thiện hệ thống máy tính hiện có, và xem xét khả năng hệ máy tính, luồng làm việc và hạn chế lịch trình. Có thể phân tích hoặc đề nghị phần mềm có sẵn trong thương mại.",CNTT/Dữ liệu|chú ý đến chi tiết|giao tiếp|giao tiếp nói|giám sát|giải quyết vấn đề kỹ thuật|giải quyết vấn đề phức tạp|học chủ động|khả năng thích ứng|kỹ năng máy tính|làm việc nhóm|lập trình|lắng nghe tích cực|phán đoán & ra quyết định|phân tích dữ liệu|phân tích hệ thống|phân tích vận hành|quản lý thời gian|troubleshooting|tư duy logic|tư duy phản biện|viết|đánh giá hệ thống|đọc hiểu,"[0.477, 0.909, 0.283, 0.27, 0.323, 0.841]",CNTT/Dữ liệu|chú ý đến chi tiết|giao tiếp|giao tiếp nói|giám sát|giải quyết vấn đề kỹ thuật|giải quyết vấn đề phức tạp|học chủ động|khả năng thích ứng|kỹ năng máy tính|làm việc nhóm|lập trình|lắng nghe tích cực|phán đoán & ra quyết định|phân tích dữ liệu|phân tích hệ thống|phân tích vận hành|quản lý thời gian|troubleshooting|tư duy logic|tư duy phản biện|viết|đánh giá hệ thống|đọc hiểu
15-1211.01,Các chuyên gia khoa thông tin y tế,"Sử dụng kiến thức về y tá và khoa học thông tin để hỗ trợ thiết kế, phát triển và thay đổi liên tục các hệ thống chăm sóc sức khỏe máy tính. Có thể giáo dục nhân viên và hỗ trợ giải quyết vấn đề để thúc đẩy việc thực hiện hệ thống chăm sóc sức khỏe.",CNTT/Dữ liệu|chiến lược học tập|chú ý đến chi tiết|chăm sóc bệnh nhân|giao tiếp|giao tiếp nói|giao tiếp với bệnh nhân|giám sát|giải quyết vấn đề phức tạp|hướng dẫn|học chủ động|khả năng thích ứng|làm việc dưới áp lực|làm việc nhóm|lắng nghe tích cực|phán đoán & ra quyết định|phân tích hệ thống|quản lý thời gian|tư duy phản biện|viết|đánh giá hệ thống|đọc hiểu|đồng cảm,"[0.424, 0.89, 0.276, 0.661, 0.3, 0.677]",CNTT/Dữ liệu|chiến lược học tập|chú ý đến chi tiết|chăm sóc bệnh nhân|giao tiếp|giao tiếp nói|giao tiếp với bệnh nhân|giám sát|giải quyết vấn đề phức tạp|hướng dẫn|học chủ động|khả năng thích ứng|làm việc dưới áp lực|làm việc nhóm|lắng nghe tích cực|phán đoán & ra quyết định|phân tích hệ thống|quản lý thời gian|tư duy phản biện|viết|đánh giá hệ thống|đọc hiểu|đồng cảm
15-1212.00,Các nhà phân tích an ninh thông tin,"Kế hoạch, thực hiện, nâng cấp hoặc giám sát các biện pháp bảo mật để bảo vệ mạng máy tính và thông tin. Đánh giá các lỗ hổng của hệ thống đối với rủi ro an ninh và đề xuất và thực hiện các chiến lược giảm rủi ro. Có thể đảm bảo kiểm soát an ninh thích hợp sẽ bảo vệ các tập tin kỹ thuật số và cơ sở hạ tầng điện tử quan trọng. Có thể phản ứng với các vi phạm an ninh máy tính và virus.",CNTT/Dữ liệu|giao tiếp|giao tiếp nói|giám sát|giải quyết vấn đề phức tạp|học chủ động|khả năng thích ứng|làm việc nhóm|lắng nghe tích cực|phán đoán & ra quyết định|phân tích hệ thống|quản lý thời gian|tư duy phản biện|viết|đánh giá hệ thống|đọc hiểu,"[0.516, 0.776, 0.189, 0.29, 0.403, 0.88]",CNTT/Dữ liệu|giao tiếp|giao tiếp nói|giám sát|giải quyết vấn đề phức tạp|học chủ động|khả năng thích ứng|làm việc nhóm|lắng nghe tích cực|phán đoán & ra quyết định|phân tích hệ thống|quản lý thời gian|tư duy phản biện|viết|đánh giá hệ thống|đọc hiểu
15-1221.00,Các nhà khoa học nghiên cứu máy tính và thông tin,"Thực hiện nghiên cứu về khoa học máy tính và thông tin cơ bản với tư cách là nhà lý thuyết, nhà thiết kế hoặc nhà phát minh.",CNTT/Dữ liệu|chú ý đến chi tiết|giao tiếp|giao tiếp nói|giám sát|giải quyết vấn đề kỹ thuật|giải quyết vấn đề phức tạp|học chủ động|khả năng thích ứng|kỹ năng máy tính|làm việc nhóm|lập trình|lắng nghe tích cực|phán đoán & ra quyết định|phân tích dữ liệu|phân tích hệ thống|phân tích vận hành|quản lý thời gian|thiết kế công nghệ|toán học|tư duy logic|tư duy phản biện|đánh giá hệ thống|đọc hiểu,"[0.563, 1.0, 0.409, 0.291, 0.346, 0.686]",CNTT/Dữ liệu|chú ý đến chi tiết|giao tiếp|giao tiếp nói|giám sát|giải quyết vấn đề kỹ thuật|giải quyết vấn đề phức tạp|học chủ động|khả năng thích ứng|kỹ năng máy tính|làm việc nhóm|lập trình|lắng nghe tích cực|phán đoán & ra quyết định|phân tích dữ liệu|phân tích hệ thống|phân tích vận hành|quản lý thời gian|thiết kế công nghệ|toán học|tư duy logic|tư duy phản biện|đánh giá hệ thống|đọc hiểu
15-1231.00,Các chuyên gia hỗ trợ mạng máy tính,"Phân tích, kiểm tra, khắc phục sự cố và đánh giá các hệ thống mạng hiện có, chẳng hạn như mạng lưới khu vực địa phương (LAN), mạng khu vực rộng (WAN), mạng đám mây, máy chủ và các mạng truyền thông dữ liệu khác. Thực hiện bảo trì mạng để đảm bảo mạng hoạt động đúng cách với sự gián đoạn tối thiểu.",CNTT/Dữ liệu|chiến lược học tập|chú ý đến chi tiết|giao tiếp|giao tiếp nói|giám sát|giải quyết vấn đề kỹ thuật|giải quyết vấn đề phức tạp|hướng dẫn|học chủ động|khả năng thích ứng|kỹ năng máy tính|làm việc nhóm|lắng nghe tích cực|phán đoán & ra quyết định|phân tích dữ liệu|phân tích hệ thống|quản lý thời gian|tư duy logic|tư duy phản biện|viết|đọc hiểu,"[0.616, 0.659, 0.143, 0.333, 0.387, 0.784]",CNTT/Dữ liệu|chiến lược học tập|chú ý đến chi tiết|giao tiếp|giao tiếp nói|giám sát|giải quyết vấn đề kỹ thuật|giải quyết vấn đề phức tạp|hướng dẫn|học chủ động|khả năng thích ứng|kỹ năng máy tính|làm việc nhóm|lắng nghe tích cực|phán đoán & ra quyết định|phân tích dữ liệu|phân tích hệ thống|quản lý thời gian|tư duy logic|tư duy phản biện|viết|đọc hiểu
15-1232.00,Các chuyên gia hỗ trợ người dùng máy tính,"Cung cấp hỗ trợ kỹ thuật cho người dùng máy tính. Trả lời các câu hỏi hoặc giải quyết các vấn đề máy tính cho khách hàng trực tiếp, qua điện thoại hoặc qua điện tử. Có thể cung cấp hỗ trợ liên quan đến việc sử dụng phần cứng và phần mềm máy tính, bao gồm in, cài đặt, xử lý văn bản, thư điện tử và hệ điều hành.",CNTT/Dữ liệu|chiến lược học tập|chú ý đến chi tiết|giao tiếp|giao tiếp nói|giám sát|giải quyết vấn đề kỹ thuật|giải quyết vấn đề phức tạp|hướng dẫn|học chủ động|khả năng thích ứng|kỹ năng máy tính|làm việc nhóm|lắng nghe tích cực|nhạy bén xã hội|phán đoán & ra quyết định|phân tích dữ liệu|quản lý thời gian|tư duy logic|tư duy phản biện|viết|đọc hiểu,"[0.58, 0.55, 0.143, 0.474, 0.33, 0.841]",CNTT/Dữ liệu|chiến lược học tập|chú ý đến chi tiết|giao tiếp|giao tiếp nói|giám sát|giải quyết vấn đề kỹ thuật|giải quyết vấn đề phức tạp|hướng dẫn|học chủ động|khả năng thích ứng|kỹ năng máy tính|làm việc nhóm|lắng nghe tích cực|nhạy bén xã hội|phán đoán & ra quyết định|phân tích dữ liệu|quản lý thời gian|tư duy logic|tư duy phản biện|viết|đọc hiểu
15-1241.00,Các kiến trúc sư mạng máy tính,"Thiết kế và triển khai các mạng máy tính và thông tin, chẳng hạn như mạng vùng địa phương (LAN), mạng vùng rộng (WAN), mạng nội bộ, mạng ngoại và các mạng truyền thông dữ liệu khác. Thực hiện mô hình hóa mạng, phân tích và lập kế hoạch, bao gồm cả phân tích nhu cầu năng lực cho cơ sở hạ tầng mạng. Có thể thiết kế các biện pháp an ninh mạng và máy tính. Có thể nghiên cứu và giới thiệu phần cứng và phần mềm truyền thông mạng và dữ liệu.",CNTT/Dữ liệu|chú ý đến chi tiết|giao tiếp|giao tiếp nói|giải quyết vấn đề kỹ thuật|giải quyết vấn đề phức tạp|hướng dẫn|học chủ động|khả năng thích ứng|kỹ năng máy tính|làm việc nhóm|lập trình|lắng nghe tích cực|phán đoán & ra quyết định|phân tích dữ liệu|phân tích hệ thống|quản lý thời gian|tư duy logic|tư duy phản biện|viết|đánh giá hệ thống|đọc hiểu,"[0.58, 0.761, 0.32, 0.313, 0.453, 0.724]",CNTT/Dữ liệu|chú ý đến chi tiết|giao tiếp|giao tiếp nói|giải quyết vấn đề kỹ thuật|giải quyết vấn đề phức tạp|hướng dẫn|học chủ động|khả năng thích ứng|kỹ năng máy tính|làm việc nhóm|lập trình|lắng nghe tích cực|phán đoán & ra quyết định|phân tích dữ liệu|phân tích hệ thống|quản lý thời gian|tư duy logic|tư duy phản biện|viết|đánh giá hệ thống|đọc hiểu
15-1241.01,Các chuyên gia kỹ thuật viễn thông,"Thiết kế hoặc cấu hình hệ thống truyền thông bằng dây, không dây và vệ tinh cho các dịch vụ thoại, video và dữ liệu. Giám sát cài đặt, dịch vụ và bảo trì.",CNTT/Dữ liệu|chú ý đến chi tiết|giao tiếp|giao tiếp nói|giám sát|giải quyết vấn đề kỹ thuật|giải quyết vấn đề phức tạp|học chủ động|khả năng thích ứng|kỹ năng máy tính|làm việc nhóm|lắng nghe tích cực|nhạy bén xã hội|phân tích dữ liệu|phân tích hệ thống|phối hợp|quản lý thời gian|tư duy logic|tư duy phản biện|viết|đánh giá hệ thống|đọc hiểu,"[0.696, 0.623, 0.267, 0.297, 0.451, 0.707]",CNTT/Dữ liệu|chú ý đến chi tiết|giao tiếp|giao tiếp nói|giám sát|giải quyết vấn đề kỹ thuật|giải quyết vấn đề phức tạp|học chủ động|khả năng thích ứng|kỹ năng máy tính|làm việc nhóm|lắng nghe tích cực|nhạy bén xã hội|phân tích dữ liệu|phân tích hệ thống|phối hợp|quản lý thời gian|tư duy logic|tư duy phản biện|viết|đánh giá hệ thống|đọc hiểu
15-1242.00,Người quản lý cơ sở dữ liệu,"Quản lý, kiểm tra và triển khai cơ sở dữ liệu máy tính, áp dụng kiến thức về các hệ thống quản lý cơ sở database. Điều phối thay đổi cơ sở dữ liệu máy tính. Xác định, điều tra và giải quyết các vấn đề về hiệu suất cơ sở dữ liệu, dung lượng cơ sở database và khả năng mở rộng cơ sở data. Có thể lập kế hoạch, phối hợp và thực hiện các biện pháp an ninh để bảo vệ cơ sở dữ liệu máy tính.",CNTT/Dữ liệu|giao tiếp|giao tiếp nói|giám sát|giải quyết vấn đề phức tạp|hướng dẫn|học chủ động|khả năng thích ứng|làm việc nhóm|lãnh đạo|lập kế hoạch chiến lược|lập trình|lắng nghe tích cực|phán đoán & ra quyết định|phân tích hệ thống|quản lý dự án|quản lý nhóm|quản lý thời gian|ra quyết định|toán học|tư duy phản biện|viết|đánh giá hệ thống|đọc hiểu,"[0.386, 0.68, 0.186, 0.326, 0.409, 0.939]",CNTT/Dữ liệu|giao tiếp|giao tiếp nói|giám sát|giải quyết vấn đề phức tạp|hướng dẫn|học chủ động|khả năng thích ứng|làm việc nhóm|lãnh đạo|lập kế hoạch chiến lược|lập trình|lắng nghe tích cực|phán đoán & ra quyết định|phân tích hệ thống|quản lý dự án|quản lý nhóm|quản lý thời gian|ra quyết định|toán học|tư duy phản biện|viết|đánh giá hệ thống|đọc hiểu
15-1243.00,Các kiến trúc sư cơ sở dữ liệu,"Chiến lược thiết kế cho cơ sở dữ liệu doanh nghiệp, hệ thống kho dữ liệu và mạng đa chiều. Đặt tiêu chuẩn cho hoạt động cơ sở dữ liệu, lập trình, quy trình truy vấn và bảo mật. Mô hình hóa, thiết kế và xây dựng cơ sở dữ liệu liên quan lớn hoặc kho dữ liệu. Tạo và tối ưu hóa các mô hình dữ liệu cho cơ sở hạ tầng kho và luồng làm việc. Kết hợp các hệ thống mới với cấu trúc kho tồn tại và tinh chỉnh hiệu suất và chức năng của hệ thống.",CNTT/Dữ liệu|giao tiếp|giao tiếp nói|giám sát|giải quyết vấn đề phức tạp|hướng dẫn|học chủ động|khả năng thích ứng|làm việc nhóm|lập trình|lắng nghe tích cực|phán đoán & ra quyết định|phân tích hệ thống|quản lý thời gian|tư duy phản biện|viết|đánh giá hệ thống|đọc hiểu,"[0.384, 0.811, 0.317, 0.276, 0.393, 0.856]",CNTT/Dữ liệu|giao tiếp|giao tiếp nói|giám sát|giải quyết vấn đề phức tạp|hướng dẫn|học chủ động|khả năng thích ứng|làm việc nhóm|lập trình|lắng nghe tích cực|phán đoán & ra quyết định|phân tích hệ thống|quản lý thời gian|tư duy phản biện|viết|đánh giá hệ thống|đọc hiểu
15-1243.01,Các chuyên gia lưu trữ dữ liệu,"Thiết kế, mô hình hoặc thực hiện các hoạt động lưu trữ dữ liệu của doanh nghiệp. Chương trình và cấu hình các kho dữ liệu cơ sở dữ liệu và hỗ trợ người dùng kho.",CNTT/Dữ liệu|giao tiếp|giao tiếp nói|giải quyết vấn đề phức tạp|hướng dẫn|khả năng thích ứng|làm việc nhóm|lập trình|lắng nghe tích cực|phán đoán & ra quyết định|phân tích hệ thống|phân tích vận hành|phối hợp|quản lý thời gian|tư duy phản biện|viết|đánh giá hệ thống|đọc hiểu,"[0.41, 0.673, 0.231, 0.286, 0.441, 0.91]",CNTT/Dữ liệu|giao tiếp|giao tiếp nói|giải quyết vấn đề phức tạp|hướng dẫn|khả năng thích ứng|làm việc nhóm|lập trình|lắng nghe tích cực|phán đoán & ra quyết định|phân tích hệ thống|phân tích vận hành|phối hợp|quản lý thời gian|tư duy phản biện|viết|đánh giá hệ thống|đọc hiểu
15-1244.00,Người quản lý hệ thống mạng và máy tính,"Thiết lập, cấu hình và duy trì mạng lưới khu vực địa phương (LAN), mạng khu vực rộng (WAN), mạng truyền thông dữ liệu, hệ điều hành và máy chủ vật lý và ảo của tổ chức. Thực hiện giám sát hệ thống và xác minh tính toàn vẹn và sẵn có của phần cứng, mạng và các nguồn lực và hệ thống máy chủ. Kiểm tra nhật ký hệ thống và ứng dụng và xác minh việc hoàn thành các công việc theo lịch trình, bao gồm các bản sao lưu hệ thống. Phân tích tiêu thụ tài nguyên mạng và máy chủ và kiểm soát quyền truy cập của người dùng. Thiết lập và nâng cấp phần mềm và duy trì giấy phép phần mềm. Có thể hỗ trợ trong mô hình hóa mạng, phân tích, lập kế hoạch và phối hợp giữa phần cứng và phần mềm truyền thông mạng và dữ liệu.",CNTT/Dữ liệu|chú ý đến chi tiết|giao tiếp|giao tiếp nói|giám sát|giải quyết vấn đề kỹ thuật|giải quyết vấn đề phức tạp|học chủ động|khả năng thích ứng|kỹ năng máy tính|làm việc nhóm|lãnh đạo|lập kế hoạch chiến lược|lập trình|lắng nghe tích cực|phán đoán & ra quyết định|phân tích dữ liệu|phân tích hệ thống|quản lý dự án|quản lý nhóm|quản lý thời gian|ra quyết định|troubleshooting|tư duy logic|tư duy phản biện|viết|đánh giá hệ thống|đọc hiểu,"[0.6, 0.579, 0.143, 0.317, 0.496, 0.883]",CNTT/Dữ liệu|chú ý đến chi tiết|giao tiếp|giao tiếp nói|giám sát|giải quyết vấn đề kỹ thuật|giải quyết vấn đề phức tạp|học chủ động|khả năng thích ứng|kỹ năng máy tính|làm việc nhóm|lãnh đạo|lập kế hoạch chiến lược|lập trình|lắng nghe tích cực|phán đoán & ra quyết định|phân tích dữ liệu|phân tích hệ thống|quản lý dự án|quản lý nhóm|quản lý thời gian|ra quyết định|troubleshooting|tư duy logic|tư duy phản biện|viết|đánh giá hệ thống|đọc hiểu
15-1251.00,Các lập trình viên máy tính,"Tạo, sửa đổi và kiểm tra mã và kịch bản cho phép các ứng dụng máy tính chạy. Làm việc từ các thông số kỹ thuật được xây dựng bởi các nhà phát triển phần mềm và web hoặc các cá nhân khác. Có thể phát triển và viết các chương trình máy tính để lưu trữ, tìm và lấy lại các tài liệu, dữ liệu và thông tin cụ thể.",CNTT/Dữ liệu|chú ý đến chi tiết|giao tiếp|giao tiếp nói|giải quyết vấn đề kỹ thuật|giải quyết vấn đề phức tạp|học chủ động|khả năng thích ứng|kỹ năng máy tính|làm việc nhóm|lập trình|lắng nghe tích cực|phán đoán & ra quyết định|phân tích dữ liệu|phân tích hệ thống|phân tích kiểm soát chất lượng|phân tích vận hành|quản lý thời gian|tư duy logic|tư duy phản biện|viết|đánh giá hệ thống|đọc hiểu,"[0.473, 0.74, 0.374, 0.287, 0.291, 0.829]",CNTT/Dữ liệu|chú ý đến chi tiết|giao tiếp|giao tiếp nói|giải quyết vấn đề kỹ thuật|giải quyết vấn đề phức tạp|học chủ động|khả năng thích ứng|kỹ năng máy tính|làm việc nhóm|lập trình|lắng nghe tích cực|phán đoán & ra quyết định|phân tích dữ liệu|phân tích hệ thống|phân tích kiểm soát chất lượng|phân tích vận hành|quản lý thời gian|tư duy logic|tư duy phản biện|viết|đánh giá hệ thống|đọc hiểu
15-1252.00,Các nhà phát triển phần mềm,"Nghiên cứu, thiết kế và phát triển phần mềm máy tính và mạng hoặc các chương trình tiện ích chuyên dụng. Phân tích nhu cầu của người dùng và phát triển các giải pháp phần mềm, áp dụng các nguyên tắc và kỹ thuật của khoa học máy tính, kỹ thuật và phân tích toán học. Cập nhật phần mềm hoặc nâng cao khả năng phần mềm hiện có. Có thể làm việc với các kỹ sư phần cứng máy tính để tích hợp các hệ thống phần cứng và phần mềm, và phát triển các thông số kỹ thuật và yêu cầu hiệu suất. Có thể duy trì cơ sở dữ liệu trong một khu vực ứng dụng, làm việc một cách riêng lẻ hoặc phối hợp phát triển dữ liệu như một phần của một nhóm.",CNTT/Dữ liệu|chú ý đến chi tiết|giao tiếp|giao tiếp nói|giám sát|giải quyết vấn đề kỹ thuật|giải quyết vấn đề phức tạp|học chủ động|khả năng thích ứng|kỹ năng máy tính|làm việc nhóm|lập trình|lắng nghe tích cực|phán đoán & ra quyết định|phân tích dữ liệu|phân tích hệ thống|quản lý thời gian|thiết kế công nghệ|tư duy logic|tư duy phản biện|viết|đánh giá hệ thống|đọc hiểu,"[0.561, 0.837, 0.323, 0.269, 0.267, 0.78]",CNTT/Dữ liệu|chú ý đến chi tiết|giao tiếp|giao tiếp nói|giám sát|giải quyết vấn đề kỹ thuật|giải quyết vấn đề phức tạp|học chủ động|khả năng thích ứng|kỹ năng máy tính|làm việc nhóm|lập trình|lắng nghe tích cực|phán đoán & ra quyết định|phân tích dữ liệu|phân tích hệ thống|quản lý thời gian|thiết kế công nghệ|tư duy logic|tư duy phản biện|viết|đánh giá hệ thống|đọc hiểu
15-1253.00,Các nhà phân tích và kiểm tra đảm bảo chất lượng phần mềm,"Phát triển và thực hiện các thử nghiệm phần mềm để xác định các vấn đề phần mềm và nguyên nhân của chúng. Các sửa đổi hệ thống thử nghiệm để chuẩn bị cho việc triển khai. Tài liệu lỗi phần mềm và ứng dụng sử dụng hệ thống theo dõi lỗi và báo cáo lỗi cho các nhà phát triển phần mềm hoặc web. Tạo và duy trì cơ sở dữ liệu các lỗi được biết đến. Có thể tham gia vào các đánh giá thiết kế phần mềm để cung cấp thông tin về các yêu cầu chức năng, đặc điểm hoạt động, thiết kế sản phẩm và lịch trình.",CNTT/Dữ liệu|chú ý đến chi tiết|giao tiếp|giao tiếp nói|giám sát|giải quyết vấn đề kỹ thuật|giải quyết vấn đề phức tạp|khả năng thích ứng|kỹ năng máy tính|làm việc nhóm|lập trình|lắng nghe tích cực|phán đoán & ra quyết định|phân tích dữ liệu|phân tích kiểm soát chất lượng|phân tích vận hành|quản lý thời gian|tư duy logic|tư duy phản biện|viết|đánh giá hệ thống|đọc hiểu,"[0.543, 0.823, 0.241, 0.219, 0.224, 0.811]",CNTT/Dữ liệu|chú ý đến chi tiết|giao tiếp|giao tiếp nói|giám sát|giải quyết vấn đề kỹ thuật|giải quyết vấn đề phức tạp|khả năng thích ứng|kỹ năng máy tính|làm việc nhóm|lập trình|lắng nghe tích cực|phán đoán & ra quyết định|phân tích dữ liệu|phân tích kiểm soát chất lượng|phân tích vận hành|quản lý thời gian|tư duy logic|tư duy phản biện|viết|đánh giá hệ thống|đọc hiểu
15-1254.00,Các nhà phát triển web,"Phát triển và triển khai các trang web, ứng dụng web, cơ sở dữ liệu ứng dụng và giao diện web tương tác. Đánh giá mã để đảm bảo rằng nó được cấu trúc đúng, đáp ứng các tiêu chuẩn của ngành và tương thích với trình duyệt và thiết bị. Tối ưu hóa hiệu suất trang web, khả năng mở rộng và mã và quy trình bên máy chủ. Có thể phát triển cơ sở hạ tầng trang web và tích hợp trang web với các ứng dụng máy tính khác.",CNTT/Dữ liệu|giao tiếp|giao tiếp nói|giám sát|giải quyết vấn đề phức tạp|học chủ động|khả năng thích ứng|làm việc nhóm|lập trình|lắng nghe tích cực|phán đoán & ra quyết định|phân tích hệ thống|phân tích vận hành|quản lý thời gian|tư duy phản biện|viết|đọc hiểu,"[0.421, 0.723, 0.439, 0.32, 0.413, 0.727]",CNTT/Dữ liệu|giao tiếp|giao tiếp nói|giám sát|giải quyết vấn đề phức tạp|học chủ động|khả năng thích ứng|làm việc nhóm|lập trình|lắng nghe tích cực|phán đoán & ra quyết định|phân tích hệ thống|phân tích vận hành|quản lý thời gian|tư duy phản biện|viết|đọc hiểu
15-1255.00,Thiết kế giao diện web và kỹ thuật số,"Thiết kế giao diện người dùng kỹ thuật số hoặc các trang web. Phát triển và kiểm tra bố cục, giao diện, chức năng và menu điều hướng để đảm bảo khả năng tương thích và khả năng sử dụng trên các trình duyệt hoặc thiết bị. Có thể sử dụng các ứng dụng khung web cũng như mã và quy trình bên khách hàng. Có thể đánh giá thiết kế web theo các tiêu chuẩn web và khả năng tiếp cận, và có thể phân tích số liệu sử dụng web và tối ưu hóa các trang web cho khả năng thị trường và xếp hạng công cụ tìm kiếm. Có thể thiết kế và thử nghiệm giao diện tạo điều kiện cho sự tương tác giữa con người và máy tính và tối đa hóa khả năng sử dụng của các thiết bị kỹ thuật số, trang web và phần mềm với trọng tâm vào thẩm mỹ và thiết kế. Có thể tạo đồ họa được sử dụng trong các trang web và quản lý nội dung và liên kết trang web.",chú ý đến chi tiết|giao tiếp|giải quyết vấn đề kỹ thuật|khả năng thích ứng|kỹ năng máy tính|làm việc nhóm|phân tích dữ liệu|quản lý thời gian|tư duy logic|tư duy phản biện,"[0.367, 0.696, 0.641, 0.316, 0.449, 0.627]",chú ý đến chi tiết|giao tiếp|giải quyết vấn đề kỹ thuật|khả năng thích ứng|kỹ năng máy tính|làm việc nhóm|phân tích dữ liệu|quản lý thời gian|tư duy logic|tư duy phản biện
15-1255.01,Các nhà thiết kế trò chơi video,"Thiết kế các tính năng cốt lõi của các trò chơi video. Xác định cơ chế trò chơi và trò chơi vai trò sáng tạo, dòng câu chuyện và tiểu sử nhân vật. Tạo và duy trì tài liệu thiết kế. Hướng dẫn và hợp tác với nhân viên sản xuất để sản xuất các trò chơi theo cách thiết kế.",CNTT/Dữ liệu|giao tiếp|giao tiếp nói|giám sát|giải quyết vấn đề phức tạp|học chủ động|khả năng thích ứng|làm việc nhóm|lập trình|lắng nghe tích cực|phán đoán & ra quyết định|phối hợp|quản lý thời gian|tư duy phản biện|viết|đánh giá hệ thống|đọc hiểu,"[0.383, 0.586, 0.917, 0.336, 0.574, 0.553]",CNTT/Dữ liệu|giao tiếp|giao tiếp nói|giám sát|giải quyết vấn đề phức tạp|học chủ động|khả năng thích ứng|làm việc nhóm|lập trình|lắng nghe tích cực|phán đoán & ra quyết định|phối hợp|quản lý thời gian|tư duy phản biện|viết|đánh giá hệ thống|đọc hiểu
15-1299.01,Người quản lý web,"Quản lý các hoạt động thiết kế, triển khai, phát triển và bảo trì môi trường web. Thực hiện kiểm tra và đảm bảo chất lượng của các trang web và ứng dụng web.",CNTT/Dữ liệu|giao tiếp|giao tiếp nói|giám sát|giải quyết vấn đề phức tạp|hướng dẫn|học chủ động|khả năng thích ứng|làm việc nhóm|lãnh đạo|lập kế hoạch chiến lược|lắng nghe tích cực|phán đoán & ra quyết định|phân tích hệ thống|phân tích kiểm soát chất lượng|phân tích vận hành|quản lý dự án|quản lý nhóm|quản lý thời gian|ra quyết định|tư duy phản biện|viết|đánh giá hệ thống|đọc hiểu,"[0.367, 0.631, 0.326, 0.319, 0.534, 0.82]",CNTT/Dữ liệu|giao tiếp|giao tiếp nói|giám sát|giải quyết vấn đề phức tạp|hướng dẫn|học chủ động|khả năng thích ứng|làm việc nhóm|lãnh đạo|lập kế hoạch chiến lược|lắng nghe tích cực|phán đoán & ra quyết định|phân tích hệ thống|phân tích kiểm soát chất lượng|phân tích vận hành|quản lý dự án|quản lý nhóm|quản lý thời gian|ra quyết định|tư duy phản biện|viết|đánh giá hệ thống|đọc hiểu
15-1299.02,Các nhà công nghệ và kỹ thuật hệ thống thông tin địa lý,"Giúp các nhà khoa học hoặc các chuyên gia liên quan trong việc xây dựng, duy trì, sửa đổi hoặc sử dụng cơ sở dữ liệu hệ thống thông tin địa lý (GIS).",CNTT/Dữ liệu|chú ý đến chi tiết|giao tiếp|giao tiếp nói|giám sát|giải quyết vấn đề kỹ thuật|giải quyết vấn đề phức tạp|học chủ động|khả năng thích ứng|kỹ năng máy tính|làm việc nhóm|lập trình|lắng nghe tích cực|phán đoán & ra quyết định|phân tích dữ liệu|quản lý thời gian|toán học|tư duy logic|tư duy phản biện|viết|đọc hiểu,"[0.609, 0.741, 0.33, 0.276, 0.276, 0.84]",CNTT/Dữ liệu|chú ý đến chi tiết|giao tiếp|giao tiếp nói|giám sát|giải quyết vấn đề kỹ thuật|giải quyết vấn đề phức tạp|học chủ động|khả năng thích ứng|kỹ năng máy tính|làm việc nhóm|lập trình|lắng nghe tích cực|phán đoán & ra quyết định|phân tích dữ liệu|quản lý thời gian|toán học|tư duy logic|tư duy phản biện|viết|đọc hiểu
15-1299.03,Các chuyên gia quản lý tài liệu,"Thực hiện và quản lý các hệ thống quản lý tài liệu toàn doanh nghiệp và các thủ tục liên quan cho phép các tổ chức nắm bắt, lưu trữ, lấy lại, chia sẻ và phá hủy các hồ sơ và tài liệu điện tử.",CNTT/Dữ liệu|giao tiếp|giao tiếp nói|giám sát|giải quyết vấn đề phức tạp|học chủ động|khả năng thích ứng|làm việc nhóm|lãnh đạo|lập kế hoạch chiến lược|lắng nghe tích cực|phán đoán & ra quyết định|phân tích hệ thống|quản lý dự án|quản lý nhóm|quản lý thời gian|ra quyết định|tư duy phản biện|viết|đánh giá hệ thống|đọc hiểu,"[0.239, 0.544, 0.264, 0.341, 0.431, 0.964]",CNTT/Dữ liệu|giao tiếp|giao tiếp nói|giám sát|giải quyết vấn đề phức tạp|học chủ động|khả năng thích ứng|làm việc nhóm|lãnh đạo|lập kế hoạch chiến lược|lắng nghe tích cực|phán đoán & ra quyết định|phân tích hệ thống|quản lý dự án|quản lý nhóm|quản lý thời gian|ra quyết định|tư duy phản biện|viết|đánh giá hệ thống|đọc hiểu
15-1299.04,Kiểm tra độ thâm nhập,Đánh giá an ninh hệ thống mạng bằng cách tiến hành các cuộc tấn công mạng nội bộ và bên ngoài mô phỏng bằng cách sử dụng các công cụ và kỹ thuật đối thủ. Cố gắng xâm nhập và khai thác các hệ thống quan trọng và truy cập vào thông tin nhạy cảm để đánh giá an ninh hệ thống.,giao tiếp|khả năng thích ứng|làm việc nhóm|quản lý thời gian|tư duy phản biện,"[0.557, 0.739, 0.183, 0.281, 0.297, 0.736]",giao tiếp|khả năng thích ứng|làm việc nhóm|quản lý thời gian|tư duy phản biện
15-1299.05,Kỹ sư an ninh thông tin,"Phát triển và giám sát việc thực hiện các thủ tục và chính sách bảo mật thông tin. Xây dựng, duy trì và nâng cấp công nghệ bảo mật, chẳng hạn như tường lửa, để sử dụng an toàn các mạng máy tính và truyền tải và lấy lại thông tin. Thiết kế và thực hiện các kiểm soát an ninh thích hợp để xác định các lỗ hổng và bảo vệ các tệp kỹ thuật số và cơ sở hạ tầng điện tử. Theo dõi và phản ứng với các vi phạm an ninh máy tính, virus và xâm nhập, và thực hiện điều tra pháp y. Có thể giám sát việc đánh giá các hệ thống bảo mật thông tin.",CNTT/Dữ liệu|giao tiếp|giao tiếp nói|giám sát|giải quyết vấn đề phức tạp|hướng dẫn|học chủ động|khả năng thích ứng|làm việc nhóm|lập trình|lắng nghe tích cực|phán đoán & ra quyết định|phân tích hệ thống|phân tích kiểm soát chất lượng|quản lý thời gian|tư duy phản biện|viết|đánh giá hệ thống|đọc hiểu,"[0.606, 0.787, 0.187, 0.264, 0.38, 0.863]",CNTT/Dữ liệu|giao tiếp|giao tiếp nói|giám sát|giải quyết vấn đề phức tạp|hướng dẫn|học chủ động|khả năng thích ứng|làm việc nhóm|lập trình|lắng nghe tích cực|phán đoán & ra quyết định|phân tích hệ thống|phân tích kiểm soát chất lượng|quản lý thời gian|tư duy phản biện|viết|đánh giá hệ thống|đọc hiểu
15-1299.06,Các nhà phân tích pháp y số,"Thực hiện các cuộc điều tra về các tội phạm dựa trên máy tính xác định bằng chứng tài liệu hoặc vật lý, chẳng hạn như phương tiện truyền thông kỹ thuật số và nhật ký liên quan đến các vụ xâm nhập mạng. Phân tích bằng chứng kỹ thuật số và điều tra các sự cố bảo mật máy tính để lấy thông tin hỗ trợ giảm thiểu lỗ hổng hệ thống và mạng. Bảo tồn và trình bày bằng chứng liên quan đến máy tính để hỗ trợ các cuộc điều tra hình sự, gian lận, phản gián hoặc thực thi pháp luật.",giao tiếp|khả năng thích ứng|làm việc nhóm|quản lý thời gian|tư duy phản biện,"[0.454, 0.871, 0.244, 0.24, 0.386, 0.864]",giao tiếp|khả năng thích ứng|làm việc nhóm|quản lý thời gian|tư duy phản biện
15-1299.07,Các kỹ sư Blockchain,"Giữ và hỗ trợ các mạng dựa trên blockchain phân tán và phi tập trung hoặc các ứng dụng blockchain như trao đổi tiền điện tử, xử lý thanh toán, chia sẻ tài liệu và bỏ phiếu kỹ thuật số. Thiết kế và triển khai các mô hình và giải pháp thiết kế blockchain an toàn trên các mạng phân phối địa lý bằng cách sử dụng công nghệ tiên tiến. Có thể hỗ trợ thiết lập cơ sở hạ tầng và thử nghiệm để minh bạch và bảo mật ứng dụng.",giao tiếp|khả năng thích ứng|làm việc nhóm|quản lý thời gian|tư duy phản biện,"[0.486, 0.754, 0.296, 0.224, 0.484, 0.813]",giao tiếp|khả năng thích ứng|làm việc nhóm|quản lý thời gian|tư duy phản biện
15-1299.08,Kỹ sư / Kiến trúc sư hệ thống máy tính,"Thiết kế và phát triển các giải pháp cho các vấn đề ứng dụng phức tạp, vấn đề quản lý hệ thống hoặc mối quan tâm mạng.",CNTT/Dữ liệu|chú ý đến chi tiết|giao tiếp|giao tiếp nói|giám sát|giải quyết vấn đề kỹ thuật|giải quyết vấn đề phức tạp|học chủ động|khả năng thích ứng|kỹ năng máy tính|làm việc nhóm|lập trình|lắng nghe tích cực|phán đoán & ra quyết định|phân tích dữ liệu|phân tích hệ thống|phân tích vận hành|quản lý thời gian|tư duy logic|tư duy phản biện|viết|đánh giá hệ thống|đọc hiểu,"[0.619, 0.824, 0.281, 0.291, 0.401, 0.774]",CNTT/Dữ liệu|chú ý đến chi tiết|giao tiếp|giao tiếp nói|giám sát|giải quyết vấn đề kỹ thuật|giải quyết vấn đề phức tạp|học chủ động|khả năng thích ứng|kỹ năng máy tính|làm việc nhóm|lập trình|lắng nghe tích cực|phán đoán & ra quyết định|phân tích dữ liệu|phân tích hệ thống|phân tích vận hành|quản lý thời gian|tư duy logic|tư duy phản biện|viết|đánh giá hệ thống|đọc hiểu
15-1299.09,Người quản lý dự án công nghệ thông tin,"Kế hoạch, khởi động và quản lý các dự án công nghệ thông tin (IT). Lãnh đạo và hướng dẫn công việc của nhân viên kỹ thuật. Giữ vai trò liên kết giữa các khía cạnh kinh doanh và kỹ thuật của các dự án. Kế hoạch các giai đoạn dự án và đánh giá các tác động kinh doanh cho mỗi giai đoạn. Theo dõi tiến bộ để đảm bảo thời hạn, tiêu chuẩn và mục tiêu chi phí được đáp ứng.",CNTT/Dữ liệu|chú ý đến chi tiết|giao tiếp|giao tiếp nói|giám sát|giải quyết vấn đề kỹ thuật|giải quyết vấn đề phức tạp|học chủ động|khả năng thích ứng|kỹ năng máy tính|làm việc nhóm|lãnh đạo|lập kế hoạch chiến lược|lắng nghe tích cực|nhạy bén xã hội|phân tích dữ liệu|phối hợp|quản lý dự án|quản lý nguồn nhân lực|quản lý nhóm|quản lý thời gian|ra quyết định|tư duy logic|tư duy phản biện|viết|đọc hiểu,"[0.246, 0.526, 0.261, 0.38, 0.86, 0.756]",CNTT/Dữ liệu|chú ý đến chi tiết|giao tiếp|giao tiếp nói|giám sát|giải quyết vấn đề kỹ thuật|giải quyết vấn đề phức tạp|học chủ động|khả năng thích ứng|kỹ năng máy tính|làm việc nhóm|lãnh đạo|lập kế hoạch chiến lược|lắng nghe tích cực|nhạy bén xã hội|phân tích dữ liệu|phối hợp|quản lý dự án|quản lý nguồn nhân lực|quản lý nhóm|quản lý thời gian|ra quyết định|tư duy logic|tư duy phản biện|viết|đọc hiểu
15-2011.00,Các nhà môi giới,"Phân tích dữ liệu thống kê, chẳng hạn như tỷ lệ tử vong, tai nạn, bệnh tật, khuyết tật và tỷ lệ nghỉ hưu và xây dựng bảng xác suất để dự đoán rủi ro và trách nhiệm thanh toán lợi ích trong tương lai. Có thể xác định lãi suất bảo hiểm cần thiết và dự trữ tiền mặt cần thiết để đảm bảo thanh toán lợi ích trong tương lai.",CNTT/Dữ liệu|giao tiếp|giao tiếp nói|giải quyết vấn đề phức tạp|học chủ động|khả năng thích ứng|làm việc nhóm|lắng nghe tích cực|phán đoán & ra quyết định|phân tích hệ thống|quản lý thời gian|toán học|tư duy phản biện|viết|đánh giá hệ thống|đọc hiểu,"[0.259, 0.634, 0.169, 0.353, 0.487, 0.891]",CNTT/Dữ liệu|giao tiếp|giao tiếp nói|giải quyết vấn đề phức tạp|học chủ động|khả năng thích ứng|làm việc nhóm|lắng nghe tích cực|phán đoán & ra quyết định|phân tích hệ thống|quản lý thời gian|toán học|tư duy phản biện|viết|đánh giá hệ thống|đọc hiểu
15-2021.00,Các nhà toán học,"Thực hiện nghiên cứu về toán học cơ bản hoặc áp dụng các kỹ thuật toán học cho khoa học, quản lý và các lĩnh vực khác. Giải quyết các vấn đề trong nhiều lĩnh vực bằng cách sử dụng phương pháp toán học.",CNTT/Dữ liệu|chiến lược học tập|giao tiếp|giao tiếp nói|giải quyết vấn đề phức tạp|hướng dẫn|học chủ động|khoa học|khả năng thích ứng|làm việc nhóm|lắng nghe tích cực|phán đoán & ra quyết định|phân tích hệ thống|quản lý thời gian|toán học|tư duy phản biện|viết|đọc hiểu,"[0.429, 1.0, 0.461, 0.281, 0.166, 0.753]",CNTT/Dữ liệu|chiến lược học tập|giao tiếp|giao tiếp nói|giải quyết vấn đề phức tạp|hướng dẫn|học chủ động|khoa học|khả năng thích ứng|làm việc nhóm|lắng nghe tích cực|phán đoán & ra quyết định|phân tích hệ thống|quản lý thời gian|toán học|tư duy phản biện|viết|đọc hiểu
15-2031.00,Các nhà phân tích nghiên cứu hoạt động,"Xây dựng và áp dụng mô hình hóa toán học và các phương pháp tối ưu hóa khác để phát triển và giải thích thông tin hỗ trợ quản lý trong việc ra quyết định, xây dựng chính sách hoặc các chức năng quản lý khác. Có thể thu thập và phân tích dữ liệu và phát triển phần mềm, dịch vụ hoặc sản phẩm hỗ trợ quyết định. Có thể phát triển và cung cấp các mạng lưới thời gian, chi phí hoặc hậu cần tối ưu cho việc đánh giá, xem xét hoặc thực hiện chương trình.",CNTT/Dữ liệu|giao tiếp|giao tiếp nói|giải quyết vấn đề phức tạp|học chủ động|khả năng thích ứng|làm việc nhóm|lắng nghe tích cực|phán đoán & ra quyết định|phân tích vận hành|quản lý thời gian|toán học|tư duy phản biện|viết|đánh giá hệ thống|đọc hiểu,"[0.274, 0.894, 0.306, 0.291, 0.446, 0.824]",CNTT/Dữ liệu|giao tiếp|giao tiếp nói|giải quyết vấn đề phức tạp|học chủ động|khả năng thích ứng|làm việc nhóm|lắng nghe tích cực|phán đoán & ra quyết định|phân tích vận hành|quản lý thời gian|toán học|tư duy phản biện|viết|đánh giá hệ thống|đọc hiểu
15-2041.00,Các nhà thống kê,"Phát triển hoặc áp dụng lý thuyết và phương pháp toán học hoặc thống kê để thu thập, tổ chức, giải thích và tóm tắt dữ liệu số để cung cấp thông tin có thể sử dụng. Có thể chuyên về các lĩnh vực như thống kê sinh học, thống kê nông nghiệp, số liệu thống kê kinh doanh hoặc số liệu số liệu kinh tế. Bao gồm các nhà thống kê toán học và khảo sát.",CNTT/Dữ liệu|giao tiếp|giao tiếp nói|giải quyết vấn đề phức tạp|học chủ động|khoa học|khả năng thích ứng|làm việc nhóm|lắng nghe tích cực|phán đoán & ra quyết định|phân tích vận hành|quản lý thời gian|toán học|tư duy phản biện|viết|đọc hiểu,"[0.296, 0.947, 0.251, 0.241, 0.26, 0.847]",CNTT/Dữ liệu|giao tiếp|giao tiếp nói|giải quyết vấn đề phức tạp|học chủ động|khoa học|khả năng thích ứng|làm việc nhóm|lắng nghe tích cực|phán đoán & ra quyết định|phân tích vận hành|quản lý thời gian|toán học|tư duy phản biện|viết|đọc hiểu
15-2041.01,Các nhà thống kê sinh học,Phát triển và áp dụng lý thuyết và phương pháp thống kê sinh học để nghiên cứu khoa học sinh học.,CNTT/Dữ liệu|giao tiếp|giao tiếp nói|giải quyết vấn đề phức tạp|hướng dẫn|học chủ động|khoa học|khả năng thích ứng|làm việc nhóm|lập trình|lắng nghe tích cực|phán đoán & ra quyết định|quản lý thời gian|toán học|tư duy phản biện|viết|đọc hiểu,"[0.369, 1.0, 0.379, 0.381, 0.266, 0.676]",CNTT/Dữ liệu|giao tiếp|giao tiếp nói|giải quyết vấn đề phức tạp|hướng dẫn|học chủ động|khoa học|khả năng thích ứng|làm việc nhóm|lập trình|lắng nghe tích cực|phán đoán & ra quyết định|quản lý thời gian|toán học|tư duy phản biện|viết|đọc hiểu
15-2051.00,Các nhà khoa học dữ liệu,"Phát triển và thực hiện một tập hợp các kỹ thuật hoặc ứng dụng phân tích để biến dữ liệu thô thành thông tin có ý nghĩa bằng cách sử dụng ngôn ngữ lập trình định hướng dữ liệu và phần mềm trực quan hóa. Sử dụng khai thác dữ liệu, mô hình hóa dữ liệu , xử lý ngôn ngữ tự nhiên và học máy để trích xuất và phân tích thông tin từ các bộ dữ liệu có cấu trúc và không có cấu hình lớn. Hình ảnh, giải thích và báo cáo kết quả dữ liệu. Có thể tạo ra báo cáo dữ liệu động.",giao tiếp|khả năng thích ứng|làm việc nhóm|quản lý thời gian|tư duy phản biện,"[0.309, 0.999, 0.37, 0.237, 0.244, 0.771]",giao tiếp|khả năng thích ứng|làm việc nhóm|quản lý thời gian|tư duy phản biện
15-2051.01,Các nhà phân tích thông minh kinh doanh,Tạo thông tin tài chính và thị trường bằng cách truy vấn các kho lưu trữ dữ liệu và tạo báo cáo định kỳ.,CNTT/Dữ liệu|giao tiếp|giao tiếp nói|giải quyết vấn đề phức tạp|học chủ động|khả năng thích ứng|làm việc nhóm|lắng nghe tích cực|phán đoán & ra quyết định|phân tích hệ thống|quản lý thời gian|toán học|tư duy phản biện|viết|đánh giá hệ thống|đọc hiểu,"[0.16, 0.78, 0.279, 0.269, 0.637, 0.801]",CNTT/Dữ liệu|giao tiếp|giao tiếp nói|giải quyết vấn đề phức tạp|học chủ động|khả năng thích ứng|làm việc nhóm|lắng nghe tích cực|phán đoán & ra quyết định|phân tích hệ thống|quản lý thời gian|toán học|tư duy phản biện|viết|đánh giá hệ thống|đọc hiểu
15-2051.02,Người quản lý dữ liệu lâm sàng,"Sử dụng kiến thức về chăm sóc sức khỏe và quản lý cơ sở dữ liệu để phân tích dữ liệu lâm sàng, và xác định và báo cáo xu hướng.",CNTT/Dữ liệu|giao tiếp|giao tiếp nói|giám sát|giải quyết vấn đề phức tạp|hướng dẫn|học chủ động|khả năng thích ứng|làm việc nhóm|lãnh đạo|lập kế hoạch chiến lược|lập trình|lắng nghe tích cực|phán đoán & ra quyết định|quản lý dự án|quản lý nhóm|quản lý thời gian|ra quyết định|toán học|tư duy phản biện|viết|đọc hiểu,"[0.184, 0.816, 0.164, 0.364, 0.471, 0.981]",CNTT/Dữ liệu|giao tiếp|giao tiếp nói|giám sát|giải quyết vấn đề phức tạp|hướng dẫn|học chủ động|khả năng thích ứng|làm việc nhóm|lãnh đạo|lập kế hoạch chiến lược|lập trình|lắng nghe tích cực|phán đoán & ra quyết định|quản lý dự án|quản lý nhóm|quản lý thời gian|ra quyết định|toán học|tư duy phản biện|viết|đọc hiểu
15-2099.00,"Nghề khoa học toán học, Khác",Thực hiện các nhiệm vụ đa dạng không được bao gồm trong các danh mục nghề nghiệp cụ thể khác trong lĩnh vực này.,Khác|Tổng quát|giao tiếp|khác|khả năng thích ứng|làm việc nhóm|quản lý thời gian|tư duy phản biện|tổng quát|đa dạng,"[0.463, 0.767, 0.288, 0.325, 0.4, 0.809]",Khác|Tổng quát|giao tiếp|khác|khả năng thích ứng|làm việc nhóm|quản lý thời gian|tư duy phản biện|tổng quát|đa dạng
15-2099.01,Các kỹ thuật viên Bioinformatics,"Sử dụng các nguyên tắc và phương pháp của sinh học thông tin để hỗ trợ các nhà khoa học trong các lĩnh vực như dược phẩm, công nghệ y tế, sinh công nghệ, sinh học tính toán, proteomics, khoa học dữ liệu máy tính, sinh lý và thông tin y tế. Sử dụng các công cụ thông tin sinh học để hình dung, phân tích, thao tác hoặc giải thích dữ liệu phân tử. Có thể xây dựng và duy trì cơ sở dữ liệu để xử lý và phân tích thông tin sinh học hoặc các thông tin khác.",CNTT/Dữ liệu|chú ý đến chi tiết|giao tiếp|giao tiếp nói|giám sát|giải quyết vấn đề kỹ thuật|giải quyết vấn đề phức tạp|học chủ động|khả năng thích ứng|kỹ năng máy tính|làm việc nhóm|lắng nghe tích cực|phán đoán & ra quyết định|phân tích dữ liệu|phân tích hệ thống|quản lý thời gian|toán học|tư duy logic|tư duy phản biện|viết|đánh giá hệ thống|đọc hiểu,"[0.544, 0.917, 0.226, 0.241, 0.143, 0.863]",CNTT/Dữ liệu|chú ý đến chi tiết|giao tiếp|giao tiếp nói|giám sát|giải quyết vấn đề kỹ thuật|giải quyết vấn đề phức tạp|học chủ động|khả năng thích ứng|kỹ năng máy tính|làm việc nhóm|lắng nghe tích cực|phán đoán & ra quyết định|phân tích dữ liệu|phân tích hệ thống|quản lý thời gian|toán học|tư duy logic|tư duy phản biện|viết|đánh giá hệ thống|đọc hiểu
17-1011.00,"Kiến trúc sư, ngoại trừ cảnh quan và hải quân","Kế hoạch và thiết kế các cấu trúc, chẳng hạn như nhà ở tư nhân, tòa nhà văn phòng, rạp chiếu phim, nhà máy và các tài sản cấu trúc khác.",Kỹ sư|giao tiếp|giao tiếp nói|giám sát|giải quyết vấn đề phức tạp|học chủ động|khả năng thích ứng|làm việc nhóm|lắng nghe tích cực|phán đoán & ra quyết định|phân tích vận hành|phối hợp|quản lý thời gian|toán học|tư duy phản biện|viết|đọc hiểu,"[0.744, 0.597, 0.65, 0.359, 0.493, 0.589]",Kỹ sư|giao tiếp|giao tiếp nói|giám sát|giải quyết vấn đề phức tạp|học chủ động|khả năng thích ứng|làm việc nhóm|lắng nghe tích cực|phán đoán & ra quyết định|phân tích vận hành|phối hợp|quản lý thời gian|toán học|tư duy phản biện|viết|đọc hiểu
17-1012.00,Các kiến trúc sư phong cảnh,"Kế hoạch và thiết kế các khu đất cho các dự án như công viên và các cơ sở giải trí khác, sân bay, đường cao tốc, bệnh viện, trường học, phân vùng đất và các địa điểm thương mại, công nghiệp và dân cư.",Kỹ sư|giao tiếp|giao tiếp nói|giải quyết vấn đề phức tạp|học chủ động|khả năng thích ứng|làm việc nhóm|lắng nghe tích cực|phán đoán & ra quyết định|phân tích vận hành|phối hợp|quản lý thời gian|tư duy phản biện|viết|đánh giá hệ thống|đọc hiểu,"[0.774, 0.67, 0.653, 0.376, 0.523, 0.53]",Kỹ sư|giao tiếp|giao tiếp nói|giải quyết vấn đề phức tạp|học chủ động|khả năng thích ứng|làm việc nhóm|lắng nghe tích cực|phán đoán & ra quyết định|phân tích vận hành|phối hợp|quản lý thời gian|tư duy phản biện|viết|đánh giá hệ thống|đọc hiểu
17-1021.00,Các nhà vẽ bản đồ và nhiếp ảnh gia,"Nghiên cứu, nghiên cứu và chuẩn bị các bản đồ và dữ liệu không gian khác dưới dạng kỹ thuật số hoặc đồ họa cho một hoặc nhiều mục đích, chẳng hạn như mục đích pháp lý, xã hội, chính trị, giáo dục và thiết kế. Có thể làm việc với Hệ thống thông tin địa lý (GIS). Có thể thiết kế và đánh giá các thuật toán, cấu trúc dữ liệu và giao diện người dùng cho hệ thống GIS và bản đồ. Có thể thu thập, phân tích và giải thích thông tin địa lý được cung cấp bằng khảo sát địa lý, ảnh từ không và dữ liệu vệ tinh.",Kỹ sư|giao tiếp|giao tiếp nói|giám sát|giải quyết vấn đề phức tạp|học chủ động|khả năng thích ứng|làm việc nhóm|lắng nghe tích cực|phán đoán & ra quyết định|quản lý thời gian|toán học|tư duy phản biện|viết|đọc hiểu,"[0.659, 0.736, 0.509, 0.253, 0.233, 0.761]",Kỹ sư|giao tiếp|giao tiếp nói|giám sát|giải quyết vấn đề phức tạp|học chủ động|khả năng thích ứng|làm việc nhóm|lắng nghe tích cực|phán đoán & ra quyết định|quản lý thời gian|toán học|tư duy phản biện|viết|đọc hiểu
17-1022.00,Các nhà khảo sát,"Làm phép đo chính xác và xác định ranh giới tài sản. Cung cấp dữ liệu liên quan đến hình dạng, đường nét, trọng lực, vị trí, độ cao hoặc kích thước của đất hoặc các đặc điểm đất trên hoặc gần bề mặt trái đất cho các mục đích kỹ thuật, vẽ bản đồ, khai thác mỏ, đánh giá đất, xây dựng và các mục tiêu khác.",Kỹ sư|chiến lược học tập|giao tiếp|giao tiếp nói|giám sát|hướng dẫn|học chủ động|khả năng thích ứng|làm việc nhóm|lắng nghe tích cực|phối hợp|quản lý nguồn nhân lực|quản lý thời gian|toán học|tư duy phản biện|viết|đọc hiểu,"[0.734, 0.689, 0.253, 0.236, 0.276, 0.783]",Kỹ sư|chiến lược học tập|giao tiếp|giao tiếp nói|giám sát|hướng dẫn|học chủ động|khả năng thích ứng|làm việc nhóm|lắng nghe tích cực|phối hợp|quản lý nguồn nhân lực|quản lý thời gian|toán học|tư duy phản biện|viết|đọc hiểu
17-1022.01,Các nhà khảo sát địa chất,"Đo các diện tích lớn của bề mặt Trái đất bằng cách sử dụng quan sát vệ tinh, hệ thống vệ tinh điều hướng toàn cầu (GNSS), phát hiện ánh sáng và phạm vi (LIDAR), hoặc các nguồn liên quan.",Kỹ sư|giao tiếp|giao tiếp nói|giám sát|giải quyết vấn đề phức tạp|học chủ động|khoa học|khả năng thích ứng|làm việc nhóm|lắng nghe tích cực|phán đoán & ra quyết định|quản lý thời gian|toán học|tư duy phản biện|viết|đọc hiểu,"[0.804, 0.771, 0.203, 0.226, 0.234, 0.786]",Kỹ sư|giao tiếp|giao tiếp nói|giám sát|giải quyết vấn đề phức tạp|học chủ động|khoa học|khả năng thích ứng|làm việc nhóm|lắng nghe tích cực|phán đoán & ra quyết định|quản lý thời gian|toán học|tư duy phản biện|viết|đọc hiểu
17-2011.00,Kỹ sư hàng không vũ trụ,"Thực hiện nhiệm vụ kỹ thuật trong việc thiết kế, xây dựng và thử nghiệm máy bay, tên lửa và tàu vũ trụ. Có thể tiến hành nghiên cứu cơ bản và ứng dụng để đánh giá khả năng thích nghi của vật liệu và thiết bị cho thiết kế và sản xuất máy bay. Có thể đề nghị cải tiến thiết bị và kỹ thuật thử nghiệm.",Kỹ sư|giao tiếp|giao tiếp nói|giám sát|giải quyết vấn đề phức tạp|học chủ động|khoa học|khả năng thích ứng|làm việc nhóm|lắng nghe tích cực|phân tích hệ thống|phân tích vận hành|quản lý thời gian|toán học|tư duy phản biện|viết|đọc hiểu,"[0.767, 0.877, 0.35, 0.183, 0.369, 0.661]",Kỹ sư|giao tiếp|giao tiếp nói|giám sát|giải quyết vấn đề phức tạp|học chủ động|khoa học|khả năng thích ứng|làm việc nhóm|lắng nghe tích cực|phân tích hệ thống|phân tích vận hành|quản lý thời gian|toán học|tư duy phản biện|viết|đọc hiểu
17-2021.00,Kỹ sư nông nghiệp,"Sử dụng kiến thức về công nghệ kỹ thuật và khoa học sinh học cho các vấn đề nông nghiệp liên quan đến năng lượng và máy móc, điện hóa, cấu trúc, bảo tồn đất và nước và chế biến sản phẩm nông nghiệp.",Kỹ sư|giao tiếp|giao tiếp nói|giải quyết vấn đề phức tạp|học chủ động|khả năng thích ứng|làm việc nhóm|lắng nghe tích cực|phán đoán & ra quyết định|phân tích hệ thống|quản lý thời gian|toán học|tư duy phản biện|viết|đánh giá hệ thống|đọc hiểu,"[0.881, 0.897, 0.314, 0.246, 0.37, 0.561]",Kỹ sư|giao tiếp|giao tiếp nói|giải quyết vấn đề phức tạp|học chủ động|khả năng thích ứng|làm việc nhóm|lắng nghe tích cực|phán đoán & ra quyết định|phân tích hệ thống|quản lý thời gian|toán học|tư duy phản biện|viết|đánh giá hệ thống|đọc hiểu
17-2031.00,Các kỹ sư sinh học và kỹ sư y tế sinh học,"Sử dụng kiến thức về kỹ thuật, sinh học, hóa học, khoa học máy tính và các nguyên tắc sinh học để thiết kế, phát triển và đánh giá các hệ thống sinh thái, nông nghiệp và các sản phẩm y tế, chẳng hạn như các cơ quan nhân tạo, giả mạo, dụng cụ, hệ thống thông tin y tế và hệ thống quản lý và cung cấp chăm sóc sức khỏe.",Kỹ sư|chú ý đến chi tiết|chăm sóc bệnh nhân|giao tiếp|giao tiếp nói|giao tiếp với bệnh nhân|giám sát|giải quyết vấn đề phức tạp|hướng dẫn|học chủ động|khoa học|khả năng thích ứng|làm việc dưới áp lực|làm việc nhóm|lắng nghe tích cực|phán đoán & ra quyết định|phân tích vận hành|quản lý thời gian|toán học|tư duy phản biện|viết|đánh giá hệ thống|đọc hiểu|đồng cảm,"[0.796, 1.0, 0.329, 0.416, 0.226, 0.54]",Kỹ sư|chú ý đến chi tiết|chăm sóc bệnh nhân|giao tiếp|giao tiếp nói|giao tiếp với bệnh nhân|giám sát|giải quyết vấn đề phức tạp|hướng dẫn|học chủ động|khoa học|khả năng thích ứng|làm việc dưới áp lực|làm việc nhóm|lắng nghe tích cực|phán đoán & ra quyết định|phân tích vận hành|quản lý thời gian|toán học|tư duy phản biện|viết|đánh giá hệ thống|đọc hiểu|đồng cảm
17-2041.00,Kỹ sư hóa học,"Thiết kế thiết bị nhà máy hóa học và thiết kế các quy trình để sản xuất hóa chất và sản phẩm, chẳng hạn như xăng, cao su tổng hợp, nhựa, chất tẩy rửa, xi măng, giấy và bột, bằng cách áp dụng các nguyên tắc và công nghệ hóa học, vật lý và kỹ thuật.",Kỹ sư|giao tiếp|giao tiếp nói|giám sát|giải quyết vấn đề phức tạp|học chủ động|khoa học|khả năng thích ứng|làm việc nhóm|lắng nghe tích cực|phán đoán & ra quyết định|phân tích hệ thống|phân tích kiểm soát chất lượng|phân tích vận hành|quản lý thời gian|toán học|tư duy phản biện|viết|đánh giá hệ thống|đọc hiểu,"[0.897, 0.819, 0.251, 0.151, 0.261, 0.659]",Kỹ sư|giao tiếp|giao tiếp nói|giám sát|giải quyết vấn đề phức tạp|học chủ động|khoa học|khả năng thích ứng|làm việc nhóm|lắng nghe tích cực|phán đoán & ra quyết định|phân tích hệ thống|phân tích kiểm soát chất lượng|phân tích vận hành|quản lý thời gian|toán học|tư duy phản biện|viết|đánh giá hệ thống|đọc hiểu
17-2051.00,Kỹ sư dân sự,"Thực hiện các nhiệm vụ kỹ thuật trong việc lập kế hoạch, thiết kế và giám sát xây dựng và bảo trì các cấu trúc và cơ sở xây dựng, chẳng hạn như đường bộ, đường sắt, sân bay, cầu, cảng, kênh đào, đập, dự án tưới nước, đường ống, nhà máy điện và hệ thống nước và nước thải.",Kỹ sư|giao tiếp|giao tiếp nói|giám sát|giải quyết vấn đề phức tạp|học chủ động|khoa học|khả năng thích ứng|làm việc nhóm|lắng nghe tích cực|phán đoán & ra quyết định|phân tích hệ thống|phân tích vận hành|quản lý thời gian|toán học|tư duy phản biện|viết|đánh giá hệ thống|đọc hiểu,"[0.909, 0.73, 0.307, 0.256, 0.414, 0.661]",Kỹ sư|giao tiếp|giao tiếp nói|giám sát|giải quyết vấn đề phức tạp|học chủ động|khoa học|khả năng thích ứng|làm việc nhóm|lắng nghe tích cực|phán đoán & ra quyết định|phân tích hệ thống|phân tích vận hành|quản lý thời gian|toán học|tư duy phản biện|viết|đánh giá hệ thống|đọc hiểu
17-2051.01,Kỹ sư vận tải,"Phát triển kế hoạch cho các dự án vận tải bề mặt, theo các tiêu chuẩn kỹ thuật đã được thiết lập và chính sách xây dựng của tiểu bang hoặc liên bang. Chuẩn bị thiết kế, thông số kỹ thuật hoặc ước tính cho các cơ sở vận chuyển. Lập kế hoạch sửa đổi các đường phố, đường cao tốc hoặc cao tốc hiện có để cải thiện lưu lượng giao thông.",Kỹ sư|giao tiếp|giao tiếp nói|giải quyết vấn đề phức tạp|học chủ động|khả năng thích ứng|làm việc nhóm|lắng nghe tích cực|phán đoán & ra quyết định|phân tích vận hành|quản lý thời gian|toán học|tư duy phản biện|viết|đánh giá hệ thống|đọc hiểu,"[0.796, 0.689, 0.296, 0.28, 0.434, 0.673]",Kỹ sư|giao tiếp|giao tiếp nói|giải quyết vấn đề phức tạp|học chủ động|khả năng thích ứng|làm việc nhóm|lắng nghe tích cực|phán đoán & ra quyết định|phân tích vận hành|quản lý thời gian|toán học|tư duy phản biện|viết|đánh giá hệ thống|đọc hiểu
17-2051.02,Các kỹ sư nước / nước thải,"Thiết kế hoặc giám sát các dự án liên quan đến việc cung cấp nước sạch, xử lý nước thải và nước thải hoặc ngăn ngừa thiệt hại liên quan tới lũ lụt. Chuẩn bị tài liệu môi trường cho tài nguyên nước, tuân thủ chương trình quy định, quản lý và phân tích dữ liệu và công việc thực địa. Thực hiện mô hình hóa thủy lực và thiết kế đường ống.",Kỹ sư|giao tiếp|giao tiếp nói|giám sát|giải quyết vấn đề phức tạp|học chủ động|khoa học|khả năng thích ứng|làm việc nhóm|lắng nghe tích cực|phán đoán & ra quyết định|phân tích hệ thống|quản lý thời gian|toán học|tư duy phản biện|viết|đánh giá hệ thống|đọc hiểu,"[0.803, 0.764, 0.264, 0.251, 0.414, 0.647]",Kỹ sư|giao tiếp|giao tiếp nói|giám sát|giải quyết vấn đề phức tạp|học chủ động|khoa học|khả năng thích ứng|làm việc nhóm|lắng nghe tích cực|phán đoán & ra quyết định|phân tích hệ thống|quản lý thời gian|toán học|tư duy phản biện|viết|đánh giá hệ thống|đọc hiểu
17-2061.00,Kỹ sư phần cứng máy tính,"Nghiên cứu, thiết kế, phát triển hoặc thử nghiệm máy tính hoặc thiết bị liên quan đến máy tính để sử dụng thương mại, công nghiệp, quân sự hoặc khoa học. Có thể giám sát việc sản xuất và lắp đặt thiết bị máy tính hoặc các bộ phận liên quan đến máy tính.",Kỹ sư|chú ý đến chi tiết|giao tiếp|giao tiếp nói|giải quyết vấn đề kỹ thuật|giải quyết vấn đề phức tạp|hướng dẫn|học chủ động|khả năng thích ứng|kỹ năng máy tính|làm việc nhóm|lắng nghe tích cực|phán đoán & ra quyết định|phân tích dữ liệu|phân tích hệ thống|phân tích vận hành|quản lý thời gian|tư duy logic|tư duy phản biện|viết|đánh giá hệ thống|đọc hiểu,"[0.827, 0.806, 0.263, 0.256, 0.269, 0.754]",Kỹ sư|chú ý đến chi tiết|giao tiếp|giao tiếp nói|giải quyết vấn đề kỹ thuật|giải quyết vấn đề phức tạp|hướng dẫn|học chủ động|khả năng thích ứng|kỹ năng máy tính|làm việc nhóm|lắng nghe tích cực|phán đoán & ra quyết định|phân tích dữ liệu|phân tích hệ thống|phân tích vận hành|quản lý thời gian|tư duy logic|tư duy phản biện|viết|đánh giá hệ thống|đọc hiểu
17-2071.00,Kỹ sư điện,"Nghiên cứu, thiết kế, phát triển, thử nghiệm hoặc giám sát việc sản xuất và lắp đặt thiết bị, thành phần hoặc hệ thống điện để sử dụng thương mại, công nghiệp, quân sự hoặc khoa học.",Kỹ sư|giao tiếp|giao tiếp nói|giám sát|giải quyết vấn đề phức tạp|học chủ động|khoa học|khả năng thích ứng|làm việc nhóm|lắng nghe tích cực|quản lý thời gian|toán học|tư duy phản biện|viết|đánh giá hệ thống|đọc hiểu,"[0.907, 0.759, 0.287, 0.224, 0.33, 0.716]",Kỹ sư|giao tiếp|giao tiếp nói|giám sát|giải quyết vấn đề phức tạp|học chủ động|khoa học|khả năng thích ứng|làm việc nhóm|lắng nghe tích cực|quản lý thời gian|toán học|tư duy phản biện|viết|đánh giá hệ thống|đọc hiểu
17-2072.00,"Kỹ sư điện tử, ngoại trừ máy tính","Nghiên cứu, thiết kế, phát triển hoặc kiểm tra các thành phần và hệ thống điện tử cho sử dụng thương mại, công nghiệp, quân sự hoặc khoa học sử dụng kiến thức về lý thuyết điện tử và các tính chất vật liệu. Thiết kế các mạch điện tử và các bộ phận để sử dụng trong các lĩnh vực như viễn thông, hướng dẫn không gian hàng không và điều khiển đẩy, âm thanh hoặc các công cụ và kiểm soát.",Kỹ sư|chú ý đến chi tiết|giao tiếp|giao tiếp nói|giám sát|giải quyết vấn đề kỹ thuật|giải quyết vấn đề phức tạp|học chủ động|khả năng thích ứng|kỹ năng máy tính|làm việc nhóm|lắng nghe tích cực|phán đoán & ra quyết định|phân tích dữ liệu|phân tích hệ thống|phân tích kiểm soát chất lượng|quản lý thời gian|toán học|tư duy logic|tư duy phản biện|viết|đánh giá hệ thống|đọc hiểu,"[0.89, 0.829, 0.29, 0.227, 0.231, 0.669]",Kỹ sư|chú ý đến chi tiết|giao tiếp|giao tiếp nói|giám sát|giải quyết vấn đề kỹ thuật|giải quyết vấn đề phức tạp|học chủ động|khả năng thích ứng|kỹ năng máy tính|làm việc nhóm|lắng nghe tích cực|phán đoán & ra quyết định|phân tích dữ liệu|phân tích hệ thống|phân tích kiểm soát chất lượng|quản lý thời gian|toán học|tư duy logic|tư duy phản biện|viết|đánh giá hệ thống|đọc hiểu
17-2072.01,Các chuyên gia thiết bị xác định tần số vô tuyến,Thiết kế và triển khai hệ thống thiết bị xác định tần số vô tuyến (RFID) được sử dụng để theo dõi hàng hóa hoặc hàng hóa.,Kỹ sư|giao tiếp|giao tiếp nói|giám sát|giải quyết vấn đề phức tạp|hướng dẫn|học chủ động|khả năng thích ứng|làm việc nhóm|lắng nghe tích cực|phán đoán & ra quyết định|phân tích hệ thống|phối hợp|quản lý thời gian|thuyết phục|toán học|tư duy phản biện|viết|đánh giá hệ thống|đọc hiểu,"[0.753, 0.687, 0.2, 0.193, 0.2, 0.769]",Kỹ sư|giao tiếp|giao tiếp nói|giám sát|giải quyết vấn đề phức tạp|hướng dẫn|học chủ động|khả năng thích ứng|làm việc nhóm|lắng nghe tích cực|phán đoán & ra quyết định|phân tích hệ thống|phối hợp|quản lý thời gian|thuyết phục|toán học|tư duy phản biện|viết|đánh giá hệ thống|đọc hiểu
17-2081.00,Kỹ sư môi trường,"Nghiên cứu, thiết kế, lập kế hoạch hoặc thực hiện nhiệm vụ kỹ thuật trong việc ngăn ngừa, kiểm soát và khắc phục các nguy cơ môi trường bằng cách sử dụng các ngành kỹ thuật khác nhau. Công việc có thể bao gồm xử lý chất thải, sửa chữa địa điểm hoặc công nghệ kiểm soát ô nhiễm.",Kỹ sư|giao tiếp|giao tiếp nói|giám sát|giải quyết vấn đề phức tạp|học chủ động|khoa học|khả năng thích ứng|làm việc nhóm|lắng nghe tích cực|phán đoán & ra quyết định|phối hợp|quản lý thời gian|toán học|tư duy phản biện|viết|đánh giá hệ thống|đọc hiểu,"[0.736, 0.873, 0.291, 0.316, 0.443, 0.613]",Kỹ sư|giao tiếp|giao tiếp nói|giám sát|giải quyết vấn đề phức tạp|học chủ động|khoa học|khả năng thích ứng|làm việc nhóm|lắng nghe tích cực|phán đoán & ra quyết định|phối hợp|quản lý thời gian|toán học|tư duy phản biện|viết|đánh giá hệ thống|đọc hiểu
17-2111.00,"Các kỹ sư sức khỏe và an toàn, ngoại trừ các kỹ sư và thanh tra an toàn mỏ","Khuyến khích an toàn nơi làm việc hoặc sản phẩm bằng cách áp dụng kiến thức về quy trình công nghiệp, cơ khí, hóa học, tâm lý học và luật về sức khỏe và an toàn công nghiệp. Bao gồm các kỹ sư an toàn sản phẩm công nghiệp",Kỹ sư|chiến lược học tập|giao tiếp|giao tiếp nói|giám sát|giải quyết vấn đề phức tạp|hướng dẫn|học chủ động|khả năng thích ứng|làm việc nhóm|lắng nghe tích cực|nhạy bén xã hội|phán đoán & ra quyết định|phân tích hệ thống|quản lý thời gian|tư duy phản biện|viết|đọc hiểu,"[0.76, 0.804, 0.149, 0.311, 0.323, 0.666]",Kỹ sư|chiến lược học tập|giao tiếp|giao tiếp nói|giám sát|giải quyết vấn đề phức tạp|hướng dẫn|học chủ động|khả năng thích ứng|làm việc nhóm|lắng nghe tích cực|nhạy bén xã hội|phán đoán & ra quyết định|phân tích hệ thống|quản lý thời gian|tư duy phản biện|viết|đọc hiểu
17-2111.02,Kỹ sư phòng cháy và bảo vệ,"Nghiên cứu nguyên nhân của đám cháy, xác định các phương pháp bảo vệ cháy, và thiết kế hoặc đề nghị các vật liệu hoặc thiết bị như các thành phần cấu trúc hoặc các thiết bị phát hiện cháy để hỗ trợ các tổ chức bảo vệ sự sống và tài sản chống lại đám lửa, vụ nổ và các mối nguy liên quan.",Kỹ sư|giao tiếp|giao tiếp nói|giải quyết vấn đề phức tạp|học chủ động|khả năng thích ứng|làm việc nhóm|lắng nghe tích cực|phán đoán & ra quyết định|phân tích hệ thống|phân tích vận hành|quản lý thời gian|tư duy phản biện|viết|đánh giá hệ thống|đọc hiểu,"[0.869, 0.754, 0.216, 0.423, 0.403, 0.61]",Kỹ sư|giao tiếp|giao tiếp nói|giải quyết vấn đề phức tạp|học chủ động|khả năng thích ứng|làm việc nhóm|lắng nghe tích cực|phán đoán & ra quyết định|phân tích hệ thống|phân tích vận hành|quản lý thời gian|tư duy phản biện|viết|đánh giá hệ thống|đọc hiểu
17-2112.00,Kỹ sư công nghiệp,"Thiết kế, phát triển, thử nghiệm và đánh giá các hệ thống tích hợp để quản lý các quy trình sản xuất công nghiệp, bao gồm các yếu tố lao động con người, kiểm soát chất lượng, kiểm tra hàng tồn kho, hậu cần và dòng chảy vật liệu, phân tích chi phí và phối hợp sản xuất.",Kỹ sư|giao tiếp|giao tiếp nói|giám sát|giải quyết vấn đề phức tạp|học chủ động|khả năng thích ứng|làm việc nhóm|lắng nghe tích cực|phán đoán & ra quyết định|phân tích hệ thống|quản lý thời gian|toán học|tư duy phản biện|viết|đánh giá hệ thống|đọc hiểu,"[0.671, 0.697, 0.236, 0.2, 0.503, 0.773]",Kỹ sư|giao tiếp|giao tiếp nói|giám sát|giải quyết vấn đề phức tạp|học chủ động|khả năng thích ứng|làm việc nhóm|lắng nghe tích cực|phán đoán & ra quyết định|phân tích hệ thống|quản lý thời gian|toán học|tư duy phản biện|viết|đánh giá hệ thống|đọc hiểu
17-2112.01,Các yếu tố con người Kỹ sư và Ergonomists,"Thiết kế các đối tượng, cơ sở vật chất và môi trường để tối ưu hóa hạnh phúc của con người và hiệu suất hệ thống tổng thể, áp dụng lý thuyết, nguyên tắc và dữ liệu liên quan đến mối quan hệ giữa con người với công nghệ tương ứng. Nghiên cứu và phân tích các đặc điểm của hành vi và hiệu suất của con người khi liên quan đến việc sử dụng công nghệ.",Kỹ sư|giao tiếp|giao tiếp nói|giám sát|giải quyết vấn đề phức tạp|học chủ động|khả năng thích ứng|làm việc nhóm|lắng nghe tích cực|phán đoán & ra quyết định|phân tích hệ thống|phân tích vận hành|quản lý thời gian|thiết kế công nghệ|toán học|tư duy phản biện|viết|đánh giá hệ thống|đọc hiểu,"[0.667, 0.889, 0.367, 0.314, 0.379, 0.606]",Kỹ sư|giao tiếp|giao tiếp nói|giám sát|giải quyết vấn đề phức tạp|học chủ động|khả năng thích ứng|làm việc nhóm|lắng nghe tích cực|phán đoán & ra quyết định|phân tích hệ thống|phân tích vận hành|quản lý thời gian|thiết kế công nghệ|toán học|tư duy phản biện|viết|đánh giá hệ thống|đọc hiểu
17-2112.02,Kỹ sư xác thực,"Thiết kế hoặc lập kế hoạch các giao thức cho thiết bị hoặc quy trình sản xuất các sản phẩm đáp ứng các yêu cầu về tinh khiết, an toàn và chất lượng bên trong và bên ngoài.",Kỹ sư|giao tiếp|giao tiếp nói|giám sát|giải quyết vấn đề phức tạp|học chủ động|khoa học|khả năng thích ứng|làm việc nhóm|lắng nghe tích cực|phán đoán & ra quyết định|phân tích vận hành|quản lý thời gian|toán học|tư duy phản biện|viết|đọc hiểu,"[0.661, 0.774, 0.207, 0.209, 0.319, 0.743]",Kỹ sư|giao tiếp|giao tiếp nói|giám sát|giải quyết vấn đề phức tạp|học chủ động|khoa học|khả năng thích ứng|làm việc nhóm|lắng nghe tích cực|phán đoán & ra quyết định|phân tích vận hành|quản lý thời gian|toán học|tư duy phản biện|viết|đọc hiểu
17-2112.03,Kỹ sư sản xuất,"Thiết kế, tích hợp hoặc cải thiện các hệ thống sản xuất hoặc các quy trình liên quan. Có thể làm việc với các nhà thiết kế thương mại hoặc công nghiệp để tinh chỉnh thiết kế sản phẩm để tăng khả năng sản xuất và giảm chi phí.",Kỹ sư|chiến lược học tập|giao tiếp|giao tiếp nói|giám sát|giải quyết vấn đề phức tạp|học chủ động|khả năng thích ứng|làm việc nhóm|lắng nghe tích cực|phán đoán & ra quyết định|phân tích hệ thống|quản lý thời gian|thiết kế công nghệ|toán học|tư duy phản biện|viết|đánh giá hệ thống|đọc hiểu,"[0.74, 0.667, 0.3, 0.216, 0.437, 0.64]",Kỹ sư|chiến lược học tập|giao tiếp|giao tiếp nói|giám sát|giải quyết vấn đề phức tạp|học chủ động|khả năng thích ứng|làm việc nhóm|lắng nghe tích cực|phán đoán & ra quyết định|phân tích hệ thống|quản lý thời gian|thiết kế công nghệ|toán học|tư duy phản biện|viết|đánh giá hệ thống|đọc hiểu
17-2121.00,Kỹ sư và kiến trúc sư hải quân,"Thiết kế, phát triển và đánh giá hoạt động của tàu biển, máy móc tàu và thiết bị liên quan, chẳng hạn như hệ thống cung cấp điện và động cơ đẩy.",Kỹ sư|giao tiếp|giao tiếp nói|giám sát|giải quyết vấn đề phức tạp|học chủ động|khoa học|khả năng thích ứng|làm việc nhóm|lắng nghe tích cực|phán đoán & ra quyết định|phối hợp|quản lý thời gian|toán học|tư duy phản biện|viết|đánh giá hệ thống|đọc hiểu,"[0.817, 0.783, 0.334, 0.204, 0.49, 0.634]",Kỹ sư|giao tiếp|giao tiếp nói|giám sát|giải quyết vấn đề phức tạp|học chủ động|khoa học|khả năng thích ứng|làm việc nhóm|lắng nghe tích cực|phán đoán & ra quyết định|phối hợp|quản lý thời gian|toán học|tư duy phản biện|viết|đánh giá hệ thống|đọc hiểu
17-2131.00,Kỹ sư vật liệu,"Đánh giá vật liệu và phát triển máy móc và quy trình để sản xuất vật liệu để sử dụng trong các sản phẩm phải đáp ứng các đặc điểm thiết kế và hiệu suất chuyên dụng. Phát triển các ứng dụng mới cho các vật liệu đã biết. Bao gồm các kỹ sư làm việc với vật liệu tổng hợp hoặc chuyên về một loại vật liệu, chẳng hạn như graphite, kim loại và hợp kim kim kim loại, gốm và kính, nhựa và polymer, và vật liệu tự nhiên. Bao gồm các nhà kim loại và kỹ sư kim loại, kỹ sư gốm, và các kỹ sư hàn.",Kỹ sư|giao tiếp|giao tiếp nói|giám sát|giải quyết vấn đề phức tạp|hướng dẫn|học chủ động|khoa học|khả năng thích ứng|làm việc nhóm|lắng nghe tích cực|phán đoán & ra quyết định|phân tích vận hành|quản lý thời gian|toán học|tư duy phản biện|viết|đọc hiểu,"[0.841, 0.833, 0.363, 0.196, 0.294, 0.587]",Kỹ sư|giao tiếp|giao tiếp nói|giám sát|giải quyết vấn đề phức tạp|hướng dẫn|học chủ động|khoa học|khả năng thích ứng|làm việc nhóm|lắng nghe tích cực|phán đoán & ra quyết định|phân tích vận hành|quản lý thời gian|toán học|tư duy phản biện|viết|đọc hiểu
17-2141.00,Kỹ sư cơ khí,"Thực hiện các nhiệm vụ kỹ thuật trong việc lập kế hoạch và thiết kế công cụ, động cơ, máy móc và thiết bị hoạt động cơ khí khác. Giám sát việc lắp đặt, vận hành, bảo trì và sửa chữa thiết bị như hệ thống nhiệt, khí đốt, nước và hơi nước tập trung.",Kỹ sư|giao tiếp|giao tiếp nói|giám sát|giải quyết vấn đề phức tạp|học chủ động|khoa học|khả năng thích ứng|làm việc nhóm|lắng nghe tích cực|phán đoán & ra quyết định|phân tích hệ thống|phân tích kiểm soát chất lượng|phân tích vận hành|quản lý thời gian|toán học|tư duy phản biện|viết|đánh giá hệ thống|đọc hiểu,"[0.943, 0.757, 0.314, 0.157, 0.251, 0.664]",Kỹ sư|giao tiếp|giao tiếp nói|giám sát|giải quyết vấn đề phức tạp|học chủ động|khoa học|khả năng thích ứng|làm việc nhóm|lắng nghe tích cực|phán đoán & ra quyết định|phân tích hệ thống|phân tích kiểm soát chất lượng|phân tích vận hành|quản lý thời gian|toán học|tư duy phản biện|viết|đánh giá hệ thống|đọc hiểu
17-2141.01,Kỹ sư pin nhiên liệu,"Thiết kế, đánh giá, sửa đổi hoặc chế tạo các thành phần hoặc hệ thống pin nhiên liệu cho các ứng dụng vận chuyển, cố định hoặc di động.",Kỹ sư|giao tiếp|giao tiếp nói|giám sát|giải quyết vấn đề phức tạp|học chủ động|khoa học|khả năng thích ứng|làm việc nhóm|lắng nghe tích cực|phán đoán & ra quyết định|phân tích hệ thống|quản lý thời gian|toán học|tư duy phản biện|viết|đánh giá hệ thống|đọc hiểu,"[0.841, 0.761, 0.231, 0.19, 0.346, 0.57]",Kỹ sư|giao tiếp|giao tiếp nói|giám sát|giải quyết vấn đề phức tạp|học chủ động|khoa học|khả năng thích ứng|làm việc nhóm|lắng nghe tích cực|phán đoán & ra quyết định|phân tích hệ thống|quản lý thời gian|toán học|tư duy phản biện|viết|đánh giá hệ thống|đọc hiểu
17-2141.02,Kỹ sư ô tô,"Phát triển thiết kế mới hoặc cải tiến cho các thành phần cấu trúc xe, động cơ, hộp số hoặc các hệ thống xe khác, sử dụng công nghệ thiết kế hỗ trợ máy tính. Xây dựng trực tiếp, sửa đổi hoặc thử nghiệm xe hoặc các bộ phận.",Kỹ sư|giao tiếp|giao tiếp nói|giải quyết vấn đề phức tạp|học chủ động|khoa học|khả năng thích ứng|làm việc nhóm|lắng nghe tích cực|phán đoán & ra quyết định|phân tích vận hành|quản lý thời gian|thiết kế công nghệ|toán học|tư duy phản biện|viết|đánh giá hệ thống|đọc hiểu,"[0.926, 0.814, 0.349, 0.184, 0.291, 0.587]",Kỹ sư|giao tiếp|giao tiếp nói|giải quyết vấn đề phức tạp|học chủ động|khoa học|khả năng thích ứng|làm việc nhóm|lắng nghe tích cực|phán đoán & ra quyết định|phân tích vận hành|quản lý thời gian|thiết kế công nghệ|toán học|tư duy phản biện|viết|đánh giá hệ thống|đọc hiểu
17-2151.00,"Các kỹ sư khai thác mỏ và địa chất, bao gồm các kỹ sư an toàn khai thác","Thực hiện các cuộc khảo sát ngầm để xác định các đặc điểm của các khu vực phát triển đất hoặc khai thác mỏ tiềm năng. Có thể xác định các hệ thống hỗ trợ mặt đất, quy trình và thiết bị cho các hoạt động khai thác hoặc xây dựng dưới lòng đất an toàn, kinh tế và môi trường. Có thể kiểm tra các khu vực cho các điều kiện địa chất không an toàn, thiết bị và điều kiện làm việc. Có thể thiết kế, thực hiện và phối hợp các chương trình an toàn mỏ.",Kỹ sư|giao tiếp|giao tiếp nói|giám sát|giải quyết vấn đề phức tạp|học chủ động|khoa học|khả năng thích ứng|làm việc nhóm|lắng nghe tích cực|phán đoán & ra quyết định|phân tích hệ thống|phân tích vận hành|quản lý thời gian|toán học|tư duy phản biện|viết|đánh giá hệ thống|đọc hiểu,"[0.867, 0.8, 0.219, 0.264, 0.393, 0.661]",Kỹ sư|giao tiếp|giao tiếp nói|giám sát|giải quyết vấn đề phức tạp|học chủ động|khoa học|khả năng thích ứng|làm việc nhóm|lắng nghe tích cực|phán đoán & ra quyết định|phân tích hệ thống|phân tích vận hành|quản lý thời gian|toán học|tư duy phản biện|viết|đánh giá hệ thống|đọc hiểu
17-2161.00,Kỹ sư hạt nhân,"Thực hiện nghiên cứu về các dự án kỹ thuật hạt nhân hoặc áp dụng các nguyên tắc và lý thuyết khoa học hạt nhân cho các vấn đề liên quan đến việc giải phóng, kiểm soát và sử dụng năng lượng hạt nhân và xử lý chất thải hạt nhân.",Kỹ sư|giao tiếp|giám sát|giám sát vận hành|giải quyết vấn đề phức tạp|học chủ động|khoa học|khả năng thích ứng|làm việc nhóm|lắng nghe tích cực|phán đoán & ra quyết định|phân tích vận hành|quản lý thời gian|toán học|tư duy phản biện|viết|đọc hiểu,"[0.714, 0.901, 0.296, 0.281, 0.369, 0.631]",Kỹ sư|giao tiếp|giám sát|giám sát vận hành|giải quyết vấn đề phức tạp|học chủ động|khoa học|khả năng thích ứng|làm việc nhóm|lắng nghe tích cực|phán đoán & ra quyết định|phân tích vận hành|quản lý thời gian|toán học|tư duy phản biện|viết|đọc hiểu
17-2171.00,Kỹ sư dầu mỏ,Thiết kế các phương pháp để cải thiện khai thác và sản xuất dầu và khí đốt và xác định nhu cầu thiết kế công cụ mới hoặc sửa đổi.,Kỹ sư|giao tiếp|giao tiếp nói|giám sát|giải quyết vấn đề phức tạp|học chủ động|khoa học|khả năng thích ứng|làm việc nhóm|lắng nghe tích cực|phán đoán & ra quyết định|phân tích hệ thống|quản lý thời gian|toán học|tư duy phản biện|viết|đọc hiểu,"[0.779, 0.75, 0.273, 0.257, 0.414, 0.63]",Kỹ sư|giao tiếp|giao tiếp nói|giám sát|giải quyết vấn đề phức tạp|học chủ động|khoa học|khả năng thích ứng|làm việc nhóm|lắng nghe tích cực|phán đoán & ra quyết định|phân tích hệ thống|quản lý thời gian|toán học|tư duy phản biện|viết|đọc hiểu
17-2199.00,"Kỹ sư, Khác",Thực hiện các nhiệm vụ đa dạng không được bao gồm trong các danh mục nghề nghiệp cụ thể khác trong lĩnh vực này.,Khác|Tổng quát|giao tiếp|khác|khả năng thích ứng|làm việc nhóm|quản lý thời gian|tư duy phản biện|tổng quát|đa dạng,"[0.863, 0.78, 0.289, 0.224, 0.289, 0.656]",Khác|Tổng quát|giao tiếp|khác|khả năng thích ứng|làm việc nhóm|quản lý thời gian|tư duy phản biện|tổng quát|đa dạng
17-2199.03,"Kỹ sư năng lượng, ngoại trừ gió và mặt trời","Thiết kế, phát triển hoặc đánh giá các dự án hoặc chương trình liên quan đến năng lượng để giảm chi phí năng lượng hoặc cải thiện hiệu quả năng lượng trong giai đoạn thiết kế, xây dựng hoặc sửa đổi xây dựng. Có thể chuyên về hệ thống điện; hệ thống sưởi ấm, thông gió và điều hòa không khí (HVAC); các tòa nhà xanh; ánh sáng; chất lượng không khí; hoặc mua năng lượng.",Kỹ sư|giao tiếp|giao tiếp nói|giám sát|giải quyết vấn đề phức tạp|học chủ động|khoa học|khả năng thích ứng|làm việc nhóm|lắng nghe tích cực|phán đoán & ra quyết định|phân tích hệ thống|phân tích vận hành|quản lý thời gian|toán học|tư duy phản biện|viết|đọc hiểu,"[0.751, 0.667, 0.293, 0.32, 0.437, 0.631]",Kỹ sư|giao tiếp|giao tiếp nói|giám sát|giải quyết vấn đề phức tạp|học chủ động|khoa học|khả năng thích ứng|làm việc nhóm|lắng nghe tích cực|phán đoán & ra quyết định|phân tích hệ thống|phân tích vận hành|quản lý thời gian|toán học|tư duy phản biện|viết|đọc hiểu
17-2199.05,Kỹ sư Mechatronics,"Nghiên cứu, thiết kế, phát triển hoặc thử nghiệm tự động hóa, hệ thống thông minh, thiết bị thông minh hoặc kiểm soát hệ thống công nghiệp.",Kỹ sư|giao tiếp|giao tiếp nói|giám sát|giải quyết vấn đề phức tạp|học chủ động|khả năng thích ứng|làm việc nhóm|lắng nghe tích cực|phán đoán & ra quyết định|phân tích hệ thống|phân tích kiểm soát chất lượng|phân tích vận hành|quản lý thời gian|toán học|tư duy phản biện|viết|đánh giá hệ thống|đọc hiểu,"[0.837, 0.81, 0.346, 0.209, 0.229, 0.703]",Kỹ sư|giao tiếp|giao tiếp nói|giám sát|giải quyết vấn đề phức tạp|học chủ động|khả năng thích ứng|làm việc nhóm|lắng nghe tích cực|phán đoán & ra quyết định|phân tích hệ thống|phân tích kiểm soát chất lượng|phân tích vận hành|quản lý thời gian|toán học|tư duy phản biện|viết|đánh giá hệ thống|đọc hiểu
17-2199.06,Kỹ sư hệ thống vi mô,"Nghiên cứu, thiết kế, phát triển hoặc thử nghiệm các thiết bị hệ thống máy vi điện (MEMS).",Kỹ sư|giao tiếp|giao tiếp nói|giám sát|giải quyết vấn đề phức tạp|học chủ động|khoa học|khả năng thích ứng|làm việc nhóm|lắng nghe tích cực|phán đoán & ra quyết định|phân tích hệ thống|quản lý thời gian|toán học|tư duy phản biện|viết|đánh giá hệ thống|đọc hiểu,"[0.803, 0.894, 0.277, 0.196, 0.187, 0.696]",Kỹ sư|giao tiếp|giao tiếp nói|giám sát|giải quyết vấn đề phức tạp|học chủ động|khoa học|khả năng thích ứng|làm việc nhóm|lắng nghe tích cực|phán đoán & ra quyết định|phân tích hệ thống|quản lý thời gian|toán học|tư duy phản biện|viết|đánh giá hệ thống|đọc hiểu
17-2199.07,Kỹ sư Photonics,"Công nghệ thiết kế chuyên về thông tin ánh sáng hoặc năng lượng ánh sáng, chẳng hạn như laser hoặc công nghệ sợi quang.",Kỹ sư|giao tiếp|giao tiếp nói|giải quyết vấn đề phức tạp|học chủ động|khoa học|khả năng thích ứng|làm việc nhóm|lắng nghe tích cực|phán đoán & ra quyết định|phân tích hệ thống|phân tích kiểm soát chất lượng|phân tích vận hành|quản lý thời gian|thiết kế công nghệ|toán học|tư duy phản biện|viết|đánh giá hệ thống|đọc hiểu,"[0.831, 0.844, 0.39, 0.2, 0.246, 0.589]",Kỹ sư|giao tiếp|giao tiếp nói|giải quyết vấn đề phức tạp|học chủ động|khoa học|khả năng thích ứng|làm việc nhóm|lắng nghe tích cực|phán đoán & ra quyết định|phân tích hệ thống|phân tích kiểm soát chất lượng|phân tích vận hành|quản lý thời gian|thiết kế công nghệ|toán học|tư duy phản biện|viết|đánh giá hệ thống|đọc hiểu
17-2199.08,Kỹ sư robot,"Nghiên cứu, thiết kế, phát triển hoặc thử nghiệm các ứng dụng robot.",Kỹ sư|giao tiếp|giao tiếp nói|giám sát|giải quyết vấn đề phức tạp|học chủ động|khả năng thích ứng|làm việc nhóm|lắng nghe tích cực|lựa chọn thiết bị|phán đoán & ra quyết định|phân tích hệ thống|phân tích kiểm soát chất lượng|phân tích vận hành|quản lý thời gian|thiết kế công nghệ|toán học|tư duy phản biện|đánh giá hệ thống|đọc hiểu,"[0.871, 0.827, 0.259, 0.204, 0.249, 0.653]",Kỹ sư|giao tiếp|giao tiếp nói|giám sát|giải quyết vấn đề phức tạp|học chủ động|khả năng thích ứng|làm việc nhóm|lắng nghe tích cực|lựa chọn thiết bị|phán đoán & ra quyết định|phân tích hệ thống|phân tích kiểm soát chất lượng|phân tích vận hành|quản lý thời gian|thiết kế công nghệ|toán học|tư duy phản biện|đánh giá hệ thống|đọc hiểu
17-2199.09,Kỹ sư hệ thống nano,"Thiết kế, phát triển hoặc giám sát sản xuất các vật liệu, thiết bị hoặc hệ thống có thành phần phân tử hoặc phân tử độc đáo, áp dụng các nguyên tắc về vật lý quy mô nano và kỹ thuật điện, hóa học hoặc sinh học.",Kỹ sư|giao tiếp|giao tiếp nói|giám sát|giải quyết vấn đề phức tạp|học chủ động|khoa học|khả năng thích ứng|làm việc nhóm|lắng nghe tích cực|phán đoán & ra quyết định|phân tích vận hành|quản lý thời gian|toán học|tư duy phản biện|viết|đọc hiểu,"[0.769, 0.87, 0.347, 0.194, 0.36, 0.583]",Kỹ sư|giao tiếp|giao tiếp nói|giám sát|giải quyết vấn đề phức tạp|học chủ động|khoa học|khả năng thích ứng|làm việc nhóm|lắng nghe tích cực|phán đoán & ra quyết định|phân tích vận hành|quản lý thời gian|toán học|tư duy phản biện|viết|đọc hiểu
17-2199.10,Kỹ sư năng lượng gió,Thiết kế hệ thống sưu tập nhà máy gió dưới lòng đất hoặc trên cao và chuẩn bị và phát triển thông số kỹ thuật trang web.,Kỹ sư|giao tiếp|giao tiếp nói|giám sát|giải quyết vấn đề phức tạp|học chủ động|khoa học|khả năng thích ứng|làm việc nhóm|lắng nghe tích cực|phán đoán & ra quyết định|phân tích hệ thống|phân tích vận hành|phối hợp|quản lý thời gian|toán học|tư duy phản biện|viết|đánh giá hệ thống|đọc hiểu,"[0.843, 0.649, 0.317, 0.204, 0.446, 0.589]",Kỹ sư|giao tiếp|giao tiếp nói|giám sát|giải quyết vấn đề phức tạp|học chủ động|khoa học|khả năng thích ứng|làm việc nhóm|lắng nghe tích cực|phán đoán & ra quyết định|phân tích hệ thống|phân tích vận hành|phối hợp|quản lý thời gian|toán học|tư duy phản biện|viết|đánh giá hệ thống|đọc hiểu
17-2199.11,Các kỹ sư hệ thống năng lượng mặt trời,"Thực hiện phân tích kỹ thuật hoặc đánh giá hiệu quả năng lượng và các dự án năng lượng mặt trời liên quan đến khách hàng dân cư, thương mại hoặc công nghiệp. Thiết kế hệ thống nước nóng trong nhà và hệ thống sưởi ấm không gian mặt trời cho các cấu trúc mới và hiện có, áp dụng kiến thức về các yêu cầu năng lượng cấu trúc, khí hậu địa phương, công nghệ mặt trời và nhiệt động học.",Kỹ sư|giao tiếp|giao tiếp nói|giám sát|giải quyết vấn đề phức tạp|học chủ động|khoa học|khả năng thích ứng|làm việc nhóm|lắng nghe tích cực|phán đoán & ra quyết định|phối hợp|quản lý thời gian|toán học|tư duy phản biện|viết|đọc hiểu,"[0.853, 0.717, 0.301, 0.271, 0.436, 0.566]",Kỹ sư|giao tiếp|giao tiếp nói|giám sát|giải quyết vấn đề phức tạp|học chủ động|khoa học|khả năng thích ứng|làm việc nhóm|lắng nghe tích cực|phán đoán & ra quyết định|phối hợp|quản lý thời gian|toán học|tư duy phản biện|viết|đọc hiểu
17-3011.00,Các nhà thiết kế kiến trúc và xây dựng,"Chuẩn bị bản vẽ chi tiết về các đặc điểm kiến trúc và cấu trúc của các tòa nhà hoặc bản vẽ và bản đồ địa hình được sử dụng trong các dự án kỹ thuật dân sự, chẳng hạn như đường cao tốc, cầu và công trình công cộng. Sử dụng kiến thức về vật liệu xây dựng, kỹ thuật và toán học để hoàn thành bản vẽ.",Kỹ sư|giao tiếp|giao tiếp nói|giám sát|giải quyết vấn đề phức tạp|hướng dẫn|học chủ động|khả năng thích ứng|làm việc nhóm|lắng nghe tích cực|phân tích hệ thống|quản lý thời gian|toán học|tư duy phản biện|viết|đọc hiểu,"[0.78, 0.603, 0.641, 0.219, 0.217, 0.7]",Kỹ sư|giao tiếp|giao tiếp nói|giám sát|giải quyết vấn đề phức tạp|hướng dẫn|học chủ động|khả năng thích ứng|làm việc nhóm|lắng nghe tích cực|phân tích hệ thống|quản lý thời gian|toán học|tư duy phản biện|viết|đọc hiểu
17-3012.00,Các nhà thiết kế điện và điện tử,"Chuẩn bị biểu đồ dây, biểu đồ lắp ráp bảng mạch và bản vẽ bố cục được sử dụng để sản xuất, lắp đặt hoặc sửa chữa thiết bị điện.",Kỹ sư|giao tiếp|giao tiếp nói|giải quyết vấn đề phức tạp|hướng dẫn|học chủ động|khả năng thích ứng|làm việc nhóm|lắng nghe tích cực|phán đoán & ra quyết định|quản lý thời gian|toán học|tư duy phản biện|viết|đọc hiểu,"[0.791, 0.507, 0.469, 0.189, 0.274, 0.759]",Kỹ sư|giao tiếp|giao tiếp nói|giải quyết vấn đề phức tạp|hướng dẫn|học chủ động|khả năng thích ứng|làm việc nhóm|lắng nghe tích cực|phán đoán & ra quyết định|quản lý thời gian|toán học|tư duy phản biện|viết|đọc hiểu
17-3013.00,Thiết kế cơ khí,"Chuẩn bị sơ đồ làm việc chi tiết của máy móc và thiết bị cơ khí, bao gồm kích thước, phương pháp gắn và thông tin kỹ thuật khác.",Kỹ sư|giao tiếp|giao tiếp nói|giám sát|giải quyết vấn đề phức tạp|hướng dẫn|học chủ động|khả năng thích ứng|làm việc nhóm|lắng nghe tích cực|phân tích kiểm soát chất lượng|phân tích vận hành|quản lý thời gian|toán học|tư duy phản biện|viết|đọc hiểu,"[0.85, 0.556, 0.543, 0.176, 0.176, 0.686]",Kỹ sư|giao tiếp|giao tiếp nói|giám sát|giải quyết vấn đề phức tạp|hướng dẫn|học chủ động|khả năng thích ứng|làm việc nhóm|lắng nghe tích cực|phân tích kiểm soát chất lượng|phân tích vận hành|quản lý thời gian|toán học|tư duy phản biện|viết|đọc hiểu
17-3021.00,Kỹ thuật hàng không vũ trụ và hoạt động Công nghệ và kỹ thuật viên,"Điều hành, cài đặt, điều chỉnh và duy trì các hệ thống máy tính / truyền thông tích hợp, máy điều khiển, máy mô phỏng và các thiết bị thu thập dữ liệu, thử nghiệm và đo lường khác, được sử dụng để phóng, theo dõi, định vị và đánh giá các phương tiện không khí và không gian. Có thể ghi lại và giải thích dữ liệu thử nghiệm.",Kỹ sư|bảo trì thiết bị|chú ý đến chi tiết|giao tiếp|giao tiếp nói|giám sát vận hành|giải quyết vấn đề kỹ thuật|giải quyết vấn đề phức tạp|khoa học|khả năng thích ứng|kỹ năng máy tính|làm việc nhóm|lắng nghe tích cực|phán đoán & ra quyết định|phân tích dữ liệu|phân tích kiểm soát chất lượng|quản lý thời gian|troubleshooting|tư duy logic|tư duy phản biện|viết|đọc hiểu,"[0.921, 0.726, 0.143, 0.143, 0.201, 0.744]",Kỹ sư|bảo trì thiết bị|chú ý đến chi tiết|giao tiếp|giao tiếp nói|giám sát vận hành|giải quyết vấn đề kỹ thuật|giải quyết vấn đề phức tạp|khoa học|khả năng thích ứng|kỹ năng máy tính|làm việc nhóm|lắng nghe tích cực|phán đoán & ra quyết định|phân tích dữ liệu|phân tích kiểm soát chất lượng|quản lý thời gian|troubleshooting|tư duy logic|tư duy phản biện|viết|đọc hiểu
17-3022.00,Công nghệ công nghiệp và kỹ thuật viên,"Sử dụng lý thuyết và nguyên tắc kỹ thuật dân sự trong việc lập kế hoạch, thiết kế và giám sát xây dựng và bảo trì các cấu trúc và cơ sở dưới sự hướng dẫn của nhân viên kỹ thuật hoặc các nhà khoa học vật lý.",Kỹ sư|chú ý đến chi tiết|giao tiếp|giao tiếp nói|giám sát|giải quyết vấn đề kỹ thuật|giải quyết vấn đề phức tạp|học chủ động|khả năng thích ứng|kỹ năng máy tính|làm việc nhóm|lắng nghe tích cực|phán đoán & ra quyết định|phân tích dữ liệu|phối hợp|quản lý thời gian|toán học|tư duy logic|tư duy phản biện|viết|đọc hiểu,"[0.831, 0.78, 0.373, 0.221, 0.274, 0.761]",Kỹ sư|chú ý đến chi tiết|giao tiếp|giao tiếp nói|giám sát|giải quyết vấn đề kỹ thuật|giải quyết vấn đề phức tạp|học chủ động|khả năng thích ứng|kỹ năng máy tính|làm việc nhóm|lắng nghe tích cực|phán đoán & ra quyết định|phân tích dữ liệu|phối hợp|quản lý thời gian|toán học|tư duy logic|tư duy phản biện|viết|đọc hiểu
17-3023.00,Kỹ thuật điện và điện tử Công nghệ và kỹ thuật viên,"Sử dụng lý thuyết điện và điện tử và kiến thức liên quan, thường dưới sự chỉ đạo của nhân viên kỹ thuật, để thiết kế, xây dựng, sửa chữa, điều chỉnh và sửa đổi các thành phần điện, mạch, điều khiển và máy móc để đánh giá và sử dụng sau đó bởi nhân viên công nghệ trong việc đưa ra quyết định thiết kế kỹ thuật.",Kỹ sư|chú ý đến chi tiết|giao tiếp|giao tiếp nói|giám sát|giám sát vận hành|giải quyết vấn đề kỹ thuật|giải quyết vấn đề phức tạp|học chủ động|khả năng thích ứng|kỹ năng máy tính|làm việc nhóm|lắng nghe tích cực|phân tích dữ liệu|quản lý thời gian|sửa chữa|troubleshooting|tư duy logic|tư duy phản biện|viết|đọc hiểu,"[0.891, 0.743, 0.251, 0.256, 0.189, 0.714]",Kỹ sư|chú ý đến chi tiết|giao tiếp|giao tiếp nói|giám sát|giám sát vận hành|giải quyết vấn đề kỹ thuật|giải quyết vấn đề phức tạp|học chủ động|khả năng thích ứng|kỹ năng máy tính|làm việc nhóm|lắng nghe tích cực|phân tích dữ liệu|quản lý thời gian|sửa chữa|troubleshooting|tư duy logic|tư duy phản biện|viết|đọc hiểu
17-3024.00,Kỹ thuật viên và kỹ thuật viên điện-chân và mechatronics,"Sử dụng, thử nghiệm, bảo trì hoặc điều chỉnh thiết bị không người lái, tự động, servomechanical hoặc điện. Có thể vận hành tàu ngầm không người lái, máy bay hoặc thiết bị khác để quan sát hoặc ghi lại thông tin trực quan tại các địa điểm như bệ dầu, cánh đồng cây trồng, tòa nhà hoặc cho cơ sở hạ tầng tương tự, thăm dò đại dương sâu hoặc loại bỏ chất thải nguy hiểm. Có thể hỗ trợ các kỹ sư trong việc thử nghiệm và thiết kế thiết bị robot.",Kỹ sư|bảo trì thiết bị|bị khởi động và điều khiển|chú ý đến chi tiết|giao tiếp|giám sát|giám sát vận hành|giải quyết vấn đề kỹ thuật|khả năng thích ứng|kỹ năng máy tính|làm việc nhóm|lắng nghe tích cực|lắp đặt|phán đoán & ra quyết định|phân tích dữ liệu|phân tích kiểm soát chất lượng|quản lý thời gian|sửa chữa|troubleshooting|tư duy logic|tư duy phản biện|đọc hiểu,"[1.0, 0.626, 0.197, 0.143, 0.143, 0.654]",Kỹ sư|bảo trì thiết bị|bị khởi động và điều khiển|chú ý đến chi tiết|giao tiếp|giám sát|giám sát vận hành|giải quyết vấn đề kỹ thuật|khả năng thích ứng|kỹ năng máy tính|làm việc nhóm|lắng nghe tích cực|lắp đặt|phán đoán & ra quyết định|phân tích dữ liệu|phân tích kiểm soát chất lượng|quản lý thời gian|sửa chữa|troubleshooting|tư duy logic|tư duy phản biện|đọc hiểu
17-3024.01,Các kỹ thuật viên robot,"Xây dựng, lắp đặt, thử nghiệm hoặc bảo trì thiết bị robot hoặc hệ thống sản xuất tự động liên quan.",Kỹ sư|bảo trì thiết bị|bị khởi động và điều khiển|chú ý đến chi tiết|giao tiếp|giám sát vận hành|giải quyết vấn đề kỹ thuật|giải quyết vấn đề phức tạp|học chủ động|khả năng thích ứng|kỹ năng máy tính|làm việc nhóm|lắng nghe tích cực|phân tích dữ liệu|phân tích kiểm soát chất lượng|quản lý thời gian|sửa chữa|toán học|troubleshooting|tư duy logic|tư duy phản biện|đọc hiểu,"[0.997, 0.583, 0.143, 0.156, 0.149, 0.641]",Kỹ sư|bảo trì thiết bị|bị khởi động và điều khiển|chú ý đến chi tiết|giao tiếp|giám sát vận hành|giải quyết vấn đề kỹ thuật|giải quyết vấn đề phức tạp|học chủ động|khả năng thích ứng|kỹ năng máy tính|làm việc nhóm|lắng nghe tích cực|phân tích dữ liệu|phân tích kiểm soát chất lượng|quản lý thời gian|sửa chữa|toán học|troubleshooting|tư duy logic|tư duy phản biện|đọc hiểu
17-3025.00,Công nghệ và kỹ thuật viên kỹ thuật môi trường,"Sử dụng lý thuyết và nguyên tắc kỹ thuật môi trường để sửa đổi, thử nghiệm và vận hành các thiết bị và thiết bị được sử dụng trong việc ngăn ngừa, kiểm soát và khắc phục các vấn đề môi trường, bao gồm xử lý chất thải và xử lý địa điểm, dưới sự hướng dẫn của nhân viên kỹ thuật hoặc các nhà khoa học. Có thể giúp phát triển các thiết bị khắc phục môi trường.",Kỹ sư|chú ý đến chi tiết|giao tiếp|giao tiếp nói|giám sát|giải quyết vấn đề kỹ thuật|giải quyết vấn đề phức tạp|học chủ động|khoa học|khả năng thích ứng|kỹ năng máy tính|làm việc nhóm|lắng nghe tích cực|phán đoán & ra quyết định|phân tích dữ liệu|phân tích kiểm soát chất lượng|quản lý thời gian|toán học|tư duy logic|tư duy phản biện|viết|đọc hiểu,"[0.887, 0.844, 0.247, 0.214, 0.179, 0.726]",Kỹ sư|chú ý đến chi tiết|giao tiếp|giao tiếp nói|giám sát|giải quyết vấn đề kỹ thuật|giải quyết vấn đề phức tạp|học chủ động|khoa học|khả năng thích ứng|kỹ năng máy tính|làm việc nhóm|lắng nghe tích cực|phán đoán & ra quyết định|phân tích dữ liệu|phân tích kiểm soát chất lượng|quản lý thời gian|toán học|tư duy logic|tư duy phản biện|viết|đọc hiểu
17-3026.00,Kỹ thuật công nghiệp Công nghệ và kỹ thuật viên,"Sử dụng lý thuyết và nguyên tắc kỹ thuật cho các vấn đề về bố cục công nghiệp hoặc sản xuất sản xuất, thường dưới sự hướng dẫn của nhân viên kỹ thuật. Có thể thực hiện nghiên cứu thời gian và chuyển động về hoạt động của công nhân trong nhiều ngành công nghiệp với mục đích như thiết lập tỷ lệ sản xuất tiêu chuẩn hoặc cải thiện hiệu quả.",Kỹ sư|chú ý đến chi tiết|giao tiếp|giao tiếp nói|giám sát|giải quyết vấn đề kỹ thuật|giải quyết vấn đề phức tạp|học chủ động|khả năng thích ứng|kỹ năng máy tính|làm việc nhóm|lắng nghe tích cực|phán đoán & ra quyết định|phân tích dữ liệu|phân tích hệ thống|phối hợp|quản lý thời gian|toán học|tư duy logic|tư duy phản biện|viết|đánh giá hệ thống|đọc hiểu,"[0.769, 0.734, 0.17, 0.207, 0.341, 0.746]",Kỹ sư|chú ý đến chi tiết|giao tiếp|giao tiếp nói|giám sát|giải quyết vấn đề kỹ thuật|giải quyết vấn đề phức tạp|học chủ động|khả năng thích ứng|kỹ năng máy tính|làm việc nhóm|lắng nghe tích cực|phán đoán & ra quyết định|phân tích dữ liệu|phân tích hệ thống|phối hợp|quản lý thời gian|toán học|tư duy logic|tư duy phản biện|viết|đánh giá hệ thống|đọc hiểu
17-3026.01,Kỹ thuật công nghệ nano Công nghệ và kỹ thuật viên,"Thực hiện các quy trình sản xuất và vận hành thiết bị sản xuất quy mô thương mại để sản xuất, thử nghiệm hoặc sửa đổi vật liệu, thiết bị hoặc hệ thống có thành phần phân tử hoặc phân tử độc đáo. Sử dụng thiết bị vi mô tiên tiến để thao túng các vật thể quy mô nano. Làm việc dưới sự giám sát của nhân viên kỹ thuật nano.",Kỹ sư|chú ý đến chi tiết|giao tiếp|giao tiếp nói|giám sát|giám sát vận hành|giải quyết vấn đề kỹ thuật|giải quyết vấn đề phức tạp|học chủ động|khoa học|khả năng thích ứng|kỹ năng máy tính|làm việc nhóm|lắng nghe tích cực|phân tích dữ liệu|phân tích kiểm soát chất lượng|quản lý thời gian|toán học|troubleshooting|tư duy logic|tư duy phản biện|viết|đọc hiểu,"[0.89, 0.721, 0.207, 0.15, 0.283, 0.673]",Kỹ sư|chú ý đến chi tiết|giao tiếp|giao tiếp nói|giám sát|giám sát vận hành|giải quyết vấn đề kỹ thuật|giải quyết vấn đề phức tạp|học chủ động|khoa học|khả năng thích ứng|kỹ năng máy tính|làm việc nhóm|lắng nghe tích cực|phân tích dữ liệu|phân tích kiểm soát chất lượng|quản lý thời gian|toán học|troubleshooting|tư duy logic|tư duy phản biện|viết|đọc hiểu
17-3027.00,Kỹ thuật cơ khí Công nghệ và kỹ thuật viên,"Sử dụng lý thuyết và nguyên tắc kỹ thuật cơ khí để sửa đổi, phát triển, thử nghiệm hoặc điều chỉnh máy móc và thiết bị dưới sự hướng dẫn của nhân viên kỹ thuật hoặc các nhà khoa học vật lý.",Kỹ sư|chú ý đến chi tiết|giao tiếp|giao tiếp nói|giám sát vận hành|giải quyết vấn đề kỹ thuật|giải quyết vấn đề phức tạp|học chủ động|khoa học|khả năng thích ứng|kỹ năng máy tính|làm việc nhóm|lắng nghe tích cực|phán đoán & ra quyết định|phân tích dữ liệu|quản lý thời gian|toán học|tư duy logic|tư duy phản biện|viết|đọc hiểu,"[0.911, 0.796, 0.283, 0.164, 0.149, 0.689]",Kỹ sư|chú ý đến chi tiết|giao tiếp|giao tiếp nói|giám sát vận hành|giải quyết vấn đề kỹ thuật|giải quyết vấn đề phức tạp|học chủ động|khoa học|khả năng thích ứng|kỹ năng máy tính|làm việc nhóm|lắng nghe tích cực|phán đoán & ra quyết định|phân tích dữ liệu|quản lý thời gian|toán học|tư duy logic|tư duy phản biện|viết|đọc hiểu
17-3027.01,Các kỹ thuật viên kỹ thuật ô tô,"Giúp các kỹ sư xác định tính thực tế của các thay đổi thiết kế sản phẩm được đề xuất và lập kế hoạch và thực hiện các thử nghiệm trên các thiết bị thử nghiệm hoặc thiết bị cho hiệu suất, độ bền hoặc hiệu quả.",Kỹ sư|chú ý đến chi tiết|giao tiếp|giao tiếp nói|giám sát|giám sát vận hành|giải quyết vấn đề kỹ thuật|giải quyết vấn đề phức tạp|học chủ động|khả năng thích ứng|kỹ năng máy tính|làm việc nhóm|lắng nghe tích cực|phán đoán & ra quyết định|phân tích dữ liệu|phân tích kiểm soát chất lượng|quản lý thời gian|toán học|tư duy logic|tư duy phản biện|viết|đọc hiểu,"[1.0, 0.761, 0.199, 0.143, 0.189, 0.661]",Kỹ sư|chú ý đến chi tiết|giao tiếp|giao tiếp nói|giám sát|giám sát vận hành|giải quyết vấn đề kỹ thuật|giải quyết vấn đề phức tạp|học chủ động|khả năng thích ứng|kỹ năng máy tính|làm việc nhóm|lắng nghe tích cực|phán đoán & ra quyết định|phân tích dữ liệu|phân tích kiểm soát chất lượng|quản lý thời gian|toán học|tư duy logic|tư duy phản biện|viết|đọc hiểu
17-3028.00,Các công nghệ và kỹ thuật viên tiêu chuẩn,"Thực hiện hoặc điều chỉnh các thủ tục và kỹ thuật để chuẩn bị các thiết bị đo bằng cách áp dụng kiến thức về khoa học đo, toán học, vật lý, hóa học và điện tử, đôi khi dưới sự chỉ đạo của nhân viên kỹ thuật. Xác định phù hợp với tiêu chuẩn đo lường cho các thiết bị đo tiêu chuẩn. Có thể thực hiện bảo trì phòng ngừa trên thiết bị. Có thể thực hiện các hành động khắc phục để giải quyết các vấn đề hiệu chuẩn được xác định.",chú ý đến chi tiết|giao tiếp|giải quyết vấn đề kỹ thuật|khả năng thích ứng|kỹ năng máy tính|làm việc nhóm|phân tích dữ liệu|quản lý thời gian|tư duy logic|tư duy phản biện,"[0.901, 0.591, 0.164, 0.226, 0.143, 0.791]",chú ý đến chi tiết|giao tiếp|giải quyết vấn đề kỹ thuật|khả năng thích ứng|kỹ năng máy tính|làm việc nhóm|phân tích dữ liệu|quản lý thời gian|tư duy logic|tư duy phản biện
17-3029.00,"Công nghệ kỹ thuật và kỹ thuật viên, Ngoại trừ người vẽ kỹ thuật, Khác",Thực hiện các nhiệm vụ đa dạng không được bao gồm trong các danh mục nghề nghiệp cụ thể khác trong lĩnh vực này.,Khác|Tổng quát|chú ý đến chi tiết|giao tiếp|giải quyết vấn đề kỹ thuật|khác|khả năng thích ứng|kỹ năng máy tính|làm việc nhóm|phân tích dữ liệu|quản lý thời gian|tư duy logic|tư duy phản biện|tổng quát|đa dạng,"[0.834, 0.752, 0.293, 0.223, 0.297, 0.696]",Khác|Tổng quát|chú ý đến chi tiết|giao tiếp|giải quyết vấn đề kỹ thuật|khác|khả năng thích ứng|kỹ năng máy tính|làm việc nhóm|phân tích dữ liệu|quản lý thời gian|tư duy logic|tư duy phản biện|tổng quát|đa dạng
17-3029.01,Các chuyên gia kiểm tra không hủy hoại,"Kiểm tra an toàn của các cấu trúc, phương tiện hoặc tàu bằng cách sử dụng tia X, siêu âm, sợi quang hoặc thiết bị liên quan.",Kỹ sư|chiến lược học tập|giao tiếp|giao tiếp nói|giám sát|giám sát vận hành|học chủ động|khả năng thích ứng|làm việc nhóm|lắng nghe tích cực|phân tích kiểm soát chất lượng|quản lý thời gian|toán học|tư duy phản biện|viết|đọc hiểu,"[0.88, 0.721, 0.179, 0.21, 0.143, 0.69]",Kỹ sư|chiến lược học tập|giao tiếp|giao tiếp nói|giám sát|giám sát vận hành|học chủ động|khả năng thích ứng|làm việc nhóm|lắng nghe tích cực|phân tích kiểm soát chất lượng|quản lý thời gian|toán học|tư duy phản biện|viết|đọc hiểu
17-3029.08,Các kỹ thuật viên quang học,"Xây dựng, lắp đặt, thử nghiệm hoặc bảo trì thiết bị quang học hoặc sợi quang học, chẳng hạn như laser, ống kính hoặc gương, sử dụng quang phổ, interferometer hoặc thiết bị liên quan.",Kỹ sư|bảo trì thiết bị|chú ý đến chi tiết|giao tiếp|giao tiếp nói|giám sát|giám sát vận hành|giải quyết vấn đề kỹ thuật|giải quyết vấn đề phức tạp|học chủ động|khả năng thích ứng|kỹ năng máy tính|làm việc nhóm|lắng nghe tích cực|lắp đặt|phân tích dữ liệu|phân tích kiểm soát chất lượng|quản lý thời gian|troubleshooting|tư duy logic|tư duy phản biện|viết|đọc hiểu,"[1.0, 0.609, 0.151, 0.143, 0.143, 0.731]",Kỹ sư|bảo trì thiết bị|chú ý đến chi tiết|giao tiếp|giao tiếp nói|giám sát|giám sát vận hành|giải quyết vấn đề kỹ thuật|giải quyết vấn đề phức tạp|học chủ động|khả năng thích ứng|kỹ năng máy tính|làm việc nhóm|lắng nghe tích cực|lắp đặt|phân tích dữ liệu|phân tích kiểm soát chất lượng|quản lý thời gian|troubleshooting|tư duy logic|tư duy phản biện|viết|đọc hiểu
17-3031.00,Các kỹ thuật viên khảo sát và lập bản đồ,"Thực hiện các nhiệm vụ khảo sát và lập bản đồ, thường dưới sự chỉ đạo của một kỹ sư, nhà khảo sát, nhà vẽ bản đồ hoặc nhà đo hình ảnh, để có được dữ liệu được sử dụng cho xây dựng, vẽ đồ thị, vị trí ranh giới, khai thác mỏ hoặc các mục đích khác. Có thể tính toán thông tin chế tạo bản đồ và tạo ra bản đồ từ dữ liệu nguồn, chẳng hạn như ghi chú khảo sát, nhiếp ảnh trên không, dữ liệu vệ tinh hoặc các bản đồ khác để hiển thị các tính năng địa lý, ranh giới chính trị và những tính năng khác. Có thể xác minh độ chính xác và đầy đủ của các bản đồ.",Kỹ sư|chú ý đến chi tiết|giao tiếp|giao tiếp nói|giám sát|giải quyết vấn đề kỹ thuật|giải quyết vấn đề phức tạp|học chủ động|khả năng thích ứng|kỹ năng máy tính|làm việc nhóm|lắng nghe tích cực|phân tích dữ liệu|phối hợp|quản lý thời gian|toán học|tư duy logic|tư duy phản biện|viết|đọc hiểu,"[0.85, 0.576, 0.273, 0.143, 0.143, 0.803]",Kỹ sư|chú ý đến chi tiết|giao tiếp|giao tiếp nói|giám sát|giải quyết vấn đề kỹ thuật|giải quyết vấn đề phức tạp|học chủ động|khả năng thích ứng|kỹ năng máy tính|làm việc nhóm|lắng nghe tích cực|phân tích dữ liệu|phối hợp|quản lý thời gian|toán học|tư duy logic|tư duy phản biện|viết|đọc hiểu
19-1011.00,Các nhà khoa học động vật,"Thực hiện nghiên cứu về di truyền, dinh dưỡng, sinh sản, tăng trưởng và phát triển của động vật nuôi trong nhà.",Khoa học tự nhiên|giao tiếp|giao tiếp nói|giám sát|giải quyết vấn đề phức tạp|học chủ động|khoa học|khả năng thích ứng|làm việc nhóm|lắng nghe tích cực|phán đoán & ra quyết định|quản lý thời gian|toán học|tư duy phản biện|viết|đọc hiểu,"[0.75, 0.993, 0.293, 0.294, 0.317, 0.477]",Khoa học tự nhiên|giao tiếp|giao tiếp nói|giám sát|giải quyết vấn đề phức tạp|học chủ động|khoa học|khả năng thích ứng|làm việc nhóm|lắng nghe tích cực|phán đoán & ra quyết định|quản lý thời gian|toán học|tư duy phản biện|viết|đọc hiểu
19-1012.00,Các nhà khoa học và công nghệ thực phẩm,"Sử dụng hóa học, vi sinh học, kỹ thuật và các khoa học khác để nghiên cứu các nguyên tắc cơ bản trong việc chế biến và suy giảm thực phẩm; phân tích hàm lượng thực phẩm để xác định mức độ vitamin, chất béo, đường và protein; khám phá các nguồn thực phẩm mới; nghiên cứu cách để làm cho thực phẩm chế biến an toàn, dễ chịu và lành mạnh; và áp dụng kiến thức khoa học thực phẩm xác định cách tốt nhất để chế biến, đóng gói, bảo quản, lưu trữ và phân phối thực phẩm.",Khoa học tự nhiên|chú ý đến chi tiết|giao tiếp|giao tiếp nói|giám sát|giải quyết vấn đề kỹ thuật|giải quyết vấn đề phức tạp|học chủ động|khoa học|khả năng thích ứng|kỹ năng máy tính|làm việc nhóm|lắng nghe tích cực|phán đoán & ra quyết định|phân tích dữ liệu|phân tích kiểm soát chất lượng|quản lý thời gian|tư duy logic|tư duy phản biện|viết|đọc hiểu,"[0.727, 0.813, 0.351, 0.306, 0.363, 0.566]",Khoa học tự nhiên|chú ý đến chi tiết|giao tiếp|giao tiếp nói|giám sát|giải quyết vấn đề kỹ thuật|giải quyết vấn đề phức tạp|học chủ động|khoa học|khả năng thích ứng|kỹ năng máy tính|làm việc nhóm|lắng nghe tích cực|phán đoán & ra quyết định|phân tích dữ liệu|phân tích kiểm soát chất lượng|quản lý thời gian|tư duy logic|tư duy phản biện|viết|đọc hiểu
19-1013.00,Các nhà khoa học về đất và thực vật,"Thực hiện nghiên cứu về chăn nuôi, sinh lý học, sản xuất, năng suất và quản lý cây trồng và cây trồng nông nghiệp hoặc cây, cây cối và vật nuôi, sự phát triển của chúng trong đất, và kiểm soát các loài gây hại; hoặc nghiên cứu thành phần hóa học, vật lý, sinh học và khoáng chất của đất khi chúng liên quan đến sự tăng trưởng của cây trồng hoặc cây trồng. Có thể phân loại và lập bản đồ đất và nghiên cứu tác động của các thực hành thay thế đối với năng suất đất và cây trồng.",Khoa học tự nhiên|chiến lược học tập|giao tiếp|giao tiếp nói|giám sát|giải quyết vấn đề phức tạp|học chủ động|khoa học|khả năng thích ứng|làm việc nhóm|lắng nghe tích cực|phán đoán & ra quyết định|quản lý thời gian|toán học|tư duy phản biện|viết|đọc hiểu,"[0.919, 0.96, 0.301, 0.24, 0.246, 0.487]",Khoa học tự nhiên|chiến lược học tập|giao tiếp|giao tiếp nói|giám sát|giải quyết vấn đề phức tạp|học chủ động|khoa học|khả năng thích ứng|làm việc nhóm|lắng nghe tích cực|phán đoán & ra quyết định|quản lý thời gian|toán học|tư duy phản biện|viết|đọc hiểu
19-1021.00,Sinh hóa học và sinh vật học,"Nghiên cứu cấu trúc hóa học hoặc nguyên tắc vật lý của các tế bào và sinh vật sống, năng lượng điện và cơ khí của chúng và các hiện tượng liên quan. Có thể tiến hành nghiên cứu để hiểu thêm về sự kết hợp hóa học phức tạp và phản ứng liên quan đến trao đổi chất, sinh sản, tăng trưởng và di truyền. Có thể xác định tác động của thực phẩm, thuốc, huyết thanh, hormone và các chất khác đối với các mô và quá trình sống của các sinh vật sống.",Khoa học tự nhiên|chiến lược học tập|giao tiếp|giao tiếp nói|giám sát|giải quyết vấn đề phức tạp|hướng dẫn|học chủ động|khoa học|khả năng thích ứng|làm việc nhóm|lắng nghe tích cực|phán đoán & ra quyết định|quản lý thời gian|toán học|tư duy phản biện|viết|đọc hiểu,"[0.729, 1.0, 0.373, 0.309, 0.26, 0.516]",Khoa học tự nhiên|chiến lược học tập|giao tiếp|giao tiếp nói|giám sát|giải quyết vấn đề phức tạp|hướng dẫn|học chủ động|khoa học|khả năng thích ứng|làm việc nhóm|lắng nghe tích cực|phán đoán & ra quyết định|quản lý thời gian|toán học|tư duy phản biện|viết|đọc hiểu
19-1022.00,Các nhà vi sinh học,"Nghiên cứu sự phát triển, cấu trúc, phát triển và các đặc điểm khác của các sinh vật nhỏ, chẳng hạn như vi khuẩn, tảo hoặc nấm. Bao gồm các nhà vi sinh học y tế nghiên cứu mối quan hệ giữa các sinh vật và bệnh tật hoặc tác động của kháng sinh đối với vi sinh vật.",Khoa học tự nhiên|chiến lược học tập|giao tiếp|giao tiếp nói|giám sát|giải quyết vấn đề phức tạp|học chủ động|khoa học|khả năng thích ứng|làm việc nhóm|lắng nghe tích cực|phán đoán & ra quyết định|quản lý thời gian|toán học|tư duy phản biện|viết|đọc hiểu,"[0.763, 1.0, 0.263, 0.303, 0.17, 0.557]",Khoa học tự nhiên|chiến lược học tập|giao tiếp|giao tiếp nói|giám sát|giải quyết vấn đề phức tạp|học chủ động|khoa học|khả năng thích ứng|làm việc nhóm|lắng nghe tích cực|phán đoán & ra quyết định|quản lý thời gian|toán học|tư duy phản biện|viết|đọc hiểu
19-1023.00,Các nhà thú học và sinh học động vật hoang dã,"Nghiên cứu nguồn gốc, hành vi, bệnh tật, di truyền và quá trình sống của động vật và động vật hoang dã. Có thể chuyên về nghiên cứu và quản lý động vật hoang dã. Có thể thu thập và phân tích dữ liệu sinh học để xác định tác động môi trường của việc sử dụng hiện tại và tiềm năng của môi trường sống đất và nước.",Khoa học tự nhiên|giao tiếp|giao tiếp nói|giám sát|giải quyết vấn đề phức tạp|học chủ động|khoa học|khả năng thích ứng|làm việc nhóm|lắng nghe tích cực|phán đoán & ra quyết định|phối hợp|quản lý thời gian|tư duy phản biện|viết|đọc hiểu,"[0.76, 1.0, 0.32, 0.367, 0.354, 0.527]",Khoa học tự nhiên|giao tiếp|giao tiếp nói|giám sát|giải quyết vấn đề phức tạp|học chủ động|khoa học|khả năng thích ứng|làm việc nhóm|lắng nghe tích cực|phán đoán & ra quyết định|phối hợp|quản lý thời gian|tư duy phản biện|viết|đọc hiểu
19-1029.01,Các nhà khoa học sinh học,"Thực hiện nghiên cứu sử dụng lý thuyết và phương pháp thông tin sinh học trong các lĩnh vực như dược phẩm, công nghệ y tế, sinh nghệ, sinh học tính toán, proteomics, khoa học thông tin máy tính, sinh lý và thông tin y tế. Có thể thiết kế cơ sở dữ liệu và phát triển thuật toán để xử lý và phân tích thông tin bộ gen hoặc thông tin sinh học khác.",Khoa học tự nhiên|giao tiếp|giao tiếp nói|giám sát|giải quyết vấn đề phức tạp|học chủ động|khoa học|khả năng thích ứng|làm việc nhóm|lắng nghe tích cực|phán đoán & ra quyết định|quản lý thời gian|toán học|tư duy phản biện|viết|đánh giá hệ thống|đọc hiểu,"[0.534, 1.0, 0.366, 0.233, 0.181, 0.719]",Khoa học tự nhiên|giao tiếp|giao tiếp nói|giám sát|giải quyết vấn đề phức tạp|học chủ động|khoa học|khả năng thích ứng|làm việc nhóm|lắng nghe tích cực|phán đoán & ra quyết định|quản lý thời gian|toán học|tư duy phản biện|viết|đánh giá hệ thống|đọc hiểu
19-1029.02,Các nhà sinh học phân tử và tế bào,Nghiên cứu và nghiên cứu các phân tử và cơ quan tế bào để hiểu chức năng và tổ chức tế bào.,Khoa học tự nhiên|chiến lược học tập|giao tiếp|giao tiếp nói|giám sát|giải quyết vấn đề phức tạp|hướng dẫn|học chủ động|khoa học|khả năng thích ứng|làm việc nhóm|lắng nghe tích cực|phán đoán & ra quyết định|quản lý thời gian|toán học|tư duy phản biện|viết|đọc hiểu,"[0.714, 0.953, 0.3, 0.321, 0.334, 0.71]",Khoa học tự nhiên|chiến lược học tập|giao tiếp|giao tiếp nói|giám sát|giải quyết vấn đề phức tạp|hướng dẫn|học chủ động|khoa học|khả năng thích ứng|làm việc nhóm|lắng nghe tích cực|phán đoán & ra quyết định|quản lý thời gian|toán học|tư duy phản biện|viết|đọc hiểu
19-1029.03,Các nhà di truyền học,"Nghiên cứu và nghiên cứu di truyền các đặc điểm ở cấp độ phân tử, sinh vật hoặc dân số. Có thể đánh giá hoặc điều trị bệnh nhân bị rối loạn di truyền.",Khoa học tự nhiên|giao tiếp|giao tiếp nói|giải quyết vấn đề phức tạp|học chủ động|khoa học|khả năng thích ứng|làm việc nhóm|lắng nghe tích cực|phán đoán & ra quyết định|quản lý thời gian|toán học|tư duy phản biện|viết|đọc hiểu,"[0.564, 1.0, 0.434, 0.423, 0.241, 0.63]",Khoa học tự nhiên|giao tiếp|giao tiếp nói|giải quyết vấn đề phức tạp|học chủ động|khoa học|khả năng thích ứng|làm việc nhóm|lắng nghe tích cực|phán đoán & ra quyết định|quản lý thời gian|toán học|tư duy phản biện|viết|đọc hiểu
19-1029.04,Sinh học,"Nghiên cứu hoặc nghiên cứu các nguyên tắc cơ bản của sự sống thực vật và động vật, chẳng hạn như nguồn gốc, mối quan hệ, phát triển, giải phẫu và chức năng.",Khoa học tự nhiên|giao tiếp|giao tiếp nói|giám sát|giải quyết vấn đề phức tạp|hướng dẫn|học chủ động|khoa học|khả năng thích ứng|làm việc nhóm|lắng nghe tích cực|phán đoán & ra quyết định|quản lý thời gian|toán học|tư duy phản biện|viết|đọc hiểu,"[0.593, 0.996, 0.331, 0.366, 0.419, 0.643]",Khoa học tự nhiên|giao tiếp|giao tiếp nói|giám sát|giải quyết vấn đề phức tạp|hướng dẫn|học chủ động|khoa học|khả năng thích ứng|làm việc nhóm|lắng nghe tích cực|phán đoán & ra quyết định|quản lý thời gian|toán học|tư duy phản biện|viết|đọc hiểu
19-1031.00,Các nhà khoa học bảo tồn,"Quản lý, cải thiện và bảo vệ tài nguyên thiên nhiên để sử dụng tối đa mà không làm tổn hại môi trường. Có thể tiến hành khảo sát đất và phát triển kế hoạch để loại bỏ xói mòn đất hoặc bảo vệ vùng đất hoang dã. Có thể hướng dẫn nông dân, người quản lý sản xuất nông nghiệp hoặc nông dân về cách tốt nhất để sử dụng xoay cây trồng, lúa đường hoặc đất đai để bảo tồn đất và nước; về số lượng và loại gia súc và thực vật thức ăn phù hợp nhất với các khu vực cụ thể; và về cải tiến phạm vi và trang trại, chẳng hạn như hàng rào và bể chứa để tưới vật nuôi.",Khoa học tự nhiên|giao tiếp|giao tiếp nói|giám sát|giải quyết vấn đề phức tạp|học chủ động|khoa học|khả năng thích ứng|làm việc nhóm|lắng nghe tích cực|phán đoán & ra quyết định|phối hợp|quản lý thời gian|tư duy phản biện|viết|đọc hiểu,"[0.737, 0.814, 0.281, 0.411, 0.454, 0.571]",Khoa học tự nhiên|giao tiếp|giao tiếp nói|giám sát|giải quyết vấn đề phức tạp|học chủ động|khoa học|khả năng thích ứng|làm việc nhóm|lắng nghe tích cực|phán đoán & ra quyết định|phối hợp|quản lý thời gian|tư duy phản biện|viết|đọc hiểu
19-1031.02,Người quản lý phạm vi,"Nghiên cứu hoặc nghiên cứu các thực tiễn quản lý đất để cung cấp sản xuất thức ăn, gia súc và động vật hoang dã bền vững.",Khoa học tự nhiên|giao tiếp|giao tiếp nói|giám sát|giải quyết vấn đề phức tạp|học chủ động|khả năng thích ứng|làm việc nhóm|lãnh đạo|lập kế hoạch chiến lược|lắng nghe tích cực|phán đoán & ra quyết định|phân tích hệ thống|phối hợp|quản lý dự án|quản lý nhóm|quản lý thời gian|ra quyết định|tư duy phản biện|viết|đàm phán|đọc hiểu,"[0.814, 0.7, 0.207, 0.359, 0.633, 0.547]",Khoa học tự nhiên|giao tiếp|giao tiếp nói|giám sát|giải quyết vấn đề phức tạp|học chủ động|khả năng thích ứng|làm việc nhóm|lãnh đạo|lập kế hoạch chiến lược|lắng nghe tích cực|phán đoán & ra quyết định|phân tích hệ thống|phối hợp|quản lý dự án|quản lý nhóm|quản lý thời gian|ra quyết định|tư duy phản biện|viết|đàm phán|đọc hiểu
19-1031.03,Nhà thiên nhiên học công viên,"Kế hoạch, phát triển và tiến hành các chương trình để thông báo cho công chúng về các đặc điểm lịch sử, tự nhiên và khoa học của công viên quốc gia, tiểu bang hoặc địa phương.",Khoa học tự nhiên|chiến lược học tập|giao tiếp|giao tiếp nói|hướng dẫn|học chủ động|khả năng thích ứng|làm việc nhóm|lắng nghe tích cực|nhạy bén xã hội|quản lý thời gian|tư duy phản biện|viết|định hướng dịch vụ|đọc hiểu,"[0.604, 0.644, 0.586, 0.693, 0.483, 0.437]",Khoa học tự nhiên|chiến lược học tập|giao tiếp|giao tiếp nói|hướng dẫn|học chủ động|khả năng thích ứng|làm việc nhóm|lắng nghe tích cực|nhạy bén xã hội|quản lý thời gian|tư duy phản biện|viết|định hướng dịch vụ|đọc hiểu
19-1032.00,Những người trồng rừng,"Quản lý đất rừng công cộng và tư nhân cho mục đích kinh tế, giải trí và bảo tồn. Có thể ghi danh mục loại, số lượng và vị trí của gỗ đứng, đánh giá giá trị của gỗ, đàm phán mua hàng và ký hợp đồng mua hàng. Có thể quyết định cách bảo tồn môi trường sống của động vật hoang dã, vịnh, chất lượng nước và độ ổn định của đất, và cách tốt nhất để tuân thủ các quy định môi trường. Có thể thiết kế kế hoạch trồng và trồng cây mới, giám sát cây để tăng trưởng lành mạnh và xác định lịch hoạch thu hoạch tối ưu.",Khoa học tự nhiên|giao tiếp|giao tiếp nói|giám sát|giải quyết vấn đề phức tạp|học chủ động|khả năng thích ứng|làm việc nhóm|lắng nghe tích cực|phán đoán & ra quyết định|phân tích hệ thống|phối hợp|quản lý thời gian|tư duy phản biện|viết|đàm phán|đọc hiểu,"[0.76, 0.629, 0.177, 0.344, 0.54, 0.616]",Khoa học tự nhiên|giao tiếp|giao tiếp nói|giám sát|giải quyết vấn đề phức tạp|học chủ động|khả năng thích ứng|làm việc nhóm|lắng nghe tích cực|phán đoán & ra quyết định|phân tích hệ thống|phối hợp|quản lý thời gian|tư duy phản biện|viết|đàm phán|đọc hiểu
19-1041.00,Các nhà dịch tễ học,"Nghiên cứu và mô tả các yếu tố quyết định và phân phối của bệnh tật, khuyết tật hoặc kết quả sức khỏe.",Khoa học tự nhiên|giao tiếp|giao tiếp nói|giám sát|giải quyết vấn đề phức tạp|học chủ động|khoa học|khả năng thích ứng|làm việc nhóm|lắng nghe tích cực|nhạy bén xã hội|phán đoán & ra quyết định|quản lý thời gian|toán học|tư duy phản biện|viết|đọc hiểu,"[0.454, 1.0, 0.289, 0.576, 0.354, 0.524]",Khoa học tự nhiên|giao tiếp|giao tiếp nói|giám sát|giải quyết vấn đề phức tạp|học chủ động|khoa học|khả năng thích ứng|làm việc nhóm|lắng nghe tích cực|nhạy bén xã hội|phán đoán & ra quyết định|quản lý thời gian|toán học|tư duy phản biện|viết|đọc hiểu
19-1042.00,"Các nhà khoa học y tế, ngoại trừ các nhà dịch bệnh","Thực hiện nghiên cứu liên quan đến sự hiểu biết về bệnh nhân và cải thiện sức khỏe của con người. tham gia vào nghiên cứu lâm sàng, nghiên cứu và phát triển hoặc các hoạt động liên quan khác.",Khoa học tự nhiên|chú ý đến chi tiết|chăm sóc bệnh nhân|giao tiếp|giao tiếp nói|giao tiếp với bệnh nhân|giám sát|giải quyết vấn đề phức tạp|hướng dẫn|học chủ động|khoa học|khả năng thích ứng|làm việc dưới áp lực|làm việc nhóm|lắng nghe tích cực|phán đoán & ra quyết định|quản lý thời gian|toán học|tư duy phản biện|viết|đánh giá hệ thống|đọc hiểu|đồng cảm,"[0.633, 1.0, 0.329, 0.463, 0.319, 0.564]",Khoa học tự nhiên|chú ý đến chi tiết|chăm sóc bệnh nhân|giao tiếp|giao tiếp nói|giao tiếp với bệnh nhân|giám sát|giải quyết vấn đề phức tạp|hướng dẫn|học chủ động|khoa học|khả năng thích ứng|làm việc dưới áp lực|làm việc nhóm|lắng nghe tích cực|phán đoán & ra quyết định|quản lý thời gian|toán học|tư duy phản biện|viết|đánh giá hệ thống|đọc hiểu|đồng cảm
19-2011.00,Các nhà thiên văn học,"Quan sát, nghiên cứu và giải thích các hiện tượng thiên văn để tăng kiến thức cơ bản hoặc áp dụng thông tin như vậy cho các vấn đề thực tế.",Khoa học tự nhiên|chiến lược học tập|giao tiếp|giao tiếp nói|giải quyết vấn đề phức tạp|học chủ động|khoa học|khả năng thích ứng|làm việc nhóm|lắng nghe tích cực|phán đoán & ra quyết định|quản lý thời gian|toán học|tư duy phản biện|viết|đọc hiểu,"[0.693, 1.0, 0.463, 0.401, 0.284, 0.567]",Khoa học tự nhiên|chiến lược học tập|giao tiếp|giao tiếp nói|giải quyết vấn đề phức tạp|học chủ động|khoa học|khả năng thích ứng|làm việc nhóm|lắng nghe tích cực|phán đoán & ra quyết định|quản lý thời gian|toán học|tư duy phản biện|viết|đọc hiểu
19-2012.00,Các nhà vật lý,"Thực hiện nghiên cứu về hiện tượng vật lý, phát triển các lý thuyết dựa trên quan sát và thí nghiệm, và thiết kế các phương pháp để áp dụng các luật và lý thuyết vật lý.",Khoa học tự nhiên|chiến lược học tập|giao tiếp|giao tiếp nói|giải quyết vấn đề phức tạp|hướng dẫn|học chủ động|khoa học|khả năng thích ứng|làm việc nhóm|lắng nghe tích cực|phán đoán & ra quyết định|quản lý thời gian|toán học|tư duy phản biện|viết|đọc hiểu,"[0.707, 1.0, 0.394, 0.301, 0.26, 0.694]",Khoa học tự nhiên|chiến lược học tập|giao tiếp|giao tiếp nói|giải quyết vấn đề phức tạp|hướng dẫn|học chủ động|khoa học|khả năng thích ứng|làm việc nhóm|lắng nghe tích cực|phán đoán & ra quyết định|quản lý thời gian|toán học|tư duy phản biện|viết|đọc hiểu
19-2021.00,Các nhà khoa học khí quyển và vũ trụ,"Nghiên cứu các hiện tượng khí quyển và giải thích dữ liệu khí tượng, được thu thập bởi các trạm bề mặt và không khí, vệ tinh và radar để chuẩn bị báo cáo và dự báo cho công chúng và các mục đích khác. Bao gồm các nhà phân tích thời tiết và các nhà dự báo có chức năng đòi hỏi kiến thức chi tiết về khí tượng.",Khoa học tự nhiên|giao tiếp|giao tiếp nói|giải quyết vấn đề phức tạp|học chủ động|khoa học|khả năng thích ứng|làm việc nhóm|lắng nghe tích cực|phán đoán & ra quyết định|phân tích hệ thống|quản lý thời gian|toán học|tư duy phản biện|viết|đọc hiểu,"[0.689, 0.907, 0.389, 0.35, 0.384, 0.64]",Khoa học tự nhiên|giao tiếp|giao tiếp nói|giải quyết vấn đề phức tạp|học chủ động|khoa học|khả năng thích ứng|làm việc nhóm|lắng nghe tích cực|phán đoán & ra quyết định|phân tích hệ thống|quản lý thời gian|toán học|tư duy phản biện|viết|đọc hiểu
19-2031.00,Các nhà hóa học,Thực hiện phân tích hóa học chất lượng và số lượng hoặc thí nghiệm trong phòng thí nghiệm để kiểm soát chất lượng hoặc quy trình hoặc để phát triển các sản phẩm hoặc kiến thức mới.,Khoa học tự nhiên|giao tiếp|giao tiếp nói|giám sát|giải quyết vấn đề phức tạp|học chủ động|khoa học|khả năng thích ứng|làm việc nhóm|lắng nghe tích cực|quản lý thời gian|toán học|tư duy phản biện|viết|đọc hiểu,"[0.809, 0.951, 0.214, 0.164, 0.229, 0.707]",Khoa học tự nhiên|giao tiếp|giao tiếp nói|giám sát|giải quyết vấn đề phức tạp|học chủ động|khoa học|khả năng thích ứng|làm việc nhóm|lắng nghe tích cực|quản lý thời gian|toán học|tư duy phản biện|viết|đọc hiểu
19-2032.00,Các vật liệu Các nhà khoa học,"Nghiên cứu và nghiên cứu các cấu trúc và tính chất hóa học của các vật liệu tự nhiên và tổng hợp hoặc hợp chất khác nhau, bao gồm kim loại, hợp kim, cao su, gốm, gạch, bán dẫn, polymer và thủy tinh. Xác định các cách để củng cố hoặc kết hợp vật liệu hoặc phát triển các vật liệu mới có tính chất mới hoặc đặc biệt để sử dụng trong một loạt các sản phẩm và ứng dụng. Bao gồm các nhà khoa học thủy tinh, các nhà nghiên cứu gốm, các khoa học kim loại và các nhà học polymer.",Khoa học tự nhiên|giao tiếp|giao tiếp nói|giám sát|giải quyết vấn đề phức tạp|học chủ động|khoa học|khả năng thích ứng|làm việc nhóm|lắng nghe tích cực|phán đoán & ra quyết định|phân tích vận hành|quản lý thời gian|toán học|tư duy phản biện|viết|đọc hiểu,"[0.824, 0.944, 0.311, 0.193, 0.271, 0.594]",Khoa học tự nhiên|giao tiếp|giao tiếp nói|giám sát|giải quyết vấn đề phức tạp|học chủ động|khoa học|khả năng thích ứng|làm việc nhóm|lắng nghe tích cực|phán đoán & ra quyết định|phân tích vận hành|quản lý thời gian|toán học|tư duy phản biện|viết|đọc hiểu
19-2041.00,"Các nhà khoa học và chuyên gia về môi trường, bao gồm cả sức khỏe","Thực hiện nghiên cứu hoặc thực hiện điều tra nhằm mục đích xác định, giảm hoặc loại bỏ các nguồn ô nhiễm hoặc nguy hiểm ảnh hưởng đến môi trường hoặc sức khỏe cộng đồng. Sử dụng kiến thức về các ngành khoa học khác nhau, có thể thu thập, tổng hợp, nghiên cứu, báo cáo và khuyến nghị hành động dựa trên dữ liệu có nguồn gốc từ các phép đo hoặc quan sát của không khí, thực phẩm, đất, nước và các nguồn khác.",Khoa học tự nhiên|giao tiếp|giao tiếp nói|giám sát|giải quyết vấn đề phức tạp|hướng dẫn|học chủ động|khoa học|khả năng thích ứng|làm việc nhóm|lắng nghe tích cực|phán đoán & ra quyết định|quản lý thời gian|toán học|tư duy phản biện|viết|đọc hiểu,"[0.671, 1.0, 0.256, 0.374, 0.369, 0.634]",Khoa học tự nhiên|giao tiếp|giao tiếp nói|giám sát|giải quyết vấn đề phức tạp|hướng dẫn|học chủ động|khoa học|khả năng thích ứng|làm việc nhóm|lắng nghe tích cực|phán đoán & ra quyết định|quản lý thời gian|toán học|tư duy phản biện|viết|đọc hiểu
19-2041.01,Các nhà phân tích chính sách biến đổi khí hậu,"Nghiên cứu và phân tích các sự phát triển chính sách liên quan đến biến đổi khí hậu; đưa ra các khuyến nghị liên quan tới khí hậu cho các hành động như lập pháp, các chiến dịch nâng cao nhận thức hoặc các cách tiếp cận huy động quỹ.",Khoa học tự nhiên|giao tiếp|giao tiếp nói|giám sát|giải quyết vấn đề phức tạp|học chủ động|khả năng thích ứng|làm việc nhóm|lắng nghe tích cực|nhạy bén xã hội|phán đoán & ra quyết định|phân tích hệ thống|quản lý thời gian|thuyết phục|tư duy phản biện|viết|đánh giá hệ thống|đọc hiểu,"[0.196, 0.961, 0.444, 0.453, 0.67, 0.58]",Khoa học tự nhiên|giao tiếp|giao tiếp nói|giám sát|giải quyết vấn đề phức tạp|học chủ động|khả năng thích ứng|làm việc nhóm|lắng nghe tích cực|nhạy bén xã hội|phán đoán & ra quyết định|phân tích hệ thống|quản lý thời gian|thuyết phục|tư duy phản biện|viết|đánh giá hệ thống|đọc hiểu
19-2041.02,Kế hoạch phục hồi môi trường,"Hợp tác với nhân viên thực địa và sinh học để giám sát việc thực hiện các dự án khôi phục và phát triển các sản phẩm mới. Chuẩn bị và tổng hợp dữ liệu khoa học phức tạp thành các chiến lược thực tế để khôi phục, giám sát hoặc quản lý.",Khoa học tự nhiên|giao tiếp|giao tiếp nói|giám sát|giải quyết vấn đề phức tạp|học chủ động|khoa học|khả năng thích ứng|làm việc nhóm|lắng nghe tích cực|phán đoán & ra quyết định|phân tích hệ thống|phối hợp|quản lý thời gian|tư duy phản biện|viết|đọc hiểu,"[0.759, 0.893, 0.32, 0.303, 0.519, 0.59]",Khoa học tự nhiên|giao tiếp|giao tiếp nói|giám sát|giải quyết vấn đề phức tạp|học chủ động|khoa học|khả năng thích ứng|làm việc nhóm|lắng nghe tích cực|phán đoán & ra quyết định|phân tích hệ thống|phối hợp|quản lý thời gian|tư duy phản biện|viết|đọc hiểu
19-2041.03,Các nhà sinh thái công nghiệp,Sử dụng các nguyên tắc và quy trình của hệ sinh thái tự nhiên để phát triển các mô hình cho các hệ thống công nghiệp hiệu quả. Sử dụng kiến thức từ các khoa học vật lý và xã hội để tối đa hóa việc sử dụng hiệu quả các tài nguyên thiên nhiên trong sản xuất và sử dụng hàng hóa và dịch vụ. Kiểm tra các vấn đề xã hội và mối quan hệ của họ với cả hệ thống kỹ thuật và môi trường.,Khoa học tự nhiên|giao tiếp|giao tiếp nói|giám sát|giải quyết vấn đề phức tạp|học chủ động|khoa học|khả năng thích ứng|làm việc nhóm|lắng nghe tích cực|phán đoán & ra quyết định|phân tích hệ thống|quản lý thời gian|toán học|tư duy phản biện|viết|đánh giá hệ thống|đọc hiểu,"[0.66, 1.0, 0.306, 0.279, 0.434, 0.569]",Khoa học tự nhiên|giao tiếp|giao tiếp nói|giám sát|giải quyết vấn đề phức tạp|học chủ động|khoa học|khả năng thích ứng|làm việc nhóm|lắng nghe tích cực|phán đoán & ra quyết định|phân tích hệ thống|quản lý thời gian|toán học|tư duy phản biện|viết|đánh giá hệ thống|đọc hiểu
19-2042.00,"Khoa học địa chất, ngoại trừ thủy sinh học và địa lý học","Nghiên cứu cấu trúc, cấu trúc và các khía cạnh vật lý khác của Trái đất. Có thể sử dụng kiến thức địa chất, vật lý và toán học trong việc thám hiểm dầu, khí đốt, khoáng chất hoặc nước ngầm; hoặc trong xử lý chất thải, khai thác đất hoặc các vấn đề môi trường khác. Có thể nghiên cứu cấu trúc bên trong của Trái đất, khí quyển và đại dương, và lực từ, điện và hấp dẫn của nó. Bao gồm các nhà khoáng học, cổ vật học, các nhà viết lách, nhà địa chất học và các nhà địa chấn.",Khoa học tự nhiên|giao tiếp|giao tiếp nói|giải quyết vấn đề phức tạp|học chủ động|khoa học|khả năng thích ứng|làm việc nhóm|lắng nghe tích cực|phán đoán & ra quyết định|phân tích hệ thống|quản lý thời gian|toán học|tư duy phản biện|viết|đọc hiểu,"[0.809, 1.0, 0.386, 0.319, 0.239, 0.594]",Khoa học tự nhiên|giao tiếp|giao tiếp nói|giải quyết vấn đề phức tạp|học chủ động|khoa học|khả năng thích ứng|làm việc nhóm|lắng nghe tích cực|phán đoán & ra quyết định|phân tích hệ thống|quản lý thời gian|toán học|tư duy phản biện|viết|đọc hiểu
19-2043.00,Các nhà thủy văn,"Nghiên cứu phân phối, lưu thông và tính chất vật lý của nước ngầm và bề mặt; và nghiên cứu hình thức và cường độ mưa và tốc độ xâm nhập vào đất, di chuyển qua trái đất, và trở lại đại dương và khí quyển.",Khoa học tự nhiên|giao tiếp|giao tiếp nói|giám sát|giải quyết vấn đề phức tạp|học chủ động|khoa học|khả năng thích ứng|làm việc nhóm|lắng nghe tích cực|phán đoán & ra quyết định|phân tích hệ thống|quản lý thời gian|toán học|tư duy phản biện|viết|đọc hiểu,"[0.816, 0.933, 0.266, 0.309, 0.31, 0.621]",Khoa học tự nhiên|giao tiếp|giao tiếp nói|giám sát|giải quyết vấn đề phức tạp|học chủ động|khoa học|khả năng thích ứng|làm việc nhóm|lắng nghe tích cực|phán đoán & ra quyết định|phân tích hệ thống|quản lý thời gian|toán học|tư duy phản biện|viết|đọc hiểu
19-2099.01,Các nhà khoa học và công nghệ cảm nhận từ xa,"Sử dụng các nguyên tắc và phương pháp cảm biến từ xa để phân tích dữ liệu và giải quyết các vấn đề trong các lĩnh vực như quản lý tài nguyên thiên nhiên, quy hoạch đô thị hoặc an ninh nội địa. Có thể phát triển hệ thống cảm biến mới, kỹ thuật phân tích hoặc ứng dụng mới cho các hệ thống hiện có.",Khoa học tự nhiên|chú ý đến chi tiết|giao tiếp|giao tiếp nói|giám sát|giải quyết vấn đề kỹ thuật|giải quyết vấn đề phức tạp|học chủ động|khoa học|khả năng thích ứng|kỹ năng máy tính|làm việc nhóm|lắng nghe tích cực|phán đoán & ra quyết định|phân tích dữ liệu|phân tích hệ thống|quản lý thời gian|toán học|tư duy logic|tư duy phản biện|viết|đánh giá hệ thống|đọc hiểu,"[0.691, 0.863, 0.267, 0.187, 0.213, 0.691]",Khoa học tự nhiên|chú ý đến chi tiết|giao tiếp|giao tiếp nói|giám sát|giải quyết vấn đề kỹ thuật|giải quyết vấn đề phức tạp|học chủ động|khoa học|khả năng thích ứng|kỹ năng máy tính|làm việc nhóm|lắng nghe tích cực|phán đoán & ra quyết định|phân tích dữ liệu|phân tích hệ thống|quản lý thời gian|toán học|tư duy logic|tư duy phản biện|viết|đánh giá hệ thống|đọc hiểu
19-3011.00,Các nhà kinh tế,"Thực hiện nghiên cứu, chuẩn bị báo cáo hoặc lập kế hoạch giải quyết các vấn đề kinh tế liên quan đến sản xuất và phân phối hàng hóa và dịch vụ hoặc chính sách tiền tệ và tài chính. Có thể thu thập và xử lý dữ liệu kinh tế và thống kê bằng cách sử dụng kỹ thuật lấy mẫu và phương pháp kinh tế.",Khoa học tự nhiên|chiến lược học tập|giao tiếp|giao tiếp nói|giải quyết vấn đề phức tạp|học chủ động|khả năng thích ứng|làm việc nhóm|lắng nghe tích cực|phán đoán & ra quyết định|phân tích hệ thống|quản lý thời gian|toán học|tư duy phản biện|viết|đọc hiểu,"[0.22, 1.0, 0.356, 0.317, 0.543, 0.62]",Khoa học tự nhiên|chiến lược học tập|giao tiếp|giao tiếp nói|giải quyết vấn đề phức tạp|học chủ động|khả năng thích ứng|làm việc nhóm|lắng nghe tích cực|phán đoán & ra quyết định|phân tích hệ thống|quản lý thời gian|toán học|tư duy phản biện|viết|đọc hiểu
19-3011.01,Các nhà kinh tế môi trường,"Thực hiện phân tích kinh tế liên quan đến bảo vệ môi trường và sử dụng môi trường tự nhiên, chẳng hạn như nước, không khí, đất và các nguồn năng lượng tái tạo. Đánh giá và định lượng lợi ích, chi phí, khuyến khích và tác động của các lựa chọn thay thế bằng cách sử dụng các nguyên tắc kinh tế và kỹ thuật thống kê.",Khoa học tự nhiên|chiến lược học tập|giao tiếp|giao tiếp nói|giám sát|giải quyết vấn đề phức tạp|học chủ động|khả năng thích ứng|làm việc nhóm|lắng nghe tích cực|phán đoán & ra quyết định|phân tích hệ thống|quản lý thời gian|toán học|tư duy phản biện|viết|đánh giá hệ thống|đọc hiểu,"[0.391, 1.0, 0.361, 0.326, 0.587, 0.583]",Khoa học tự nhiên|chiến lược học tập|giao tiếp|giao tiếp nói|giám sát|giải quyết vấn đề phức tạp|học chủ động|khả năng thích ứng|làm việc nhóm|lắng nghe tích cực|phán đoán & ra quyết định|phân tích hệ thống|quản lý thời gian|toán học|tư duy phản biện|viết|đánh giá hệ thống|đọc hiểu
19-3022.00,Các nhà nghiên cứu khảo sát,"Lập kế hoạch, phát triển hoặc tiến hành các cuộc khảo sát. Có thể phân tích và giải thích ý nghĩa của dữ liệu khảo sát, xác định mục tiêu khảo sát hoặc đề xuất hoặc kiểm tra các định dạng câu hỏi. Bao gồm các nhà khoa học xã hội chủ yếu thiết kế bảng câu hỏi hoặc giám sát các nhóm khảo sát.",Khoa học tự nhiên|chiến lược học tập|giao tiếp|giao tiếp nói|giải quyết vấn đề phức tạp|học chủ động|khả năng thích ứng|làm việc nhóm|lắng nghe tích cực|phán đoán & ra quyết định|quản lý thời gian|toán học|tư duy phản biện|viết|đọc hiểu,"[0.243, 0.871, 0.301, 0.33, 0.436, 0.78]",Khoa học tự nhiên|chiến lược học tập|giao tiếp|giao tiếp nói|giải quyết vấn đề phức tạp|học chủ động|khả năng thích ứng|làm việc nhóm|lắng nghe tích cực|phán đoán & ra quyết định|quản lý thời gian|toán học|tư duy phản biện|viết|đọc hiểu
19-3032.00,Các nhà tâm lý học về tổ chức công nghiệp,"Sử dụng các nguyên tắc tâm lý học cho các vấn đề nguồn nhân lực, quản trị, quản lý, bán hàng và tiếp thị. Các hoạt động có thể bao gồm lập kế hoạch chính sách; kiểm tra và lựa chọn nhân viên, đào tạo và phát triển; và sự phát triển và phân tích tổ chức. Có thể làm việc với quản lý để tổ chức môi trường làm việc để nâng cao năng suất lao động.",Khoa học tự nhiên|chiến lược học tập|giao tiếp|giao tiếp nói|giám sát|giải quyết vấn đề phức tạp|học chủ động|khả năng thích ứng|làm việc nhóm|lắng nghe tích cực|nhạy bén xã hội|phán đoán & ra quyết định|phân tích hệ thống|phối hợp|quản lý thời gian|tư duy phản biện|viết|đánh giá hệ thống|đọc hiểu,"[0.159, 0.76, 0.466, 0.597, 0.664, 0.577]",Khoa học tự nhiên|chiến lược học tập|giao tiếp|giao tiếp nói|giám sát|giải quyết vấn đề phức tạp|học chủ động|khả năng thích ứng|làm việc nhóm|lắng nghe tích cực|nhạy bén xã hội|phán đoán & ra quyết định|phân tích hệ thống|phối hợp|quản lý thời gian|tư duy phản biện|viết|đánh giá hệ thống|đọc hiểu
19-3033.00,Các nhà tâm lý học lâm sàng và tư vấn,"Đánh giá, chẩn đoán và điều trị rối loạn tâm thần và cảm xúc của cá nhân thông qua quan sát, phỏng vấn và kiểm tra tâm lý. Giúp những người bị đau khổ hoặc không thích nghi hiểu được vấn đề của họ thông qua kiến thức của họ về lịch sử trường hợp, phỏng vấn bệnh nhân và lý thuyết. Cung cấp dịch vụ tư vấn cá nhân hoặc nhóm để giúp cá nhân đạt được sự phát triển và thích nghi cá nhân, xã hội, giáo dục và nghề nghiệp hiệu quả hơn. Có thể thiết kế các chương trình sửa đổi hành vi và tham vấn với nhân viên y tế về phương pháp điều trị tốt nhất cho bệnh nhân.",Khoa học tự nhiên|giao tiếp|giao tiếp nói|giám sát|hướng dẫn|học chủ động|khả năng thích ứng|làm việc nhóm|lắng nghe tích cực|nhạy bén xã hội|quản lý thời gian|thuyết phục|tư duy phản biện|viết|định hướng dịch vụ|đọc hiểu,"[0.153, 0.786, 0.431, 0.939, 0.381, 0.507]",Khoa học tự nhiên|giao tiếp|giao tiếp nói|giám sát|hướng dẫn|học chủ động|khả năng thích ứng|làm việc nhóm|lắng nghe tích cực|nhạy bén xã hội|quản lý thời gian|thuyết phục|tư duy phản biện|viết|định hướng dịch vụ|đọc hiểu
19-3034.00,Các nhà tâm lý học,"Chẩn đoán và thực hiện các can thiệp hoặc chiến lược cá nhân hoặc toàn trường để giải quyết các vấn đề giáo dục, hành vi hoặc phát triển ảnh hưởng tiêu cực đến hoạt động giáo dục trong một trường học. Có thể giải quyết các vấn đề học tập và hành vi của sinh viên và tư vấn cho sinh viên hoặc gia đình. Có thể thiết kế và thực hiện các kế hoạch hiệu suất và đánh giá hiệu suất. Có thể tham khảo ý kiến với các nhân viên khác tại trường.",Khoa học tự nhiên|chiến lược học tập|giao tiếp|giao tiếp nói|giám sát|giải quyết vấn đề phức tạp|học chủ động|khả năng thích ứng|làm việc nhóm|lắng nghe tích cực|nhạy bén xã hội|phán đoán & ra quyết định|quản lý thời gian|tư duy phản biện|viết|định hướng dịch vụ|đọc hiểu,"[0.143, 0.714, 0.473, 0.967, 0.403, 0.573]",Khoa học tự nhiên|chiến lược học tập|giao tiếp|giao tiếp nói|giám sát|giải quyết vấn đề phức tạp|học chủ động|khả năng thích ứng|làm việc nhóm|lắng nghe tích cực|nhạy bén xã hội|phán đoán & ra quyết định|quản lý thời gian|tư duy phản biện|viết|định hướng dịch vụ|đọc hiểu
19-3039.02,Các nhà tâm lý học thần kinh,"Sử dụng các lý thuyết và nguyên tắc của thần kinh tâm lý học để đánh giá và chẩn đoán rối loạn chức năng não cao hơn, thường trong nghiên cứu và môi trường y tế. Nghiên cứu bộ não con người và tác động của các trạng thái sinh lý đối với nhận thức và hành vi của con người. Có thể xây dựng và quản lý các chương trình điều trị.",Khoa học tự nhiên|chiến lược học tập|giao tiếp|giao tiếp nói|giám sát|giải quyết vấn đề phức tạp|học chủ động|khả năng thích ứng|làm việc nhóm|lắng nghe tích cực|nhạy bén xã hội|phán đoán & ra quyết định|quản lý thời gian|tư duy phản biện|viết|định hướng dịch vụ|đọc hiểu,"[0.381, 1.0, 0.466, 0.754, 0.257, 0.463]",Khoa học tự nhiên|chiến lược học tập|giao tiếp|giao tiếp nói|giám sát|giải quyết vấn đề phức tạp|học chủ động|khả năng thích ứng|làm việc nhóm|lắng nghe tích cực|nhạy bén xã hội|phán đoán & ra quyết định|quản lý thời gian|tư duy phản biện|viết|định hướng dịch vụ|đọc hiểu
19-3039.03,Các nhà thần kinh tâm lý lâm sàng,"Đánh giá và chẩn đoán bệnh nhân có các vấn đề về hành vi thần kinh liên quan đến rối loạn phát triển của hệ thần kinh, chẳng hạn như rối loạn thần kinh thoái hóa, tổn thương não chấn thương, rối loạn động kinh và khó học. Yêu cầu điều trị sau khi chẩn đoán, chẳng hạn như điều trị, thuốc hoặc phẫu thuật. Giúp đánh giá trước và sau các thủ tục phẫu thuật thần kinh, chẳng hạn như kích thích não sâu.",Khoa học tự nhiên|chiến lược học tập|giao tiếp|giao tiếp nói|giải quyết vấn đề phức tạp|học chủ động|khả năng thích ứng|làm việc nhóm|lắng nghe tích cực|nhạy bén xã hội|phán đoán & ra quyết định|phối hợp|quản lý thời gian|tư duy phản biện|viết|định hướng dịch vụ|đọc hiểu,"[0.409, 1.0, 0.343, 0.817, 0.301, 0.493]",Khoa học tự nhiên|chiến lược học tập|giao tiếp|giao tiếp nói|giải quyết vấn đề phức tạp|học chủ động|khả năng thích ứng|làm việc nhóm|lắng nghe tích cực|nhạy bén xã hội|phán đoán & ra quyết định|phối hợp|quản lý thời gian|tư duy phản biện|viết|định hướng dịch vụ|đọc hiểu
19-3041.00,Các nhà xã hội học,"Nghiên cứu xã hội và hành vi xã hội của con người bằng cách kiểm tra các nhóm và tổ chức xã hội mà con người tạo thành, cũng như các tổ chức khác nhau về xã hội, tôn giáo, chính trị và kinh doanh. Có thể nghiên cứu hành vi và tương tác của các nhóm, theo dõi nguồn gốc và sự phát triển của họ, và phân tích ảnh hưởng của các hoạt động của nhóm đối với các thành viên cá nhân.",Khoa học tự nhiên|chiến lược học tập|giao tiếp|giao tiếp nói|giám sát|giải quyết vấn đề phức tạp|hướng dẫn|học chủ động|khả năng thích ứng|làm việc nhóm|lắng nghe tích cực|nhạy bén xã hội|phán đoán & ra quyết định|quản lý thời gian|tư duy phản biện|viết|đọc hiểu,"[0.23, 0.919, 0.566, 0.631, 0.44, 0.51]",Khoa học tự nhiên|chiến lược học tập|giao tiếp|giao tiếp nói|giám sát|giải quyết vấn đề phức tạp|hướng dẫn|học chủ động|khả năng thích ứng|làm việc nhóm|lắng nghe tích cực|nhạy bén xã hội|phán đoán & ra quyết định|quản lý thời gian|tư duy phản biện|viết|đọc hiểu
19-3051.00,Kế hoạch đô thị và khu vực,"Phát triển các kế hoạch và chương trình toàn diện để sử dụng đất và các cơ sở vật lý của các thẩm quyền, chẳng hạn như thị trấn, thành phố, quận và khu vực đô thị.",Khoa học tự nhiên|giao tiếp|giao tiếp nói|giải quyết vấn đề phức tạp|học chủ động|khả năng thích ứng|làm việc nhóm|lắng nghe tích cực|nhạy bén xã hội|phán đoán & ra quyết định|phân tích hệ thống|phối hợp|quản lý thời gian|thuyết phục|tư duy phản biện|viết|đánh giá hệ thống|đọc hiểu,"[0.451, 0.769, 0.423, 0.429, 0.647, 0.564]",Khoa học tự nhiên|giao tiếp|giao tiếp nói|giải quyết vấn đề phức tạp|học chủ động|khả năng thích ứng|làm việc nhóm|lắng nghe tích cực|nhạy bén xã hội|phán đoán & ra quyết định|phân tích hệ thống|phối hợp|quản lý thời gian|thuyết phục|tư duy phản biện|viết|đánh giá hệ thống|đọc hiểu
19-3091.00,Các nhà nhân chủng học và khảo cổ học,"Nghiên cứu nguồn gốc, sự phát triển và hành vi của con người. Có thể nghiên cứu lối sống, ngôn ngữ hoặc đặc điểm thể chất của người dân ở các nơi khác nhau trên thế giới. Có thể tham gia vào việc phục hồi và kiểm tra hệ thống bằng chứng vật chất, chẳng hạn như các công cụ hoặc đồ gốm còn lại từ các nền văn hóa con người quá khứ, để xác định lịch sử, phong tục và thói quen sống của nền văn minh trước đó.",Khoa học tự nhiên|chiến lược học tập|giao tiếp|giao tiếp nói|giám sát|giải quyết vấn đề phức tạp|hướng dẫn|học chủ động|khả năng thích ứng|làm việc nhóm|lắng nghe tích cực|phán đoán & ra quyết định|quản lý thời gian|tư duy phản biện|viết|đọc hiểu,"[0.65, 0.963, 0.556, 0.474, 0.223, 0.506]",Khoa học tự nhiên|chiến lược học tập|giao tiếp|giao tiếp nói|giám sát|giải quyết vấn đề phức tạp|hướng dẫn|học chủ động|khả năng thích ứng|làm việc nhóm|lắng nghe tích cực|phán đoán & ra quyết định|quản lý thời gian|tư duy phản biện|viết|đọc hiểu
19-3092.00,Các nhà địa lý,"Nghiên cứu bản chất và sử dụng các khu vực của bề mặt Trái đất, liên quan và giải thích sự tương tác của các hiện tượng vật lý và văn hóa. Thực hiện nghiên cứu về các khía cạnh vật lý của một khu vực, bao gồm hình dạng đất, khí hậu, đất, thực vật và động vật, và tiến hành nghiên cứu các tác động về không gian của các hoạt động của con người trong một lĩnh vực nhất định, gồm các đặc điểm xã hội, hoạt động kinh tế và tổ chức chính trị, cũng như nghiên cứu sự phụ thuộc lẫn nhau giữa các khu vực ở quy mô từ địa phương đến toàn cầu.",Khoa học tự nhiên|chiến lược học tập|giao tiếp|giao tiếp nói|giải quyết vấn đề phức tạp|hướng dẫn|học chủ động|khoa học|khả năng thích ứng|làm việc nhóm|lắng nghe tích cực|phán đoán & ra quyết định|phân tích hệ thống|quản lý thời gian|tư duy phản biện|viết|đọc hiểu,"[0.741, 0.961, 0.529, 0.384, 0.307, 0.53]",Khoa học tự nhiên|chiến lược học tập|giao tiếp|giao tiếp nói|giải quyết vấn đề phức tạp|hướng dẫn|học chủ động|khoa học|khả năng thích ứng|làm việc nhóm|lắng nghe tích cực|phán đoán & ra quyết định|phân tích hệ thống|quản lý thời gian|tư duy phản biện|viết|đọc hiểu
19-3093.00,Các nhà sử học,"Nghiên cứu, phân tích, ghi lại và giải thích quá khứ như được ghi lại trong các nguồn, chẳng hạn như các hồ sơ của chính phủ và các tổ chức, báo và các ấn phẩm định kỳ khác, ảnh, phỏng vấn, phim, phương tiện truyền thông điện tử và bản thảo chưa được xuất bản, như nhật ký và thư cá nhân.",Khoa học tự nhiên|chiến lược học tập|giao tiếp|giao tiếp nói|giám sát|giải quyết vấn đề phức tạp|hướng dẫn|học chủ động|khả năng thích ứng|làm việc nhóm|lắng nghe tích cực|nhạy bén xã hội|phán đoán & ra quyết định|quản lý thời gian|tư duy phản biện|viết|đọc hiểu,"[0.346, 0.741, 0.516, 0.459, 0.343, 0.71]",Khoa học tự nhiên|chiến lược học tập|giao tiếp|giao tiếp nói|giám sát|giải quyết vấn đề phức tạp|hướng dẫn|học chủ động|khả năng thích ứng|làm việc nhóm|lắng nghe tích cực|nhạy bén xã hội|phán đoán & ra quyết định|quản lý thời gian|tư duy phản biện|viết|đọc hiểu
19-3094.00,Các nhà khoa học chính trị,"Nghiên cứu nguồn gốc, sự phát triển và hoạt động của các hệ thống chính trị. Có thể nghiên cứu các chủ đề, chẳng hạn như ý kiến công cộng, ra quyết định chính trị và tư tưởng. Có thể phân tích cấu trúc và hoạt động của các chính phủ, cũng như các tổ chức chính trị khác nhau. Có thể tiến hành khảo sát ý kiến công chúng, phân tích kết quả bầu cử, hoặc phân tích tài liệu công cộng.",Khoa học tự nhiên|chiến lược học tập|giao tiếp|giao tiếp nói|giải quyết vấn đề phức tạp|học chủ động|khả năng thích ứng|làm việc nhóm|lắng nghe tích cực|nhạy bén xã hội|phán đoán & ra quyết định|quản lý thời gian|tư duy phản biện|viết|đọc hiểu,"[0.143, 0.946, 0.54, 0.496, 0.529, 0.514]",Khoa học tự nhiên|chiến lược học tập|giao tiếp|giao tiếp nói|giải quyết vấn đề phức tạp|học chủ động|khả năng thích ứng|làm việc nhóm|lắng nghe tích cực|nhạy bén xã hội|phán đoán & ra quyết định|quản lý thời gian|tư duy phản biện|viết|đọc hiểu
19-3099.00,"Social Scientists and Related Workers, Khác",Thực hiện các nhiệm vụ đa dạng không được bao gồm trong các danh mục nghề nghiệp cụ thể khác trong lĩnh vực này.,Khác|Tổng quát|giao tiếp|khác|khả năng thích ứng|làm việc nhóm|quản lý thời gian|tư duy phản biện|tổng quát|đa dạng,"[0.616, 0.852, 0.329, 0.387, 0.366, 0.64]",Khác|Tổng quát|giao tiếp|khác|khả năng thích ứng|làm việc nhóm|quản lý thời gian|tư duy phản biện|tổng quát|đa dạng
19-3099.01,Kế hoạch giao thông,"Chuẩn bị các nghiên cứu cho các dự án vận tải được đề xuất. Thu thập, biên soạn và phân tích dữ liệu. Nghiên cứu việc sử dụng và hoạt động của các hệ thống vận tải. Phát triển mô hình vận tải hoặc mô phỏng.",Khoa học tự nhiên|giao tiếp|giao tiếp nói|giải quyết vấn đề phức tạp|học chủ động|khả năng thích ứng|làm việc nhóm|lắng nghe tích cực|phán đoán & ra quyết định|phân tích hệ thống|phối hợp|quản lý thời gian|toán học|tư duy phản biện|viết|đánh giá hệ thống|đọc hiểu,"[0.457, 0.786, 0.311, 0.293, 0.459, 0.67]",Khoa học tự nhiên|giao tiếp|giao tiếp nói|giải quyết vấn đề phức tạp|học chủ động|khả năng thích ứng|làm việc nhóm|lắng nghe tích cực|phán đoán & ra quyết định|phân tích hệ thống|phối hợp|quản lý thời gian|toán học|tư duy phản biện|viết|đánh giá hệ thống|đọc hiểu
19-4012.00,Các kỹ thuật viên nông nghiệp,"Làm việc với các nhà khoa học nông nghiệp trong nghiên cứu thực vật, chất xơ và động vật, hoặc hỗ trợ chăn nuôi và dinh dưỡng động vật. Thiết lập hoặc duy trì thiết bị phòng thí nghiệm và thu thập mẫu từ cây trồng hoặc động vật. Chuẩn bị mẫu hoặc ghi lại dữ liệu để hỗ trợ các nhà khoa học trong sinh học hoặc các thí nghiệm khoa học sinh học liên quan. Thực hiện các thử nghiệm và thí nghiệm để cải thiện năng suất và chất lượng cây trồng hoặc tăng khả năng kháng của thực vật và động vật đối với bệnh hoặc côn trùng.",Khoa học tự nhiên|chiến lược học tập|chú ý đến chi tiết|giao tiếp|giao tiếp nói|giám sát|giải quyết vấn đề kỹ thuật|học chủ động|khoa học|khả năng thích ứng|kỹ năng máy tính|làm việc nhóm|lắng nghe tích cực|phán đoán & ra quyết định|phân tích dữ liệu|phối hợp|quản lý thời gian|toán học|tư duy logic|tư duy phản biện|viết|đọc hiểu,"[0.897, 0.709, 0.143, 0.223, 0.257, 0.663]",Khoa học tự nhiên|chiến lược học tập|chú ý đến chi tiết|giao tiếp|giao tiếp nói|giám sát|giải quyết vấn đề kỹ thuật|học chủ động|khoa học|khả năng thích ứng|kỹ năng máy tính|làm việc nhóm|lắng nghe tích cực|phán đoán & ra quyết định|phân tích dữ liệu|phối hợp|quản lý thời gian|toán học|tư duy logic|tư duy phản biện|viết|đọc hiểu
19-4012.01,Các kỹ thuật viên nông nghiệp chính xác,"Sử dụng các công nghệ địa không gian, bao gồm hệ thống thông tin địa lý (GIS) và hệ thống định vị toàn cầu (GPS), cho các hoạt động sản xuất hoặc quản lý nông nghiệp, chẳng hạn như tìm kiếm các loài động vật gây hại, ứng dụng thuốc trừ sâu cụ thể cho địa điểm, bản đồ năng suất hoặc tưới tiêu theo tỷ lệ biến. Có thể sử dụng máy tính để phát triển hoặc phân tích bản đồ hoặc hình ảnh cảm biến từ xa để so sánh địa lý vật lý với dữ liệu về đất, phân bón, sâu bệnh hoặc thời tiết.",Khoa học tự nhiên|chú ý đến chi tiết|giao tiếp|giao tiếp nói|giám sát|giải quyết vấn đề kỹ thuật|giải quyết vấn đề phức tạp|học chủ động|khả năng thích ứng|kỹ năng máy tính|làm việc nhóm|lắng nghe tích cực|phán đoán & ra quyết định|phân tích dữ liệu|quản lý thời gian|toán học|tư duy logic|tư duy phản biện|viết|đọc hiểu,"[0.936, 0.786, 0.167, 0.206, 0.307, 0.689]",Khoa học tự nhiên|chú ý đến chi tiết|giao tiếp|giao tiếp nói|giám sát|giải quyết vấn đề kỹ thuật|giải quyết vấn đề phức tạp|học chủ động|khả năng thích ứng|kỹ năng máy tính|làm việc nhóm|lắng nghe tích cực|phán đoán & ra quyết định|phân tích dữ liệu|quản lý thời gian|toán học|tư duy logic|tư duy phản biện|viết|đọc hiểu
19-4013.00,Các kỹ thuật viên khoa học thực phẩm,"Làm việc với các nhà khoa học thực phẩm hoặc các nhà công nghệ để thực hiện các thử nghiệm chất lượng và số lượng tiêu chuẩn để xác định các tính chất vật lý hoặc hóa học của các sản phẩm thực phẩm hay đồ uống. Bao gồm các kỹ thuật viên hỗ trợ nghiên cứu và phát triển công nghệ sản xuất, kiểm soát chất lượng, đóng gói, chế biến và sử dụng thực phẩm.",Khoa học tự nhiên|chú ý đến chi tiết|giao tiếp|giao tiếp nói|giám sát|giải quyết vấn đề kỹ thuật|giải quyết vấn đề phức tạp|học chủ động|khoa học|khả năng thích ứng|kỹ năng máy tính|làm việc nhóm|lắng nghe tích cực|phân tích dữ liệu|phân tích kiểm soát chất lượng|phối hợp|quản lý thời gian|toán học|tư duy logic|tư duy phản biện|viết|đọc hiểu,"[0.794, 0.65, 0.196, 0.239, 0.257, 0.724]",Khoa học tự nhiên|chú ý đến chi tiết|giao tiếp|giao tiếp nói|giám sát|giải quyết vấn đề kỹ thuật|giải quyết vấn đề phức tạp|học chủ động|khoa học|khả năng thích ứng|kỹ năng máy tính|làm việc nhóm|lắng nghe tích cực|phân tích dữ liệu|phân tích kiểm soát chất lượng|phối hợp|quản lý thời gian|toán học|tư duy logic|tư duy phản biện|viết|đọc hiểu
19-4021.00,Các kỹ thuật viên sinh học,"Giúp các nhà khoa học sinh học và y tế. Thiết lập, vận hành và duy trì các thiết bị và thiết bị phòng thí nghiệm, giám sát các thí dụ, thu thập dữ liệu và mẫu, quan sát, tính toán và ghi lại kết quả. Có thể phân tích các chất hữu cơ, chẳng hạn như máu, thực phẩm và thuốc.",Khoa học tự nhiên|chú ý đến chi tiết|giao tiếp|giao tiếp nói|giám sát|giải quyết vấn đề kỹ thuật|giải quyết vấn đề phức tạp|học chủ động|khoa học|khả năng thích ứng|kỹ năng máy tính|làm việc nhóm|lắng nghe tích cực|phán đoán & ra quyết định|phân tích dữ liệu|quản lý thời gian|toán học|tư duy logic|tư duy phản biện|viết|đọc hiểu,"[0.8, 0.796, 0.177, 0.283, 0.169, 0.767]",Khoa học tự nhiên|chú ý đến chi tiết|giao tiếp|giao tiếp nói|giám sát|giải quyết vấn đề kỹ thuật|giải quyết vấn đề phức tạp|học chủ động|khoa học|khả năng thích ứng|kỹ năng máy tính|làm việc nhóm|lắng nghe tích cực|phán đoán & ra quyết định|phân tích dữ liệu|quản lý thời gian|toán học|tư duy logic|tư duy phản biện|viết|đọc hiểu
19-4031.00,Các kỹ thuật viên hóa học,"Thực hiện các thử nghiệm phòng thí nghiệm hóa học và vật lý để hỗ trợ các nhà khoa học trong việc thực hiện phân tích chất lượng và số lượng của các chất rắn, chất lỏng và vật liệu khí để nghiên cứu và phát triển các sản phẩm hoặc quy trình mới, kiểm soát chất lượng, duy trì các tiêu chuẩn môi trường và các công việc khác liên quan đến ứng dụng thử nghiệm, lý thuyết hoặc thực tế của hóa chất và các khoa học liên quan.",Khoa học tự nhiên|chiến lược học tập|chú ý đến chi tiết|giao tiếp|giao tiếp nói|giám sát|giám sát vận hành|giải quyết vấn đề kỹ thuật|học chủ động|khoa học|khả năng thích ứng|kỹ năng máy tính|làm việc nhóm|lắng nghe tích cực|phân tích dữ liệu|phân tích kiểm soát chất lượng|quản lý thời gian|tư duy logic|tư duy phản biện|viết|đọc hiểu,"[0.777, 0.84, 0.224, 0.246, 0.146, 0.724]",Khoa học tự nhiên|chiến lược học tập|chú ý đến chi tiết|giao tiếp|giao tiếp nói|giám sát|giám sát vận hành|giải quyết vấn đề kỹ thuật|học chủ động|khoa học|khả năng thích ứng|kỹ năng máy tính|làm việc nhóm|lắng nghe tích cực|phân tích dữ liệu|phân tích kiểm soát chất lượng|quản lý thời gian|tư duy logic|tư duy phản biện|viết|đọc hiểu
19-4042.00,"Khoa học và kỹ thuật bảo vệ môi trường, bao gồm cả y tế","Thực hiện các thử nghiệm phòng thí nghiệm và thực địa để theo dõi môi trường và điều tra các nguồn ô nhiễm, bao gồm cả những nguồn ảnh hưởng đến sức khỏe, dưới sự hướng dẫn của một nhà khoa học môi trường, kỹ sư hoặc chuyên gia khác. Có thể thu thập mẫu khí, đất, nước và các vật liệu khác để thử nghiệm.",Khoa học tự nhiên|chú ý đến chi tiết|chăm sóc bệnh nhân|giao tiếp|giao tiếp nói|giao tiếp với bệnh nhân|giám sát|giải quyết vấn đề kỹ thuật|giải quyết vấn đề phức tạp|khoa học|khả năng thích ứng|kỹ năng máy tính|làm việc dưới áp lực|làm việc nhóm|lắng nghe tích cực|phán đoán & ra quyết định|phân tích dữ liệu|quản lý thời gian|toán học|tư duy logic|tư duy phản biện|viết|đọc hiểu|đồng cảm,"[0.79, 0.796, 0.161, 0.296, 0.21, 0.701]",Khoa học tự nhiên|chú ý đến chi tiết|chăm sóc bệnh nhân|giao tiếp|giao tiếp nói|giao tiếp với bệnh nhân|giám sát|giải quyết vấn đề kỹ thuật|giải quyết vấn đề phức tạp|khoa học|khả năng thích ứng|kỹ năng máy tính|làm việc dưới áp lực|làm việc nhóm|lắng nghe tích cực|phán đoán & ra quyết định|phân tích dữ liệu|quản lý thời gian|toán học|tư duy logic|tư duy phản biện|viết|đọc hiểu|đồng cảm
19-4043.00,"Kỹ thuật viên địa chất, ngoại trừ kỹ thuật viên thủy học","Giúp các nhà khoa học hoặc kỹ sư trong việc sử dụng các thiết bị đo điện tử, âm thanh hoặc hạt nhân trong các hoạt động phòng thí nghiệm, thăm dò và sản xuất để có được dữ liệu cho thấy các nguồn tài nguyên như quặng kim loại, khoáng sản, khí, than hoặc dầu mỏ. Phân tích bùn và khoan cỏ. Hình áp suất, nhiệt độ và các đặc điểm khác của giếng hoặc lỗ lỗ.",Khoa học tự nhiên|chú ý đến chi tiết|giao tiếp|giao tiếp nói|giám sát|giải quyết vấn đề kỹ thuật|giải quyết vấn đề phức tạp|học chủ động|khả năng thích ứng|kỹ năng máy tính|làm việc nhóm|lắng nghe tích cực|phán đoán & ra quyết định|phân tích dữ liệu|phối hợp|quản lý thời gian|toán học|tư duy logic|tư duy phản biện|viết|đọc hiểu,"[0.799, 0.74, 0.183, 0.21, 0.159, 0.763]",Khoa học tự nhiên|chú ý đến chi tiết|giao tiếp|giao tiếp nói|giám sát|giải quyết vấn đề kỹ thuật|giải quyết vấn đề phức tạp|học chủ động|khả năng thích ứng|kỹ năng máy tính|làm việc nhóm|lắng nghe tích cực|phán đoán & ra quyết định|phân tích dữ liệu|phối hợp|quản lý thời gian|toán học|tư duy logic|tư duy phản biện|viết|đọc hiểu
19-4044.00,Các kỹ thuật viên thủy sinh học,"Thu thập và tổ chức dữ liệu liên quan đến phân phối và lưu thông của nước mặt đất và bề mặt, và dữ liệu về các tính chất vật lý, hóa học và sinh học của nó. đo lường và báo cáo về tốc độ lưu lượng và mức độ nước ngầm, duy trì thiết bị thực địa, thu thập mẫu nước, lắp đặt và thu thập thiết bị lấy mẫu, và xử lý mẫu để vận chuyển đến phòng thí nghiệm thử nghiệm. Có thể thu thập dữ liệu thay mặt cho các nhà thủy sinh học, kỹ sư, nhà phát triển, cơ quan chính phủ hoặc nông nghiệp.",chú ý đến chi tiết|giao tiếp|giải quyết vấn đề kỹ thuật|khả năng thích ứng|kỹ năng máy tính|làm việc nhóm|phân tích dữ liệu|quản lý thời gian|tư duy logic|tư duy phản biện,"[0.793, 0.709, 0.143, 0.219, 0.201, 0.761]",chú ý đến chi tiết|giao tiếp|giải quyết vấn đề kỹ thuật|khả năng thích ứng|kỹ năng máy tính|làm việc nhóm|phân tích dữ liệu|quản lý thời gian|tư duy logic|tư duy phản biện
19-4051.00,Các kỹ thuật viên hạt nhân,"Giúp các nhà vật lý hạt nhân, kỹ sư hạt nhân hoặc các nhà khoa học khác trong các hoạt động trong phòng thí nghiệm, sản xuất điện hoặc sản xuất năng lượng. Có thể vận hành, duy trì hoặc cung cấp kiểm soát chất lượng cho các thiết bị thử nghiệm hạt nhân và nghiên cứu. Có thể theo dõi bức xạ.",Khoa học tự nhiên|bị khởi động và điều khiển|chú ý đến chi tiết|giao tiếp|giao tiếp nói|giám sát|giám sát vận hành|giải quyết vấn đề kỹ thuật|giải quyết vấn đề phức tạp|học chủ động|khả năng thích ứng|kỹ năng máy tính|làm việc nhóm|lắng nghe tích cực|nhạy bén xã hội|phân tích dữ liệu|phân tích kiểm soát chất lượng|quản lý thời gian|tư duy logic|tư duy phản biện|viết|đọc hiểu,"[0.821, 0.653, 0.143, 0.261, 0.323, 0.724]",Khoa học tự nhiên|bị khởi động và điều khiển|chú ý đến chi tiết|giao tiếp|giao tiếp nói|giám sát|giám sát vận hành|giải quyết vấn đề kỹ thuật|giải quyết vấn đề phức tạp|học chủ động|khả năng thích ứng|kỹ năng máy tính|làm việc nhóm|lắng nghe tích cực|nhạy bén xã hội|phân tích dữ liệu|phân tích kiểm soát chất lượng|quản lý thời gian|tư duy logic|tư duy phản biện|viết|đọc hiểu
19-4051.02,Các kỹ thuật viên giám sát hạt nhân,"Thu thập và thử nghiệm các mẫu để theo dõi kết quả của các thí nghiệm hạt nhân và ô nhiễm của con người, cơ sở và môi trường.",Khoa học tự nhiên|chiến lược học tập|chú ý đến chi tiết|giao tiếp|giao tiếp nói|giám sát|giám sát vận hành|giải quyết vấn đề kỹ thuật|hướng dẫn|khả năng thích ứng|kỹ năng máy tính|làm việc nhóm|lắng nghe tích cực|phán đoán & ra quyết định|phân tích dữ liệu|quản lý thời gian|toán học|tư duy logic|tư duy phản biện|viết|đọc hiểu,"[0.874, 0.617, 0.143, 0.264, 0.239, 0.789]",Khoa học tự nhiên|chiến lược học tập|chú ý đến chi tiết|giao tiếp|giao tiếp nói|giám sát|giám sát vận hành|giải quyết vấn đề kỹ thuật|hướng dẫn|khả năng thích ứng|kỹ năng máy tính|làm việc nhóm|lắng nghe tích cực|phán đoán & ra quyết định|phân tích dữ liệu|quản lý thời gian|toán học|tư duy logic|tư duy phản biện|viết|đọc hiểu
19-4061.00,Các trợ lý nghiên cứu khoa học xã hội,"Giúp các nhà khoa học xã hội trong phòng thí nghiệm, khảo sát và nghiên cứu khoa học công cộng khác. Có thể giúp chuẩn bị kết quả cho việc xuất bản và hỗ trợ trong phân tích phòng thử nghiệm, kiểm soát chất lượng hoặc quản lý dữ liệu.",Khoa học tự nhiên|chiến lược học tập|giao tiếp|giao tiếp nói|giám sát|giải quyết vấn đề phức tạp|học chủ động|khoa học|khả năng thích ứng|làm việc nhóm|lắng nghe tích cực|quản lý thời gian|toán học|tư duy phản biện|viết|đọc hiểu,"[0.354, 0.857, 0.293, 0.394, 0.336, 0.826]",Khoa học tự nhiên|chiến lược học tập|giao tiếp|giao tiếp nói|giám sát|giải quyết vấn đề phức tạp|học chủ động|khoa học|khả năng thích ứng|làm việc nhóm|lắng nghe tích cực|quản lý thời gian|toán học|tư duy phản biện|viết|đọc hiểu
19-4071.00,Các kỹ thuật viên lâm nghiệp và bảo tồn,"Cung cấp hỗ trợ kỹ thuật liên quan đến việc bảo tồn đất, nước, rừng hoặc tài nguyên thiên nhiên liên quan. Có thể biên soạn dữ liệu liên quan đến kích thước, nội dung, tình trạng và các đặc điểm khác của các khu rừng dưới sự chỉ đạo của các nhà lâm nghiệp, hoặc đào tạo và dẫn đầu các nhân viên lâm nghiệp trong việc lây lan rừng và phòng ngừa và đàn áp cháy rừng. Có thể hỗ trợ các nhà khoa học bảo tồn trong việc quản lý, cải thiện và bảo vệ các vùng rừng và môi trường sống của động vật hoang dã.",Khoa học tự nhiên|chú ý đến chi tiết|giao tiếp|giao tiếp nói|giám sát|giải quyết vấn đề kỹ thuật|khả năng thích ứng|kỹ năng máy tính|làm việc nhóm|lắng nghe tích cực|nhạy bén xã hội|phán đoán & ra quyết định|phân tích dữ liệu|phối hợp|quản lý thời gian|thuyết phục|tư duy logic|tư duy phản biện|viết|đọc hiểu,"[0.933, 0.627, 0.143, 0.403, 0.351, 0.671]",Khoa học tự nhiên|chú ý đến chi tiết|giao tiếp|giao tiếp nói|giám sát|giải quyết vấn đề kỹ thuật|khả năng thích ứng|kỹ năng máy tính|làm việc nhóm|lắng nghe tích cực|nhạy bén xã hội|phán đoán & ra quyết định|phân tích dữ liệu|phối hợp|quản lý thời gian|thuyết phục|tư duy logic|tư duy phản biện|viết|đọc hiểu
19-4092.00,Các kỹ thuật viên khoa học pháp y,"Thu thập, xác định, phân loại và phân tích bằng chứng vật lý liên quan đến các cuộc điều tra tội phạm. Thực hiện thử nghiệm về vũ khí hoặc chất, chẳng hạn như chất xơ, tóc và mô để xác định tầm quan trọng của việc điều tra. Có thể làm chứng như là nhân chứng chuyên gia về bằng chứng hoặc kỹ thuật phòng thí nghiệm tội phạm. Có thể làm chuyên gia trong lĩnh vực chuyên môn, chẳng hạn như đạn đạo, vân tay, chữ viết tay hoặc hóa học sinh học.",Khoa học tự nhiên|chiến lược học tập|chú ý đến chi tiết|giao tiếp|giao tiếp nói|giám sát|giải quyết vấn đề kỹ thuật|giải quyết vấn đề phức tạp|hướng dẫn|học chủ động|khoa học|khả năng thích ứng|kỹ năng máy tính|làm việc nhóm|lắng nghe tích cực|phán đoán & ra quyết định|phân tích dữ liệu|quản lý thời gian|tư duy logic|tư duy phản biện|viết|đọc hiểu,"[0.719, 0.873, 0.257, 0.241, 0.244, 0.72]",Khoa học tự nhiên|chiến lược học tập|chú ý đến chi tiết|giao tiếp|giao tiếp nói|giám sát|giải quyết vấn đề kỹ thuật|giải quyết vấn đề phức tạp|hướng dẫn|học chủ động|khoa học|khả năng thích ứng|kỹ năng máy tính|làm việc nhóm|lắng nghe tích cực|phán đoán & ra quyết định|phân tích dữ liệu|quản lý thời gian|tư duy logic|tư duy phản biện|viết|đọc hiểu
19-4099.01,Các nhà phân tích kiểm soát chất lượng,"Thực hiện các thử nghiệm để xác định chất lượng của nguyên liệu thô, sản phẩm trung gian và sản phẩm hoàn chỉnh.",Khoa học tự nhiên|giao tiếp|giao tiếp nói|giám sát|giám sát vận hành|giải quyết vấn đề phức tạp|học chủ động|khả năng thích ứng|làm việc nhóm|lắng nghe tích cực|phân tích kiểm soát chất lượng|quản lý thời gian|toán học|tư duy phản biện|viết|đọc hiểu,"[0.58, 0.709, 0.16, 0.17, 0.346, 0.833]",Khoa học tự nhiên|giao tiếp|giao tiếp nói|giám sát|giám sát vận hành|giải quyết vấn đề phức tạp|học chủ động|khả năng thích ứng|làm việc nhóm|lắng nghe tích cực|phân tích kiểm soát chất lượng|quản lý thời gian|toán học|tư duy phản biện|viết|đọc hiểu
19-4099.03,Kỹ thuật cảm biến từ xa,"Sử dụng công nghệ cảm biến từ xa để hỗ trợ các nhà khoa học trong các lĩnh vực như tài nguyên thiên nhiên, lập kế hoạch đô thị hoặc an ninh nội địa.",Khoa học tự nhiên|chú ý đến chi tiết|giao tiếp|giao tiếp nói|giám sát|giải quyết vấn đề kỹ thuật|giải quyết vấn đề phức tạp|học chủ động|khả năng thích ứng|kỹ năng máy tính|làm việc nhóm|lắng nghe tích cực|phán đoán & ra quyết định|phân tích dữ liệu|phân tích hệ thống|phối hợp|quản lý thời gian|toán học|tư duy logic|tư duy phản biện|viết|đọc hiểu,"[0.737, 0.667, 0.29, 0.21, 0.239, 0.737]",Khoa học tự nhiên|chú ý đến chi tiết|giao tiếp|giao tiếp nói|giám sát|giải quyết vấn đề kỹ thuật|giải quyết vấn đề phức tạp|học chủ động|khả năng thích ứng|kỹ năng máy tính|làm việc nhóm|lắng nghe tích cực|phán đoán & ra quyết định|phân tích dữ liệu|phân tích hệ thống|phối hợp|quản lý thời gian|toán học|tư duy logic|tư duy phản biện|viết|đọc hiểu
19-5011.00,Các chuyên gia về sức khỏe và an toàn lao động,"Xem xét, đánh giá và phân tích môi trường làm việc và thiết kế các chương trình và thủ tục để kiểm soát, loại bỏ và ngăn ngừa bệnh hoặc chấn thương gây ra bởi các tác nhân hóa học, vật lý và sinh học hoặc các yếu tố ergonomic. Có thể tiến hành kiểm tra và thực thi tuân thủ luật pháp và quy định quản lý sức khỏe và an toàn của cá nhân. Có thể được sử dụng trong lĩnh vực công cộng hoặc tư nhân.",Khoa học tự nhiên|giao tiếp|giao tiếp nói|giám sát|giải quyết vấn đề phức tạp|học chủ động|khả năng thích ứng|làm việc nhóm|lắng nghe tích cực|nhạy bén xã hội|phán đoán & ra quyết định|phân tích hệ thống|quản lý thời gian|tư duy phản biện|viết|đánh giá hệ thống|đọc hiểu,"[0.66, 0.713, 0.171, 0.481, 0.444, 0.687]",Khoa học tự nhiên|giao tiếp|giao tiếp nói|giám sát|giải quyết vấn đề phức tạp|học chủ động|khả năng thích ứng|làm việc nhóm|lắng nghe tích cực|nhạy bén xã hội|phán đoán & ra quyết định|phân tích hệ thống|quản lý thời gian|tư duy phản biện|viết|đánh giá hệ thống|đọc hiểu
19-5012.00,Các kỹ thuật viên về sức khỏe và an toàn lao động,"Thu thập dữ liệu về môi trường làm việc để phân tích bởi các chuyên gia về sức khỏe và an toàn lao động. Thực hiện và tiến hành đánh giá các chương trình được thiết kế để hạn chế các rủi ro hóa học, vật lý, sinh học và ergonomic đối với công nhân.",Khoa học tự nhiên|chú ý đến chi tiết|giao tiếp|giao tiếp nói|giám sát|giải quyết vấn đề kỹ thuật|giải quyết vấn đề phức tạp|học chủ động|khả năng thích ứng|kỹ năng máy tính|làm việc nhóm|lắng nghe tích cực|nhạy bén xã hội|phán đoán & ra quyết định|phân tích dữ liệu|quản lý thời gian|tư duy logic|tư duy phản biện|viết|đọc hiểu,"[0.767, 0.703, 0.143, 0.43, 0.391, 0.756]",Khoa học tự nhiên|chú ý đến chi tiết|giao tiếp|giao tiếp nói|giám sát|giải quyết vấn đề kỹ thuật|giải quyết vấn đề phức tạp|học chủ động|khả năng thích ứng|kỹ năng máy tính|làm việc nhóm|lắng nghe tích cực|nhạy bén xã hội|phán đoán & ra quyết định|phân tích dữ liệu|quản lý thời gian|tư duy logic|tư duy phản biện|viết|đọc hiểu
21-1011.00,Các nhà tư vấn về lạm dụng ma túy và rối loạn hành vi,"Cố vấn và tư vấn cho những người có vấn đề về rượu, thuốc lá, ma túy hoặc các vấn đề khác, chẳng hạn như cờ bạc và rối loạn ăn uống.",Xã hội học/Tư vấn|giao tiếp|giao tiếp nói|giám sát|học chủ động|khả năng thích ứng|làm việc nhóm|lắng nghe tích cực|nhạy bén xã hội|phán đoán & ra quyết định|phối hợp|quản lý thời gian|thuyết phục|tư duy phản biện|viết|định hướng dịch vụ|đọc hiểu,"[0.231, 0.543, 0.339, 0.95, 0.39, 0.521]",Xã hội học/Tư vấn|giao tiếp|giao tiếp nói|giám sát|học chủ động|khả năng thích ứng|làm việc nhóm|lắng nghe tích cực|nhạy bén xã hội|phán đoán & ra quyết định|phối hợp|quản lý thời gian|thuyết phục|tư duy phản biện|viết|định hướng dịch vụ|đọc hiểu
21-1012.00,"Các cố vấn và cố vấn về giáo dục, hướng dẫn và nghề nghiệp",Tư vấn và hỗ trợ sinh viên và cung cấp các dịch vụ hướng dẫn giáo dục và nghề nghiệp.,Xã hội học/Tư vấn|chiến lược học tập|giao tiếp|giao tiếp nói|giám sát|học chủ động|khả năng giải thích|khả năng thích ứng|kiên nhẫn|kỹ năng thuyết trình|làm việc nhóm|lắng nghe tích cực|nhạy bén xã hội|phán đoán & ra quyết định|quản lý lớp học|quản lý thời gian|tư duy phản biện|viết|định hướng dịch vụ|đọc hiểu,"[0.143, 0.473, 0.489, 1.0, 0.601, 0.483]",Xã hội học/Tư vấn|chiến lược học tập|giao tiếp|giao tiếp nói|giám sát|học chủ động|khả năng giải thích|khả năng thích ứng|kiên nhẫn|kỹ năng thuyết trình|làm việc nhóm|lắng nghe tích cực|nhạy bén xã hội|phán đoán & ra quyết định|quản lý lớp học|quản lý thời gian|tư duy phản biện|viết|định hướng dịch vụ|đọc hiểu
21-1013.00,Các nhà trị liệu hôn nhân và gia đình,"Chẩn đoán và điều trị rối loạn tâm thần và cảm xúc, cho dù là nhận thức, cảm xúc hoặc hành vi, trong bối cảnh của hệ thống hôn nhân và gia đình. Sử dụng các lý thuyết và kỹ thuật về hệ thống tâm lý và gia đình trong việc cung cấp dịch vụ cho cá nhân, cặp vợ chồng và các gia đình với mục đích điều trị các rối loạn thần kinh và tâm thần được chẩn đoán như vậy.",Xã hội học/Tư vấn|giao tiếp|giao tiếp nói|giám sát|giải quyết vấn đề phức tạp|học chủ động|khả năng thích ứng|làm việc nhóm|lắng nghe tích cực|nhạy bén xã hội|phán đoán & ra quyết định|quản lý thời gian|tư duy phản biện|viết|định hướng dịch vụ|đọc hiểu,"[0.213, 0.75, 0.511, 0.903, 0.266, 0.404]",Xã hội học/Tư vấn|giao tiếp|giao tiếp nói|giám sát|giải quyết vấn đề phức tạp|học chủ động|khả năng thích ứng|làm việc nhóm|lắng nghe tích cực|nhạy bén xã hội|phán đoán & ra quyết định|quản lý thời gian|tư duy phản biện|viết|định hướng dịch vụ|đọc hiểu
21-1014.00,Các nhà tư vấn về sức khỏe tâm thần,"Tư vấn và tư vấn cho cá nhân và nhóm để thúc đẩy sức khỏe tinh thần và cảm xúc tối ưu, tập trung vào phòng ngừa. Có thể giúp mọi người đối phó với một loạt các vấn đề về sức khỏe tâm thần, chẳng hạn như những vấn đề liên quan đến nghiện và lạm dụng ma túy; gia đình, việc nuôi dạy con cái và các vấn nạn hôn nhân; kiểm soát căng thẳng; tự trọng bản thân; hoặc lão hóa.",Xã hội học/Tư vấn|chiến lược học tập|giao tiếp|giao tiếp nói|giám sát|giải quyết vấn đề phức tạp|học chủ động|khả năng thích ứng|làm việc nhóm|lắng nghe tích cực|nhạy bén xã hội|phán đoán & ra quyết định|quản lý thời gian|thuyết phục|tư duy phản biện|viết|định hướng dịch vụ|đọc hiểu,"[0.189, 0.634, 0.437, 0.966, 0.416, 0.493]",Xã hội học/Tư vấn|chiến lược học tập|giao tiếp|giao tiếp nói|giám sát|giải quyết vấn đề phức tạp|học chủ động|khả năng thích ứng|làm việc nhóm|lắng nghe tích cực|nhạy bén xã hội|phán đoán & ra quyết định|quản lý thời gian|thuyết phục|tư duy phản biện|viết|định hướng dịch vụ|đọc hiểu
21-1015.00,Các cố vấn phục hồi,"Tư vấn cho các cá nhân để tối đa hóa sự độc lập và khả năng làm việc của những người đối phó với những khó khăn cá nhân, xã hội và nghề nghiệp do các khuyết tật bẩm sinh, bệnh tật, bệnh, tai nạn, lão hóa hoặc căng thẳng của cuộc sống hàng ngày. Điều phối các hoạt động cho cư dân của các cơ sở chăm sóc và điều trị. Đánh giá nhu cầu của khách hàng và thiết kế và thực hiện các chương trình phục hồi chức năng có thể bao gồm tư vấn cá nhân và nghề nghiệp, đào tạo và vị trí làm việc.",Xã hội học/Tư vấn|chiến lược học tập|giao tiếp|giao tiếp nói|giám sát|khả năng thích ứng|làm việc nhóm|lắng nghe tích cực|nhạy bén xã hội|phối hợp|quản lý thời gian|thuyết phục|tư duy phản biện|viết|định hướng dịch vụ|đọc hiểu,"[0.176, 0.466, 0.427, 0.973, 0.509, 0.466]",Xã hội học/Tư vấn|chiến lược học tập|giao tiếp|giao tiếp nói|giám sát|khả năng thích ứng|làm việc nhóm|lắng nghe tích cực|nhạy bén xã hội|phối hợp|quản lý thời gian|thuyết phục|tư duy phản biện|viết|định hướng dịch vụ|đọc hiểu
21-1019.00,"Counselors, Khác",Thực hiện các nhiệm vụ đa dạng không được bao gồm trong các danh mục nghề nghiệp cụ thể khác trong lĩnh vực này.,Khác|Tổng quát|giao tiếp|khác|khả năng thích ứng|làm việc nhóm|quản lý thời gian|tư duy phản biện|tổng quát|đa dạng,"[0.216, 0.545, 0.382, 0.969, 0.468, 0.517]",Khác|Tổng quát|giao tiếp|khác|khả năng thích ứng|làm việc nhóm|quản lý thời gian|tư duy phản biện|tổng quát|đa dạng
21-1021.00,"Nhân viên xã hội trẻ em, gia đình và trường học","Cung cấp các dịch vụ xã hội và hỗ trợ để cải thiện chức năng xã hội, tâm lý của trẻ em và gia đình họ và để tối đa hóa hạnh phúc gia đình và chức năng học tập của trẻ. Có thể giúp đỡ cha mẹ, sắp xếp việc nhận nuôi, và tìm nhà nuôi cho trẻ em bị bỏ rơi hoặc bị lạm dụng. Trong trường học, họ giải quyết những vấn đề như mang thai khi còn thiếu niên, hành vi sai trái, và không có chủ ý. Cũng có thể tư vấn cho giáo viên.",Xã hội học/Tư vấn|giao tiếp|giao tiếp nói|giám sát|khả năng thích ứng|làm việc nhóm|lắng nghe tích cực|nhạy bén xã hội|phán đoán & ra quyết định|phối hợp|quản lý thời gian|thuyết phục|tư duy phản biện|viết|đàm phán|định hướng dịch vụ|đọc hiểu,"[0.243, 0.474, 0.414, 0.979, 0.419, 0.51]",Xã hội học/Tư vấn|giao tiếp|giao tiếp nói|giám sát|khả năng thích ứng|làm việc nhóm|lắng nghe tích cực|nhạy bén xã hội|phán đoán & ra quyết định|phối hợp|quản lý thời gian|thuyết phục|tư duy phản biện|viết|đàm phán|định hướng dịch vụ|đọc hiểu
21-1022.00,Nhân viên xã hội chăm sóc sức khỏe,"Cung cấp cho cá nhân, gia đình và các nhóm sự hỗ trợ tâm lý xã hội cần thiết để đối phó với bệnh mãn tính, cấp tính hoặc tử vong. Các dịch vụ bao gồm tư vấn cho những người chăm sóc gia đình. Cung cấp cho bệnh nhân thông tin và tư vấn, và giới thiệu cho các dịch vụ khác. Ngoài ra có thể cung cấp quản lý trường hợp và chăm sóc hoặc can thiệp được thiết kế để thúc đẩy sức khỏe, ngăn ngừa bệnh tật và giải quyết các rào cản tiếp cận chăm sóc sức khỏe.",Xã hội học/Tư vấn|chú ý đến chi tiết|chăm sóc bệnh nhân|giao tiếp|giao tiếp nói|giao tiếp với bệnh nhân|giám sát|giải quyết vấn đề phức tạp|học chủ động|khả năng thích ứng|làm việc dưới áp lực|làm việc nhóm|lắng nghe tích cực|nhạy bén xã hội|phối hợp|quản lý thời gian|tư duy phản biện|viết|định hướng dịch vụ|đọc hiểu|đồng cảm,"[0.281, 0.606, 0.333, 0.989, 0.361, 0.437]",Xã hội học/Tư vấn|chú ý đến chi tiết|chăm sóc bệnh nhân|giao tiếp|giao tiếp nói|giao tiếp với bệnh nhân|giám sát|giải quyết vấn đề phức tạp|học chủ động|khả năng thích ứng|làm việc dưới áp lực|làm việc nhóm|lắng nghe tích cực|nhạy bén xã hội|phối hợp|quản lý thời gian|tư duy phản biện|viết|định hướng dịch vụ|đọc hiểu|đồng cảm
21-1023.00,Y tế tâm thần và lạm dụng ma túy Công nhân xã hội,"Đánh giá và điều trị những người có vấn đề về tinh thần, cảm xúc hoặc lạm dụng ma túy, bao gồm lạm dụng rượu, thuốc lá và/hoặc ma túc khác. Các hoạt động có thể bao gồm liệu pháp cá nhân và nhóm, can thiệp khủng hoảng, quản lý trường hợp, ủng hộ khách hàng, phòng ngừa và giáo dục.",Xã hội học/Tư vấn|chiến lược học tập|chú ý đến chi tiết|chăm sóc bệnh nhân|giao tiếp|giao tiếp nói|giao tiếp với bệnh nhân|giám sát|giải quyết vấn đề phức tạp|học chủ động|khả năng thích ứng|làm việc dưới áp lực|làm việc nhóm|lắng nghe tích cực|nhạy bén xã hội|phối hợp|quản lý thời gian|thuyết phục|tư duy phản biện|viết|định hướng dịch vụ|đọc hiểu|đồng cảm,"[0.246, 0.583, 0.397, 0.994, 0.346, 0.436]",Xã hội học/Tư vấn|chiến lược học tập|chú ý đến chi tiết|chăm sóc bệnh nhân|giao tiếp|giao tiếp nói|giao tiếp với bệnh nhân|giám sát|giải quyết vấn đề phức tạp|học chủ động|khả năng thích ứng|làm việc dưới áp lực|làm việc nhóm|lắng nghe tích cực|nhạy bén xã hội|phối hợp|quản lý thời gian|thuyết phục|tư duy phản biện|viết|định hướng dịch vụ|đọc hiểu|đồng cảm
21-1029.00,"Social Workers, Khác",Thực hiện các nhiệm vụ đa dạng không được bao gồm trong các danh mục nghề nghiệp cụ thể khác trong lĩnh vực này.,Khác|Tổng quát|giao tiếp|khác|khả năng thích ứng|làm việc nhóm|quản lý thời gian|tư duy phản biện|tổng quát|đa dạng,"[0.225, 0.542, 0.411, 0.928, 0.468, 0.511]",Khác|Tổng quát|giao tiếp|khác|khả năng thích ứng|làm việc nhóm|quản lý thời gian|tư duy phản biện|tổng quát|đa dạng
21-1091.00,Các chuyên gia giáo dục y tế,"Cung cấp và quản lý các chương trình giáo dục y tế giúp cá nhân, gia đình và cộng đồng của họ tối đa hóa và duy trì lối sống lành mạnh. Sử dụng dữ liệu để xác định nhu cầu của cộng đồng trước khi lập kế hoạch, thực hiện, giám sát và đánh giá các chương trình được thiết kế để khuyến khích lối sống, chính sách và môi trường lành mạnh. Có thể kết nối các hệ thống y tế, nhà cung cấp dịch vụ sức khỏe, nhà bảo hiểm và bệnh nhân để đáp ứng nhu cầu sức khỏe cá nhân và dân số. Có thể phục vụ như một nguồn lực để hỗ trợ cá nhân, các chuyên gia y tế khác hoặc cộng đồng, và có thể quản lý các nguồn lực tài chính cho các chương trình giáo dục y tế.",Xã hội học/Tư vấn|chiến lược học tập|chú ý đến chi tiết|chăm sóc bệnh nhân|giao tiếp|giao tiếp nói|giao tiếp với bệnh nhân|giám sát|hướng dẫn|học chủ động|khả năng giải thích|khả năng thích ứng|kiên nhẫn|kỹ năng thuyết trình|làm việc dưới áp lực|làm việc nhóm|lắng nghe tích cực|nhạy bén xã hội|phối hợp|quản lý lớp học|quản lý thời gian|tư duy phản biện|viết|đọc hiểu|đồng cảm,"[0.234, 0.757, 0.361, 0.88, 0.457, 0.569]",Xã hội học/Tư vấn|chiến lược học tập|chú ý đến chi tiết|chăm sóc bệnh nhân|giao tiếp|giao tiếp nói|giao tiếp với bệnh nhân|giám sát|hướng dẫn|học chủ động|khả năng giải thích|khả năng thích ứng|kiên nhẫn|kỹ năng thuyết trình|làm việc dưới áp lực|làm việc nhóm|lắng nghe tích cực|nhạy bén xã hội|phối hợp|quản lý lớp học|quản lý thời gian|tư duy phản biện|viết|đọc hiểu|đồng cảm
21-1092.00,Các sĩ quan tạm thời và các chuyên gia điều trị hình sự,"Cung cấp các dịch vụ xã hội để hỗ trợ trong việc phục hồi những kẻ phạm pháp bị giam giữ hoặc trong tình trạng tự do hoặc điều kiện tự do. Giới thiệu về các hành động liên quan đến việc xây dựng kế hoạch phục hồi và xử lý tội phạm, bao gồm việc thả theo điều kiện và các quy định về giáo dục và việc làm.",Xã hội học/Tư vấn|giao tiếp|giao tiếp nói|giám sát|giải quyết vấn đề phức tạp|khả năng thích ứng|làm việc nhóm|lắng nghe tích cực|nhạy bén xã hội|phán đoán & ra quyết định|phối hợp|quản lý thời gian|thuyết phục|tư duy phản biện|viết|định hướng dịch vụ|đọc hiểu,"[0.32, 0.496, 0.314, 0.804, 0.557, 0.587]",Xã hội học/Tư vấn|giao tiếp|giao tiếp nói|giám sát|giải quyết vấn đề phức tạp|khả năng thích ứng|làm việc nhóm|lắng nghe tích cực|nhạy bén xã hội|phán đoán & ra quyết định|phối hợp|quản lý thời gian|thuyết phục|tư duy phản biện|viết|định hướng dịch vụ|đọc hiểu
21-1093.00,Các trợ lý dịch vụ xã hội và con người,"Giúp các nhà cung cấp dịch vụ xã hội và con người khác trong việc cung cấp các dịch vụ cho khách hàng trong nhiều lĩnh vực khác nhau, chẳng hạn như tâm lý học, phục hồi chức năng hoặc công việc xã hội, bao gồm hỗ trợ cho gia đình. Có thể giúp khách hàng xác định và nhận được các lợi ích và dịch vụ xã hội và cộng đồng có sẵn. Có thể giúp nhân viên xã hội phát triển, tổ chức và tiến hành các chương trình để ngăn ngừa và giải quyết các vấn đề liên quan đến lạm dụng ma túy, mối quan hệ với con người, phục hồi chức năng hoặc chăm sóc phụ thuộc.",Xã hội học/Tư vấn|giao tiếp|giao tiếp nói|giám sát|khả năng thích ứng|làm việc nhóm|lắng nghe tích cực|nhạy bén xã hội|phối hợp|quản lý thời gian|thuyết phục|tư duy phản biện|viết|định hướng dịch vụ|đọc hiểu,"[0.18, 0.4, 0.281, 0.871, 0.513, 0.65]",Xã hội học/Tư vấn|giao tiếp|giao tiếp nói|giám sát|khả năng thích ứng|làm việc nhóm|lắng nghe tích cực|nhạy bén xã hội|phối hợp|quản lý thời gian|thuyết phục|tư duy phản biện|viết|định hướng dịch vụ|đọc hiểu
21-1094.00,Công nhân y tế cộng đồng,"Khuyến khích sức khỏe trong cộng đồng bằng cách hỗ trợ các cá nhân áp dụng các hành vi lành mạnh. Phục vụ như một người ủng hộ nhu cầu sức khỏe của cá nhân bằng cách hỗ trợ cư dân cộng đồng trong việc giao tiếp hiệu quả với các nhà cung cấp dịch vụ y tế hoặc cơ quan dịch vụ xã hội. Làm việc như là liên kết hoặc ủng hộ và thực hiện các chương trình thúc đẩy, duy trì và cải thiện sức khỏe cá nhân và cộng đồng tổng thể. Có thể cung cấp các dịch vụ phòng ngừa liên quan đến sức khỏe như huyết áp, glaucoma và kiểm tra thính giác. Có thể thu thập dữ liệu để giúp xác định nhu cầu sức khỏe cộng đồng.",Xã hội học/Tư vấn|chiến lược học tập|chú ý đến chi tiết|chăm sóc bệnh nhân|giao tiếp|giao tiếp nói|giao tiếp với bệnh nhân|giám sát|học chủ động|khả năng thích ứng|làm việc dưới áp lực|làm việc nhóm|lắng nghe tích cực|nhạy bén xã hội|phối hợp|quản lý thời gian|thuyết phục|tư duy phản biện|viết|định hướng dịch vụ|đọc hiểu|đồng cảm,"[0.277, 0.499, 0.32, 0.94, 0.5, 0.48]",Xã hội học/Tư vấn|chiến lược học tập|chú ý đến chi tiết|chăm sóc bệnh nhân|giao tiếp|giao tiếp nói|giao tiếp với bệnh nhân|giám sát|học chủ động|khả năng thích ứng|làm việc dưới áp lực|làm việc nhóm|lắng nghe tích cực|nhạy bén xã hội|phối hợp|quản lý thời gian|thuyết phục|tư duy phản biện|viết|định hướng dịch vụ|đọc hiểu|đồng cảm
21-1099.00,"Community and Social Service Specialists, Khác",Thực hiện các nhiệm vụ đa dạng không được bao gồm trong các danh mục nghề nghiệp cụ thể khác trong lĩnh vực này.,Khác|Tổng quát|giao tiếp|khác|khả năng thích ứng|làm việc nhóm|quản lý thời gian|tư duy phản biện|tổng quát|đa dạng,"[0.226, 0.521, 0.385, 0.922, 0.494, 0.51]",Khác|Tổng quát|giao tiếp|khác|khả năng thích ứng|làm việc nhóm|quản lý thời gian|tư duy phản biện|tổng quát|đa dạng
21-2011.00,Giáo sĩ,Thực hiện việc thờ phượng tôn giáo và thực hiện các chức năng tinh thần khác liên quan đến niềm tin và thực hành của đức tin hoặc giáo phái tôn giáo.,Xã hội học/Tư vấn|chiến lược học tập|giao tiếp|giao tiếp nói|giám sát|hướng dẫn|học chủ động|khả năng thích ứng|làm việc nhóm|lắng nghe tích cực|nhạy bén xã hội|phán đoán & ra quyết định|quản lý thời gian|thuyết phục|tư duy phản biện|viết|định hướng dịch vụ|đọc hiểu,"[0.301, 0.306, 0.497, 0.84, 0.597, 0.404]",Xã hội học/Tư vấn|chiến lược học tập|giao tiếp|giao tiếp nói|giám sát|hướng dẫn|học chủ động|khả năng thích ứng|làm việc nhóm|lắng nghe tích cực|nhạy bén xã hội|phán đoán & ra quyết định|quản lý thời gian|thuyết phục|tư duy phản biện|viết|định hướng dịch vụ|đọc hiểu
21-2021.00,"Các giám đốc, các hoạt động tôn giáo và giáo dục","Điều phối hoặc thiết kế các chương trình và tiến hành việc tiếp cận để thúc đẩy giáo dục hoặc hoạt động tôn giáo của một nhóm giáo phái. Có thể cung cấp lời khuyên, hướng dẫn và lãnh đạo liên quan đến các vấn đề hôn nhân, sức khỏe, tài chính và tôn giáo.",Xã hội học/Tư vấn|chiến lược học tập|giao tiếp|giao tiếp nói|giám sát|hướng dẫn|học chủ động|khả năng giải thích|khả năng thích ứng|kiên nhẫn|kỹ năng thuyết trình|làm việc nhóm|lãnh đạo|lập kế hoạch chiến lược|lắng nghe tích cực|nhạy bén xã hội|phối hợp|quản lý dự án|quản lý lớp học|quản lý nhóm|quản lý thời gian|ra quyết định|tư duy phản biện|viết|định hướng dịch vụ|đọc hiểu,"[0.143, 0.406, 0.49, 0.997, 0.864, 0.46]",Xã hội học/Tư vấn|chiến lược học tập|giao tiếp|giao tiếp nói|giám sát|hướng dẫn|học chủ động|khả năng giải thích|khả năng thích ứng|kiên nhẫn|kỹ năng thuyết trình|làm việc nhóm|lãnh đạo|lập kế hoạch chiến lược|lắng nghe tích cực|nhạy bén xã hội|phối hợp|quản lý dự án|quản lý lớp học|quản lý nhóm|quản lý thời gian|ra quyết định|tư duy phản biện|viết|định hướng dịch vụ|đọc hiểu
23-1011.00,Luật sư,"Đại diện cho khách hàng trong các vụ kiện hình sự và dân sự và các thủ tục pháp lý khác, biên soạn các tài liệu pháp lý, hoặc quản lý hoặc tư vấn cho các khách hàng về các giao dịch pháp lý. Có thể chuyên về một lĩnh vực duy nhất hoặc có thể thực hành rộng rãi trong nhiều lĩnh vực pháp luật.",Khác|giao tiếp|giao tiếp nói|giải quyết vấn đề phức tạp|học chủ động|khả năng thích ứng|làm việc nhóm|lắng nghe tích cực|nhạy bén xã hội|phán đoán & ra quyết định|quản lý thời gian|thuyết phục|tư duy phản biện|viết|đàm phán|đọc hiểu,"[0.167, 0.646, 0.331, 0.493, 0.791, 0.649]",Khác|giao tiếp|giao tiếp nói|giải quyết vấn đề phức tạp|học chủ động|khả năng thích ứng|làm việc nhóm|lắng nghe tích cực|nhạy bén xã hội|phán đoán & ra quyết định|quản lý thời gian|thuyết phục|tư duy phản biện|viết|đàm phán|đọc hiểu
23-1012.00,Các nhân viên luật pháp,Giúp các thẩm phán tại tòa án hoặc bằng cách tiến hành nghiên cứu hoặc chuẩn bị các tài liệu pháp lý.,Khác|giao tiếp|giao tiếp nói|giám sát|giải quyết vấn đề phức tạp|học chủ động|khả năng thích ứng|làm việc nhóm|lắng nghe tích cực|phán đoán & ra quyết định|quản lý thời gian|thuyết phục|tư duy phản biện|viết|đọc hiểu,"[0.233, 0.614, 0.324, 0.45, 0.627, 0.719]",Khác|giao tiếp|giao tiếp nói|giám sát|giải quyết vấn đề phức tạp|học chủ động|khả năng thích ứng|làm việc nhóm|lắng nghe tích cực|phán đoán & ra quyết định|quản lý thời gian|thuyết phục|tư duy phản biện|viết|đọc hiểu
23-1021.00,"Các thẩm phán, thẩm phán và nhân viên điều trần về luật hành chính","Conduct hearings to recommend or make decisions on claims concerning government programs or other government-related matters. Xác định trách nhiệm, trừng phạt hoặc hình phạt, hoặc khuyến cáo chấp nhận hoặc từ chối các yêu cầu hoặc giải quyết.",Khác|giao tiếp|giao tiếp nói|giám sát|giải quyết vấn đề phức tạp|học chủ động|khả năng thích ứng|làm việc nhóm|lắng nghe tích cực|nhạy bén xã hội|phán đoán & ra quyết định|quản lý thời gian|tư duy phản biện|viết|đọc hiểu,"[0.149, 0.573, 0.224, 0.434, 0.749, 0.77]",Khác|giao tiếp|giao tiếp nói|giám sát|giải quyết vấn đề phức tạp|học chủ động|khả năng thích ứng|làm việc nhóm|lắng nghe tích cực|nhạy bén xã hội|phán đoán & ra quyết định|quản lý thời gian|tư duy phản biện|viết|đọc hiểu
23-1022.00,"Các trọng tài, người trung gian và người hòa giải",Tạo thuận lợi cho các cuộc đàm phán và giải quyết xung đột thông qua đối thoại. Giải quyết các xung đột bên ngoài hệ thống tòa án bằng sự đồng ý chung của các bên liên quan.,Khác|giao tiếp|giao tiếp nói|giải quyết vấn đề phức tạp|học chủ động|khả năng thích ứng|làm việc nhóm|lắng nghe tích cực|nhạy bén xã hội|quản lý thời gian|thuyết phục|tư duy phản biện|viết|đàm phán|đọc hiểu,"[0.143, 0.553, 0.33, 0.606, 0.71, 0.617]",Khác|giao tiếp|giao tiếp nói|giải quyết vấn đề phức tạp|học chủ động|khả năng thích ứng|làm việc nhóm|lắng nghe tích cực|nhạy bén xã hội|quản lý thời gian|thuyết phục|tư duy phản biện|viết|đàm phán|đọc hiểu
23-1023.00,"Các thẩm phán, thẩm phán và thẩm phán","Trọng tài, tư vấn, phán quyết hoặc quản lý công lý tại tòa án. Có thể kết án bị cáo trong các vụ án hình sự theo quy định của chính phủ hoặc hướng dẫn kết án. Có thể xác định trách nhiệm của bị cáo trong các vụ dân sự. Có thể thực hiện lễ cưới.",Khác|giao tiếp|giao tiếp nói|giám sát|giải quyết vấn đề phức tạp|học chủ động|khả năng thích ứng|làm việc nhóm|lắng nghe tích cực|nhạy bén xã hội|phán đoán & ra quyết định|quản lý thời gian|tư duy phản biện|viết|đọc hiểu,"[0.339, 0.536, 0.316, 0.571, 0.75, 0.587]",Khác|giao tiếp|giao tiếp nói|giám sát|giải quyết vấn đề phức tạp|học chủ động|khả năng thích ứng|làm việc nhóm|lắng nghe tích cực|nhạy bén xã hội|phán đoán & ra quyết định|quản lý thời gian|tư duy phản biện|viết|đọc hiểu
23-2011.00,Các nhân viên pháp lý và trợ lý pháp lý,"Giúp các luật sư bằng cách điều tra các sự kiện, chuẩn bị các tài liệu pháp lý, hoặc nghiên cứu tiền lệ pháp lý.",Khác|giao tiếp|giao tiếp nói|giám sát|giải quyết vấn đề phức tạp|học chủ động|khả năng thích ứng|làm việc nhóm|lắng nghe tích cực|nhạy bén xã hội|phối hợp|quản lý thời gian|tư duy phản biện|viết|định hướng dịch vụ|đọc hiểu,"[0.244, 0.651, 0.291, 0.469, 0.601, 0.784]",Khác|giao tiếp|giao tiếp nói|giám sát|giải quyết vấn đề phức tạp|học chủ động|khả năng thích ứng|làm việc nhóm|lắng nghe tích cực|nhạy bén xã hội|phối hợp|quản lý thời gian|tư duy phản biện|viết|định hướng dịch vụ|đọc hiểu
23-2093.00,"Tiêu đề Những người kiểm tra, người trừu tượng và những người tìm kiếm","Tìm kiếm hồ sơ bất động sản, kiểm tra các tiêu đề, hoặc tóm tắt các tài liệu pháp lý hoặc bảo hiểm liên quan hoặc chi tiết cho nhiều mục đích khác nhau. Có thể biên soạn danh sách các khoản vay thế chấp, hợp đồng và các công cụ khác liên quan đến tài sản bằng cách tìm kiếm hồ sơ công cộng và tư nhân cho các công ty luật, cơ quan bất động sản hoặc công ty bảo hiểm tài sản.",Khác|giao tiếp|giao tiếp nói|giám sát|giải quyết vấn đề phức tạp|học chủ động|khả năng thích ứng|làm việc nhóm|lắng nghe tích cực|phối hợp|quản lý thời gian|tư duy phản biện|viết|đọc hiểu,"[0.344, 0.381, 0.166, 0.331, 0.483, 0.956]",Khác|giao tiếp|giao tiếp nói|giám sát|giải quyết vấn đề phức tạp|học chủ động|khả năng thích ứng|làm việc nhóm|lắng nghe tích cực|phối hợp|quản lý thời gian|tư duy phản biện|viết|đọc hiểu
23-2099.00,"Legal Support Workers, Khác",Thực hiện các nhiệm vụ đa dạng không được bao gồm trong các danh mục nghề nghiệp cụ thể khác trong lĩnh vực này.,Khác|Tổng quát|giao tiếp|khác|khả năng thích ứng|làm việc nhóm|quản lý thời gian|tư duy phản biện|tổng quát|đa dạng,"[0.233, 0.577, 0.275, 0.462, 0.658, 0.761]",Khác|Tổng quát|giao tiếp|khác|khả năng thích ứng|làm việc nhóm|quản lý thời gian|tư duy phản biện|tổng quát|đa dạng
25-1011.00,"Giáo viên kinh doanh, sau trường trung học","Giảng dạy các khóa học về quản lý và quản lý kinh doanh, chẳng hạn như kế toán, tài chính, nguồn nhân lực, quan hệ lao động và công nghiệp, tiếp thị và nghiên cứu hoạt động. Bao gồm cả các giáo viên chủ yếu tham gia vào giảng dạy và những người làm sự kết hợp của giảng dạy với nghiên cứu.",Giáo dục/Đào tạo|chiến lược học tập|giao tiếp|giao tiếp nói|giám sát|giải quyết vấn đề phức tạp|hướng dẫn|học chủ động|khả năng giải thích|khả năng thích ứng|kiên nhẫn|kỹ năng thuyết trình|làm việc nhóm|lắng nghe tích cực|phán đoán & ra quyết định|quản lý lớp học|quản lý thời gian|tư duy phản biện|viết|đọc hiểu,"[0.284, 0.691, 0.457, 0.919, 0.544, 0.539]",Giáo dục/Đào tạo|chiến lược học tập|giao tiếp|giao tiếp nói|giám sát|giải quyết vấn đề phức tạp|hướng dẫn|học chủ động|khả năng giải thích|khả năng thích ứng|kiên nhẫn|kỹ năng thuyết trình|làm việc nhóm|lắng nghe tích cực|phán đoán & ra quyết định|quản lý lớp học|quản lý thời gian|tư duy phản biện|viết|đọc hiểu
25-1021.00,"Giáo viên Khoa học máy tính, sau đại học","giảng dạy các khóa học khoa học máy tính. Có thể chuyên về một lĩnh vực khoa học máy tính, chẳng hạn như thiết kế và chức năng của máy tính hoặc hoạt động và phân tích nghiên cứu. Bao gồm cả các giáo viên chủ yếu tham gia vào giảng dạy và những người làm sự kết hợp của giảng dạy với nghiên cứu.",Giáo dục/Đào tạo|chiến lược học tập|chú ý đến chi tiết|giao tiếp|giao tiếp nói|giám sát|giải quyết vấn đề kỹ thuật|giải quyết vấn đề phức tạp|hướng dẫn|học chủ động|khả năng giải thích|khả năng thích ứng|kiên nhẫn|kỹ năng máy tính|kỹ năng thuyết trình|làm việc nhóm|lắng nghe tích cực|phán đoán & ra quyết định|phân tích dữ liệu|quản lý lớp học|quản lý thời gian|tư duy logic|tư duy phản biện|viết|đọc hiểu,"[0.45, 0.809, 0.459, 0.829, 0.321, 0.589]",Giáo dục/Đào tạo|chiến lược học tập|chú ý đến chi tiết|giao tiếp|giao tiếp nói|giám sát|giải quyết vấn đề kỹ thuật|giải quyết vấn đề phức tạp|hướng dẫn|học chủ động|khả năng giải thích|khả năng thích ứng|kiên nhẫn|kỹ năng máy tính|kỹ năng thuyết trình|làm việc nhóm|lắng nghe tích cực|phán đoán & ra quyết định|phân tích dữ liệu|quản lý lớp học|quản lý thời gian|tư duy logic|tư duy phản biện|viết|đọc hiểu
25-1022.00,"Giáo viên Khoa học toán học, sau đại học","Giảng dạy các khóa học liên quan đến các khái niệm toán học, thống kê và khoa học kiểm toán và ứng dụng các kỹ thuật toán học ban đầu và tiêu chuẩn trong việc giải quyết các vấn đề và tình huống cụ thể. Bao gồm cả các giáo viên chủ yếu tham gia vào giảng dạy và những người làm sự kết hợp của giảng dạy với nghiên cứu.",Giáo dục/Đào tạo|chiến lược học tập|giao tiếp|giao tiếp nói|giám sát|hướng dẫn|học chủ động|khả năng giải thích|khả năng thích ứng|kiên nhẫn|kỹ năng thuyết trình|làm việc nhóm|lắng nghe tích cực|quản lý lớp học|quản lý thời gian|toán học|tư duy phản biện|viết|đọc hiểu,"[0.406, 0.829, 0.439, 0.881, 0.28, 0.634]",Giáo dục/Đào tạo|chiến lược học tập|giao tiếp|giao tiếp nói|giám sát|hướng dẫn|học chủ động|khả năng giải thích|khả năng thích ứng|kiên nhẫn|kỹ năng thuyết trình|làm việc nhóm|lắng nghe tích cực|quản lý lớp học|quản lý thời gian|toán học|tư duy phản biện|viết|đọc hiểu
25-1031.00,"Giáo viên kiến trúc, sau đại học","Giảng dạy các khóa học về kiến trúc và thiết kế kiến trúc, chẳng hạn như thiết kế môi trường, kiến trúc nội thất / thiết kế và kiến trúc phong cảnh. Bao gồm cả các giáo viên chủ yếu tham gia vào giảng dạy và những người làm sự kết hợp của giảng dạy với nghiên cứu.",Giáo dục/Đào tạo|chiến lược học tập|giao tiếp|giao tiếp nói|giám sát|giải quyết vấn đề phức tạp|hướng dẫn|học chủ động|khả năng giải thích|khả năng thích ứng|kiên nhẫn|kỹ năng thuyết trình|làm việc nhóm|lắng nghe tích cực|phán đoán & ra quyết định|quản lý lớp học|quản lý thời gian|tư duy phản biện|viết|đọc hiểu,"[0.483, 0.733, 0.633, 0.959, 0.359, 0.476]",Giáo dục/Đào tạo|chiến lược học tập|giao tiếp|giao tiếp nói|giám sát|giải quyết vấn đề phức tạp|hướng dẫn|học chủ động|khả năng giải thích|khả năng thích ứng|kiên nhẫn|kỹ năng thuyết trình|làm việc nhóm|lắng nghe tích cực|phán đoán & ra quyết định|quản lý lớp học|quản lý thời gian|tư duy phản biện|viết|đọc hiểu
25-1032.00,"Giáo viên kỹ thuật, sau trung học","Giảng dạy các khóa học liên quan đến việc áp dụng các luật vật lý và nguyên tắc kỹ thuật cho sự phát triển của máy móc, vật liệu, công cụ, quy trình và dịch vụ. Bao gồm các giáo viên các môn học như kỹ thuật hóa học, dân sự, điện, công nghiệp, cơ khí, khoáng sản và dầu mỏ. Bao gồm cả các giáo viên chủ yếu tham gia vào giảng dạy và những người làm sự kết hợp của giảng dạy với nghiên cứu.",Giáo dục/Đào tạo|chiến lược học tập|chú ý đến chi tiết|giao tiếp|giao tiếp nói|giám sát|giải quyết vấn đề kỹ thuật|hướng dẫn|học chủ động|khả năng giải thích|khả năng thích ứng|kiên nhẫn|kỹ năng máy tính|kỹ năng thuyết trình|làm việc nhóm|lắng nghe tích cực|phán đoán & ra quyết định|phân tích dữ liệu|quản lý lớp học|quản lý thời gian|toán học|tư duy logic|tư duy phản biện|viết|đọc hiểu,"[0.691, 0.77, 0.451, 0.823, 0.286, 0.491]",Giáo dục/Đào tạo|chiến lược học tập|chú ý đến chi tiết|giao tiếp|giao tiếp nói|giám sát|giải quyết vấn đề kỹ thuật|hướng dẫn|học chủ động|khả năng giải thích|khả năng thích ứng|kiên nhẫn|kỹ năng máy tính|kỹ năng thuyết trình|làm việc nhóm|lắng nghe tích cực|phán đoán & ra quyết định|phân tích dữ liệu|quản lý lớp học|quản lý thời gian|toán học|tư duy logic|tư duy phản biện|viết|đọc hiểu
25-1041.00,"Giáo viên Khoa học Nông nghiệp, Sau Đại học","giảng dạy các khóa học khoa học nông nghiệp. Bao gồm các giáo viên về nông nghiệp, khoa học sữa, quản lý thủy sản, các khoa học vườn ươm, ngành khoa học gia cầm, quản trị khu vực và bảo tồn đất nông nghiệp. Bao gồm cả các giáo viên chủ yếu tham gia vào giảng dạy và những người làm sự kết hợp của giảng dạy với nghiên cứu.",Giáo dục/Đào tạo|chiến lược học tập|giao tiếp|giao tiếp nói|giám sát|giải quyết vấn đề phức tạp|hướng dẫn|học chủ động|khả năng giải thích|khả năng thích ứng|kiên nhẫn|kỹ năng thuyết trình|làm việc nhóm|lắng nghe tích cực|phán đoán & ra quyết định|quản lý lớp học|quản lý thời gian|tư duy phản biện|viết|đọc hiểu,"[0.581, 0.767, 0.41, 0.886, 0.376, 0.487]",Giáo dục/Đào tạo|chiến lược học tập|giao tiếp|giao tiếp nói|giám sát|giải quyết vấn đề phức tạp|hướng dẫn|học chủ động|khả năng giải thích|khả năng thích ứng|kiên nhẫn|kỹ năng thuyết trình|làm việc nhóm|lắng nghe tích cực|phán đoán & ra quyết định|quản lý lớp học|quản lý thời gian|tư duy phản biện|viết|đọc hiểu
25-1042.00,"Các giáo viên khoa học sinh học, sau đại học",Giảng dạy các khóa học khoa học sinh học. Bao gồm cả các giáo viên chủ yếu tham gia vào giảng dạy và những người thực hiện sự kết hợp của giảng dạy với nghiên cứu.,Giáo dục/Đào tạo|chiến lược học tập|giao tiếp|giao tiếp nói|giám sát|hướng dẫn|học chủ động|khoa học|khả năng giải thích|khả năng thích ứng|kiên nhẫn|kỹ năng thuyết trình|làm việc nhóm|lắng nghe tích cực|phán đoán & ra quyết định|quản lý lớp học|quản lý thời gian|tư duy phản biện|viết|đọc hiểu,"[0.57, 0.844, 0.473, 0.889, 0.29, 0.516]",Giáo dục/Đào tạo|chiến lược học tập|giao tiếp|giao tiếp nói|giám sát|hướng dẫn|học chủ động|khoa học|khả năng giải thích|khả năng thích ứng|kiên nhẫn|kỹ năng thuyết trình|làm việc nhóm|lắng nghe tích cực|phán đoán & ra quyết định|quản lý lớp học|quản lý thời gian|tư duy phản biện|viết|đọc hiểu
25-1043.00,"Giáo viên Khoa học lâm nghiệp và bảo tồn, sau đại học",Giảng dạy các khóa học về lâm nghiệp và khoa học bảo tồn. Bao gồm cả các giáo viên chủ yếu tham gia vào giảng dạy và những người làm sự kết hợp của giảng dạy với nghiên cứu.,Giáo dục/Đào tạo|chiến lược học tập|giao tiếp|giao tiếp nói|giám sát|giải quyết vấn đề phức tạp|hướng dẫn|học chủ động|khả năng giải thích|khả năng thích ứng|kiên nhẫn|kỹ năng thuyết trình|làm việc nhóm|lắng nghe tích cực|quản lý lớp học|quản lý thời gian|tư duy phản biện|viết|đọc hiểu,"[0.574, 0.827, 0.434, 0.934, 0.339, 0.501]",Giáo dục/Đào tạo|chiến lược học tập|giao tiếp|giao tiếp nói|giám sát|giải quyết vấn đề phức tạp|hướng dẫn|học chủ động|khả năng giải thích|khả năng thích ứng|kiên nhẫn|kỹ năng thuyết trình|làm việc nhóm|lắng nghe tích cực|quản lý lớp học|quản lý thời gian|tư duy phản biện|viết|đọc hiểu
25-1051.00,"Giáo viên khoa khí quyển, Trái đất, biển và vũ trụ, sau đại học","Giảng dạy các khóa học về khoa học vật lý, ngoại trừ hóa học và vật lý. Bao gồm cả các giáo viên chủ yếu tham gia vào giảng dạy, và những người làm sự kết hợp của giảng dạy và nghiên cứu.",Giáo dục/Đào tạo|chiến lược học tập|giao tiếp|giao tiếp nói|giám sát|hướng dẫn|học chủ động|khoa học|khả năng giải thích|khả năng thích ứng|kiên nhẫn|kỹ năng thuyết trình|làm việc nhóm|lắng nghe tích cực|phán đoán & ra quyết định|quản lý lớp học|quản lý thời gian|toán học|tư duy phản biện|viết|đọc hiểu,"[0.563, 0.793, 0.447, 0.941, 0.331, 0.549]",Giáo dục/Đào tạo|chiến lược học tập|giao tiếp|giao tiếp nói|giám sát|hướng dẫn|học chủ động|khoa học|khả năng giải thích|khả năng thích ứng|kiên nhẫn|kỹ năng thuyết trình|làm việc nhóm|lắng nghe tích cực|phán đoán & ra quyết định|quản lý lớp học|quản lý thời gian|toán học|tư duy phản biện|viết|đọc hiểu
25-1052.00,"Giáo viên hóa học, sau đại học","giảng dạy các khóa học liên quan đến các tính chất hóa học và vật lý và thay đổi thành phần của các chất. Công việc có thể bao gồm việc hướng dẫn về các phương pháp phân tích hóa học chất lượng và số lượng. Bao gồm cả các giáo viên chủ yếu tham gia vào giảng dạy, và những người làm kết hợp giảng dạy và nghiên cứu.",Giáo dục/Đào tạo|chiến lược học tập|giao tiếp|giao tiếp nói|giám sát|giải quyết vấn đề phức tạp|hướng dẫn|học chủ động|khoa học|khả năng giải thích|khả năng thích ứng|kiên nhẫn|kỹ năng thuyết trình|làm việc nhóm|lắng nghe tích cực|quản lý lớp học|quản lý thời gian|tư duy phản biện|viết|đọc hiểu,"[0.579, 0.831, 0.423, 0.817, 0.297, 0.539]",Giáo dục/Đào tạo|chiến lược học tập|giao tiếp|giao tiếp nói|giám sát|giải quyết vấn đề phức tạp|hướng dẫn|học chủ động|khoa học|khả năng giải thích|khả năng thích ứng|kiên nhẫn|kỹ năng thuyết trình|làm việc nhóm|lắng nghe tích cực|quản lý lớp học|quản lý thời gian|tư duy phản biện|viết|đọc hiểu
25-1053.00,"Giáo viên khoa học môi trường, sau đại học",Giảng dạy các khóa học khoa học môi trường. Bao gồm cả các giáo viên chủ yếu tham gia vào giảng dạy và những người thực hiện sự kết hợp của giảng dạy với nghiên cứu.,Giáo dục/Đào tạo|chiến lược học tập|giao tiếp|giao tiếp nói|giám sát|hướng dẫn|học chủ động|khoa học|khả năng giải thích|khả năng thích ứng|kiên nhẫn|kỹ năng thuyết trình|làm việc nhóm|lắng nghe tích cực|quản lý lớp học|quản lý thời gian|tư duy phản biện|viết|đọc hiểu,"[0.537, 0.893, 0.486, 0.897, 0.337, 0.511]",Giáo dục/Đào tạo|chiến lược học tập|giao tiếp|giao tiếp nói|giám sát|hướng dẫn|học chủ động|khoa học|khả năng giải thích|khả năng thích ứng|kiên nhẫn|kỹ năng thuyết trình|làm việc nhóm|lắng nghe tích cực|quản lý lớp học|quản lý thời gian|tư duy phản biện|viết|đọc hiểu
25-1054.00,"Giáo viên vật lý, sau đại học",Giảng dạy các khóa học liên quan đến luật vật chất và năng lượng. Bao gồm cả các giáo viên chủ yếu tham gia vào giảng dạy và những người làm sự kết hợp của giảng dạy với nghiên cứu.,Giáo dục/Đào tạo|chiến lược học tập|giao tiếp|giao tiếp nói|giám sát|hướng dẫn|học chủ động|khoa học|khả năng giải thích|khả năng thích ứng|kiên nhẫn|kỹ năng thuyết trình|làm việc nhóm|lắng nghe tích cực|quản lý lớp học|quản lý thời gian|toán học|tư duy phản biện|viết|đọc hiểu,"[0.536, 0.839, 0.459, 0.859, 0.337, 0.56]",Giáo dục/Đào tạo|chiến lược học tập|giao tiếp|giao tiếp nói|giám sát|hướng dẫn|học chủ động|khoa học|khả năng giải thích|khả năng thích ứng|kiên nhẫn|kỹ năng thuyết trình|làm việc nhóm|lắng nghe tích cực|quản lý lớp học|quản lý thời gian|toán học|tư duy phản biện|viết|đọc hiểu
25-1061.00,"Giáo viên nhân chủng học và khảo cổ học, sau đại học",Giảng dạy các khóa học về nhân chủng học hoặc khảo cổ học. Bao gồm cả các giáo viên chủ yếu tham gia vào giảng dạy và những người thực hiện sự kết hợp của giảng dạy với nghiên cứu.,Giáo dục/Đào tạo|chiến lược học tập|giao tiếp|giao tiếp nói|giám sát|hướng dẫn|học chủ động|khoa học|khả năng giải thích|khả năng thích ứng|kiên nhẫn|kỹ năng thuyết trình|làm việc nhóm|lắng nghe tích cực|phán đoán & ra quyết định|quản lý lớp học|quản lý thời gian|tư duy phản biện|viết|đọc hiểu,"[0.516, 0.86, 0.503, 0.936, 0.341, 0.496]",Giáo dục/Đào tạo|chiến lược học tập|giao tiếp|giao tiếp nói|giám sát|hướng dẫn|học chủ động|khoa học|khả năng giải thích|khả năng thích ứng|kiên nhẫn|kỹ năng thuyết trình|làm việc nhóm|lắng nghe tích cực|phán đoán & ra quyết định|quản lý lớp học|quản lý thời gian|tư duy phản biện|viết|đọc hiểu
25-1062.00,"Các giáo viên nghiên cứu khu vực, sắc tộc và văn hóa, sau đại học","Giảng dạy các khóa học liên quan đến văn hóa và phát triển của một khu vực, một nhóm sắc tộc hoặc bất kỳ nhóm nào khác, chẳng hạn như nghiên cứu Mỹ Latinh, nghiên cứu phụ nữ hoặc các vấn đề đô thị. Bao gồm cả các giáo viên chủ yếu tham gia vào giảng dạy và những người làm sự kết hợp của giảng dạy với nghiên cứu.",Giáo dục/Đào tạo|chiến lược học tập|giao tiếp|giao tiếp nói|giám sát|giải quyết vấn đề phức tạp|hướng dẫn|học chủ động|khả năng giải thích|khả năng thích ứng|kiên nhẫn|kỹ năng thuyết trình|làm việc nhóm|lắng nghe tích cực|quản lý lớp học|quản lý thời gian|tư duy phản biện|viết|đọc hiểu,"[0.426, 0.751, 0.549, 1.0, 0.427, 0.426]",Giáo dục/Đào tạo|chiến lược học tập|giao tiếp|giao tiếp nói|giám sát|giải quyết vấn đề phức tạp|hướng dẫn|học chủ động|khả năng giải thích|khả năng thích ứng|kiên nhẫn|kỹ năng thuyết trình|làm việc nhóm|lắng nghe tích cực|quản lý lớp học|quản lý thời gian|tư duy phản biện|viết|đọc hiểu
25-1063.00,"Giáo viên kinh tế, sau đại học",Giảng dạy các khóa học kinh tế học. Bao gồm cả các giáo viên chủ yếu tham gia vào giảng dạy và những người thực hiện sự kết hợp của giảng dạy với nghiên cứu.,Giáo dục/Đào tạo|chiến lược học tập|giao tiếp|giao tiếp nói|giám sát|giải quyết vấn đề phức tạp|hướng dẫn|học chủ động|khả năng giải thích|khả năng thích ứng|kiên nhẫn|kỹ năng thuyết trình|làm việc nhóm|lắng nghe tích cực|phán đoán & ra quyết định|quản lý lớp học|quản lý thời gian|toán học|tư duy phản biện|viết|đọc hiểu,"[0.387, 0.79, 0.437, 0.889, 0.484, 0.554]",Giáo dục/Đào tạo|chiến lược học tập|giao tiếp|giao tiếp nói|giám sát|giải quyết vấn đề phức tạp|hướng dẫn|học chủ động|khả năng giải thích|khả năng thích ứng|kiên nhẫn|kỹ năng thuyết trình|làm việc nhóm|lắng nghe tích cực|phán đoán & ra quyết định|quản lý lớp học|quản lý thời gian|toán học|tư duy phản biện|viết|đọc hiểu
25-1064.00,"Giáo viên địa lý, sau đại học",Giảng dạy các khóa học địa lý. Bao gồm cả các giáo viên chủ yếu tham gia vào giảng dạy và những người thực hiện sự kết hợp của giảng dạy với nghiên cứu.,Giáo dục/Đào tạo|chiến lược học tập|giao tiếp|giao tiếp nói|giám sát|giải quyết vấn đề phức tạp|hướng dẫn|học chủ động|khả năng giải thích|khả năng thích ứng|kiên nhẫn|kỹ năng thuyết trình|làm việc nhóm|lắng nghe tích cực|phán đoán & ra quyết định|quản lý lớp học|quản lý thời gian|tư duy phản biện|viết|đọc hiểu,"[0.49, 0.823, 0.523, 0.951, 0.361, 0.527]",Giáo dục/Đào tạo|chiến lược học tập|giao tiếp|giao tiếp nói|giám sát|giải quyết vấn đề phức tạp|hướng dẫn|học chủ động|khả năng giải thích|khả năng thích ứng|kiên nhẫn|kỹ năng thuyết trình|làm việc nhóm|lắng nghe tích cực|phán đoán & ra quyết định|quản lý lớp học|quản lý thời gian|tư duy phản biện|viết|đọc hiểu
25-1065.00,"Giáo viên Khoa học Chính trị, sau đại học","Giảng dạy các khóa học khoa học chính trị, các vấn đề quốc tế và quan hệ quốc tế.",Giáo dục/Đào tạo|chiến lược học tập|giao tiếp|giao tiếp nói|giám sát|giải quyết vấn đề phức tạp|hướng dẫn|học chủ động|khả năng giải thích|khả năng thích ứng|kiên nhẫn|kỹ năng thuyết trình|làm việc nhóm|lắng nghe tích cực|phán đoán & ra quyết định|quản lý lớp học|quản lý thời gian|tư duy phản biện|viết|đọc hiểu,"[0.301, 0.78, 0.516, 0.964, 0.459, 0.451]",Giáo dục/Đào tạo|chiến lược học tập|giao tiếp|giao tiếp nói|giám sát|giải quyết vấn đề phức tạp|hướng dẫn|học chủ động|khả năng giải thích|khả năng thích ứng|kiên nhẫn|kỹ năng thuyết trình|làm việc nhóm|lắng nghe tích cực|phán đoán & ra quyết định|quản lý lớp học|quản lý thời gian|tư duy phản biện|viết|đọc hiểu
25-1066.00,"Giáo viên tâm lý học, sau đại học","Giảng dạy các khóa học về tâm lý học, chẳng hạn như tâm lý trẻ em, lâm sàng và phát triển, và tư vấn tâm lý. Bao gồm cả các giáo viên chủ yếu tham gia vào giảng dạy và những người làm sự kết hợp của giảng dạy với nghiên cứu.",Giáo dục/Đào tạo|chiến lược học tập|giao tiếp|giao tiếp nói|giám sát|hướng dẫn|học chủ động|khoa học|khả năng giải thích|khả năng thích ứng|kiên nhẫn|kỹ năng thuyết trình|làm việc nhóm|lắng nghe tích cực|nhạy bén xã hội|phán đoán & ra quyết định|quản lý lớp học|quản lý thời gian|tư duy phản biện|viết|đọc hiểu,"[0.304, 0.794, 0.55, 1.0, 0.339, 0.466]",Giáo dục/Đào tạo|chiến lược học tập|giao tiếp|giao tiếp nói|giám sát|hướng dẫn|học chủ động|khoa học|khả năng giải thích|khả năng thích ứng|kiên nhẫn|kỹ năng thuyết trình|làm việc nhóm|lắng nghe tích cực|nhạy bén xã hội|phán đoán & ra quyết định|quản lý lớp học|quản lý thời gian|tư duy phản biện|viết|đọc hiểu
25-1067.00,"Giáo viên xã hội học, sau đại học",Giảng dạy các khóa học xã hội học. Bao gồm cả các giáo viên chủ yếu tham gia vào giảng dạy và những người thực hiện sự kết hợp của giảng dạy với nghiên cứu.,Giáo dục/Đào tạo|chiến lược học tập|giao tiếp|giao tiếp nói|giám sát|hướng dẫn|học chủ động|khoa học|khả năng giải thích|khả năng thích ứng|kiên nhẫn|kỹ năng thuyết trình|làm việc nhóm|lắng nghe tích cực|nhạy bén xã hội|phán đoán & ra quyết định|quản lý lớp học|quản lý thời gian|tư duy phản biện|viết|đọc hiểu,"[0.361, 0.796, 0.51, 0.951, 0.366, 0.487]",Giáo dục/Đào tạo|chiến lược học tập|giao tiếp|giao tiếp nói|giám sát|hướng dẫn|học chủ động|khoa học|khả năng giải thích|khả năng thích ứng|kiên nhẫn|kỹ năng thuyết trình|làm việc nhóm|lắng nghe tích cực|nhạy bén xã hội|phán đoán & ra quyết định|quản lý lớp học|quản lý thời gian|tư duy phản biện|viết|đọc hiểu
25-1071.00,"Các giáo viên chuyên ngành y tế, sau trường trung học","Giảng dạy các khóa học về chuyên môn y tế, trong các lĩnh vực như nha khoa, công nghệ phòng thí nghiệm, y học, dược phẩm, sức khỏe cộng đồng, liệu pháp và y thú y.",Giáo dục/Đào tạo|chiến lược học tập|chú ý đến chi tiết|chăm sóc bệnh nhân|giao tiếp|giao tiếp nói|giao tiếp với bệnh nhân|giám sát|giải quyết vấn đề phức tạp|hướng dẫn|học chủ động|khả năng giải thích|khả năng thích ứng|kiên nhẫn|kỹ năng thuyết trình|làm việc dưới áp lực|làm việc nhóm|lắng nghe tích cực|phán đoán & ra quyết định|quản lý lớp học|quản lý thời gian|tư duy phản biện|viết|đọc hiểu|đồng cảm,"[0.497, 0.784, 0.419, 0.996, 0.267, 0.53]",Giáo dục/Đào tạo|chiến lược học tập|chú ý đến chi tiết|chăm sóc bệnh nhân|giao tiếp|giao tiếp nói|giao tiếp với bệnh nhân|giám sát|giải quyết vấn đề phức tạp|hướng dẫn|học chủ động|khả năng giải thích|khả năng thích ứng|kiên nhẫn|kỹ năng thuyết trình|làm việc dưới áp lực|làm việc nhóm|lắng nghe tích cực|phán đoán & ra quyết định|quản lý lớp học|quản lý thời gian|tư duy phản biện|viết|đọc hiểu|đồng cảm
25-1072.00,"Các giảng viên y tá và giáo viên, sau trường trung học",Hiển thị và dạy chăm sóc bệnh nhân trong lớp học và các đơn vị lâm sàng cho sinh viên y tá. Bao gồm cả các giáo viên chủ yếu tham gia vào giảng dạy và những người thực hiện sự kết hợp của giảng dạy với nghiên cứu.,Giáo dục/Đào tạo|chiến lược học tập|giao tiếp|giao tiếp nói|giám sát|giải quyết vấn đề phức tạp|hướng dẫn|học chủ động|khả năng giải thích|khả năng thích ứng|kiên nhẫn|kỹ năng thuyết trình|làm việc nhóm|lắng nghe tích cực|nhạy bén xã hội|phối hợp|quản lý lớp học|quản lý thời gian|tư duy phản biện|viết|đọc hiểu,"[0.43, 0.691, 0.47, 1.0, 0.307, 0.479]",Giáo dục/Đào tạo|chiến lược học tập|giao tiếp|giao tiếp nói|giám sát|giải quyết vấn đề phức tạp|hướng dẫn|học chủ động|khả năng giải thích|khả năng thích ứng|kiên nhẫn|kỹ năng thuyết trình|làm việc nhóm|lắng nghe tích cực|nhạy bén xã hội|phối hợp|quản lý lớp học|quản lý thời gian|tư duy phản biện|viết|đọc hiểu
25-1081.00,"Giáo viên giáo dục, sau trung học","Giảng dạy các khóa học liên quan đến giáo dục, chẳng hạn như tư vấn, chương trình giảng dạy, hướng dẫn, hướng dạy, giáo dục giáo viên và giảng dạy tiếng Anh là ngôn ngữ thứ hai. Bao gồm cả các giáo viên chủ yếu tham gia vào giảng dạy và những người làm sự kết hợp của giảng dạy với nghiên cứu.",Giáo dục/Đào tạo|chiến lược học tập|giao tiếp|giao tiếp nói|giám sát|giải quyết vấn đề phức tạp|hướng dẫn|học chủ động|khả năng giải thích|khả năng thích ứng|kiên nhẫn|kỹ năng thuyết trình|làm việc nhóm|lắng nghe tích cực|phán đoán & ra quyết định|quản lý lớp học|quản lý thời gian|tư duy phản biện|viết|đọc hiểu,"[0.384, 0.701, 0.503, 1.0, 0.376, 0.506]",Giáo dục/Đào tạo|chiến lược học tập|giao tiếp|giao tiếp nói|giám sát|giải quyết vấn đề phức tạp|hướng dẫn|học chủ động|khả năng giải thích|khả năng thích ứng|kiên nhẫn|kỹ năng thuyết trình|làm việc nhóm|lắng nghe tích cực|phán đoán & ra quyết định|quản lý lớp học|quản lý thời gian|tư duy phản biện|viết|đọc hiểu
25-1082.00,"Giáo viên Khoa học Thư viện, Sau Đại học",Giảng dạy các khóa học khoa học thư viện. Bao gồm cả các giáo viên chủ yếu tham gia vào giảng dạy và những người thực hiện sự kết hợp của giảng dạy với nghiên cứu.,Giáo dục/Đào tạo|chiến lược học tập|giao tiếp|giao tiếp nói|giám sát|giải quyết vấn đề phức tạp|hướng dẫn|học chủ động|khả năng giải thích|khả năng thích ứng|kiên nhẫn|kỹ năng thuyết trình|làm việc nhóm|lắng nghe tích cực|phán đoán & ra quyết định|quản lý lớp học|quản lý thời gian|tư duy phản biện|viết|đọc hiểu,"[0.394, 0.781, 0.487, 0.907, 0.327, 0.563]",Giáo dục/Đào tạo|chiến lược học tập|giao tiếp|giao tiếp nói|giám sát|giải quyết vấn đề phức tạp|hướng dẫn|học chủ động|khả năng giải thích|khả năng thích ứng|kiên nhẫn|kỹ năng thuyết trình|làm việc nhóm|lắng nghe tích cực|phán đoán & ra quyết định|quản lý lớp học|quản lý thời gian|tư duy phản biện|viết|đọc hiểu
25-1111.00,"Giáo viên Tư pháp hình sự và thực thi pháp luật, sau đại học","Giảng dạy các khóa học về tư pháp hình sự, sửa chữa và quản lý thực thi pháp luật.",Giáo dục/Đào tạo|chiến lược học tập|giao tiếp|giao tiếp nói|giám sát|giải quyết vấn đề phức tạp|hướng dẫn|học chủ động|khả năng giải thích|khả năng thích ứng|kiên nhẫn|kỹ năng thuyết trình|làm việc nhóm|lắng nghe tích cực|nhạy bén xã hội|quản lý lớp học|quản lý thời gian|tư duy phản biện|viết|đọc hiểu,"[0.371, 0.699, 0.463, 0.976, 0.491, 0.523]",Giáo dục/Đào tạo|chiến lược học tập|giao tiếp|giao tiếp nói|giám sát|giải quyết vấn đề phức tạp|hướng dẫn|học chủ động|khả năng giải thích|khả năng thích ứng|kiên nhẫn|kỹ năng thuyết trình|làm việc nhóm|lắng nghe tích cực|nhạy bén xã hội|quản lý lớp học|quản lý thời gian|tư duy phản biện|viết|đọc hiểu
25-1112.00,"Giáo viên luật, sau đại học",Giảng dạy các khóa học về luật. Bao gồm cả các giáo viên chủ yếu tham gia vào giảng dạy và những người làm kết hợp giảng dạy với nghiên cứu.,Giáo dục/Đào tạo|chiến lược học tập|giao tiếp|giao tiếp nói|giám sát|hướng dẫn|học chủ động|khả năng giải thích|khả năng thích ứng|kiên nhẫn|kỹ năng thuyết trình|làm việc nhóm|lắng nghe tích cực|phán đoán & ra quyết định|quản lý lớp học|quản lý thời gian|thuyết phục|tư duy phản biện|viết|đọc hiểu,"[0.331, 0.759, 0.49, 0.927, 0.503, 0.537]",Giáo dục/Đào tạo|chiến lược học tập|giao tiếp|giao tiếp nói|giám sát|hướng dẫn|học chủ động|khả năng giải thích|khả năng thích ứng|kiên nhẫn|kỹ năng thuyết trình|làm việc nhóm|lắng nghe tích cực|phán đoán & ra quyết định|quản lý lớp học|quản lý thời gian|thuyết phục|tư duy phản biện|viết|đọc hiểu
25-1113.00,"Giáo viên làm việc xã hội, sau trường trung học",Giảng dạy các khóa học về công việc xã hội. Bao gồm cả các giáo viên chủ yếu tham gia vào giảng dạy và những người thực hiện sự kết hợp của giảng dạy với nghiên cứu.,Giáo dục/Đào tạo|chiến lược học tập|giao tiếp|giao tiếp nói|giám sát|giải quyết vấn đề phức tạp|hướng dẫn|học chủ động|khả năng giải thích|khả năng thích ứng|kiên nhẫn|kỹ năng thuyết trình|làm việc nhóm|lắng nghe tích cực|nhạy bén xã hội|phán đoán & ra quyết định|quản lý lớp học|quản lý thời gian|tư duy phản biện|viết|đọc hiểu,"[0.331, 0.706, 0.521, 1.0, 0.411, 0.489]",Giáo dục/Đào tạo|chiến lược học tập|giao tiếp|giao tiếp nói|giám sát|giải quyết vấn đề phức tạp|hướng dẫn|học chủ động|khả năng giải thích|khả năng thích ứng|kiên nhẫn|kỹ năng thuyết trình|làm việc nhóm|lắng nghe tích cực|nhạy bén xã hội|phán đoán & ra quyết định|quản lý lớp học|quản lý thời gian|tư duy phản biện|viết|đọc hiểu
25-1121.00,"Giáo viên nghệ thuật, kịch và âm nhạc, sau trường trung học","Giảng dạy các khóa học về kịch, âm nhạc và nghệ thuật bao gồm nghệ thuật đẹp và ứng dụng, chẳng hạn như sơn và điêu khắc, hoặc thiết kế và thủ công. Bao gồm cả các giáo viên chủ yếu tham gia vào giảng dạy và những người làm sự kết hợp của giảng dạy với nghiên cứu.",Giáo dục/Đào tạo|chiến lược học tập|giao tiếp|giao tiếp nói|giám sát|hướng dẫn|học chủ động|khả năng giải thích|khả năng thích ứng|kiên nhẫn|kỹ năng thuyết trình|làm việc nhóm|lắng nghe tích cực|nhạy bén xã hội|quản lý lớp học|quản lý thời gian|tư duy phản biện|viết|đọc hiểu,"[0.457, 0.586, 0.837, 0.99, 0.303, 0.347]",Giáo dục/Đào tạo|chiến lược học tập|giao tiếp|giao tiếp nói|giám sát|hướng dẫn|học chủ động|khả năng giải thích|khả năng thích ứng|kiên nhẫn|kỹ năng thuyết trình|làm việc nhóm|lắng nghe tích cực|nhạy bén xã hội|quản lý lớp học|quản lý thời gian|tư duy phản biện|viết|đọc hiểu
25-1122.00,"Giáo viên truyền thông, sau đại học","Giảng dạy các khóa học về truyền thông, chẳng hạn như truyền thông tổ chức, quan hệ công chúng, phát thanh / truyền hình, và báo chí. Bao gồm cả các giáo viên chủ yếu tham gia vào giảng dạy và những người làm sự kết hợp của giảng dạy với nghiên cứu.",Giáo dục/Đào tạo|chiến lược học tập|giao tiếp|giao tiếp nói|giám sát|hướng dẫn|học chủ động|khả năng giải thích|khả năng thích ứng|kiên nhẫn|kỹ năng thuyết trình|làm việc nhóm|lắng nghe tích cực|nhạy bén xã hội|phán đoán & ra quyết định|quản lý lớp học|quản lý thời gian|tư duy phản biện|viết|đọc hiểu,"[0.29, 0.656, 0.557, 1.0, 0.456, 0.48]",Giáo dục/Đào tạo|chiến lược học tập|giao tiếp|giao tiếp nói|giám sát|hướng dẫn|học chủ động|khả năng giải thích|khả năng thích ứng|kiên nhẫn|kỹ năng thuyết trình|làm việc nhóm|lắng nghe tích cực|nhạy bén xã hội|phán đoán & ra quyết định|quản lý lớp học|quản lý thời gian|tư duy phản biện|viết|đọc hiểu
25-1123.00,"Giáo viên ngôn ngữ và văn học tiếng Anh, sau đại học","Giảng dạy các khóa học về ngôn ngữ và văn học tiếng Anh, bao gồm ngôn ngữ học và văn chương so sánh.",Giáo dục/Đào tạo|chiến lược học tập|giao tiếp|giao tiếp nói|giám sát|hướng dẫn|học chủ động|khả năng giải thích|khả năng thích ứng|kiên nhẫn|kỹ năng thuyết trình|làm việc nhóm|lắng nghe tích cực|nhạy bén xã hội|phán đoán & ra quyết định|quản lý lớp học|quản lý thời gian|tư duy phản biện|viết|đọc hiểu,"[0.336, 0.68, 0.599, 1.0, 0.344, 0.507]",Giáo dục/Đào tạo|chiến lược học tập|giao tiếp|giao tiếp nói|giám sát|hướng dẫn|học chủ động|khả năng giải thích|khả năng thích ứng|kiên nhẫn|kỹ năng thuyết trình|làm việc nhóm|lắng nghe tích cực|nhạy bén xã hội|phán đoán & ra quyết định|quản lý lớp học|quản lý thời gian|tư duy phản biện|viết|đọc hiểu
25-1124.00,"Giáo viên ngôn ngữ và văn học nước ngoài, sau đại học",Giảng dạy các khóa học ngôn ngữ và văn học bằng ngôn ngữ khác ngoài tiếng Anh. Bao gồm các giáo viên ngôn ngữ ký hiệu Mỹ (ASL). Bao gồm cả các giáo viên chủ yếu tham gia vào giảng dạy và những người làm sự kết hợp của giảng dạy với nghiên cứu.,Giáo dục/Đào tạo|chiến lược học tập|giao tiếp|giao tiếp nói|giám sát|hướng dẫn|học chủ động|khả năng giải thích|khả năng thích ứng|kiên nhẫn|kỹ năng thuyết trình|làm việc nhóm|lắng nghe tích cực|nhạy bén xã hội|phán đoán & ra quyết định|quản lý lớp học|quản lý thời gian|tư duy phản biện|viết|đọc hiểu,"[0.303, 0.631, 0.57, 1.0, 0.367, 0.529]",Giáo dục/Đào tạo|chiến lược học tập|giao tiếp|giao tiếp nói|giám sát|hướng dẫn|học chủ động|khả năng giải thích|khả năng thích ứng|kiên nhẫn|kỹ năng thuyết trình|làm việc nhóm|lắng nghe tích cực|nhạy bén xã hội|phán đoán & ra quyết định|quản lý lớp học|quản lý thời gian|tư duy phản biện|viết|đọc hiểu
25-1125.00,"Giáo viên lịch sử, sau trường trung học",Giảng dạy các khóa học về lịch sử và lịch sử nhân loại. Bao gồm cả các giáo viên chủ yếu tham gia vào giảng dạy và những người thực hiện sự kết hợp của giảng dạy với nghiên cứu.,Giáo dục/Đào tạo|chiến lược học tập|giao tiếp|giao tiếp nói|giám sát|giải quyết vấn đề phức tạp|hướng dẫn|học chủ động|khả năng giải thích|khả năng thích ứng|kiên nhẫn|kỹ năng thuyết trình|làm việc nhóm|lắng nghe tích cực|nhạy bén xã hội|phán đoán & ra quyết định|quản lý lớp học|quản lý thời gian|tư duy phản biện|viết|đọc hiểu,"[0.41, 0.773, 0.556, 0.984, 0.357, 0.51]",Giáo dục/Đào tạo|chiến lược học tập|giao tiếp|giao tiếp nói|giám sát|giải quyết vấn đề phức tạp|hướng dẫn|học chủ động|khả năng giải thích|khả năng thích ứng|kiên nhẫn|kỹ năng thuyết trình|làm việc nhóm|lắng nghe tích cực|nhạy bén xã hội|phán đoán & ra quyết định|quản lý lớp học|quản lý thời gian|tư duy phản biện|viết|đọc hiểu
25-1126.00,"Giáo viên triết học và tôn giáo, sau đại học","Giảng dạy triết học, tôn giáo và thần học, bao gồm cả các giáo viên chủ yếu dạy và những người làm sự kết hợp giữa giảng dạy và nghiên cứu.",Giáo dục/Đào tạo|chiến lược học tập|giao tiếp|giao tiếp nói|giám sát|giải quyết vấn đề phức tạp|hướng dẫn|học chủ động|khả năng giải thích|khả năng thích ứng|kiên nhẫn|kỹ năng thuyết trình|làm việc nhóm|lắng nghe tích cực|phán đoán & ra quyết định|quản lý lớp học|quản lý thời gian|tư duy phản biện|viết|đọc hiểu,"[0.349, 0.734, 0.539, 1.0, 0.403, 0.47]",Giáo dục/Đào tạo|chiến lược học tập|giao tiếp|giao tiếp nói|giám sát|giải quyết vấn đề phức tạp|hướng dẫn|học chủ động|khả năng giải thích|khả năng thích ứng|kiên nhẫn|kỹ năng thuyết trình|làm việc nhóm|lắng nghe tích cực|phán đoán & ra quyết định|quản lý lớp học|quản lý thời gian|tư duy phản biện|viết|đọc hiểu
25-1192.00,"Giáo viên khoa gia đình và tiêu dùng, sau đại học","Giảng dạy các khóa học về chăm sóc trẻ em, quan hệ gia đình, tài chính, dinh dưỡng và các chủ đề liên quan đến quản lý nhà. Bao gồm cả các giáo viên chủ yếu tham gia vào giảng dạy và những người làm sự kết hợp của giảng dạy với nghiên cứu.",Giáo dục/Đào tạo|chiến lược học tập|giao tiếp|giao tiếp nói|giám sát|hướng dẫn|học chủ động|khả năng giải thích|khả năng thích ứng|kiên nhẫn|kỹ năng thuyết trình|làm việc nhóm|lắng nghe tích cực|nhạy bén xã hội|phán đoán & ra quyết định|quản lý lớp học|quản lý thời gian|tư duy phản biện|viết|đọc hiểu,"[0.431, 0.701, 0.491, 1.0, 0.387, 0.504]",Giáo dục/Đào tạo|chiến lược học tập|giao tiếp|giao tiếp nói|giám sát|hướng dẫn|học chủ động|khả năng giải thích|khả năng thích ứng|kiên nhẫn|kỹ năng thuyết trình|làm việc nhóm|lắng nghe tích cực|nhạy bén xã hội|phán đoán & ra quyết định|quản lý lớp học|quản lý thời gian|tư duy phản biện|viết|đọc hiểu
25-1193.00,"Giáo viên nghiên cứu giải trí và thể dục, sau đại học","giảng dạy các khóa học liên quan đến giải trí, giải trí và nghiên cứu thể dục, bao gồm sinh lý tập thể dục và quản lý cơ sở. Bao gồm cả các giáo viên chủ yếu tham gia vào giảng dạy và những người làm sự kết hợp của giảng dạy với nghiên cứu.",Giáo dục/Đào tạo|chiến lược học tập|giao tiếp|giao tiếp nói|giám sát|hướng dẫn|học chủ động|khả năng giải thích|khả năng thích ứng|kiên nhẫn|kỹ năng thuyết trình|làm việc nhóm|lắng nghe tích cực|nhạy bén xã hội|phán đoán & ra quyết định|quản lý lớp học|quản lý thời gian|tư duy phản biện|viết|đọc hiểu,"[0.453, 0.683, 0.49, 1.0, 0.359, 0.49]",Giáo dục/Đào tạo|chiến lược học tập|giao tiếp|giao tiếp nói|giám sát|hướng dẫn|học chủ động|khả năng giải thích|khả năng thích ứng|kiên nhẫn|kỹ năng thuyết trình|làm việc nhóm|lắng nghe tích cực|nhạy bén xã hội|phán đoán & ra quyết định|quản lý lớp học|quản lý thời gian|tư duy phản biện|viết|đọc hiểu
25-1194.00,"Giáo viên nghề nghiệp / giáo dục kỹ thuật, sau đại học","Giảng dạy các khóa học nghề nghiệp nhằm cung cấp đào tạo nghề nghiệp dưới mức đại học trong các môn học như xây dựng, cơ khí / sửa chữa, sản xuất, vận tải hoặc thẩm mỹ, chủ yếu cho sinh viên tốt nghiệp hoặc rời trường trung học. Việc giảng dạy diễn ra tại các trường công lập hoặc tư nhân có hoạt động chính là giáo dục học thuật hoặc nghề nghiệp.",Giáo dục/Đào tạo|chiến lược học tập|chú ý đến chi tiết|giao tiếp|giao tiếp nói|giám sát|giải quyết vấn đề kỹ thuật|hướng dẫn|học chủ động|khả năng giải thích|khả năng thích ứng|kiên nhẫn|kỹ năng máy tính|kỹ năng thuyết trình|làm việc nhóm|lắng nghe tích cực|nhạy bén xã hội|phân tích dữ liệu|quản lý lớp học|quản lý thời gian|tư duy logic|tư duy phản biện|viết|đọc hiểu,"[0.536, 0.593, 0.449, 0.944, 0.3, 0.47]",Giáo dục/Đào tạo|chiến lược học tập|chú ý đến chi tiết|giao tiếp|giao tiếp nói|giám sát|giải quyết vấn đề kỹ thuật|hướng dẫn|học chủ động|khả năng giải thích|khả năng thích ứng|kiên nhẫn|kỹ năng máy tính|kỹ năng thuyết trình|làm việc nhóm|lắng nghe tích cực|nhạy bén xã hội|phân tích dữ liệu|quản lý lớp học|quản lý thời gian|tư duy logic|tư duy phản biện|viết|đọc hiểu
25-1199.00,"Postsecondary Teachers, Khác",Thực hiện các nhiệm vụ đa dạng không được bao gồm trong các danh mục nghề nghiệp cụ thể khác trong lĩnh vực này.,Khác|Tổng quát|giao tiếp|khác|khả năng thích ứng|làm việc nhóm|quản lý thời gian|tư duy phản biện|tổng quát|đa dạng,"[0.422, 0.62, 0.512, 0.948, 0.348, 0.54]",Khác|Tổng quát|giao tiếp|khác|khả năng thích ứng|làm việc nhóm|quản lý thời gian|tư duy phản biện|tổng quát|đa dạng
25-2011.00,"Giáo viên mẫu giáo, ngoại trừ giáo dục đặc biệt","Dạy các học sinh trong độ tuổi tiền học, theo chương trình giảng dạy hoặc kế hoạch bài học, các hoạt động được thiết kế để thúc đẩy sự phát triển xã hội, thể chất và trí tuệ.",Giáo dục/Đào tạo|chiến lược học tập|giao tiếp|giao tiếp nói|giám sát|hướng dẫn|học chủ động|khả năng giải thích|khả năng thích ứng|kiên nhẫn|kỹ năng thuyết trình|làm việc nhóm|lắng nghe tích cực|nhạy bén xã hội|phối hợp|quản lý lớp học|quản lý thời gian|tư duy phản biện|định hướng dịch vụ|đọc hiểu,"[0.387, 0.396, 0.58, 1.0, 0.376, 0.513]",Giáo dục/Đào tạo|chiến lược học tập|giao tiếp|giao tiếp nói|giám sát|hướng dẫn|học chủ động|khả năng giải thích|khả năng thích ứng|kiên nhẫn|kỹ năng thuyết trình|làm việc nhóm|lắng nghe tích cực|nhạy bén xã hội|phối hợp|quản lý lớp học|quản lý thời gian|tư duy phản biện|định hướng dịch vụ|đọc hiểu
25-2012.00,"Giáo viên mẫu giáo, ngoại trừ giáo dục đặc biệt",Dạy các kỹ năng học tập và xã hội cho học sinh mẫu giáo.,Giáo dục/Đào tạo|chiến lược học tập|giao tiếp|giao tiếp nói|giám sát|giải quyết vấn đề phức tạp|hướng dẫn|khả năng giải thích|khả năng thích ứng|kiên nhẫn|kỹ năng thuyết trình|làm việc nhóm|lắng nghe tích cực|nhạy bén xã hội|phán đoán & ra quyết định|phối hợp|quản lý lớp học|quản lý thời gian|tư duy phản biện|viết|định hướng dịch vụ|đọc hiểu,"[0.37, 0.45, 0.571, 1.0, 0.351, 0.533]",Giáo dục/Đào tạo|chiến lược học tập|giao tiếp|giao tiếp nói|giám sát|giải quyết vấn đề phức tạp|hướng dẫn|khả năng giải thích|khả năng thích ứng|kiên nhẫn|kỹ năng thuyết trình|làm việc nhóm|lắng nghe tích cực|nhạy bén xã hội|phán đoán & ra quyết định|phối hợp|quản lý lớp học|quản lý thời gian|tư duy phản biện|viết|định hướng dịch vụ|đọc hiểu
25-2021.00,"Giáo viên tiểu học, ngoại trừ giáo dục đặc biệt",Giáo dục các kỹ năng học thuật và xã hội cho học sinh ở cấp tiểu học.,Giáo dục/Đào tạo|chiến lược học tập|giao tiếp|giao tiếp nói|giám sát|hướng dẫn|học chủ động|khả năng giải thích|khả năng thích ứng|kiên nhẫn|kỹ năng thuyết trình|làm việc nhóm|lắng nghe tích cực|nhạy bén xã hội|phối hợp|quản lý lớp học|quản lý thời gian|tư duy phản biện|viết|định hướng dịch vụ|đọc hiểu,"[0.364, 0.483, 0.57, 1.0, 0.367, 0.504]",Giáo dục/Đào tạo|chiến lược học tập|giao tiếp|giao tiếp nói|giám sát|hướng dẫn|học chủ động|khả năng giải thích|khả năng thích ứng|kiên nhẫn|kỹ năng thuyết trình|làm việc nhóm|lắng nghe tích cực|nhạy bén xã hội|phối hợp|quản lý lớp học|quản lý thời gian|tư duy phản biện|viết|định hướng dịch vụ|đọc hiểu
25-2022.00,"Giáo viên trung học, ngoại trừ giáo dục đặc biệt và nghề nghiệp/kỹ thuật","Dạy một hoặc nhiều môn học cho học sinh ở cấp trung học, trung học hoặc trung học trung học.",Giáo dục/Đào tạo|chiến lược học tập|chú ý đến chi tiết|giao tiếp|giao tiếp nói|giám sát|giải quyết vấn đề kỹ thuật|hướng dẫn|học chủ động|khả năng giải thích|khả năng thích ứng|kiên nhẫn|kỹ năng máy tính|kỹ năng thuyết trình|làm việc nhóm|lắng nghe tích cực|nhạy bén xã hội|phân tích dữ liệu|quản lý lớp học|quản lý thời gian|tư duy logic|tư duy phản biện|viết|đọc hiểu,"[0.377, 0.473, 0.569, 1.0, 0.364, 0.514]",Giáo dục/Đào tạo|chiến lược học tập|chú ý đến chi tiết|giao tiếp|giao tiếp nói|giám sát|giải quyết vấn đề kỹ thuật|hướng dẫn|học chủ động|khả năng giải thích|khả năng thích ứng|kiên nhẫn|kỹ năng máy tính|kỹ năng thuyết trình|làm việc nhóm|lắng nghe tích cực|nhạy bén xã hội|phân tích dữ liệu|quản lý lớp học|quản lý thời gian|tư duy logic|tư duy phản biện|viết|đọc hiểu
25-2023.00,"Giáo viên nghề nghiệp/ giáo dục kỹ thuật, trường trung học","Giáo dục các môn nghề nghiệp, nghề nghiệp hoặc kỹ thuật cho học sinh ở cấp trung học, trung học hoặc trung học trung học.",Giáo dục/Đào tạo|chiến lược học tập|chú ý đến chi tiết|giao tiếp|giao tiếp nói|giám sát|giải quyết vấn đề kỹ thuật|hướng dẫn|học chủ động|khả năng giải thích|khả năng thích ứng|kiên nhẫn|kỹ năng máy tính|kỹ năng thuyết trình|làm việc nhóm|lắng nghe tích cực|nhạy bén xã hội|phân tích dữ liệu|quản lý lớp học|quản lý thời gian|tư duy logic|tư duy phản biện|viết|đọc hiểu,"[0.396, 0.487, 0.52, 1.0, 0.314, 0.51]",Giáo dục/Đào tạo|chiến lược học tập|chú ý đến chi tiết|giao tiếp|giao tiếp nói|giám sát|giải quyết vấn đề kỹ thuật|hướng dẫn|học chủ động|khả năng giải thích|khả năng thích ứng|kiên nhẫn|kỹ năng máy tính|kỹ năng thuyết trình|làm việc nhóm|lắng nghe tích cực|nhạy bén xã hội|phân tích dữ liệu|quản lý lớp học|quản lý thời gian|tư duy logic|tư duy phản biện|viết|đọc hiểu
25-2031.00,"Giáo viên trung học, ngoại trừ giáo dục đặc biệt và nghề nghiệp/kỹ thuật",Giáo dục một hoặc nhiều môn học cho học sinh ở cấp trung học.,Giáo dục/Đào tạo|chiến lược học tập|chú ý đến chi tiết|giao tiếp|giao tiếp nói|giám sát|giải quyết vấn đề kỹ thuật|hướng dẫn|học chủ động|khả năng giải thích|khả năng thích ứng|kiên nhẫn|kỹ năng máy tính|kỹ năng thuyết trình|làm việc nhóm|lắng nghe tích cực|nhạy bén xã hội|phân tích dữ liệu|phối hợp|quản lý lớp học|quản lý thời gian|tư duy logic|tư duy phản biện|viết|đọc hiểu,"[0.407, 0.461, 0.53, 1.0, 0.393, 0.519]",Giáo dục/Đào tạo|chiến lược học tập|chú ý đến chi tiết|giao tiếp|giao tiếp nói|giám sát|giải quyết vấn đề kỹ thuật|hướng dẫn|học chủ động|khả năng giải thích|khả năng thích ứng|kiên nhẫn|kỹ năng máy tính|kỹ năng thuyết trình|làm việc nhóm|lắng nghe tích cực|nhạy bén xã hội|phân tích dữ liệu|phối hợp|quản lý lớp học|quản lý thời gian|tư duy logic|tư duy phản biện|viết|đọc hiểu
25-2032.00,"Giáo viên nghề nghiệp/ giáo dục kỹ thuật, trường trung học","Giáo dục các môn nghề nghiệp, nghề nghiệp hoặc kỹ thuật cho học sinh ở cấp trung học.",Giáo dục/Đào tạo|chiến lược học tập|chú ý đến chi tiết|giao tiếp|giao tiếp nói|giám sát|giải quyết vấn đề kỹ thuật|hướng dẫn|học chủ động|khả năng giải thích|khả năng thích ứng|kiên nhẫn|kỹ năng máy tính|kỹ năng thuyết trình|làm việc nhóm|lắng nghe tích cực|nhạy bén xã hội|phân tích dữ liệu|phối hợp|quản lý lớp học|quản lý thời gian|tư duy logic|tư duy phản biện|viết|đọc hiểu,"[0.404, 0.477, 0.517, 1.0, 0.387, 0.497]",Giáo dục/Đào tạo|chiến lược học tập|chú ý đến chi tiết|giao tiếp|giao tiếp nói|giám sát|giải quyết vấn đề kỹ thuật|hướng dẫn|học chủ động|khả năng giải thích|khả năng thích ứng|kiên nhẫn|kỹ năng máy tính|kỹ năng thuyết trình|làm việc nhóm|lắng nghe tích cực|nhạy bén xã hội|phân tích dữ liệu|phối hợp|quản lý lớp học|quản lý thời gian|tư duy logic|tư duy phản biện|viết|đọc hiểu
25-2051.00,"Giáo viên giáo dục đặc biệt, trường mẫu giáo","Giảng dạy các kỹ năng học tập, xã hội và cuộc sống cho học sinh tuổi trước khi đi học có khuyết tật học hỏi, cảm xúc hoặc thể chất. Bao gồm các giáo viên chuyên môn và làm việc với sinh viên mù hoặc bị suy giảm thị lực; sinh viên điếc hoặc bị mất thính lực; và sinh viên bị khuyết tật trí tuệ.",Giáo dục/Đào tạo|chiến lược học tập|giao tiếp|giao tiếp nói|giám sát|hướng dẫn|học chủ động|khả năng giải thích|khả năng thích ứng|kiên nhẫn|kỹ năng thuyết trình|làm việc nhóm|lắng nghe tích cực|nhạy bén xã hội|quản lý lớp học|quản lý thời gian|tư duy phản biện|viết|định hướng dịch vụ|đọc hiểu,"[0.346, 0.523, 0.55, 1.0, 0.246, 0.469]",Giáo dục/Đào tạo|chiến lược học tập|giao tiếp|giao tiếp nói|giám sát|hướng dẫn|học chủ động|khả năng giải thích|khả năng thích ứng|kiên nhẫn|kỹ năng thuyết trình|làm việc nhóm|lắng nghe tích cực|nhạy bén xã hội|quản lý lớp học|quản lý thời gian|tư duy phản biện|viết|định hướng dịch vụ|đọc hiểu
25-2055.00,"Giáo viên giáo dục đặc biệt, trường mẫu giáo","Giảng dạy các kỹ năng học tập, xã hội và cuộc sống cho học sinh mẫu giáo có khuyết tật học hỏi, cảm xúc hoặc thể chất. Bao gồm các giáo viên chuyên môn và làm việc với sinh viên mù hoặc bị suy giảm thị lực; sinh viên điếc hoặc bị mất thính lực; và sinh viên bị khuyết tật trí tuệ.",giao tiếp|khả năng giải thích|khả năng thích ứng|kiên nhẫn|kỹ năng thuyết trình|làm việc nhóm|quản lý lớp học|quản lý thời gian|tư duy phản biện,"[0.364, 0.543, 0.52, 1.0, 0.25, 0.527]",giao tiếp|khả năng giải thích|khả năng thích ứng|kiên nhẫn|kỹ năng thuyết trình|làm việc nhóm|quản lý lớp học|quản lý thời gian|tư duy phản biện
25-2056.00,"Giáo viên giáo dục đặc biệt, trường tiểu học","Giảng dạy các kỹ năng học tập, xã hội và cuộc sống cho học sinh tiểu học có khuyết tật học hỏi, cảm xúc hoặc thể chất. Bao gồm các giáo viên chuyên môn và làm việc với sinh viên mù hoặc bị suy giảm thị lực; sinh viên điếc hoặc bị mất thính lực; và sinh viên bị khuyết tật trí tuệ.",Giáo dục/Đào tạo|chiến lược học tập|giao tiếp|giao tiếp nói|giám sát|hướng dẫn|học chủ động|khả năng giải thích|khả năng thích ứng|kiên nhẫn|kỹ năng thuyết trình|làm việc nhóm|lắng nghe tích cực|nhạy bén xã hội|quản lý lớp học|quản lý thời gian|tư duy phản biện|viết|định hướng dịch vụ|đọc hiểu,"[0.334, 0.564, 0.517, 1.0, 0.256, 0.494]",Giáo dục/Đào tạo|chiến lược học tập|giao tiếp|giao tiếp nói|giám sát|hướng dẫn|học chủ động|khả năng giải thích|khả năng thích ứng|kiên nhẫn|kỹ năng thuyết trình|làm việc nhóm|lắng nghe tích cực|nhạy bén xã hội|quản lý lớp học|quản lý thời gian|tư duy phản biện|viết|định hướng dịch vụ|đọc hiểu
25-2057.00,"Giáo viên giáo dục đặc biệt, trường trung học","Giảng dạy các kỹ năng học tập, xã hội và cuộc sống cho học sinh trung học có khuyết tật học hỏi, cảm xúc hoặc thể chất. Bao gồm các giáo viên chuyên môn và làm việc với sinh viên mù hoặc bị suy giảm thị lực; sinh viên điếc hoặc bị mất thính lực; và sinh viên bị khuyết tật trí tuệ.",Giáo dục/Đào tạo|chiến lược học tập|giao tiếp|giao tiếp nói|giám sát|hướng dẫn|học chủ động|khả năng giải thích|khả năng thích ứng|kiên nhẫn|kỹ năng thuyết trình|làm việc nhóm|lắng nghe tích cực|nhạy bén xã hội|phối hợp|quản lý lớp học|quản lý thời gian|tư duy phản biện|viết|đọc hiểu,"[0.347, 0.556, 0.554, 1.0, 0.257, 0.481]",Giáo dục/Đào tạo|chiến lược học tập|giao tiếp|giao tiếp nói|giám sát|hướng dẫn|học chủ động|khả năng giải thích|khả năng thích ứng|kiên nhẫn|kỹ năng thuyết trình|làm việc nhóm|lắng nghe tích cực|nhạy bén xã hội|phối hợp|quản lý lớp học|quản lý thời gian|tư duy phản biện|viết|đọc hiểu
25-2058.00,"Giáo viên giáo dục đặc biệt, trường trung học","Giảng dạy các kỹ năng học tập, xã hội và cuộc sống cho học sinh trung học có khuyết tật học hỏi, cảm xúc hoặc thể chất. Bao gồm các giáo viên chuyên môn và làm việc với sinh viên mù hoặc bị suy giảm thị lực; sinh viên điếc hoặc bị mất thính lực; và sinh viên bị khuyết tật trí tuệ.",Giáo dục/Đào tạo|chiến lược học tập|giao tiếp|giao tiếp nói|giám sát|hướng dẫn|học chủ động|khả năng giải thích|khả năng thích ứng|kiên nhẫn|kỹ năng thuyết trình|làm việc nhóm|lắng nghe tích cực|nhạy bén xã hội|phối hợp|quản lý lớp học|quản lý thời gian|tư duy phản biện|viết|đọc hiểu,"[0.373, 0.551, 0.536, 1.0, 0.279, 0.463]",Giáo dục/Đào tạo|chiến lược học tập|giao tiếp|giao tiếp nói|giám sát|hướng dẫn|học chủ động|khả năng giải thích|khả năng thích ứng|kiên nhẫn|kỹ năng thuyết trình|làm việc nhóm|lắng nghe tích cực|nhạy bén xã hội|phối hợp|quản lý lớp học|quản lý thời gian|tư duy phản biện|viết|đọc hiểu
25-2059.01,Các chuyên gia giáo dục thể chất thích nghi,"Cung cấp hướng dẫn hoặc dịch vụ giáo dục thể chất cá nhân cho trẻ em, thanh thiếu niên hoặc người lớn có nhu cầu thể chất đặc biệt do chậm phát triển động cơ hoặc suy giảm khác.",Giáo dục/Đào tạo|chiến lược học tập|giao tiếp|giao tiếp nói|giám sát|hướng dẫn|học chủ động|khả năng giải thích|khả năng thích ứng|kiên nhẫn|kỹ năng thuyết trình|làm việc nhóm|lắng nghe tích cực|nhạy bén xã hội|phối hợp|quản lý lớp học|quản lý thời gian|tư duy phản biện|viết|đọc hiểu,"[0.623, 0.517, 0.376, 1.0, 0.256, 0.513]",Giáo dục/Đào tạo|chiến lược học tập|giao tiếp|giao tiếp nói|giám sát|hướng dẫn|học chủ động|khả năng giải thích|khả năng thích ứng|kiên nhẫn|kỹ năng thuyết trình|làm việc nhóm|lắng nghe tích cực|nhạy bén xã hội|phối hợp|quản lý lớp học|quản lý thời gian|tư duy phản biện|viết|đọc hiểu
25-3011.00,"Giáo dục cơ bản người lớn, giáo dục trung học người lớn và giảng viên tiếng Anh là ngôn ngữ thứ hai","Giáo dục hoặc hướng dẫn trẻ em và người lớn ngoài trường học về giáo dục cơ bản, biết chữ, hoặc tiếng Anh như một lớp học ngôn ngữ thứ hai, hoặc trong các lớp học để kiếm được bằng chứng bằng cấp trường trung học.",Giáo dục/Đào tạo|chiến lược học tập|giao tiếp|giao tiếp nói|giám sát|hướng dẫn|học chủ động|khả năng giải thích|khả năng thích ứng|kiên nhẫn|kỹ năng thuyết trình|làm việc nhóm|lắng nghe tích cực|nhạy bén xã hội|phối hợp|quản lý lớp học|quản lý thời gian|tư duy phản biện|viết|đọc hiểu,"[0.349, 0.446, 0.533, 1.0, 0.419, 0.496]",Giáo dục/Đào tạo|chiến lược học tập|giao tiếp|giao tiếp nói|giám sát|hướng dẫn|học chủ động|khả năng giải thích|khả năng thích ứng|kiên nhẫn|kỹ năng thuyết trình|làm việc nhóm|lắng nghe tích cực|nhạy bén xã hội|phối hợp|quản lý lớp học|quản lý thời gian|tư duy phản biện|viết|đọc hiểu
25-3021.00,Các giáo viên tự làm giàu,"Giáo dục hoặc hướng dẫn cá nhân hoặc nhóm cho mục đích chính của tự phong phú hóa hoặc giải trí, chứ không phải cho mục tiêu nghề nghiệp, đạt được giáo dục, cạnh tranh hoặc thể dục.",Giáo dục/Đào tạo|chiến lược học tập|giao tiếp|giao tiếp nói|giám sát|hướng dẫn|học chủ động|khả năng giải thích|khả năng thích ứng|kiên nhẫn|kỹ năng thuyết trình|làm việc nhóm|lắng nghe tích cực|nhạy bén xã hội|quản lý lớp học|quản lý thời gian|tư duy phản biện|viết|đọc hiểu,"[0.373, 0.421, 0.591, 1.0, 0.454, 0.427]",Giáo dục/Đào tạo|chiến lược học tập|giao tiếp|giao tiếp nói|giám sát|hướng dẫn|học chủ động|khả năng giải thích|khả năng thích ứng|kiên nhẫn|kỹ năng thuyết trình|làm việc nhóm|lắng nghe tích cực|nhạy bén xã hội|quản lý lớp học|quản lý thời gian|tư duy phản biện|viết|đọc hiểu
25-3031.00,"Giáo viên thay thế, ngắn hạn","Giáo dục học sinh theo cơ sở ngắn hạn như là một thay thế tạm thời cho một giáo viên lớp học thường xuyên, thường sử dụng kế hoạch bài học của giáo viên thường xuyên.",Giáo dục/Đào tạo|chiến lược học tập|giao tiếp|giao tiếp nói|giám sát|hướng dẫn|học chủ động|khả năng giải thích|khả năng thích ứng|kiên nhẫn|kỹ năng thuyết trình|làm việc nhóm|lắng nghe tích cực|nhạy bén xã hội|quản lý lớp học|quản lý thời gian|tư duy phản biện|viết|đọc hiểu,"[0.373, 0.373, 0.434, 0.967, 0.35, 0.531]",Giáo dục/Đào tạo|chiến lược học tập|giao tiếp|giao tiếp nói|giám sát|hướng dẫn|học chủ động|khả năng giải thích|khả năng thích ứng|kiên nhẫn|kỹ năng thuyết trình|làm việc nhóm|lắng nghe tích cực|nhạy bén xã hội|quản lý lớp học|quản lý thời gian|tư duy phản biện|viết|đọc hiểu
25-3041.00,Giáo viên,Chỉ thị cho học sinh cá nhân hoặc các nhóm nhỏ học sinh trong các môn học hỗ trợ giảng dạy lớp học chính thức hoặc chuẩn bị cho các bài kiểm tra tiêu chuẩn hoặc tuyển sinh.,Giáo dục/Đào tạo|chiến lược học tập|giao tiếp|giao tiếp nói|giám sát|giải quyết vấn đề phức tạp|hướng dẫn|học chủ động|khả năng giải thích|khả năng thích ứng|kiên nhẫn|kỹ năng thuyết trình|làm việc nhóm|lắng nghe tích cực|nhạy bén xã hội|quản lý lớp học|quản lý thời gian|tư duy phản biện|viết|đọc hiểu,"[0.323, 0.467, 0.463, 0.929, 0.234, 0.473]",Giáo dục/Đào tạo|chiến lược học tập|giao tiếp|giao tiếp nói|giám sát|giải quyết vấn đề phức tạp|hướng dẫn|học chủ động|khả năng giải thích|khả năng thích ứng|kiên nhẫn|kỹ năng thuyết trình|làm việc nhóm|lắng nghe tích cực|nhạy bén xã hội|quản lý lớp học|quản lý thời gian|tư duy phản biện|viết|đọc hiểu
25-3099.00,"Teachers and Instructors, Khác",Thực hiện các nhiệm vụ đa dạng không được bao gồm trong các danh mục nghề nghiệp cụ thể khác trong lĩnh vực này.,Khác|Tổng quát|giao tiếp|khác|khả năng thích ứng|làm việc nhóm|quản lý thời gian|tư duy phản biện|tổng quát|đa dạng,"[0.418, 0.621, 0.498, 0.935, 0.37, 0.553]",Khác|Tổng quát|giao tiếp|khác|khả năng thích ứng|làm việc nhóm|quản lý thời gian|tư duy phản biện|tổng quát|đa dạng
25-4011.00,Các nhà lưu trữ,"Đánh giá, chỉnh sửa và bảo quản trực tiếp các hồ sơ vĩnh viễn và tài liệu có giá trị lịch sử. Tham gia vào các hoạt động nghiên cứu dựa trên tài liệu lưu trữ.",Giáo dục/Đào tạo|chiến lược học tập|giao tiếp|giao tiếp nói|giám sát|giải quyết vấn đề phức tạp|học chủ động|khả năng thích ứng|làm việc nhóm|lắng nghe tích cực|phán đoán & ra quyết định|quản lý thời gian|tư duy phản biện|viết|định hướng dịch vụ|đọc hiểu,"[0.397, 0.654, 0.421, 0.443, 0.274, 0.86]",Giáo dục/Đào tạo|chiến lược học tập|giao tiếp|giao tiếp nói|giám sát|giải quyết vấn đề phức tạp|học chủ động|khả năng thích ứng|làm việc nhóm|lắng nghe tích cực|phán đoán & ra quyết định|quản lý thời gian|tư duy phản biện|viết|định hướng dịch vụ|đọc hiểu
25-4012.00,Các giám sát viên,"Quản lý các bộ sưu tập, chẳng hạn như các tác phẩm nghệ thuật, đồ sưu tầm, vật thể lịch sử hoặc mẫu vật khoa học của bảo tàng hoặc các tổ chức khác. Có thể thực hiện các hoạt động giảng dạy, nghiên cứu hoặc dịch vụ công cộng của tổ chức.",Giáo dục/Đào tạo|giao tiếp|giao tiếp nói|giám sát|giải quyết vấn đề phức tạp|học chủ động|khả năng thích ứng|làm việc nhóm|lắng nghe tích cực|phán đoán & ra quyết định|phối hợp|quản lý nguồn lực vật chất|quản lý thời gian|thuyết phục|tư duy phản biện|viết|đánh giá hệ thống|đọc hiểu,"[0.383, 0.49, 0.49, 0.526, 0.55, 0.686]",Giáo dục/Đào tạo|giao tiếp|giao tiếp nói|giám sát|giải quyết vấn đề phức tạp|học chủ động|khả năng thích ứng|làm việc nhóm|lắng nghe tích cực|phán đoán & ra quyết định|phối hợp|quản lý nguồn lực vật chất|quản lý thời gian|thuyết phục|tư duy phản biện|viết|đánh giá hệ thống|đọc hiểu
25-4013.00,Các kỹ thuật viên bảo tàng và nhà bảo tồn,"Khôi phục, bảo trì hoặc chuẩn bị các vật thể trong bộ sưu tập bảo tàng để lưu trữ, nghiên cứu hoặc trưng bày. Có thể làm việc với các mẫu vật như hóa thạch, bộ phận xương hoặc thực vật; hoặc đồ tạo tác, dệt may hoặc nghệ thuật. Có thể xác định và ghi lại các đối tượng hoặc cài đặt và sắp xếp chúng trong các triển lãm. Bao gồm các bộ bảo quản sách hoặc tài liệu.",Giáo dục/Đào tạo|chiến lược học tập|chú ý đến chi tiết|giao tiếp|giao tiếp nói|giám sát|giải quyết vấn đề kỹ thuật|giải quyết vấn đề phức tạp|hướng dẫn|học chủ động|khả năng thích ứng|kỹ năng máy tính|làm việc nhóm|lắng nghe tích cực|phán đoán & ra quyết định|phân tích dữ liệu|phối hợp|quản lý thời gian|tư duy logic|tư duy phản biện|viết|đọc hiểu,"[0.81, 0.459, 0.449, 0.377, 0.216, 0.654]",Giáo dục/Đào tạo|chiến lược học tập|chú ý đến chi tiết|giao tiếp|giao tiếp nói|giám sát|giải quyết vấn đề kỹ thuật|giải quyết vấn đề phức tạp|hướng dẫn|học chủ động|khả năng thích ứng|kỹ năng máy tính|làm việc nhóm|lắng nghe tích cực|phán đoán & ra quyết định|phân tích dữ liệu|phối hợp|quản lý thời gian|tư duy logic|tư duy phản biện|viết|đọc hiểu
25-4022.00,Các thư viện và chuyên gia về bộ sưu tập truyền thông,"Quản lý và duy trì thư viện hoặc bộ sưu tập thông tin, cho quyền truy cập công cộng hoặc tư nhân thông qua tham khảo hoặc vay. Làm việc trong một loạt các thiết lập, chẳng hạn như các tổ chức giáo dục, bảo tàng và các tập đoàn, và với các loại tài liệu thông tin khác nhau, như sách, ấn phẩm định kỳ, ghi âm, phim và cơ sở dữ liệu. Các nhiệm vụ có thể bao gồm thu thập, liệt kê và lưu hành các tài liệu thư viện, và các dịch vụ cho người dùng như xác định vị trí và tổ chức thông tin, cung cấp hướng dẫn về cách truy cập thông tin và thiết lập và vận hành thiết bị truyền thông của thư viện.",Giáo dục/Đào tạo|chiến lược học tập|giao tiếp|giao tiếp nói|giám sát|hướng dẫn|học chủ động|khả năng thích ứng|làm việc nhóm|lắng nghe tích cực|nhạy bén xã hội|quản lý thời gian|tư duy phản biện|viết|định hướng dịch vụ|đọc hiểu,"[0.333, 0.517, 0.379, 0.577, 0.394, 0.833]",Giáo dục/Đào tạo|chiến lược học tập|giao tiếp|giao tiếp nói|giám sát|hướng dẫn|học chủ động|khả năng thích ứng|làm việc nhóm|lắng nghe tích cực|nhạy bén xã hội|quản lý thời gian|tư duy phản biện|viết|định hướng dịch vụ|đọc hiểu
25-4031.00,Các kỹ thuật viên thư viện,"Giúp các nhà thư viện bằng cách giúp người đọc sử dụng danh mục thư viện, cơ sở dữ liệu và chỉ mục để tìm sách và các tài liệu khác; và bằng cách trả lời các câu hỏi đòi hỏi chỉ cần tham khảo ngắn gọn tài liệu tham khảo tiêu chuẩn. Thu thập hồ sơ; sắp xếp và ngăn xếp sách hoặc phương tiện khác; loại bỏ hoặc sửa chữa sách bị hư hỏng hoặc phương pháp khác; đăng ký khách hàng; và kiểm tra các vật liệu trong và ngoài quá trình lưu thông. Thay thế vật liệu trong khu vực kệ (những đống) hoặc các tập tin. Bao gồm các tài xế sách di động giúp cung cấp dịch vụ trong thư viện di động.",Giáo dục/Đào tạo|chiến lược học tập|chú ý đến chi tiết|giao tiếp|giao tiếp nói|giải quyết vấn đề kỹ thuật|khả năng thích ứng|kỹ năng máy tính|làm việc nhóm|lắng nghe tích cực|nhạy bén xã hội|phân tích dữ liệu|phối hợp|quản lý thời gian|tư duy logic|tư duy phản biện|viết|định hướng dịch vụ|đọc hiểu,"[0.439, 0.384, 0.229, 0.581, 0.267, 0.93]",Giáo dục/Đào tạo|chiến lược học tập|chú ý đến chi tiết|giao tiếp|giao tiếp nói|giải quyết vấn đề kỹ thuật|khả năng thích ứng|kỹ năng máy tính|làm việc nhóm|lắng nghe tích cực|nhạy bén xã hội|phân tích dữ liệu|phối hợp|quản lý thời gian|tư duy logic|tư duy phản biện|viết|định hướng dịch vụ|đọc hiểu
25-9021.00,Giáo viên quản lý nông nghiệp và gia đình,"Giảng dạy và tư vấn cho cá nhân và gia đình tham gia vào nông nghiệp, các quy trình liên quan đến nông nghiệp hoặc các hoạt động quản lý nhà. Hiển thị các thủ tục và áp dụng kết quả nghiên cứu để thúc đẩy các hoạt động quản lý nông nghiệp và nhà. Có thể phát triển các chương trình giáo dục. Có thể hướng dẫn về các vấn đề nông nghiệp như quy trình và kỹ thuật nông nghiệp, quản lý độc hại và an toàn thực phẩm, hoặc về vấn đề quản lý nhà như ngân sách, dinh dưỡng và phát triển trẻ em.",Giáo dục/Đào tạo|chiến lược học tập|giao tiếp|giao tiếp nói|giám sát|giải quyết vấn đề phức tạp|hướng dẫn|học chủ động|khả năng giải thích|khả năng thích ứng|kiên nhẫn|kỹ năng thuyết trình|làm việc nhóm|lãnh đạo|lập kế hoạch chiến lược|lắng nghe tích cực|nhạy bén xã hội|phán đoán & ra quyết định|phối hợp|quản lý dự án|quản lý lớp học|quản lý nhóm|quản lý thời gian|ra quyết định|thuyết phục|tư duy phản biện|viết|đánh giá hệ thống|đọc hiểu,"[0.566, 0.611, 0.33, 0.69, 0.499, 0.454]",Giáo dục/Đào tạo|chiến lược học tập|giao tiếp|giao tiếp nói|giám sát|giải quyết vấn đề phức tạp|hướng dẫn|học chủ động|khả năng giải thích|khả năng thích ứng|kiên nhẫn|kỹ năng thuyết trình|làm việc nhóm|lãnh đạo|lập kế hoạch chiến lược|lắng nghe tích cực|nhạy bén xã hội|phán đoán & ra quyết định|phối hợp|quản lý dự án|quản lý lớp học|quản lý nhóm|quản lý thời gian|ra quyết định|thuyết phục|tư duy phản biện|viết|đánh giá hệ thống|đọc hiểu
25-9031.00,Các nhà điều phối hướng dẫn,"Phát triển tài liệu giảng dạy, phối hợp nội dung giáo dục và kết hợp công nghệ hiện tại vào giảng dạy để cung cấp hướng dẫn cho các giáo viên và giảng viên để phát triển chương trình giảng dạy và tiến hành các khóa học. Có thể đào tạo và huấn luyện giáo viên. Bao gồm các cố vấn và chuyên gia giáo dục, và giám đốc tài liệu giáo dục.",Giáo dục/Đào tạo|chiến lược học tập|giao tiếp|giao tiếp nói|giám sát|hướng dẫn|học chủ động|khả năng thích ứng|làm việc nhóm|lắng nghe tích cực|nhạy bén xã hội|phán đoán & ra quyết định|quản lý thời gian|tư duy phản biện|viết|đọc hiểu,"[0.241, 0.569, 0.497, 0.88, 0.607, 0.576]",Giáo dục/Đào tạo|chiến lược học tập|giao tiếp|giao tiếp nói|giám sát|hướng dẫn|học chủ động|khả năng thích ứng|làm việc nhóm|lắng nghe tích cực|nhạy bén xã hội|phán đoán & ra quyết định|quản lý thời gian|tư duy phản biện|viết|đọc hiểu
25-9042.00,"Trợ lý giảng dạy, trường mẫu giáo, tiểu học, trung học và trung học, ngoại trừ giáo dục đặc biệt","Giúp một giáo viên mẫu giáo, tiểu học, trung học hoặc trung học với các nhiệm vụ giảng dạy. Phục vụ tại vị trí mà giáo viên có trách nhiệm chính về việc thiết kế và thực hiện các chương trình và dịch vụ giáo dục.",Giáo dục/Đào tạo|chiến lược học tập|giao tiếp|giao tiếp nói|giám sát|hướng dẫn|khả năng giải thích|khả năng thích ứng|kiên nhẫn|kỹ năng thuyết trình|làm việc nhóm|lắng nghe tích cực|nhạy bén xã hội|phối hợp|quản lý lớp học|quản lý thời gian|tư duy phản biện|viết|định hướng dịch vụ|đọc hiểu,"[0.394, 0.341, 0.327, 0.916, 0.371, 0.671]",Giáo dục/Đào tạo|chiến lược học tập|giao tiếp|giao tiếp nói|giám sát|hướng dẫn|khả năng giải thích|khả năng thích ứng|kiên nhẫn|kỹ năng thuyết trình|làm việc nhóm|lắng nghe tích cực|nhạy bén xã hội|phối hợp|quản lý lớp học|quản lý thời gian|tư duy phản biện|viết|định hướng dịch vụ|đọc hiểu
25-9043.00,"Trợ lý giảng dạy, Giáo dục đặc biệt","Giúp một giáo viên mẫu giáo, tiểu học, trung học, hoặc trung học để cung cấp các kỹ năng học tập, xã hội, hoặc cuộc sống cho học sinh có khuyết tật học hỏi, cảm xúc, hoặc thể chất. Phục vụ tại vị trí mà giáo viên có trách nhiệm chính về việc thiết kế và thực hiện các chương trình và dịch vụ giáo dục.",Giáo dục/Đào tạo|chiến lược học tập|giao tiếp|giao tiếp nói|giám sát|hướng dẫn|khả năng giải thích|khả năng thích ứng|kiên nhẫn|kỹ năng thuyết trình|làm việc nhóm|lắng nghe tích cực|nhạy bén xã hội|phối hợp|quản lý lớp học|quản lý thời gian|thuyết phục|tư duy phản biện|viết|định hướng dịch vụ|đọc hiểu,"[0.36, 0.423, 0.381, 0.99, 0.343, 0.594]",Giáo dục/Đào tạo|chiến lược học tập|giao tiếp|giao tiếp nói|giám sát|hướng dẫn|khả năng giải thích|khả năng thích ứng|kiên nhẫn|kỹ năng thuyết trình|làm việc nhóm|lắng nghe tích cực|nhạy bén xã hội|phối hợp|quản lý lớp học|quản lý thời gian|thuyết phục|tư duy phản biện|viết|định hướng dịch vụ|đọc hiểu
25-9044.00,"Trợ lý giảng dạy, sau trường trung học","Giúp giảng viên hoặc nhân viên giảng dạy khác tại các tổ chức sau trung học bằng cách thực hiện các hoạt động hỗ trợ giảng dạy, chẳng hạn như phát triển tài liệu giảng dạy , dẫn đầu các nhóm thảo luận, chuẩn bị và đưa ra kỳ thi, và kỳ thi cấp hoặc bài báo.",Giáo dục/Đào tạo|chiến lược học tập|giao tiếp|giao tiếp nói|giám sát|hướng dẫn|học chủ động|khả năng thích ứng|làm việc nhóm|lắng nghe tích cực|nhạy bén xã hội|phối hợp|quản lý thời gian|tư duy phản biện|viết|đọc hiểu,"[0.294, 0.463, 0.31, 0.966, 0.399, 0.664]",Giáo dục/Đào tạo|chiến lược học tập|giao tiếp|giao tiếp nói|giám sát|hướng dẫn|học chủ động|khả năng thích ứng|làm việc nhóm|lắng nghe tích cực|nhạy bén xã hội|phối hợp|quản lý thời gian|tư duy phản biện|viết|đọc hiểu
27-1011.00,Giám đốc nghệ thuật,"Xác định các khái niệm thiết kế và cách tiếp cận trình bày cho các sản phẩm trực quan và phương tiện truyền thông, chẳng hạn như in ấn, phát sóng, video và phim ảnh.",Nghệ thuật/Thiết kế|giao tiếp|giao tiếp nói|giám sát|giải quyết vấn đề phức tạp|học chủ động|khả năng thích ứng|làm việc nhóm|lãnh đạo|lập kế hoạch chiến lược|lắng nghe tích cực|phán đoán & ra quyết định|phối hợp|quản lý dự án|quản lý nhóm|quản lý thời gian|ra quyết định|thuyết phục|tư duy phản biện|viết|đọc hiểu,"[0.431, 0.386, 1.0, 0.4, 0.759, 0.546]",Nghệ thuật/Thiết kế|giao tiếp|giao tiếp nói|giám sát|giải quyết vấn đề phức tạp|học chủ động|khả năng thích ứng|làm việc nhóm|lãnh đạo|lập kế hoạch chiến lược|lắng nghe tích cực|phán đoán & ra quyết định|phối hợp|quản lý dự án|quản lý nhóm|quản lý thời gian|ra quyết định|thuyết phục|tư duy phản biện|viết|đọc hiểu
27-1012.00,Các nghệ sĩ thủ công,"Tạo hoặc tái tạo các vật làm bằng tay để bán và triển lãm bằng cách sử dụng nhiều kỹ thuật khác nhau, chẳng hạn như hàn, dệt, gốm, và công nghệ kim.",Nghệ thuật/Thiết kế|giao tiếp|giao tiếp nói|giám sát|khả năng thích ứng|làm việc nhóm|lắng nghe tích cực|nhạy bén xã hội|phán đoán & ra quyết định|quản lý thời gian|thuyết phục|tư duy phản biện|đọc hiểu,"[0.837, 0.269, 0.857, 0.246, 0.414, 0.364]",Nghệ thuật/Thiết kế|giao tiếp|giao tiếp nói|giám sát|khả năng thích ứng|làm việc nhóm|lắng nghe tích cực|nhạy bén xã hội|phán đoán & ra quyết định|quản lý thời gian|thuyết phục|tư duy phản biện|đọc hiểu
27-1013.00,"Các nghệ sĩ đẹp, bao gồm các họa sĩ, nhà điêu khắc và họa sĩ minh họa",Tạo tác phẩm nghệ thuật gốc bằng cách sử dụng bất kỳ phương tiện và kỹ thuật đa dạng nào.,Nghệ thuật/Thiết kế|giao tiếp|giao tiếp nói|học chủ động|khả năng thích ứng|làm việc nhóm|lắng nghe tích cực|phán đoán & ra quyết định|quản lý thời gian|tư duy phản biện|đọc hiểu,"[0.58, 0.383, 1.0, 0.324, 0.339, 0.334]",Nghệ thuật/Thiết kế|giao tiếp|giao tiếp nói|học chủ động|khả năng thích ứng|làm việc nhóm|lắng nghe tích cực|phán đoán & ra quyết định|quản lý thời gian|tư duy phản biện|đọc hiểu
27-1014.00,Các tác dụng đặc biệt Các nghệ sĩ và người hoạt hình,"Tạo hiệu ứng đặc biệt hoặc hoạt hình bằng cách sử dụng phim, video, máy tính hoặc các công cụ điện tử và phương tiện truyền thông khác để sử dụng trong các sản phẩm, chẳng hạn như trò chơi máy tính, phim ảnh, video âm nhạc và quảng cáo.",Nghệ thuật/Thiết kế|chiến lược học tập|giao tiếp|giao tiếp nói|giám sát|giải quyết vấn đề phức tạp|học chủ động|khả năng thích ứng|làm việc nhóm|lắng nghe tích cực|phán đoán & ra quyết định|phối hợp|quản lý thời gian|thuyết phục|tư duy phản biện|viết|đọc hiểu,"[0.531, 0.4, 1.0, 0.301, 0.387, 0.46]",Nghệ thuật/Thiết kế|chiến lược học tập|giao tiếp|giao tiếp nói|giám sát|giải quyết vấn đề phức tạp|học chủ động|khả năng thích ứng|làm việc nhóm|lắng nghe tích cực|phán đoán & ra quyết định|phối hợp|quản lý thời gian|thuyết phục|tư duy phản biện|viết|đọc hiểu
27-1019.00,"Artists and Related Workers, Khác",Thực hiện các nhiệm vụ đa dạng không được bao gồm trong các danh mục nghề nghiệp cụ thể khác trong lĩnh vực này.,Khác|Tổng quát|giao tiếp|khác|khả năng thích ứng|làm việc nhóm|quản lý thời gian|tư duy phản biện|tổng quát|đa dạng,"[0.508, 0.355, 0.756, 0.394, 0.509, 0.497]",Khác|Tổng quát|giao tiếp|khác|khả năng thích ứng|làm việc nhóm|quản lý thời gian|tư duy phản biện|tổng quát|đa dạng
27-1021.00,Các nhà thiết kế thương mại và công nghiệp,"Thiết kế và phát triển các sản phẩm sản xuất, chẳng hạn như ô tô, thiết bị gia dụng và đồ chơi cho trẻ em. Kết hợp tài năng nghệ thuật với nghiên cứu về việc sử dụng sản phẩm, tiếp thị và vật liệu để tạo ra thiết kế sản phẩm chức năng và hấp dẫn nhất.",Nghệ thuật/Thiết kế|giao tiếp|giao tiếp nói|giám sát|giải quyết vấn đề phức tạp|học chủ động|khả năng thích ứng|làm việc nhóm|lắng nghe tích cực|phán đoán & ra quyết định|phân tích vận hành|phối hợp|quản lý thời gian|thiết kế công nghệ|thuyết phục|toán học|tư duy phản biện|viết|đánh giá hệ thống|đọc hiểu,"[0.663, 0.579, 0.793, 0.263, 0.527, 0.497]",Nghệ thuật/Thiết kế|giao tiếp|giao tiếp nói|giám sát|giải quyết vấn đề phức tạp|học chủ động|khả năng thích ứng|làm việc nhóm|lắng nghe tích cực|phán đoán & ra quyết định|phân tích vận hành|phối hợp|quản lý thời gian|thiết kế công nghệ|thuyết phục|toán học|tư duy phản biện|viết|đánh giá hệ thống|đọc hiểu
27-1022.00,Các nhà thiết kế thời trang,Thiết kế quần áo và phụ kiện tạo ra thiết kế ban đầu hoặc thích nghi với xu hướng thời trang.,Nghệ thuật/Thiết kế|giao tiếp|giao tiếp nói|giám sát|học chủ động|khả năng thích ứng|làm việc nhóm|lắng nghe tích cực|nhạy bén xã hội|phán đoán & ra quyết định|phối hợp|quản lý thời gian|thuyết phục|tư duy phản biện|đàm phán|đọc hiểu,"[0.617, 0.31, 1.0, 0.333, 0.567, 0.416]",Nghệ thuật/Thiết kế|giao tiếp|giao tiếp nói|giám sát|học chủ động|khả năng thích ứng|làm việc nhóm|lắng nghe tích cực|nhạy bén xã hội|phán đoán & ra quyết định|phối hợp|quản lý thời gian|thuyết phục|tư duy phản biện|đàm phán|đọc hiểu
27-1023.00,Các nhà thiết kế hoa,"Thiết kế, cắt và sắp xếp hoa sống, khô hoặc nhân tạo và lá.",Nghệ thuật/Thiết kế|giao tiếp|giao tiếp nói|giám sát|học chủ động|khả năng thích ứng|làm việc nhóm|lắng nghe tích cực|nhạy bén xã hội|phán đoán & ra quyết định|phân tích vận hành|quản lý thời gian|tư duy phản biện|định hướng dịch vụ|đọc hiểu,"[0.733, 0.246, 0.629, 0.351, 0.541, 0.561]",Nghệ thuật/Thiết kế|giao tiếp|giao tiếp nói|giám sát|học chủ động|khả năng thích ứng|làm việc nhóm|lắng nghe tích cực|nhạy bén xã hội|phán đoán & ra quyết định|phân tích vận hành|quản lý thời gian|tư duy phản biện|định hướng dịch vụ|đọc hiểu
27-1024.00,Các nhà thiết kế đồ họa,"Thiết kế hoặc tạo đồ họa để đáp ứng nhu cầu thương mại hoặc quảng cáo cụ thể, chẳng hạn như bao bì, màn hình hoặc logo.",Nghệ thuật/Thiết kế|giao tiếp|giao tiếp nói|giám sát|giải quyết vấn đề phức tạp|học chủ động|khả năng thích ứng|làm việc nhóm|lắng nghe tích cực|nhạy bén xã hội|phán đoán & ra quyết định|phối hợp|quản lý thời gian|thuyết phục|tư duy phản biện|viết|đàm phán|đọc hiểu,"[0.457, 0.404, 1.0, 0.33, 0.516, 0.54]",Nghệ thuật/Thiết kế|giao tiếp|giao tiếp nói|giám sát|giải quyết vấn đề phức tạp|học chủ động|khả năng thích ứng|làm việc nhóm|lắng nghe tích cực|nhạy bén xã hội|phán đoán & ra quyết định|phối hợp|quản lý thời gian|thuyết phục|tư duy phản biện|viết|đàm phán|đọc hiểu
27-1025.00,Nhà thiết kế nội thất,"Kế hoạch, thiết kế và trang bị không gian bên trong của phòng hoặc tòa nhà. Thiết kế môi trường nội thất hoặc tạo ra bố cục vật lý thực tế, thẩm mỹ và thuận lợi cho mục đích dự định. Có thể chuyên về một lĩnh vực, phong cách hoặc giai đoạn thiết kế nội thất cụ thể.",Nghệ thuật/Thiết kế|giao tiếp|giao tiếp nói|giải quyết vấn đề phức tạp|khả năng thích ứng|làm việc nhóm|lắng nghe tích cực|nhạy bén xã hội|phối hợp|quản lý thời gian|thuyết phục|tư duy phản biện|viết|đàm phán|định hướng dịch vụ|đọc hiểu,"[0.633, 0.454, 0.81, 0.399, 0.477, 0.533]",Nghệ thuật/Thiết kế|giao tiếp|giao tiếp nói|giải quyết vấn đề phức tạp|khả năng thích ứng|làm việc nhóm|lắng nghe tích cực|nhạy bén xã hội|phối hợp|quản lý thời gian|thuyết phục|tư duy phản biện|viết|đàm phán|định hướng dịch vụ|đọc hiểu
27-1026.00,Máy hiển thị hàng hóa và máy cắt cửa sổ,"Thiết kế và dựng các màn hình thương mại, chẳng hạn như những màn hình trong cửa sổ và nội thất của các cửa hàng bán lẻ và tại các triển lãm thương mại.",Nghệ thuật/Thiết kế|giao tiếp|giao tiếp nói|học chủ động|khả năng thích ứng|làm việc nhóm|lắng nghe tích cực|nhạy bén xã hội|phán đoán & ra quyết định|phối hợp|quản lý thời gian|thuyết phục|tư duy phản biện|đọc hiểu,"[0.634, 0.23, 0.693, 0.316, 0.601, 0.429]",Nghệ thuật/Thiết kế|giao tiếp|giao tiếp nói|học chủ động|khả năng thích ứng|làm việc nhóm|lắng nghe tích cực|nhạy bén xã hội|phán đoán & ra quyết định|phối hợp|quản lý thời gian|thuyết phục|tư duy phản biện|đọc hiểu
27-1027.00,Các nhà thiết kế thiết kế và triển lãm,"Thiết kế các triển lãm và thiết kế đặc biệt cho các bộ phim, video, truyền hình và các sản phẩm sân khấu.",Nghệ thuật/Thiết kế|giao tiếp|giao tiếp nói|giám sát|giải quyết vấn đề phức tạp|khả năng thích ứng|làm việc nhóm|lắng nghe tích cực|phán đoán & ra quyết định|phân tích vận hành|phối hợp|quản lý nguồn nhân lực|quản lý thời gian|toán học|tư duy phản biện|đọc hiểu,"[0.509, 0.407, 1.0, 0.44, 0.559, 0.469]",Nghệ thuật/Thiết kế|giao tiếp|giao tiếp nói|giám sát|giải quyết vấn đề phức tạp|khả năng thích ứng|làm việc nhóm|lắng nghe tích cực|phán đoán & ra quyết định|phân tích vận hành|phối hợp|quản lý nguồn nhân lực|quản lý thời gian|toán học|tư duy phản biện|đọc hiểu
27-1029.00,"Designers, Khác",Thực hiện các nhiệm vụ đa dạng không được bao gồm trong các danh mục nghề nghiệp cụ thể khác trong lĩnh vực này.,Khác|Tổng quát|giao tiếp|khác|khả năng thích ứng|làm việc nhóm|quản lý thời gian|tư duy phản biện|tổng quát|đa dạng,"[0.498, 0.353, 0.712, 0.401, 0.551, 0.52]",Khác|Tổng quát|giao tiếp|khác|khả năng thích ứng|làm việc nhóm|quản lý thời gian|tư duy phản biện|tổng quát|đa dạng
27-2011.00,Các diễn viên,"Chơi các bộ phim trên sân khấu, truyền hình, đài phát thanh, video hoặc phim ảnh, hoặc các thiết lập khác để giải trí, thông tin hoặc hướng dẫn. Giải thích vai trò nghiêm trọng hoặc hài hước bằng lời nói, cử chỉ và chuyển động cơ thể để giải trí hoặc thông báo cho khán giả. Có thể nhảy múa và hát.",Nghệ thuật/Thiết kế|giao tiếp|giao tiếp nói|giám sát|khả năng thích ứng|làm việc nhóm|lắng nghe tích cực|nhạy bén xã hội|phán đoán & ra quyết định|phối hợp|quản lý thời gian|tư duy phản biện|viết|đọc hiểu,"[0.33, 0.304, 1.0, 0.586, 0.571, 0.239]",Nghệ thuật/Thiết kế|giao tiếp|giao tiếp nói|giám sát|khả năng thích ứng|làm việc nhóm|lắng nghe tích cực|nhạy bén xã hội|phán đoán & ra quyết định|phối hợp|quản lý thời gian|tư duy phản biện|viết|đọc hiểu
27-2012.00,Các nhà sản xuất và giám đốc,"Sản xuất hoặc chỉ đạo các sản phẩm sân khấu, truyền hình, đài phát thanh, video hoặc phim cho giải trí, thông tin hoặc hướng dẫn. chịu trách nhiệm về các quyết định sáng tạo, chẳng hạn như giải thích kịch bản, lựa chọn diễn viên hoặc khách mời, thiết kế cảnh, âm thanh, hiệu ứng đặc biệt và vở nhạc kịch.",Nghệ thuật/Thiết kế|giao tiếp|giao tiếp nói|giám sát|khả năng thích ứng|làm việc nhóm|lãnh đạo|lập kế hoạch chiến lược|lắng nghe tích cực|nhạy bén xã hội|phán đoán & ra quyết định|phối hợp|quản lý dự án|quản lý nguồn nhân lực|quản lý nhóm|quản lý thời gian|ra quyết định|tư duy phản biện|viết|đọc hiểu,"[0.306, 0.319, 0.879, 0.447, 0.826, 0.507]",Nghệ thuật/Thiết kế|giao tiếp|giao tiếp nói|giám sát|khả năng thích ứng|làm việc nhóm|lãnh đạo|lập kế hoạch chiến lược|lắng nghe tích cực|nhạy bén xã hội|phán đoán & ra quyết định|phối hợp|quản lý dự án|quản lý nguồn nhân lực|quản lý nhóm|quản lý thời gian|ra quyết định|tư duy phản biện|viết|đọc hiểu
27-2012.03,Giám đốc lập trình truyền thông,"Quản lý và phối hợp các hoạt động của nhân viên tham gia chuẩn bị lịch trình và chương trình của đài phát thanh hoặc đài truyền hình, chẳng hạn như thể thao hoặc tin tức.",Nghệ thuật/Thiết kế|giao tiếp|giao tiếp nói|giám sát|giải quyết vấn đề phức tạp|học chủ động|khả năng thích ứng|làm việc nhóm|lãnh đạo|lập kế hoạch chiến lược|lắng nghe tích cực|nhạy bén xã hội|phán đoán & ra quyết định|phối hợp|quản lý dự án|quản lý nhóm|quản lý thời gian|ra quyết định|tư duy phản biện|viết|đọc hiểu,"[0.183, 0.317, 0.56, 0.53, 0.964, 0.677]",Nghệ thuật/Thiết kế|giao tiếp|giao tiếp nói|giám sát|giải quyết vấn đề phức tạp|học chủ động|khả năng thích ứng|làm việc nhóm|lãnh đạo|lập kế hoạch chiến lược|lắng nghe tích cực|nhạy bén xã hội|phán đoán & ra quyết định|phối hợp|quản lý dự án|quản lý nhóm|quản lý thời gian|ra quyết định|tư duy phản biện|viết|đọc hiểu
27-2012.04,Giám đốc tài năng,"Đánh giá và phỏng vấn các nghệ sĩ biểu diễn để lựa chọn tài năng phù hợp nhất cho các vai diễn trong sân khấu, truyền hình, đài phát thanh hoặc bộ phim.",Nghệ thuật/Thiết kế|giao tiếp|giao tiếp nói|giám sát|khả năng thích ứng|làm việc nhóm|lãnh đạo|lập kế hoạch chiến lược|lắng nghe tích cực|nhạy bén xã hội|phán đoán & ra quyết định|phối hợp|quản lý dự án|quản lý nhóm|quản lý thời gian|ra quyết định|tư duy phản biện|viết|đàm phán|đọc hiểu,"[0.179, 0.201, 0.819, 0.619, 0.854, 0.501]",Nghệ thuật/Thiết kế|giao tiếp|giao tiếp nói|giám sát|khả năng thích ứng|làm việc nhóm|lãnh đạo|lập kế hoạch chiến lược|lắng nghe tích cực|nhạy bén xã hội|phán đoán & ra quyết định|phối hợp|quản lý dự án|quản lý nhóm|quản lý thời gian|ra quyết định|tư duy phản biện|viết|đàm phán|đọc hiểu
27-2012.05,Giám đốc kỹ thuật phương tiện truyền thông,"Điều phối các hoạt động của các bộ phận kỹ thuật, chẳng hạn như ghi âm, chỉnh sửa, kỹ thuật và bảo trì, để sản xuất chương trình phát thanh hoặc truyền hình.",Nghệ thuật/Thiết kế|chú ý đến chi tiết|giao tiếp|giao tiếp nói|giám sát|giải quyết vấn đề kỹ thuật|giải quyết vấn đề phức tạp|hướng dẫn|học chủ động|khả năng thích ứng|kỹ năng máy tính|làm việc nhóm|lãnh đạo|lập kế hoạch chiến lược|lắng nghe tích cực|nhạy bén xã hội|phán đoán & ra quyết định|phân tích dữ liệu|phân tích hệ thống|phối hợp|quản lý dự án|quản lý nhóm|quản lý thời gian|ra quyết định|tư duy logic|tư duy phản biện|đọc hiểu,"[0.561, 0.389, 0.499, 0.364, 0.706, 0.621]",Nghệ thuật/Thiết kế|chú ý đến chi tiết|giao tiếp|giao tiếp nói|giám sát|giải quyết vấn đề kỹ thuật|giải quyết vấn đề phức tạp|hướng dẫn|học chủ động|khả năng thích ứng|kỹ năng máy tính|làm việc nhóm|lãnh đạo|lập kế hoạch chiến lược|lắng nghe tích cực|nhạy bén xã hội|phán đoán & ra quyết định|phân tích dữ liệu|phân tích hệ thống|phối hợp|quản lý dự án|quản lý nhóm|quản lý thời gian|ra quyết định|tư duy logic|tư duy phản biện|đọc hiểu
27-2021.00,Các vận động viên và các nhà cạnh tranh thể thao,Cạnh tranh trong các sự kiện thể thao.,Nghệ thuật/Thiết kế|chiến lược học tập|giao tiếp|giao tiếp nói|giám sát|hướng dẫn|học chủ động|khả năng thích ứng|làm việc nhóm|lắng nghe tích cực|nhạy bén xã hội|phán đoán & ra quyết định|phối hợp|quản lý thời gian|thuyết phục|tư duy phản biện|đọc hiểu,"[0.714, 0.226, 0.317, 0.626, 0.644, 0.411]",Nghệ thuật/Thiết kế|chiến lược học tập|giao tiếp|giao tiếp nói|giám sát|hướng dẫn|học chủ động|khả năng thích ứng|làm việc nhóm|lắng nghe tích cực|nhạy bén xã hội|phán đoán & ra quyết định|phối hợp|quản lý thời gian|thuyết phục|tư duy phản biện|đọc hiểu
27-2022.00,Các huấn luyện viên và trinh sát,Dạy hoặc huấn luyện các nhóm hoặc cá nhân về cơ bản của thể thao với mục đích chính của cuộc thi. Hiển thị các kỹ thuật và phương pháp tham gia. Có thể đánh giá điểm mạnh và điểm yếu của các vận động viên như là những người tuyển dụng có thể hoặc để cải thiện kỹ thuật của người thể thao để chuẩn bị cho họ để thi đấu. Những người được yêu cầu có chứng chỉ giảng dạy nên được báo cáo trong danh mục giảng dạy thích hợp.,Nghệ thuật/Thiết kế|chiến lược học tập|giao tiếp|giao tiếp nói|giám sát|hướng dẫn|học chủ động|khả năng thích ứng|làm việc nhóm|lắng nghe tích cực|phán đoán & ra quyết định|phối hợp|quản lý nguồn nhân lực|quản lý thời gian|thuyết phục|tư duy phản biện|viết|đánh giá hệ thống|đọc hiểu,"[0.609, 0.307, 0.347, 0.759, 0.733, 0.491]",Nghệ thuật/Thiết kế|chiến lược học tập|giao tiếp|giao tiếp nói|giám sát|hướng dẫn|học chủ động|khả năng thích ứng|làm việc nhóm|lắng nghe tích cực|phán đoán & ra quyết định|phối hợp|quản lý nguồn nhân lực|quản lý thời gian|thuyết phục|tư duy phản biện|viết|đánh giá hệ thống|đọc hiểu
27-2023.00,"Các trọng tài, trọng tài và các quan chức thể thao khác","Giới chức tại các sự kiện thể thao hoặc thể thao cạnh tranh. Khám phá vi phạm các quy tắc và quyết định hình phạt theo các quy định được thiết lập. Bao gồm tất cả các quan chức thể thao, trọng tài và thẩm phán cuộc thi.",Nghệ thuật/Thiết kế|chiến lược học tập|giao tiếp|giao tiếp nói|giám sát|giải quyết vấn đề phức tạp|học chủ động|khả năng thích ứng|làm việc nhóm|lắng nghe tích cực|nhạy bén xã hội|phán đoán & ra quyết định|phối hợp|quản lý thời gian|tư duy phản biện|đọc hiểu,"[0.626, 0.236, 0.156, 0.477, 0.813, 0.663]",Nghệ thuật/Thiết kế|chiến lược học tập|giao tiếp|giao tiếp nói|giám sát|giải quyết vấn đề phức tạp|học chủ động|khả năng thích ứng|làm việc nhóm|lắng nghe tích cực|nhạy bén xã hội|phán đoán & ra quyết định|phối hợp|quản lý thời gian|tư duy phản biện|đọc hiểu
27-2031.00,Các vũ công,"Chơi khiêu vũ. Có thể biểu diễn trên sân khấu, để phát sóng, hoặc để ghi lại video.",Nghệ thuật/Thiết kế|giao tiếp|giao tiếp nói|giám sát|khả năng thích ứng|làm việc nhóm|lắng nghe tích cực|nhạy bén xã hội|phối hợp|quản lý thời gian|tư duy phản biện,"[0.683, 0.2, 0.903, 0.526, 0.464, 0.237]",Nghệ thuật/Thiết kế|giao tiếp|giao tiếp nói|giám sát|khả năng thích ứng|làm việc nhóm|lắng nghe tích cực|nhạy bén xã hội|phối hợp|quản lý thời gian|tư duy phản biện
27-2032.00,Các nhà soạn nhạc,"Tạo các thói quen nhảy múa mới, tập lại các buổi biểu diễn, có thể chỉ đạo và dàn dựng các bài thuyết trình.",Nghệ thuật/Thiết kế|chiến lược học tập|giao tiếp|giao tiếp nói|giám sát|hướng dẫn|khả năng thích ứng|làm việc nhóm|lắng nghe tích cực|nhạy bén xã hội|phối hợp|quản lý thời gian|tư duy phản biện|đọc hiểu,"[0.524, 0.297, 1.0, 0.583, 0.543, 0.269]",Nghệ thuật/Thiết kế|chiến lược học tập|giao tiếp|giao tiếp nói|giám sát|hướng dẫn|khả năng thích ứng|làm việc nhóm|lắng nghe tích cực|nhạy bén xã hội|phối hợp|quản lý thời gian|tư duy phản biện|đọc hiểu
27-2041.00,Giám đốc âm nhạc và nhà soạn nhạc,"Conduct, direct, plan, and lead instrumental or vocal performances by musical artists or groups, such as orchestras, bands, choirs, and glee clubs; or create original works of music.",Nghệ thuật/Thiết kế|giao tiếp|giao tiếp nói|giám sát|học chủ động|khả năng thích ứng|làm việc nhóm|lãnh đạo|lập kế hoạch chiến lược|lắng nghe tích cực|nhạy bén xã hội|phán đoán & ra quyết định|phối hợp|quản lý dự án|quản lý nhóm|quản lý thời gian|ra quyết định|thuyết phục|tư duy phản biện|viết|đọc hiểu,"[0.291, 0.326, 1.0, 0.437, 0.681, 0.37]",Nghệ thuật/Thiết kế|giao tiếp|giao tiếp nói|giám sát|học chủ động|khả năng thích ứng|làm việc nhóm|lãnh đạo|lập kế hoạch chiến lược|lắng nghe tích cực|nhạy bén xã hội|phán đoán & ra quyết định|phối hợp|quản lý dự án|quản lý nhóm|quản lý thời gian|ra quyết định|thuyết phục|tư duy phản biện|viết|đọc hiểu
27-2042.00,Các nhạc sĩ và ca sĩ,"Chơi một hoặc nhiều nhạc cụ hoặc hát. Có thể biểu diễn trên sân khấu, để phát sóng, hoặc để ghi âm hoặc video.",Nghệ thuật/Thiết kế|giao tiếp|giao tiếp nói|giám sát|hướng dẫn|khả năng thích ứng|làm việc nhóm|lắng nghe tích cực|nhạy bén xã hội|phối hợp|quản lý thời gian|tư duy phản biện|đọc hiểu,"[0.41, 0.219, 0.951, 0.486, 0.487, 0.31]",Nghệ thuật/Thiết kế|giao tiếp|giao tiếp nói|giám sát|hướng dẫn|khả năng thích ứng|làm việc nhóm|lắng nghe tích cực|nhạy bén xã hội|phối hợp|quản lý thời gian|tư duy phản biện|đọc hiểu
27-2091.00,"Những người chơi đĩa, ngoại trừ đài phát thanh","Chơi nhạc được ghi âm trước cho khán giả trực tiếp tại các địa điểm hoặc sự kiện như câu lạc bộ, bữa tiệc hoặc lễ cưới. Có thể sử dụng các kỹ thuật như trộn, cắt hoặc lấy mẫu để thao túng các bản ghi. Cũng có thể hoạt động như emcee (người quản lý các nghi lễ).",giao tiếp|khả năng thích ứng|làm việc nhóm|quản lý thời gian|tư duy phản biện,"[0.42, 0.219, 0.69, 0.423, 0.517, 0.5]",giao tiếp|khả năng thích ứng|làm việc nhóm|quản lý thời gian|tư duy phản biện
27-2099.00,"Entertainers and Performers, Sports and Related Workers, Khác",Thực hiện các nhiệm vụ đa dạng không được bao gồm trong các danh mục nghề nghiệp cụ thể khác trong lĩnh vực này.,Khác|Tổng quát|giao tiếp|khác|khả năng thích ứng|làm việc nhóm|quản lý thời gian|tư duy phản biện|tổng quát|đa dạng,"[0.512, 0.351, 0.722, 0.405, 0.555, 0.494]",Khác|Tổng quát|giao tiếp|khác|khả năng thích ứng|làm việc nhóm|quản lý thời gian|tư duy phản biện|tổng quát|đa dạng
27-3011.00,Các nhà thông báo phát sóng và các người chơi đĩa phát thanh,"Nói hoặc đọc từ các tài liệu viết kịch bản, chẳng hạn như báo cáo tin tức hoặc thông điệp thương mại, trên đài phát thanh, truyền hình hoặc phương tiện truyền thông khác. Có thể chơi và xếp hàng nhạc, công bố nghệ sĩ hoặc tiêu đề biểu diễn, xác định đài hoặc phỏng vấn khách.",Nghệ thuật/Thiết kế|giao tiếp|giao tiếp nói|giám sát|học chủ động|khả năng thích ứng|làm việc nhóm|lắng nghe tích cực|nhạy bén xã hội|phối hợp|quản lý thời gian|tư duy phản biện|viết|đọc hiểu,"[0.246, 0.283, 0.793, 0.5, 0.64, 0.45]",Nghệ thuật/Thiết kế|giao tiếp|giao tiếp nói|giám sát|học chủ động|khả năng thích ứng|làm việc nhóm|lắng nghe tích cực|nhạy bén xã hội|phối hợp|quản lý thời gian|tư duy phản biện|viết|đọc hiểu
27-3023.00,"Các nhà phân tích tin tức, phóng viên và nhà báo","Nói hoặc viết những câu chuyện tin tức, đánh giá hoặc bình luận cho các phương tiện truyền thông in ấn, phát sóng hoặc truyền thông truyền thông khác như báo chí, tạp chí, đài phát thanh hoặc truyền hình. Có thể thu thập và phân tích thông tin thông qua phỏng vấn, điều tra hoặc quan sát.",Nghệ thuật/Thiết kế|giao tiếp|giao tiếp nói|giải quyết vấn đề phức tạp|học chủ động|khả năng thích ứng|làm việc nhóm|lắng nghe tích cực|nhạy bén xã hội|phối hợp|quản lý thời gian|thuyết phục|tư duy phản biện|viết|đọc hiểu,"[0.21, 0.594, 0.727, 0.4, 0.566, 0.519]",Nghệ thuật/Thiết kế|giao tiếp|giao tiếp nói|giải quyết vấn đề phức tạp|học chủ động|khả năng thích ứng|làm việc nhóm|lắng nghe tích cực|nhạy bén xã hội|phối hợp|quản lý thời gian|thuyết phục|tư duy phản biện|viết|đọc hiểu
27-3031.00,Các chuyên gia quan hệ công chúng,"Thúc đẩy hoặc tạo ra hình ảnh công cộng dự định cho các cá nhân, nhóm hoặc tổ chức. Có thể viết hoặc chọn tài liệu để phát hành cho các phương tiện truyền thông liên lạc khác nhau. có thể chuyên về việc sử dụng truyền thông xã hội.",Nghệ thuật/Thiết kế|giao tiếp|giao tiếp nói|học chủ động|khả năng thích ứng|làm việc nhóm|lắng nghe tích cực|nhạy bén xã hội|phán đoán & ra quyết định|phối hợp|quản lý thời gian|thuyết phục|tư duy phản biện|viết|đọc hiểu,"[0.143, 0.399, 0.674, 0.563, 0.83, 0.496]",Nghệ thuật/Thiết kế|giao tiếp|giao tiếp nói|học chủ động|khả năng thích ứng|làm việc nhóm|lắng nghe tích cực|nhạy bén xã hội|phán đoán & ra quyết định|phối hợp|quản lý thời gian|thuyết phục|tư duy phản biện|viết|đọc hiểu
27-3041.00,Các biên tập viên,"Lập kế hoạch, phối hợp, sửa đổi hoặc chỉnh sửa tài liệu văn bản. Có thể xem xét các đề xuất và bản thảo để có thể xuất bản.",Nghệ thuật/Thiết kế|giao tiếp|giao tiếp nói|giám sát|học chủ động|khả năng thích ứng|làm việc nhóm|lắng nghe tích cực|nhạy bén xã hội|phán đoán & ra quyết định|phối hợp|quản lý nguồn nhân lực|quản lý thời gian|thuyết phục|tư duy phản biện|viết|đàm phán|đọc hiểu,"[0.143, 0.444, 0.737, 0.359, 0.576, 0.693]",Nghệ thuật/Thiết kế|giao tiếp|giao tiếp nói|giám sát|học chủ động|khả năng thích ứng|làm việc nhóm|lắng nghe tích cực|nhạy bén xã hội|phán đoán & ra quyết định|phối hợp|quản lý nguồn nhân lực|quản lý thời gian|thuyết phục|tư duy phản biện|viết|đàm phán|đọc hiểu
27-3042.00,Các tác giả kỹ thuật,"Viết các tài liệu kỹ thuật, chẳng hạn như hướng dẫn thiết bị, phụ lục, hoặc hướng dẫn vận hành và bảo trì.",Nghệ thuật/Thiết kế|chú ý đến chi tiết|giao tiếp|giao tiếp nói|giám sát|giải quyết vấn đề kỹ thuật|giải quyết vấn đề phức tạp|học chủ động|khả năng thích ứng|kỹ năng máy tính|làm việc nhóm|lắng nghe tích cực|phán đoán & ra quyết định|phân tích dữ liệu|phối hợp|quản lý thời gian|tư duy logic|tư duy phản biện|viết|đọc hiểu,"[0.401, 0.529, 0.603, 0.286, 0.284, 0.761]",Nghệ thuật/Thiết kế|chú ý đến chi tiết|giao tiếp|giao tiếp nói|giám sát|giải quyết vấn đề kỹ thuật|giải quyết vấn đề phức tạp|học chủ động|khả năng thích ứng|kỹ năng máy tính|làm việc nhóm|lắng nghe tích cực|phán đoán & ra quyết định|phân tích dữ liệu|phối hợp|quản lý thời gian|tư duy logic|tư duy phản biện|viết|đọc hiểu
27-3043.00,Các tác giả và tác giả,"Tạo ra và chuẩn bị các tài liệu văn bản, chẳng hạn như kịch bản, câu chuyện, quảng cáo, và những tài liệu khác.",Nghệ thuật/Thiết kế|giao tiếp|giao tiếp nói|học chủ động|khả năng thích ứng|làm việc nhóm|lắng nghe tích cực|nhạy bén xã hội|phán đoán & ra quyết định|phối hợp|quản lý thời gian|thuyết phục|tư duy phản biện|viết|định hướng dịch vụ|đọc hiểu,"[0.143, 0.466, 0.99, 0.406, 0.686, 0.454]",Nghệ thuật/Thiết kế|giao tiếp|giao tiếp nói|học chủ động|khả năng thích ứng|làm việc nhóm|lắng nghe tích cực|nhạy bén xã hội|phán đoán & ra quyết định|phối hợp|quản lý thời gian|thuyết phục|tư duy phản biện|viết|định hướng dịch vụ|đọc hiểu
27-3043.05,"Các nhà thơ, nhà thơ và nhà văn sáng tạo","Tạo các tác phẩm viết gốc, chẳng hạn như kịch bản, tiểu luận, văn bản, thơ hoặc lời bài hát, để xuất bản hoặc biểu diễn.",Nghệ thuật/Thiết kế|giao tiếp|giao tiếp nói|giám sát|giải quyết vấn đề phức tạp|học chủ động|khả năng thích ứng|làm việc nhóm|lắng nghe tích cực|nhạy bén xã hội|phán đoán & ra quyết định|quản lý thời gian|thuyết phục|tư duy phản biện|viết|đọc hiểu,"[0.196, 0.547, 1.0, 0.393, 0.441, 0.406]",Nghệ thuật/Thiết kế|giao tiếp|giao tiếp nói|giám sát|giải quyết vấn đề phức tạp|học chủ động|khả năng thích ứng|làm việc nhóm|lắng nghe tích cực|nhạy bén xã hội|phán đoán & ra quyết định|quản lý thời gian|thuyết phục|tư duy phản biện|viết|đọc hiểu
27-3091.00,Người dịch và người dịch,"Định nghĩa bằng ngôn ngữ bằng miệng hoặc ngôn ngữ ký hiệu, hoặc dịch văn bản từ một ngôn ngữ sang ngôn ngữ khác.",Nghệ thuật/Thiết kế|chiến lược học tập|giao tiếp|giao tiếp nói|giám sát|học chủ động|khả năng thích ứng|làm việc nhóm|lắng nghe tích cực|nhạy bén xã hội|phán đoán & ra quyết định|quản lý thời gian|tư duy phản biện|viết|định hướng dịch vụ|đọc hiểu,"[0.27, 0.451, 0.629, 0.501, 0.269, 0.663]",Nghệ thuật/Thiết kế|chiến lược học tập|giao tiếp|giao tiếp nói|giám sát|học chủ động|khả năng thích ứng|làm việc nhóm|lắng nghe tích cực|nhạy bén xã hội|phán đoán & ra quyết định|quản lý thời gian|tư duy phản biện|viết|định hướng dịch vụ|đọc hiểu
27-3092.00,Các phóng viên của tòa án và những người viết nội dung cùng lúc,"Sử dụng các phương pháp và thiết bị thực tế để thu thập, lưu trữ, lấy lại và sao chép các thủ tục trước phiên tòa và phiên tòa hoặc thông tin khác. Bao gồm các stenocaptioners vận hành thiết bị viết tiêu đề stenographic máy tính để cung cấp tiêu đề của phát sóng trực tiếp hoặc ghi âm trước cho người xem bị suy giảm thính giác.",Nghệ thuật/Thiết kế|giao tiếp|giao tiếp nói|giám sát|khả năng thích ứng|làm việc nhóm|lắng nghe tích cực|quản lý thời gian|tư duy phản biện|viết|đọc hiểu,"[0.32, 0.301, 0.423, 0.411, 0.381, 0.801]",Nghệ thuật/Thiết kế|giao tiếp|giao tiếp nói|giám sát|khả năng thích ứng|làm việc nhóm|lắng nghe tích cực|quản lý thời gian|tư duy phản biện|viết|đọc hiểu
27-3099.00,"Media and Communication Workers, Khác",Thực hiện các nhiệm vụ đa dạng không được bao gồm trong các danh mục nghề nghiệp cụ thể khác trong lĩnh vực này.,Khác|Tổng quát|giao tiếp|khác|khả năng thích ứng|làm việc nhóm|quản lý thời gian|tư duy phản biện|tổng quát|đa dạng,"[0.498, 0.351, 0.723, 0.399, 0.529, 0.528]",Khác|Tổng quát|giao tiếp|khác|khả năng thích ứng|làm việc nhóm|quản lý thời gian|tư duy phản biện|tổng quát|đa dạng
27-4011.00,Các kỹ sư âm thanh và video,"Thiết lập, bảo trì và tháo dỡ thiết bị âm thanh và video, chẳng hạn như micrô, loa âm thanh, dây kết nối và cáp, bảng kết nối âm thanh hoặc hỗn hợp, máy ảnh video, màn hình video và máy chủ, và thiết bị điện tử liên quan cho các sự kiện trực tiếp hoặc ghi âm, như các buổi hòa nhạc, họp, hội nghị, thuyết trình, podcast, hội thảo báo chí và sự kiện thể thao.",Nghệ thuật/Thiết kế|giao tiếp|giao tiếp nói|giám sát|giám sát vận hành|giải quyết vấn đề phức tạp|học chủ động|khả năng thích ứng|làm việc nhóm|lắng nghe tích cực|phối hợp|quản lý thời gian|tư duy phản biện|viết|định hướng dịch vụ|đọc hiểu,"[0.739, 0.393, 0.464, 0.283, 0.269, 0.654]",Nghệ thuật/Thiết kế|giao tiếp|giao tiếp nói|giám sát|giám sát vận hành|giải quyết vấn đề phức tạp|học chủ động|khả năng thích ứng|làm việc nhóm|lắng nghe tích cực|phối hợp|quản lý thời gian|tư duy phản biện|viết|định hướng dịch vụ|đọc hiểu
27-4012.00,Các kỹ thuật viên truyền hình,"Thiết lập, vận hành và duy trì các thiết bị điện tử được sử dụng để mua, chỉnh sửa và truyền tải âm thanh và video cho chương trình radio hoặc truyền hình. Kiểm soát và điều chỉnh tín hiệu phát sóng đến và ra để điều chỉnh âm thanh, cường độ tín hiệu và độ rõ ràng của tín hiệu. Sử dụng vệ tinh, lò vi sóng hoặc thiết bị phát khác để phát sóng chương trình radio hoặc truyền hình.",Nghệ thuật/Thiết kế|bảo trì thiết bị|chú ý đến chi tiết|giao tiếp|giao tiếp nói|giám sát|giám sát vận hành|giải quyết vấn đề kỹ thuật|giải quyết vấn đề phức tạp|học chủ động|khả năng thích ứng|kỹ năng máy tính|làm việc nhóm|lắng nghe tích cực|phân tích dữ liệu|phân tích kiểm soát chất lượng|quản lý thời gian|tư duy logic|tư duy phản biện|viết|đọc hiểu,"[0.706, 0.443, 0.399, 0.306, 0.349, 0.711]",Nghệ thuật/Thiết kế|bảo trì thiết bị|chú ý đến chi tiết|giao tiếp|giao tiếp nói|giám sát|giám sát vận hành|giải quyết vấn đề kỹ thuật|giải quyết vấn đề phức tạp|học chủ động|khả năng thích ứng|kỹ năng máy tính|làm việc nhóm|lắng nghe tích cực|phân tích dữ liệu|phân tích kiểm soát chất lượng|quản lý thời gian|tư duy logic|tư duy phản biện|viết|đọc hiểu
27-4014.00,Kỹ thuật âm thanh,"Thiết lập và vận hành thiết bị để ghi lại, đồng bộ hóa, pha trộn, chỉnh sửa hoặc tái tạo âm thanh, bao gồm âm nhạc, giọng nói hoặc hiệu ứng âm thanh cho sân khấu, video, phim ảnh, truyền hình, podcast, sự kiện thể thao và các sản phẩm khác.",Nghệ thuật/Thiết kế|bị khởi động và điều khiển|chú ý đến chi tiết|giao tiếp|giao tiếp nói|giám sát|giám sát vận hành|giải quyết vấn đề kỹ thuật|giải quyết vấn đề phức tạp|học chủ động|khả năng thích ứng|kỹ năng máy tính|làm việc nhóm|lắng nghe tích cực|phán đoán & ra quyết định|phân tích dữ liệu|phối hợp|quản lý thời gian|tư duy logic|tư duy phản biện|viết|đọc hiểu,"[0.72, 0.371, 0.634, 0.256, 0.274, 0.609]",Nghệ thuật/Thiết kế|bị khởi động và điều khiển|chú ý đến chi tiết|giao tiếp|giao tiếp nói|giám sát|giám sát vận hành|giải quyết vấn đề kỹ thuật|giải quyết vấn đề phức tạp|học chủ động|khả năng thích ứng|kỹ năng máy tính|làm việc nhóm|lắng nghe tích cực|phán đoán & ra quyết định|phân tích dữ liệu|phối hợp|quản lý thời gian|tư duy logic|tư duy phản biện|viết|đọc hiểu
27-4015.00,Kỹ thuật chiếu sáng,"Thiết lập, bảo trì và tháo dỡ các thiết bị chiếu sáng, thiết bị điều khiển chiếu sáng và thiết bị điện và trang trí chiếu sáng liên quan được sử dụng cho nhiếp ảnh, truyền hình, phim, video và sản xuất trực tiếp. Có thể tập trung hoặc vận hành đèn chiếu sáng, hoặc gắn bộ lọc màu hoặc phụ kiện chiếu sáng khác.",chú ý đến chi tiết|giao tiếp|giải quyết vấn đề kỹ thuật|khả năng thích ứng|kỹ năng máy tính|làm việc nhóm|phân tích dữ liệu|quản lý thời gian|tư duy logic|tư duy phản biện,"[0.999, 0.289, 0.341, 0.169, 0.273, 0.581]",chú ý đến chi tiết|giao tiếp|giải quyết vấn đề kỹ thuật|khả năng thích ứng|kỹ năng máy tính|làm việc nhóm|phân tích dữ liệu|quản lý thời gian|tư duy logic|tư duy phản biện
27-4021.00,Các nhiếp ảnh gia,"Chụp người, cảnh quan, hàng hóa hoặc các chủ đề khác. Có thể sử dụng thiết bị chiếu sáng để nâng cao ngoại hình của đối tượng. Có thể sử dụng phần mềm chỉnh sửa để tạo ra hình ảnh và bản in hoàn chỉnh. Bao gồm các nhiếp ảnh gia thương mại và công nghiệp, nhiếp phim khoa học, và các phóng viên ảnh.",Nghệ thuật/Thiết kế|giao tiếp|giao tiếp nói|giám sát|giải quyết vấn đề phức tạp|học chủ động|khả năng thích ứng|làm việc nhóm|lắng nghe tích cực|nhạy bén xã hội|phán đoán & ra quyết định|phối hợp|quản lý thời gian|tư duy phản biện|định hướng dịch vụ|đọc hiểu,"[0.784, 0.327, 0.74, 0.264, 0.329, 0.49]",Nghệ thuật/Thiết kế|giao tiếp|giao tiếp nói|giám sát|giải quyết vấn đề phức tạp|học chủ động|khả năng thích ứng|làm việc nhóm|lắng nghe tích cực|nhạy bén xã hội|phán đoán & ra quyết định|phối hợp|quản lý thời gian|tư duy phản biện|định hướng dịch vụ|đọc hiểu
27-4031.00,"Các nhà điều hành máy ảnh, truyền hình, video và phim","Sử dụng tivi, video hoặc máy ảnh phim để ghi lại hình ảnh hoặc cảnh cho các sản phẩm truyền hình, video, hoặc phim.",Nghệ thuật/Thiết kế|giao tiếp|giao tiếp nói|giám sát|giải quyết vấn đề phức tạp|học chủ động|khả năng thích ứng|làm việc nhóm|lắng nghe tích cực|nhạy bén xã hội|phán đoán & ra quyết định|phối hợp|quản lý thời gian|tư duy phản biện|đọc hiểu,"[0.681, 0.281, 0.75, 0.263, 0.334, 0.5]",Nghệ thuật/Thiết kế|giao tiếp|giao tiếp nói|giám sát|giải quyết vấn đề phức tạp|học chủ động|khả năng thích ứng|làm việc nhóm|lắng nghe tích cực|nhạy bén xã hội|phán đoán & ra quyết định|phối hợp|quản lý thời gian|tư duy phản biện|đọc hiểu
27-4032.00,Các biên tập phim và video,"Chỉnh sửa hình ảnh chuyển động trên phim, video hoặc phương tiện truyền thông khác. Có thể làm việc với một nhà sản xuất hoặc đạo diễn để tổ chức hình ảnh cho sản xuất cuối cùng. có thể chỉnh sửa hoặc đồng bộ âm nhạc với hình ảnh.",Nghệ thuật/Thiết kế|giao tiếp|giao tiếp nói|giám sát|giải quyết vấn đề phức tạp|học chủ động|khả năng thích ứng|làm việc nhóm|lắng nghe tích cực|phán đoán & ra quyết định|phối hợp|quản lý thời gian|tư duy phản biện|viết|đọc hiểu,"[0.467, 0.281, 0.779, 0.267, 0.426, 0.57]",Nghệ thuật/Thiết kế|giao tiếp|giao tiếp nói|giám sát|giải quyết vấn đề phức tạp|học chủ động|khả năng thích ứng|làm việc nhóm|lắng nghe tích cực|phán đoán & ra quyết định|phối hợp|quản lý thời gian|tư duy phản biện|viết|đọc hiểu
27-4099.00,"Media and Communication Equipment Workers, Khác",Thực hiện các nhiệm vụ đa dạng không được bao gồm trong các danh mục nghề nghiệp cụ thể khác trong lĩnh vực này.,Khác|Tổng quát|giao tiếp|khác|khả năng thích ứng|làm việc nhóm|quản lý thời gian|tư duy phản biện|tổng quát|đa dạng,"[0.47, 0.348, 0.768, 0.385, 0.509, 0.49]",Khác|Tổng quát|giao tiếp|khác|khả năng thích ứng|làm việc nhóm|quản lý thời gian|tư duy phản biện|tổng quát|đa dạng
29-1011.00,Các bác sĩ phẫu thuật,"Đánh giá, điều trị và chăm sóc bệnh nhân bằng cách thao túng cột sống và hệ thống cơ bắp xương.",Y tế|chú ý đến chi tiết|chăm sóc bệnh nhân|giao tiếp|giao tiếp nói|giao tiếp với bệnh nhân|giải quyết vấn đề phức tạp|học chủ động|khoa học|khả năng thích ứng|làm việc dưới áp lực|làm việc nhóm|lắng nghe tích cực|nhạy bén xã hội|phán đoán & ra quyết định|quản lý thời gian|tư duy phản biện|viết|định hướng dịch vụ|đọc hiểu|đồng cảm,"[0.741, 0.723, 0.193, 0.819, 0.319, 0.504]",Y tế|chú ý đến chi tiết|chăm sóc bệnh nhân|giao tiếp|giao tiếp nói|giao tiếp với bệnh nhân|giải quyết vấn đề phức tạp|học chủ động|khoa học|khả năng thích ứng|làm việc dưới áp lực|làm việc nhóm|lắng nghe tích cực|nhạy bén xã hội|phán đoán & ra quyết định|quản lý thời gian|tư duy phản biện|viết|định hướng dịch vụ|đọc hiểu|đồng cảm
29-1021.00,"Bác sĩ nha khoa, Tướng","Kiểm tra, chẩn đoán và điều trị bệnh tật, chấn thương và biến dạng răng và nướu răng. Có thể điều trị các bệnh thần kinh, bột và các mô răng khác ảnh hưởng đến vệ sinh miệng và giữ răng. Có thể trang bị thiết bị nha khoa hoặc cung cấp dịch vụ phòng ngừa.",Y tế|chú ý đến chi tiết|chăm sóc bệnh nhân|giao tiếp|giao tiếp nói|giao tiếp với bệnh nhân|giám sát|giải quyết vấn đề phức tạp|học chủ động|khả năng thích ứng|làm việc dưới áp lực|làm việc nhóm|lắng nghe tích cực|nhạy bén xã hội|phán đoán & ra quyết định|phối hợp|quản lý thời gian|tư duy phản biện|viết|đọc hiểu|đồng cảm,"[0.759, 0.771, 0.164, 0.61, 0.279, 0.55]",Y tế|chú ý đến chi tiết|chăm sóc bệnh nhân|giao tiếp|giao tiếp nói|giao tiếp với bệnh nhân|giám sát|giải quyết vấn đề phức tạp|học chủ động|khả năng thích ứng|làm việc dưới áp lực|làm việc nhóm|lắng nghe tích cực|nhạy bén xã hội|phán đoán & ra quyết định|phối hợp|quản lý thời gian|tư duy phản biện|viết|đọc hiểu|đồng cảm
29-1022.00,Các bác sĩ phẫu thuật miệng và mặt cao,"Thực hiện phẫu thuật và các thủ tục liên quan trên các mô cứng và mềm của vùng miệng và hàm mặt để điều trị bệnh tật, chấn thương hoặc khuyết tật. Có thể chẩn đoán các vấn đề của vùng miệng và mặt cao. Có thể phẫu thuật để cải thiện chức năng hoặc ngoại hình.",Y tế|chú ý đến chi tiết|chăm sóc bệnh nhân|giao tiếp|giao tiếp nói|giao tiếp với bệnh nhân|giám sát|giải quyết vấn đề phức tạp|học chủ động|khoa học|khả năng thích ứng|làm việc dưới áp lực|làm việc nhóm|lắng nghe tích cực|nhạy bén xã hội|phán đoán & ra quyết định|quản lý thời gian|tư duy phản biện|viết|định hướng dịch vụ|đọc hiểu|đồng cảm,"[0.8, 0.844, 0.174, 0.639, 0.314, 0.519]",Y tế|chú ý đến chi tiết|chăm sóc bệnh nhân|giao tiếp|giao tiếp nói|giao tiếp với bệnh nhân|giám sát|giải quyết vấn đề phức tạp|học chủ động|khoa học|khả năng thích ứng|làm việc dưới áp lực|làm việc nhóm|lắng nghe tích cực|nhạy bén xã hội|phán đoán & ra quyết định|quản lý thời gian|tư duy phản biện|viết|định hướng dịch vụ|đọc hiểu|đồng cảm
29-1023.00,Các chuyên gia nha khoa,"Kiểm tra, chẩn đoán và điều trị các vết bẩn răng miệng và bất thường lỗ miệng. Thiết kế và chế tạo các thiết bị để sắp xếp lại răng và hàm để tạo ra và duy trì chức năng bình thường và cải thiện ngoại hình.",Y tế|giao tiếp|giao tiếp nói|giám sát|giải quyết vấn đề phức tạp|học chủ động|khả năng thích ứng|làm việc nhóm|lắng nghe tích cực|nhạy bén xã hội|phán đoán & ra quyết định|phối hợp|quản lý thời gian|tư duy phản biện|viết|đọc hiểu,"[0.829, 0.834, 0.239, 0.563, 0.183, 0.679]",Y tế|giao tiếp|giao tiếp nói|giám sát|giải quyết vấn đề phức tạp|học chủ động|khả năng thích ứng|làm việc nhóm|lắng nghe tích cực|nhạy bén xã hội|phán đoán & ra quyết định|phối hợp|quản lý thời gian|tư duy phản biện|viết|đọc hiểu
29-1024.00,Các bác sĩ răng giả,"Chẩn đoán, điều trị, phục hồi, thiết kế và phù hợp với mổ răng để duy trì chức năng răng miệng, sức khỏe và ngoại hình cho bệnh nhân có các tình trạng lâm sàng liên quan đến răng, mô miệng và hàm mặt hoặc hàm.",Y tế|chú ý đến chi tiết|chăm sóc bệnh nhân|giao tiếp|giao tiếp nói|giao tiếp với bệnh nhân|giám sát|giải quyết vấn đề phức tạp|học chủ động|khả năng thích ứng|làm việc dưới áp lực|làm việc nhóm|lắng nghe tích cực|nhạy bén xã hội|phán đoán & ra quyết định|quản lý thời gian|tư duy phản biện|viết|định hướng dịch vụ|đọc hiểu|đồng cảm,"[0.88, 0.804, 0.24, 0.636, 0.223, 0.487]",Y tế|chú ý đến chi tiết|chăm sóc bệnh nhân|giao tiếp|giao tiếp nói|giao tiếp với bệnh nhân|giám sát|giải quyết vấn đề phức tạp|học chủ động|khả năng thích ứng|làm việc dưới áp lực|làm việc nhóm|lắng nghe tích cực|nhạy bén xã hội|phán đoán & ra quyết định|quản lý thời gian|tư duy phản biện|viết|định hướng dịch vụ|đọc hiểu|đồng cảm
29-1031.00,Các chuyên gia chế độ ăn uống và chuyên gia dinh dưỡng,"Lập kế hoạch và tiến hành các chương trình dịch vụ thực phẩm hoặc dinh dưỡng để hỗ trợ thúc đẩy sức khỏe và kiểm soát bệnh tật. Có thể giám sát các hoạt động của một bộ phận cung cấp dịch vụ thực phẩm lượng, tư vấn cho cá nhân hoặc tiến hành nghiên cứu dinh dưỡng.",Y tế|chiến lược học tập|giao tiếp|giao tiếp nói|giám sát|giải quyết vấn đề phức tạp|học chủ động|khả năng thích ứng|làm việc nhóm|lắng nghe tích cực|nhạy bén xã hội|phán đoán & ra quyết định|quản lý thời gian|thuyết phục|tư duy phản biện|viết|định hướng dịch vụ|đọc hiểu,"[0.433, 0.686, 0.343, 0.786, 0.489, 0.48]",Y tế|chiến lược học tập|giao tiếp|giao tiếp nói|giám sát|giải quyết vấn đề phức tạp|học chủ động|khả năng thích ứng|làm việc nhóm|lắng nghe tích cực|nhạy bén xã hội|phán đoán & ra quyết định|quản lý thời gian|thuyết phục|tư duy phản biện|viết|định hướng dịch vụ|đọc hiểu
29-1041.00,Các bác sĩ nhãn khoa,"Chẩn đoán, quản lý và điều trị các tình trạng và bệnh của mắt và hệ thống thị giác của con người. Kiểm tra mắt và hệ thống thị giác, chẩn đoán các vấn đề hoặc suy giảm, kê đơn ống kính điều chỉnh và điều trị. Có thể kê toa thuốc trị liệu để điều trị các bệnh mắt cụ thể.",Y tế|chú ý đến chi tiết|chăm sóc bệnh nhân|giao tiếp|giao tiếp nói|giao tiếp với bệnh nhân|giám sát|giải quyết vấn đề phức tạp|học chủ động|khoa học|khả năng thích ứng|làm việc dưới áp lực|làm việc nhóm|lắng nghe tích cực|nhạy bén xã hội|phán đoán & ra quyết định|phối hợp|quản lý thời gian|tư duy phản biện|viết|định hướng dịch vụ|đọc hiểu|đồng cảm,"[0.686, 0.826, 0.229, 0.717, 0.324, 0.56]",Y tế|chú ý đến chi tiết|chăm sóc bệnh nhân|giao tiếp|giao tiếp nói|giao tiếp với bệnh nhân|giám sát|giải quyết vấn đề phức tạp|học chủ động|khoa học|khả năng thích ứng|làm việc dưới áp lực|làm việc nhóm|lắng nghe tích cực|nhạy bén xã hội|phán đoán & ra quyết định|phối hợp|quản lý thời gian|tư duy phản biện|viết|định hướng dịch vụ|đọc hiểu|đồng cảm
29-1051.00,Các dược sĩ,"Giữ thuốc được kê toa bởi các bác sĩ và các chuyên gia y tế khác và cung cấp thông tin cho bệnh nhân về thuốc và cách sử dụng chúng. Có thể tư vấn cho các bác sĩ và các chuyên gia y tế khác về sự lựa chọn, liều lượng, tương tác và tác dụng phụ của thuốc.",Y tế|giao tiếp|giao tiếp nói|giám sát|hướng dẫn|học chủ động|khoa học|khả năng thích ứng|làm việc nhóm|lắng nghe tích cực|nhạy bén xã hội|phán đoán & ra quyết định|phối hợp|quản lý thời gian|tư duy phản biện|viết|định hướng dịch vụ|đọc hiểu,"[0.411, 0.807, 0.211, 0.687, 0.361, 0.669]",Y tế|giao tiếp|giao tiếp nói|giám sát|hướng dẫn|học chủ động|khoa học|khả năng thích ứng|làm việc nhóm|lắng nghe tích cực|nhạy bén xã hội|phán đoán & ra quyết định|phối hợp|quản lý thời gian|tư duy phản biện|viết|định hướng dịch vụ|đọc hiểu
29-1071.00,Các trợ lý y tế,"Cung cấp dịch vụ chăm sóc sức khỏe thường được thực hiện bởi bác sĩ, dưới sự giám sát của bác sĩ. Thực hiện các hoạt động thể chất đầy đủ, cung cấp điều trị, và tư vấn cho bệnh nhân. Có thể, trong một số trường hợp, kê toa thuốc. Phải tốt nghiệp một chương trình giáo dục được công nhận cho trợ lý bác sĩ.",Y tế|chú ý đến chi tiết|chăm sóc bệnh nhân|giao tiếp|giao tiếp nói|giao tiếp với bệnh nhân|giám sát|giải quyết vấn đề phức tạp|hướng dẫn|học chủ động|khả năng thích ứng|làm việc dưới áp lực|làm việc nhóm|lắng nghe tích cực|nhạy bén xã hội|phán đoán & ra quyết định|phối hợp|quản lý thời gian|tư duy phản biện|viết|định hướng dịch vụ|đọc hiểu|đồng cảm,"[0.541, 0.711, 0.176, 0.83, 0.296, 0.651]",Y tế|chú ý đến chi tiết|chăm sóc bệnh nhân|giao tiếp|giao tiếp nói|giao tiếp với bệnh nhân|giám sát|giải quyết vấn đề phức tạp|hướng dẫn|học chủ động|khả năng thích ứng|làm việc dưới áp lực|làm việc nhóm|lắng nghe tích cực|nhạy bén xã hội|phán đoán & ra quyết định|phối hợp|quản lý thời gian|tư duy phản biện|viết|định hướng dịch vụ|đọc hiểu|đồng cảm
29-1071.01,Các trợ lý chuyên gia gây tê,Giúp các chuyên gia gây mê trong việc điều trị gây mê cho các thủ tục phẫu thuật và không phẫu thuật.,Y tế|giao tiếp|giao tiếp nói|giám sát|giám sát vận hành|giải quyết vấn đề phức tạp|học chủ động|khả năng thích ứng|làm việc nhóm|lắng nghe tích cực|nhạy bén xã hội|phán đoán & ra quyết định|phối hợp|quản lý thời gian|tư duy phản biện|viết|định hướng dịch vụ|đọc hiểu,"[0.65, 0.673, 0.143, 0.714, 0.267, 0.68]",Y tế|giao tiếp|giao tiếp nói|giám sát|giám sát vận hành|giải quyết vấn đề phức tạp|học chủ động|khả năng thích ứng|làm việc nhóm|lắng nghe tích cực|nhạy bén xã hội|phán đoán & ra quyết định|phối hợp|quản lý thời gian|tư duy phản biện|viết|định hướng dịch vụ|đọc hiểu
29-1081.00,Các bác sĩ chân,Chẩn đoán và điều trị các bệnh và biến dạng của chân con người.,Y tế|chú ý đến chi tiết|chăm sóc bệnh nhân|giao tiếp|giao tiếp nói|giao tiếp với bệnh nhân|giám sát|giải quyết vấn đề phức tạp|học chủ động|khoa học|khả năng thích ứng|làm việc dưới áp lực|làm việc nhóm|lắng nghe tích cực|nhạy bén xã hội|phán đoán & ra quyết định|quản lý thời gian|tư duy phản biện|viết|đọc hiểu|đồng cảm,"[0.746, 0.813, 0.253, 0.723, 0.31, 0.453]",Y tế|chú ý đến chi tiết|chăm sóc bệnh nhân|giao tiếp|giao tiếp nói|giao tiếp với bệnh nhân|giám sát|giải quyết vấn đề phức tạp|học chủ động|khoa học|khả năng thích ứng|làm việc dưới áp lực|làm việc nhóm|lắng nghe tích cực|nhạy bén xã hội|phán đoán & ra quyết định|quản lý thời gian|tư duy phản biện|viết|đọc hiểu|đồng cảm
29-1122.00,Các nhà trị liệu nghề nghiệp,"Đánh giá, lập kế hoạch và tổ chức các chương trình phục hồi chức năng giúp xây dựng hoặc khôi phục các kỹ năng nghề nghiệp, làm việc gia đình và cuộc sống hàng ngày, cũng như sự độc lập chung, cho những người khuyết tật hoặc chậm phát triển. Sử dụng các kỹ thuật điều trị, thích nghi với môi trường của cá nhân, dạy kỹ năng, và sửa đổi các nhiệm vụ cụ thể gây trở ngại cho cá nhân.",Y tế|giao tiếp|giao tiếp nói|giám sát|hướng dẫn|học chủ động|khả năng thích ứng|làm việc nhóm|lắng nghe tích cực|nhạy bén xã hội|phán đoán & ra quyết định|quản lý thời gian|tư duy phản biện|viết|định hướng dịch vụ|đọc hiểu,"[0.497, 0.62, 0.436, 0.876, 0.259, 0.437]",Y tế|giao tiếp|giao tiếp nói|giám sát|hướng dẫn|học chủ động|khả năng thích ứng|làm việc nhóm|lắng nghe tích cực|nhạy bén xã hội|phán đoán & ra quyết định|quản lý thời gian|tư duy phản biện|viết|định hướng dịch vụ|đọc hiểu
29-1122.01,"Nhà trị liệu thị lực thấp, chuyên gia định hướng và di chuyển, và nhà trị liệu phục hồi thị lực","Cung cấp liệu pháp cho bệnh nhân bị suy giảm thị lực để cải thiện chức năng của họ trong các hoạt động cuộc sống hàng ngày. Có thể đào tạo bệnh nhân trong những hoạt động như sử dụng máy tính, kỹ năng giao tiếp hoặc kỹ năng quản lý nhà.",Y tế|chiến lược học tập|giao tiếp|giao tiếp nói|giám sát|hướng dẫn|học chủ động|khả năng thích ứng|làm việc nhóm|lắng nghe tích cực|nhạy bén xã hội|quản lý thời gian|tư duy phản biện|viết|định hướng dịch vụ|đọc hiểu,"[0.561, 0.556, 0.457, 0.931, 0.303, 0.404]",Y tế|chiến lược học tập|giao tiếp|giao tiếp nói|giám sát|hướng dẫn|học chủ động|khả năng thích ứng|làm việc nhóm|lắng nghe tích cực|nhạy bén xã hội|quản lý thời gian|tư duy phản biện|viết|định hướng dịch vụ|đọc hiểu
29-1123.00,Các nhà trị liệu thể chất,"Đánh giá, lập kế hoạch, tổ chức và tham gia vào các chương trình phục hồi chức năng cải thiện di chuyển, giảm đau, tăng sức mạnh, và cải thiện hoặc sửa chữa các điều kiện khuyết tật do bệnh tật hoặc chấn thương.",Y tế|giao tiếp|giao tiếp nói|giám sát|khả năng thích ứng|làm việc nhóm|lắng nghe tích cực|nhạy bén xã hội|phán đoán & ra quyết định|phối hợp|quản lý thời gian|tư duy phản biện|viết|định hướng dịch vụ|đọc hiểu,"[0.62, 0.696, 0.31, 0.844, 0.356, 0.44]",Y tế|giao tiếp|giao tiếp nói|giám sát|khả năng thích ứng|làm việc nhóm|lắng nghe tích cực|nhạy bén xã hội|phán đoán & ra quyết định|phối hợp|quản lý thời gian|tư duy phản biện|viết|định hướng dịch vụ|đọc hiểu
29-1124.00,Các nhà trị liệu phóng xạ,"Cung cấp liệu pháp phóng xạ cho bệnh nhân theo quy định của một bác sĩ ung thư phóng xạ theo các thực tiễn và tiêu chuẩn đã được thiết lập. Các nhiệm vụ có thể bao gồm xem xét đơn thuốc và chẩn đoán; làm việc liên lạc với bác sĩ và nhân viên chăm sóc hỗ trợ; chuẩn bị thiết bị, chẳng hạn như thiết bị không di chuyển, điều trị và bảo vệ; và giữ hồ sơ, báo cáo và hồ sơ. Có thể hỗ trợ trong các thủ tục đo liều và vị trí khối u.",Y tế|bị khởi động và điều khiển|giao tiếp|giao tiếp nói|giám sát|giám sát vận hành|hướng dẫn|khả năng thích ứng|làm việc nhóm|lắng nghe tích cực|nhạy bén xã hội|phân tích kiểm soát chất lượng|phối hợp|quản lý thời gian|tư duy phản biện|viết|định hướng dịch vụ|đọc hiểu,"[0.697, 0.663, 0.176, 0.679, 0.247, 0.646]",Y tế|bị khởi động và điều khiển|giao tiếp|giao tiếp nói|giám sát|giám sát vận hành|hướng dẫn|khả năng thích ứng|làm việc nhóm|lắng nghe tích cực|nhạy bén xã hội|phân tích kiểm soát chất lượng|phối hợp|quản lý thời gian|tư duy phản biện|viết|định hướng dịch vụ|đọc hiểu
29-1125.00,Các nhà trị liệu giải trí,"Lập kế hoạch, chỉ đạo hoặc phối hợp các chương trình giải trí được bác sĩ phê duyệt cho bệnh nhân ở bệnh viện, nhà dưỡng lão hoặc các tổ chức khác. Các hoạt động bao gồm thể thao, du lịch, kịch, hoạt động xã hội và thủ công. Có thể đánh giá tình trạng của bệnh nhân và đề nghị hoạt động giải trí thích hợp.",Y tế|giao tiếp|giao tiếp nói|giám sát|hướng dẫn|khả năng thích ứng|làm việc nhóm|lắng nghe tích cực|nhạy bén xã hội|phối hợp|quản lý thời gian|thuyết phục|tư duy phản biện|viết|định hướng dịch vụ|đọc hiểu,"[0.546, 0.596, 0.433, 0.98, 0.36, 0.357]",Y tế|giao tiếp|giao tiếp nói|giám sát|hướng dẫn|khả năng thích ứng|làm việc nhóm|lắng nghe tích cực|nhạy bén xã hội|phối hợp|quản lý thời gian|thuyết phục|tư duy phản biện|viết|định hướng dịch vụ|đọc hiểu
29-1126.00,Các nhà trị liệu hô hấp,"Đánh giá, điều trị và chăm sóc bệnh nhân bị rối loạn hô hấp. Hãy chịu trách nhiệm chính đối với tất cả các phương pháp chăm sóc hô hấp, bao gồm cả giám sát các kỹ thuật viên điều trị hô hấp. Bắt đầu và tiến hành các thủ tục điều trị; duy trì hồ sơ bệnh nhân; và chọn, lắp ráp, kiểm tra và vận hành thiết bị.",Y tế|giao tiếp|giao tiếp nói|giám sát|học chủ động|khoa học|khả năng thích ứng|làm việc nhóm|lắng nghe tích cực|nhạy bén xã hội|phán đoán & ra quyết định|phối hợp|quản lý thời gian|tư duy phản biện|viết|định hướng dịch vụ|đọc hiểu,"[0.703, 0.687, 0.143, 0.721, 0.246, 0.549]",Y tế|giao tiếp|giao tiếp nói|giám sát|học chủ động|khoa học|khả năng thích ứng|làm việc nhóm|lắng nghe tích cực|nhạy bén xã hội|phán đoán & ra quyết định|phối hợp|quản lý thời gian|tư duy phản biện|viết|định hướng dịch vụ|đọc hiểu
29-1127.00,Các chuyên gia về ngôn ngữ nói,"Đánh giá và điều trị những người bị rối loạn nói, ngôn ngữ, giọng nói và thông thạo. Có thể lựa chọn các hệ thống giao tiếp thay thế và dạy sử dụng chúng. có thể thực hiện nghiên cứu liên quan đến vấn đề nói và ngôn ngữ.",Y tế|chiến lược học tập|giao tiếp|giao tiếp nói|giám sát|hướng dẫn|học chủ động|khả năng thích ứng|làm việc nhóm|lắng nghe tích cực|nhạy bén xã hội|quản lý thời gian|tư duy phản biện|viết|đọc hiểu,"[0.384, 0.804, 0.424, 0.844, 0.204, 0.576]",Y tế|chiến lược học tập|giao tiếp|giao tiếp nói|giám sát|hướng dẫn|học chủ động|khả năng thích ứng|làm việc nhóm|lắng nghe tích cực|nhạy bén xã hội|quản lý thời gian|tư duy phản biện|viết|đọc hiểu
29-1128.00,Các nhà vật lý học tập,"Đánh giá, lập kế hoạch hoặc thực hiện các chương trình thể dục bao gồm tập thể dục hoặc các hoạt động thể chất như những hoạt động được thiết kế để cải thiện chức năng tim hô hấp, thành phần cơ thể, sức mạnh cơ bắp, sức chịu đựng cơ hoặc linh hoạt.",Y tế|chiến lược học tập|giao tiếp|giao tiếp nói|giám sát|hướng dẫn|học chủ động|khả năng thích ứng|làm việc nhóm|lắng nghe tích cực|nhạy bén xã hội|phán đoán & ra quyết định|quản lý thời gian|tư duy phản biện|viết|định hướng dịch vụ|đọc hiểu,"[0.723, 0.696, 0.24, 0.689, 0.439, 0.503]",Y tế|chiến lược học tập|giao tiếp|giao tiếp nói|giám sát|hướng dẫn|học chủ động|khả năng thích ứng|làm việc nhóm|lắng nghe tích cực|nhạy bén xã hội|phán đoán & ra quyết định|quản lý thời gian|tư duy phản biện|viết|định hướng dịch vụ|đọc hiểu
29-1129.00,"Therapists, Khác",Thực hiện các nhiệm vụ đa dạng không được bao gồm trong các danh mục nghề nghiệp cụ thể khác trong lĩnh vực này.,Khác|Tổng quát|giao tiếp|khác|khả năng thích ứng|làm việc nhóm|quản lý thời gian|tư duy phản biện|tổng quát|đa dạng,"[0.669, 0.78, 0.237, 0.717, 0.306, 0.605]",Khác|Tổng quát|giao tiếp|khác|khả năng thích ứng|làm việc nhóm|quản lý thời gian|tư duy phản biện|tổng quát|đa dạng
29-1129.01,Các nhà trị liệu nghệ thuật,"Lập kế hoạch hoặc tiến hành các buổi trị liệu nghệ thuật hoặc các chương trình để cải thiện sức khỏe thể chất, nhận thức hoặc cảm xúc của khách hàng.",Y tế|chiến lược học tập|giao tiếp|giao tiếp nói|giám sát|học chủ động|khả năng thích ứng|làm việc nhóm|lắng nghe tích cực|nhạy bén xã hội|phán đoán & ra quyết định|quản lý thời gian|tư duy phản biện|viết|định hướng dịch vụ|đọc hiểu,"[0.426, 0.481, 0.83, 0.837, 0.333, 0.356]",Y tế|chiến lược học tập|giao tiếp|giao tiếp nói|giám sát|học chủ động|khả năng thích ứng|làm việc nhóm|lắng nghe tích cực|nhạy bén xã hội|phán đoán & ra quyết định|quản lý thời gian|tư duy phản biện|viết|định hướng dịch vụ|đọc hiểu
29-1129.02,Các nhà trị liệu âm nhạc,"Kế hoạch, tổ chức, chỉ đạo hoặc đánh giá các can thiệp trị liệu âm nhạc dựa trên bằng chứng và lâm sàng để ảnh hưởng tích cực đến tình trạng thể chất, tâm lý, nhận thức hoặc hành vi của cá nhân.",Y tế|chiến lược học tập|giao tiếp|giao tiếp nói|giám sát|học chủ động|khả năng thích ứng|làm việc nhóm|lắng nghe tích cực|nhạy bén xã hội|phán đoán & ra quyết định|quản lý thời gian|tư duy phản biện|viết|định hướng dịch vụ|đọc hiểu,"[0.309, 0.551, 0.737, 0.789, 0.366, 0.411]",Y tế|chiến lược học tập|giao tiếp|giao tiếp nói|giám sát|học chủ động|khả năng thích ứng|làm việc nhóm|lắng nghe tích cực|nhạy bén xã hội|phán đoán & ra quyết định|quản lý thời gian|tư duy phản biện|viết|định hướng dịch vụ|đọc hiểu
29-1131.00,Bác sĩ thú y,"Chẩn đoán, điều trị hoặc nghiên cứu các bệnh và chấn thương của động vật. Bao gồm các bác sĩ thú y tiến hành nghiên cứu và phát triển, kiểm tra gia súc, hoặc chăm sóc vật nuôi và động vật đồng hành.",Y tế|chú ý đến chi tiết|chăm sóc bệnh nhân|giao tiếp|giao tiếp nói|giao tiếp với bệnh nhân|giám sát|giải quyết vấn đề phức tạp|hướng dẫn|học chủ động|khoa học|khả năng thích ứng|làm việc dưới áp lực|làm việc nhóm|lắng nghe tích cực|nhạy bén xã hội|phán đoán & ra quyết định|quản lý thời gian|tư duy phản biện|viết|đọc hiểu|đồng cảm,"[0.853, 0.849, 0.143, 0.49, 0.244, 0.503]",Y tế|chú ý đến chi tiết|chăm sóc bệnh nhân|giao tiếp|giao tiếp nói|giao tiếp với bệnh nhân|giám sát|giải quyết vấn đề phức tạp|hướng dẫn|học chủ động|khoa học|khả năng thích ứng|làm việc dưới áp lực|làm việc nhóm|lắng nghe tích cực|nhạy bén xã hội|phán đoán & ra quyết định|quản lý thời gian|tư duy phản biện|viết|đọc hiểu|đồng cảm
29-1141.00,Các y tá đăng ký,"Đánh giá các vấn đề sức khỏe và nhu cầu của bệnh nhân, phát triển và thực hiện các kế hoạch chăm sóc y tá, và duy trì hồ sơ y tế. Chăm sóc y tá cho bệnh nhân bị bệnh, bị thương, hồi phục hoặc khuyết tật. Có thể tư vấn cho bệnh nhân về việc duy trì sức khỏe và phòng ngừa bệnh hoặc cung cấp quản lý trường hợp. Giấy phép hoặc đăng ký cần thiết.",Y tế|giao tiếp|giao tiếp nói|giám sát|học chủ động|khả năng thích ứng|làm việc nhóm|lắng nghe tích cực|nhạy bén xã hội|phán đoán & ra quyết định|phối hợp|quản lý thời gian|tư duy phản biện|viết|định hướng dịch vụ|đọc hiểu,"[0.523, 0.689, 0.187, 0.803, 0.326, 0.654]",Y tế|giao tiếp|giao tiếp nói|giám sát|học chủ động|khả năng thích ứng|làm việc nhóm|lắng nghe tích cực|nhạy bén xã hội|phán đoán & ra quyết định|phối hợp|quản lý thời gian|tư duy phản biện|viết|định hướng dịch vụ|đọc hiểu
29-1141.01,Các y tá chăm sóc cấp tính,"Cung cấp chăm sóc y tá tiên tiến cho bệnh nhân mắc bệnh cấp tính như đau tim, hội chứng khó thở hoặc sốc. Có thể chăm sóc cho bệnh nhân trước và sau phẫu thuật hoặc thực hiện các thủ tục chẩn đoán hoặc điều trị tiên tiến, xâm lấn.",Y tế|chú ý đến chi tiết|chăm sóc bệnh nhân|giao tiếp|giao tiếp nói|giao tiếp với bệnh nhân|giám sát|hướng dẫn|học chủ động|khả năng thích ứng|làm việc dưới áp lực|làm việc nhóm|lắng nghe tích cực|nhạy bén xã hội|phối hợp|quản lý thời gian|tư duy phản biện|viết|định hướng dịch vụ|đọc hiểu|đồng cảm,"[0.577, 0.773, 0.211, 0.839, 0.231, 0.499]",Y tế|chú ý đến chi tiết|chăm sóc bệnh nhân|giao tiếp|giao tiếp nói|giao tiếp với bệnh nhân|giám sát|hướng dẫn|học chủ động|khả năng thích ứng|làm việc dưới áp lực|làm việc nhóm|lắng nghe tích cực|nhạy bén xã hội|phối hợp|quản lý thời gian|tư duy phản biện|viết|định hướng dịch vụ|đọc hiểu|đồng cảm
29-1141.02,Các y tá tâm thần tiên tiến,"Đánh giá, chẩn đoán và điều trị các cá nhân và gia đình có rối loạn sức khỏe tâm thần hoặc sử dụng chất hoặc khả năng mắc các rối loạn như vậy. Thực hiện các hoạt động điều trị, bao gồm việc kê toa thuốc, theo quy định của tiểu bang, và quản lý tâm lý trị liệu.",Y tế|giao tiếp|giao tiếp nói|giám sát|học chủ động|khả năng thích ứng|làm việc nhóm|lắng nghe tích cực|nhạy bén xã hội|phán đoán & ra quyết định|phối hợp|quản lý thời gian|tư duy phản biện|viết|đọc hiểu,"[0.391, 0.846, 0.374, 0.841, 0.261, 0.549]",Y tế|giao tiếp|giao tiếp nói|giám sát|học chủ động|khả năng thích ứng|làm việc nhóm|lắng nghe tích cực|nhạy bén xã hội|phán đoán & ra quyết định|phối hợp|quản lý thời gian|tư duy phản biện|viết|đọc hiểu
29-1141.03,Các y tá chăm sóc quan trọng,Cung cấp dịch vụ chăm sóc y tá chuyên dụng cho bệnh nhân ở các đơn vị chăm sóc trọng tâm hoặc mạch vành.,Y tế|chú ý đến chi tiết|chăm sóc bệnh nhân|giao tiếp|giao tiếp nói|giao tiếp với bệnh nhân|giám sát|học chủ động|khả năng thích ứng|làm việc dưới áp lực|làm việc nhóm|lắng nghe tích cực|nhạy bén xã hội|phán đoán & ra quyết định|phối hợp|quản lý thời gian|tư duy phản biện|viết|định hướng dịch vụ|đọc hiểu|đồng cảm,"[0.586, 0.724, 0.226, 0.786, 0.296, 0.56]",Y tế|chú ý đến chi tiết|chăm sóc bệnh nhân|giao tiếp|giao tiếp nói|giao tiếp với bệnh nhân|giám sát|học chủ động|khả năng thích ứng|làm việc dưới áp lực|làm việc nhóm|lắng nghe tích cực|nhạy bén xã hội|phán đoán & ra quyết định|phối hợp|quản lý thời gian|tư duy phản biện|viết|định hướng dịch vụ|đọc hiểu|đồng cảm
29-1141.04,Các chuyên gia y tá lâm sàng,"Nhân viên điều dưỡng trực tiếp trong việc cung cấp dịch vụ chăm sóc bệnh nhân trong một môi trường thực hành lâm sàng, chẳng hạn như bệnh viện, hospice, phòng khám hoặc nhà. Đảm bảo tuân thủ các chính sách lâm sàng, giao thức, quy định và tiêu chuẩn đã được thiết lập.",Y tế|chiến lược học tập|giao tiếp|giao tiếp nói|giám sát|giải quyết vấn đề phức tạp|hướng dẫn|học chủ động|khả năng thích ứng|làm việc nhóm|lắng nghe tích cực|nhạy bén xã hội|phán đoán & ra quyết định|phối hợp|quản lý thời gian|tư duy phản biện|viết|định hướng dịch vụ|đọc hiểu,"[0.346, 0.71, 0.244, 0.87, 0.56, 0.601]",Y tế|chiến lược học tập|giao tiếp|giao tiếp nói|giám sát|giải quyết vấn đề phức tạp|hướng dẫn|học chủ động|khả năng thích ứng|làm việc nhóm|lắng nghe tích cực|nhạy bén xã hội|phán đoán & ra quyết định|phối hợp|quản lý thời gian|tư duy phản biện|viết|định hướng dịch vụ|đọc hiểu
29-1151.00,Các y tá gây tê,"Giữ thuốc gây mê, theo dõi các dấu hiệu quan trọng của bệnh nhân và giám sát bệnh nhân hồi phục sau khi bị gây mê. Có thể giúp đỡ các bác sĩ gây tê, phẫu thuật, các bác sỹ khác hoặc nha sĩ. Phải là y tá đã đăng ký có giáo dục đại học chuyên ngành.",Y tế|giao tiếp|giao tiếp nói|giám sát|giải quyết vấn đề phức tạp|học chủ động|khoa học|khả năng thích ứng|làm việc nhóm|lắng nghe tích cực|nhạy bén xã hội|phán đoán & ra quyết định|quản lý thời gian|tư duy phản biện|định hướng dịch vụ|đọc hiểu,"[0.714, 0.706, 0.143, 0.74, 0.274, 0.607]",Y tế|giao tiếp|giao tiếp nói|giám sát|giải quyết vấn đề phức tạp|học chủ động|khoa học|khả năng thích ứng|làm việc nhóm|lắng nghe tích cực|nhạy bén xã hội|phán đoán & ra quyết định|quản lý thời gian|tư duy phản biện|định hướng dịch vụ|đọc hiểu
29-1161.00,Phụ nữ hộ sinh,"Chẩn đoán và phối hợp tất cả các khía cạnh của quá trình sinh con, hoặc độc lập hoặc là một phần của một nhóm chăm sóc sức khỏe. Có thể cung cấp chăm sóc phụ nữ tốt. Phải có giáo dục y tá chuyên nghiệp.",Y tế|giao tiếp|giao tiếp nói|giám sát|giải quyết vấn đề phức tạp|học chủ động|khả năng thích ứng|làm việc nhóm|lắng nghe tích cực|nhạy bén xã hội|phối hợp|quản lý thời gian|tư duy phản biện|viết|định hướng dịch vụ|đọc hiểu,"[0.489, 0.619, 0.273, 0.836, 0.417, 0.487]",Y tế|giao tiếp|giao tiếp nói|giám sát|giải quyết vấn đề phức tạp|học chủ động|khả năng thích ứng|làm việc nhóm|lắng nghe tích cực|nhạy bén xã hội|phối hợp|quản lý thời gian|tư duy phản biện|viết|định hướng dịch vụ|đọc hiểu
29-1171.00,Các y tá chuyên nghiệp,"Chẩn đoán và điều trị bệnh cấp tính, giai đoạn hoặc mãn tính, độc lập hoặc như một phần của một nhóm chăm sóc sức khỏe. Có thể tập trung vào việc thúc đẩy sức khỏe và phòng ngừa bệnh tật. Có thể yêu cầu, thực hiện hoặc giải thích các xét nghiệm chẩn đoán như làm việc trong phòng thí nghiệm và tia X. Có thể kê toa thuốc. Phải là y tá đã đăng ký có giáo dục đại học chuyên ngành.",Y tế|giao tiếp|giao tiếp nói|giám sát|giải quyết vấn đề phức tạp|học chủ động|khả năng thích ứng|làm việc nhóm|lắng nghe tích cực|nhạy bén xã hội|phán đoán & ra quyết định|quản lý thời gian|tư duy phản biện|viết|định hướng dịch vụ|đọc hiểu,"[0.524, 0.789, 0.187, 0.766, 0.304, 0.611]",Y tế|giao tiếp|giao tiếp nói|giám sát|giải quyết vấn đề phức tạp|học chủ động|khả năng thích ứng|làm việc nhóm|lắng nghe tích cực|nhạy bén xã hội|phán đoán & ra quyết định|quản lý thời gian|tư duy phản biện|viết|định hướng dịch vụ|đọc hiểu
29-1181.00,Các chuyên gia thính giác,Đánh giá và điều trị những người bị rối loạn thính giác và các rối loạn liên quan. Có thể trang bị trợ thính và cung cấp đào tạo về việc nghe. có thể thực hiện nghiên cứu liên quan đến các vấn đề về thính lực.,Y tế|chiến lược học tập|giao tiếp|giao tiếp nói|giám sát|giải quyết vấn đề phức tạp|hướng dẫn|học chủ động|khả năng thích ứng|làm việc nhóm|lắng nghe tích cực|nhạy bén xã hội|phán đoán & ra quyết định|quản lý thời gian|tư duy phản biện|viết|đọc hiểu,"[0.584, 0.861, 0.304, 0.823, 0.23, 0.594]",Y tế|chiến lược học tập|giao tiếp|giao tiếp nói|giám sát|giải quyết vấn đề phức tạp|hướng dẫn|học chủ động|khả năng thích ứng|làm việc nhóm|lắng nghe tích cực|nhạy bén xã hội|phán đoán & ra quyết định|quản lý thời gian|tư duy phản biện|viết|đọc hiểu
29-1211.00,Các chuyên gia gây tê,"Sử dụng thuốc gây mê và thuốc giảm đau để điều trị đau trước, trong hoặc sau phẫu thuật.",Y tế|giao tiếp|giao tiếp nói|giám sát|giải quyết vấn đề phức tạp|học chủ động|khoa học|khả năng thích ứng|làm việc nhóm|lắng nghe tích cực|phán đoán & ra quyết định|quản lý thời gian|tư duy phản biện|viết|đọc hiểu,"[0.733, 0.824, 0.161, 0.746, 0.354, 0.564]",Y tế|giao tiếp|giao tiếp nói|giám sát|giải quyết vấn đề phức tạp|học chủ động|khoa học|khả năng thích ứng|làm việc nhóm|lắng nghe tích cực|phán đoán & ra quyết định|quản lý thời gian|tư duy phản biện|viết|đọc hiểu
29-1212.00,Các bác sĩ tim mạch,"Chẩn đoán, điều trị, quản lý và ngăn ngừa các bệnh hoặc tình trạng của hệ thống tim mạch. Có thể phụ chuyên thêm trong các thủ tục can thiệp (ví dụ, ống cung khí cầu và đặt stent), echocardiography, hoặc electrophysiology.",chú ý đến chi tiết|chăm sóc bệnh nhân|giao tiếp|giao tiếp với bệnh nhân|khả năng thích ứng|làm việc dưới áp lực|làm việc nhóm|quản lý thời gian|tư duy phản biện|đồng cảm,"[0.71, 0.98, 0.166, 0.676, 0.329, 0.573]",chú ý đến chi tiết|chăm sóc bệnh nhân|giao tiếp|giao tiếp với bệnh nhân|khả năng thích ứng|làm việc dưới áp lực|làm việc nhóm|quản lý thời gian|tư duy phản biện|đồng cảm
29-1213.00,Các bác sĩ da,"Chẩn đoán và điều trị các bệnh liên quan đến da, tóc và móng tay.",Y tế|chú ý đến chi tiết|chăm sóc bệnh nhân|giao tiếp|giao tiếp nói|giao tiếp với bệnh nhân|giám sát|giải quyết vấn đề phức tạp|hướng dẫn|học chủ động|khoa học|khả năng thích ứng|làm việc dưới áp lực|làm việc nhóm|lắng nghe tích cực|nhạy bén xã hội|phán đoán & ra quyết định|phối hợp|quản lý thời gian|tư duy phản biện|viết|định hướng dịch vụ|đọc hiểu|đồng cảm,"[0.793, 0.899, 0.251, 0.613, 0.251, 0.521]",Y tế|chú ý đến chi tiết|chăm sóc bệnh nhân|giao tiếp|giao tiếp nói|giao tiếp với bệnh nhân|giám sát|giải quyết vấn đề phức tạp|hướng dẫn|học chủ động|khoa học|khả năng thích ứng|làm việc dưới áp lực|làm việc nhóm|lắng nghe tích cực|nhạy bén xã hội|phán đoán & ra quyết định|phối hợp|quản lý thời gian|tư duy phản biện|viết|định hướng dịch vụ|đọc hiểu|đồng cảm
29-1214.00,Bác sĩ y tế khẩn cấp,"Hãy quyết định y tế ngay lập tức và hành động để ngăn ngừa cái chết hoặc khuyết tật tiếp theo. Cung cấp nhận dạng, đánh giá, chăm sóc, ổn định và xử lý bệnh nhân ngay lập tức. Có thể hướng nhân viên y tế khẩn cấp đến phòng cấp cứu.",Y tế|chú ý đến chi tiết|chăm sóc bệnh nhân|giao tiếp|giao tiếp nói|giao tiếp với bệnh nhân|giám sát|giải quyết vấn đề phức tạp|hướng dẫn|học chủ động|khả năng thích ứng|làm việc dưới áp lực|làm việc nhóm|lắng nghe tích cực|nhạy bén xã hội|phán đoán & ra quyết định|phối hợp|quản lý thời gian|tư duy phản biện|viết|định hướng dịch vụ|đọc hiểu|đồng cảm,"[0.597, 0.806, 0.143, 0.794, 0.391, 0.597]",Y tế|chú ý đến chi tiết|chăm sóc bệnh nhân|giao tiếp|giao tiếp nói|giao tiếp với bệnh nhân|giám sát|giải quyết vấn đề phức tạp|hướng dẫn|học chủ động|khả năng thích ứng|làm việc dưới áp lực|làm việc nhóm|lắng nghe tích cực|nhạy bén xã hội|phán đoán & ra quyết định|phối hợp|quản lý thời gian|tư duy phản biện|viết|định hướng dịch vụ|đọc hiểu|đồng cảm
29-1215.00,Các bác sĩ y tế gia đình,"Chẩn đoán, điều trị và cung cấp chăm sóc phòng ngừa cho cá nhân và gia đình trong suốt đời.",Y tế|chú ý đến chi tiết|chăm sóc bệnh nhân|giao tiếp|giao tiếp nói|giao tiếp với bệnh nhân|giám sát|giải quyết vấn đề phức tạp|hướng dẫn|học chủ động|khoa học|khả năng thích ứng|làm việc dưới áp lực|làm việc nhóm|lắng nghe tích cực|phán đoán & ra quyết định|quản lý thời gian|tư duy phản biện|viết|đọc hiểu|đồng cảm,"[0.536, 0.869, 0.207, 0.887, 0.334, 0.564]",Y tế|chú ý đến chi tiết|chăm sóc bệnh nhân|giao tiếp|giao tiếp nói|giao tiếp với bệnh nhân|giám sát|giải quyết vấn đề phức tạp|hướng dẫn|học chủ động|khoa học|khả năng thích ứng|làm việc dưới áp lực|làm việc nhóm|lắng nghe tích cực|phán đoán & ra quyết định|quản lý thời gian|tư duy phản biện|viết|đọc hiểu|đồng cảm
29-1216.00,Các bác sĩ y tế nội bộ chung,"Chẩn đoán và cung cấp điều trị không phẫu thuật cho một loạt các bệnh và chấn thương của các hệ thống nội tạng. cung cấp chăm sóc chủ yếu cho người lớn và thanh thiếu niên, và chủ yếu dựa trên một môi trường chăm sóc bệnh nhân ngoại trú.",Y tế|chú ý đến chi tiết|chăm sóc bệnh nhân|giao tiếp|giao tiếp nói|giao tiếp với bệnh nhân|giám sát|giải quyết vấn đề phức tạp|học chủ động|khoa học|khả năng thích ứng|làm việc dưới áp lực|làm việc nhóm|lắng nghe tích cực|nhạy bén xã hội|phán đoán & ra quyết định|quản lý thời gian|tư duy phản biện|viết|định hướng dịch vụ|đọc hiểu|đồng cảm,"[0.626, 0.976, 0.203, 0.876, 0.301, 0.523]",Y tế|chú ý đến chi tiết|chăm sóc bệnh nhân|giao tiếp|giao tiếp nói|giao tiếp với bệnh nhân|giám sát|giải quyết vấn đề phức tạp|học chủ động|khoa học|khả năng thích ứng|làm việc dưới áp lực|làm việc nhóm|lắng nghe tích cực|nhạy bén xã hội|phán đoán & ra quyết định|quản lý thời gian|tư duy phản biện|viết|định hướng dịch vụ|đọc hiểu|đồng cảm
29-1217.00,Các nhà thần kinh học,"Chẩn đoán, quản lý và điều trị các rối loạn và bệnh của não, tủy sống và dây thần kinh ngoại vi, chủ yếu không tập trung vào phẫu thuật.",Y tế|chiến lược học tập|giao tiếp|giao tiếp nói|giám sát|giải quyết vấn đề phức tạp|hướng dẫn|học chủ động|khoa học|khả năng thích ứng|làm việc nhóm|lắng nghe tích cực|nhạy bén xã hội|phán đoán & ra quyết định|quản lý thời gian|tư duy phản biện|viết|đọc hiểu,"[0.559, 1.0, 0.299, 0.76, 0.346, 0.519]",Y tế|chiến lược học tập|giao tiếp|giao tiếp nói|giám sát|giải quyết vấn đề phức tạp|hướng dẫn|học chủ động|khoa học|khả năng thích ứng|làm việc nhóm|lắng nghe tích cực|nhạy bén xã hội|phán đoán & ra quyết định|quản lý thời gian|tư duy phản biện|viết|đọc hiểu
29-1218.00,Các bác sĩ sinh sản và phụ khoa,"Cung cấp chăm sóc y tế liên quan đến thai kỳ hoặc sinh con. Chẩn đoán, điều trị và giúp ngăn ngừa các bệnh của phụ nữ, đặc biệt là những bệnh ảnh hưởng đến hệ sinh sản. Có thể cung cấp chăm sóc chung cho phụ nữ. Có thể thực hiện cả các chức năng phẫu thuật y tế và phụ khoa.",Y tế|chú ý đến chi tiết|chăm sóc bệnh nhân|giao tiếp|giao tiếp nói|giao tiếp với bệnh nhân|giám sát|giải quyết vấn đề phức tạp|học chủ động|khoa học|khả năng thích ứng|làm việc dưới áp lực|làm việc nhóm|lắng nghe tích cực|nhạy bén xã hội|phán đoán & ra quyết định|quản lý thời gian|tư duy phản biện|viết|đọc hiểu|đồng cảm,"[0.653, 0.773, 0.191, 0.771, 0.373, 0.591]",Y tế|chú ý đến chi tiết|chăm sóc bệnh nhân|giao tiếp|giao tiếp nói|giao tiếp với bệnh nhân|giám sát|giải quyết vấn đề phức tạp|học chủ động|khoa học|khả năng thích ứng|làm việc dưới áp lực|làm việc nhóm|lắng nghe tích cực|nhạy bén xã hội|phán đoán & ra quyết định|quản lý thời gian|tư duy phản biện|viết|đọc hiểu|đồng cảm
29-1221.00,"Bác sĩ nhi khoa, Tổng thống","Chẩn đoán, điều trị và giúp ngăn ngừa bệnh tật và chấn thương ở trẻ em.",Y tế|chú ý đến chi tiết|chăm sóc bệnh nhân|giao tiếp|giao tiếp nói|giao tiếp với bệnh nhân|giám sát|giải quyết vấn đề phức tạp|học chủ động|khoa học|khả năng thích ứng|làm việc dưới áp lực|làm việc nhóm|lắng nghe tích cực|nhạy bén xã hội|phán đoán & ra quyết định|quản lý thời gian|tư duy phản biện|viết|đọc hiểu|đồng cảm,"[0.537, 0.886, 0.253, 0.947, 0.356, 0.504]",Y tế|chú ý đến chi tiết|chăm sóc bệnh nhân|giao tiếp|giao tiếp nói|giao tiếp với bệnh nhân|giám sát|giải quyết vấn đề phức tạp|học chủ động|khoa học|khả năng thích ứng|làm việc dưới áp lực|làm việc nhóm|lắng nghe tích cực|nhạy bén xã hội|phán đoán & ra quyết định|quản lý thời gian|tư duy phản biện|viết|đọc hiểu|đồng cảm
29-1222.00,"Bác sĩ, nhà bệnh lý","Chẩn đoán bệnh và tiến hành xét nghiệm bằng cơ quan, mô cơ thể và chất lỏng.",Y tế|chú ý đến chi tiết|chăm sóc bệnh nhân|giao tiếp|giao tiếp nói|giao tiếp với bệnh nhân|giám sát|giải quyết vấn đề phức tạp|hướng dẫn|học chủ động|khoa học|khả năng thích ứng|làm việc dưới áp lực|làm việc nhóm|lắng nghe tích cực|phán đoán & ra quyết định|quản lý thời gian|tư duy phản biện|viết|đọc hiểu|đồng cảm,"[0.766, 1.0, 0.171, 0.494, 0.2, 0.653]",Y tế|chú ý đến chi tiết|chăm sóc bệnh nhân|giao tiếp|giao tiếp nói|giao tiếp với bệnh nhân|giám sát|giải quyết vấn đề phức tạp|hướng dẫn|học chủ động|khoa học|khả năng thích ứng|làm việc dưới áp lực|làm việc nhóm|lắng nghe tích cực|phán đoán & ra quyết định|quản lý thời gian|tư duy phản biện|viết|đọc hiểu|đồng cảm
29-1223.00,Các bác sĩ tâm thần,"Chẩn đoán, điều trị và giúp ngăn ngừa rối loạn tâm thần.",Y tế|chú ý đến chi tiết|chăm sóc bệnh nhân|giao tiếp|giao tiếp nói|giao tiếp với bệnh nhân|giám sát|giải quyết vấn đề phức tạp|học chủ động|khoa học|khả năng thích ứng|làm việc dưới áp lực|làm việc nhóm|lắng nghe tích cực|nhạy bén xã hội|phán đoán & ra quyết định|quản lý thời gian|tư duy phản biện|viết|định hướng dịch vụ|đọc hiểu|đồng cảm,"[0.306, 0.91, 0.389, 0.854, 0.303, 0.557]",Y tế|chú ý đến chi tiết|chăm sóc bệnh nhân|giao tiếp|giao tiếp nói|giao tiếp với bệnh nhân|giám sát|giải quyết vấn đề phức tạp|học chủ động|khoa học|khả năng thích ứng|làm việc dưới áp lực|làm việc nhóm|lắng nghe tích cực|nhạy bén xã hội|phán đoán & ra quyết định|quản lý thời gian|tư duy phản biện|viết|định hướng dịch vụ|đọc hiểu|đồng cảm
29-1224.00,Các chuyên gia phóng xạ,"Chẩn đoán và điều trị bệnh tật và chấn thương bằng cách sử dụng các kỹ thuật hình ảnh y tế, chẳng hạn như tia X, chụp cộng hưởng từ (MRI), y học hạt nhân và siêu âm.",Y tế|giao tiếp|giao tiếp nói|giám sát|giải quyết vấn đề phức tạp|hướng dẫn|học chủ động|khả năng thích ứng|làm việc nhóm|lắng nghe tích cực|nhạy bén xã hội|phán đoán & ra quyết định|quản lý thời gian|tư duy phản biện|viết|đọc hiểu,"[0.68, 0.943, 0.17, 0.559, 0.306, 0.686]",Y tế|giao tiếp|giao tiếp nói|giám sát|giải quyết vấn đề phức tạp|hướng dẫn|học chủ động|khả năng thích ứng|làm việc nhóm|lắng nghe tích cực|nhạy bén xã hội|phán đoán & ra quyết định|quản lý thời gian|tư duy phản biện|viết|đọc hiểu
29-1229.01,Các bác sĩ dị ứng và bác sĩ miễn dịch,"Chẩn đoán, điều trị và giúp ngăn ngừa các bệnh dị ứng và các quá trình bệnh ảnh hưởng đến hệ miễn dịch.",Y tế|chú ý đến chi tiết|chăm sóc bệnh nhân|giao tiếp|giao tiếp nói|giao tiếp với bệnh nhân|giám sát|giải quyết vấn đề phức tạp|học chủ động|khoa học|khả năng thích ứng|làm việc dưới áp lực|làm việc nhóm|lắng nghe tích cực|nhạy bén xã hội|phán đoán & ra quyết định|quản lý thời gian|tư duy phản biện|viết|đọc hiểu|đồng cảm,"[0.584, 0.989, 0.24, 0.729, 0.319, 0.506]",Y tế|chú ý đến chi tiết|chăm sóc bệnh nhân|giao tiếp|giao tiếp nói|giao tiếp với bệnh nhân|giám sát|giải quyết vấn đề phức tạp|học chủ động|khoa học|khả năng thích ứng|làm việc dưới áp lực|làm việc nhóm|lắng nghe tích cực|nhạy bén xã hội|phán đoán & ra quyết định|quản lý thời gian|tư duy phản biện|viết|đọc hiểu|đồng cảm
29-1229.02,Bệnh viện,"Cung cấp dịch vụ chăm sóc nội trú chủ yếu ở các cơ sở như phòng y tế, phòng chăm sóc cấp tính, phòng điều trị chuyên sâu, trung tâm phục hồi chức năng hoặc phòng cấp cứu. Quản lý và phối hợp chăm sóc bệnh nhân trong suốt thời gian điều trị.",Y tế|giao tiếp|giao tiếp nói|giám sát|giải quyết vấn đề phức tạp|hướng dẫn|học chủ động|khả năng thích ứng|làm việc nhóm|lắng nghe tích cực|nhạy bén xã hội|phán đoán & ra quyết định|quản lý thời gian|tư duy phản biện|viết|định hướng dịch vụ|đọc hiểu,"[0.519, 0.669, 0.221, 0.864, 0.449, 0.593]",Y tế|giao tiếp|giao tiếp nói|giám sát|giải quyết vấn đề phức tạp|hướng dẫn|học chủ động|khả năng thích ứng|làm việc nhóm|lắng nghe tích cực|nhạy bén xã hội|phán đoán & ra quyết định|quản lý thời gian|tư duy phản biện|viết|định hướng dịch vụ|đọc hiểu
29-1229.03,Các bác sĩ tiết niệu,"Chẩn đoán, điều trị và giúp ngăn ngừa các rối loạn y tế và phẫu thuật lành tính và ác tính của hệ thống sinh sản và tuyến thận.",Y tế|chú ý đến chi tiết|chăm sóc bệnh nhân|giao tiếp|giao tiếp nói|giao tiếp với bệnh nhân|giám sát|giải quyết vấn đề phức tạp|hướng dẫn|học chủ động|khoa học|khả năng thích ứng|làm việc dưới áp lực|làm việc nhóm|lắng nghe tích cực|phán đoán & ra quyết định|quản lý thời gian|tư duy phản biện|viết|đọc hiểu|đồng cảm,"[0.737, 0.986, 0.176, 0.737, 0.33, 0.489]",Y tế|chú ý đến chi tiết|chăm sóc bệnh nhân|giao tiếp|giao tiếp nói|giao tiếp với bệnh nhân|giám sát|giải quyết vấn đề phức tạp|hướng dẫn|học chủ động|khoa học|khả năng thích ứng|làm việc dưới áp lực|làm việc nhóm|lắng nghe tích cực|phán đoán & ra quyết định|quản lý thời gian|tư duy phản biện|viết|đọc hiểu|đồng cảm
29-1229.04,Các bác sĩ y tế và phục hồi chức năng,"Chẩn đoán và điều trị các rối loạn đòi hỏi liệu pháp sinh lý để cung cấp sự phục hồi thể chất, tinh thần và nghề nghiệp.",Y tế|chiến lược học tập|chú ý đến chi tiết|chăm sóc bệnh nhân|giao tiếp|giao tiếp nói|giao tiếp với bệnh nhân|giám sát|giải quyết vấn đề phức tạp|hướng dẫn|học chủ động|khoa học|khả năng thích ứng|làm việc dưới áp lực|làm việc nhóm|lắng nghe tích cực|nhạy bén xã hội|phán đoán & ra quyết định|phối hợp|quản lý thời gian|tư duy phản biện|viết|định hướng dịch vụ|đọc hiểu|đồng cảm,"[0.65, 0.909, 0.289, 0.853, 0.244, 0.426]",Y tế|chiến lược học tập|chú ý đến chi tiết|chăm sóc bệnh nhân|giao tiếp|giao tiếp nói|giao tiếp với bệnh nhân|giám sát|giải quyết vấn đề phức tạp|hướng dẫn|học chủ động|khoa học|khả năng thích ứng|làm việc dưới áp lực|làm việc nhóm|lắng nghe tích cực|nhạy bén xã hội|phán đoán & ra quyết định|phối hợp|quản lý thời gian|tư duy phản biện|viết|định hướng dịch vụ|đọc hiểu|đồng cảm
29-1229.05,Các bác sĩ y tế phòng ngừa,"Sử dụng kiến thức về y học phòng ngừa chung và các vấn đề sức khỏe cộng đồng để thúc đẩy chăm sóc sức khỏe cho các nhóm hoặc cá nhân, và giúp ngăn ngừa hoặc giảm nguy cơ bệnh tật, chấn thương, khuyết tật hoặc tử vong. Có thể thực hành y học dựa trên dân số hoặc chẩn đoán và điều trị bệnh nhân trong bối cảnh thúc đẩy sức khỏe lâm sàng và phòng ngừa bệnh.",Y tế|chiến lược học tập|chú ý đến chi tiết|chăm sóc bệnh nhân|giao tiếp|giao tiếp nói|giao tiếp với bệnh nhân|giám sát|giải quyết vấn đề phức tạp|hướng dẫn|học chủ động|khoa học|khả năng thích ứng|làm việc dưới áp lực|làm việc nhóm|lắng nghe tích cực|nhạy bén xã hội|phán đoán & ra quyết định|phối hợp|quản lý thời gian|tư duy phản biện|đánh giá hệ thống|định hướng dịch vụ|đọc hiểu|đồng cảm,"[0.469, 0.974, 0.263, 0.77, 0.337, 0.477]",Y tế|chiến lược học tập|chú ý đến chi tiết|chăm sóc bệnh nhân|giao tiếp|giao tiếp nói|giao tiếp với bệnh nhân|giám sát|giải quyết vấn đề phức tạp|hướng dẫn|học chủ động|khoa học|khả năng thích ứng|làm việc dưới áp lực|làm việc nhóm|lắng nghe tích cực|nhạy bén xã hội|phán đoán & ra quyết định|phối hợp|quản lý thời gian|tư duy phản biện|đánh giá hệ thống|định hướng dịch vụ|đọc hiểu|đồng cảm
29-1229.06,Các bác sĩ y tế thể thao,"Chẩn đoán, điều trị và giúp ngăn ngừa chấn thương xảy ra trong các sự kiện thể thao, tập thể thao và hoạt động thể chất.",Y tế|chiến lược học tập|chú ý đến chi tiết|chăm sóc bệnh nhân|giao tiếp|giao tiếp nói|giao tiếp với bệnh nhân|giám sát|giải quyết vấn đề phức tạp|học chủ động|khả năng thích ứng|làm việc dưới áp lực|làm việc nhóm|lắng nghe tích cực|nhạy bén xã hội|phán đoán & ra quyết định|quản lý thời gian|tư duy phản biện|viết|định hướng dịch vụ|đọc hiểu|đồng cảm,"[0.724, 0.784, 0.18, 0.751, 0.47, 0.497]",Y tế|chiến lược học tập|chú ý đến chi tiết|chăm sóc bệnh nhân|giao tiếp|giao tiếp nói|giao tiếp với bệnh nhân|giám sát|giải quyết vấn đề phức tạp|học chủ động|khả năng thích ứng|làm việc dưới áp lực|làm việc nhóm|lắng nghe tích cực|nhạy bén xã hội|phán đoán & ra quyết định|quản lý thời gian|tư duy phản biện|viết|định hướng dịch vụ|đọc hiểu|đồng cảm
29-1241.00,"Các bác sĩ nhãn khoa, ngoại trừ bác sĩ nhi khoa",Chẩn đoán và phẫu thuật để điều trị và giúp ngăn ngừa rối loạn và bệnh của mắt.,Y tế|chú ý đến chi tiết|chăm sóc bệnh nhân|giao tiếp|giao tiếp nói|giao tiếp với bệnh nhân|giám sát|giải quyết vấn đề phức tạp|hướng dẫn|học chủ động|khả năng thích ứng|làm việc dưới áp lực|làm việc nhóm|lắng nghe tích cực|nhạy bén xã hội|phối hợp|quản lý thời gian|tư duy phản biện|viết|định hướng dịch vụ|đọc hiểu|đồng cảm,"[0.683, 0.904, 0.231, 0.754, 0.409, 0.531]",Y tế|chú ý đến chi tiết|chăm sóc bệnh nhân|giao tiếp|giao tiếp nói|giao tiếp với bệnh nhân|giám sát|giải quyết vấn đề phức tạp|hướng dẫn|học chủ động|khả năng thích ứng|làm việc dưới áp lực|làm việc nhóm|lắng nghe tích cực|nhạy bén xã hội|phối hợp|quản lý thời gian|tư duy phản biện|viết|định hướng dịch vụ|đọc hiểu|đồng cảm
29-1242.00,"Các bác sĩ phẫu thuật chỉnh hình, ngoại trừ bác sĩ nhi khoa",Chẩn đoán và thực hiện phẫu thuật để điều trị và ngăn ngừa các bệnh rheumatic và các bệnh khác trong hệ thống cơ xương.,chú ý đến chi tiết|chăm sóc bệnh nhân|giao tiếp|giao tiếp với bệnh nhân|khả năng thích ứng|làm việc dưới áp lực|làm việc nhóm|quản lý thời gian|tư duy phản biện|đồng cảm,"[0.724, 0.929, 0.211, 0.689, 0.336, 0.556]",chú ý đến chi tiết|chăm sóc bệnh nhân|giao tiếp|giao tiếp với bệnh nhân|khả năng thích ứng|làm việc dưới áp lực|làm việc nhóm|quản lý thời gian|tư duy phản biện|đồng cảm
29-1243.00,Các bác sĩ phẫu thuật trẻ em,"Chẩn đoán và phẫu thuật để điều trị các bất thường của thai nhi và các khuyết tật bẩm sinh, bệnh tật và chấn thương ở thai nhi, trẻ sơ sinh và mới sinh, trẻ em và thanh thiếu niên. Bao gồm tất cả các chuyên ngành và phụ chuyên ngành phẫu thuật nhi khoa.",chú ý đến chi tiết|chăm sóc bệnh nhân|giao tiếp|giao tiếp với bệnh nhân|khả năng thích ứng|làm việc dưới áp lực|làm việc nhóm|quản lý thời gian|tư duy phản biện|đồng cảm,"[0.707, 0.931, 0.221, 0.713, 0.347, 0.559]",chú ý đến chi tiết|chăm sóc bệnh nhân|giao tiếp|giao tiếp với bệnh nhân|khả năng thích ứng|làm việc dưới áp lực|làm việc nhóm|quản lý thời gian|tư duy phản biện|đồng cảm
29-1291.00,Các bác sĩ trị liệu,"Chẩn đoán, điều trị và ngăn ngừa rối loạn bằng cách kích thích các điểm đấm cụ thể trong cơ thể bằng cách sử dụng kim đấm. Cũng có thể sử dụng ly, chất bổ sung dinh dưỡng, massage trị liệu, áp lực và các phương pháp điều trị sức khỏe thay thế khác.",Y tế|chú ý đến chi tiết|chăm sóc bệnh nhân|giao tiếp|giao tiếp nói|giao tiếp với bệnh nhân|giám sát|giải quyết vấn đề phức tạp|học chủ động|khả năng thích ứng|làm việc dưới áp lực|làm việc nhóm|lắng nghe tích cực|nhạy bén xã hội|phán đoán & ra quyết định|quản lý thời gian|tư duy phản biện|viết|định hướng dịch vụ|đọc hiểu|đồng cảm,"[0.657, 0.76, 0.303, 0.814, 0.253, 0.444]",Y tế|chú ý đến chi tiết|chăm sóc bệnh nhân|giao tiếp|giao tiếp nói|giao tiếp với bệnh nhân|giám sát|giải quyết vấn đề phức tạp|học chủ động|khả năng thích ứng|làm việc dưới áp lực|làm việc nhóm|lắng nghe tích cực|nhạy bén xã hội|phán đoán & ra quyết định|quản lý thời gian|tư duy phản biện|viết|định hướng dịch vụ|đọc hiểu|đồng cảm
29-1292.00,Các chuyên gia vệ sinh răng miệng,Chăm sóc vệ sinh miệng cho bệnh nhân. Đánh giá các vấn đề về vệ sinh miệng hoặc nhu cầu của bệnh nhân và giữ hồ sơ sức khỏe. Tư vấn cho bệnh nhân về việc duy trì sức khỏe răng miệng và phòng ngừa bệnh. Có thể cung cấp dịch vụ chăm sóc tiên tiến như điều trị bằng fluoride hoặc điều trị gây tê tại chỗ.,Y tế|chiến lược học tập|giao tiếp|giao tiếp nói|giám sát|học chủ động|khả năng thích ứng|làm việc nhóm|lắng nghe tích cực|nhạy bén xã hội|phối hợp|quản lý thời gian|tư duy phản biện|viết|định hướng dịch vụ|đọc hiểu,"[0.734, 0.669, 0.169, 0.78, 0.239, 0.613]",Y tế|chiến lược học tập|giao tiếp|giao tiếp nói|giám sát|học chủ động|khả năng thích ứng|làm việc nhóm|lắng nghe tích cực|nhạy bén xã hội|phối hợp|quản lý thời gian|tư duy phản biện|viết|định hướng dịch vụ|đọc hiểu
29-1299.01,Các bác sĩ tự nhiên,"Chẩn đoán, điều trị và giúp ngăn ngừa bệnh bằng cách sử dụng một hệ thống thực hành dựa trên khả năng chữa lành tự nhiên của cá nhân. Có thể sử dụng các phương pháp sinh lý, tâm lý hoặc cơ học. Cũng có thể sử dụng thuốc tự nhiên, thuốc theo toa hoặc truyền thuyết, thực phẩm, thảo mộc hoặc các biện pháp khắc phục tự nhiên khác.",Y tế|chú ý đến chi tiết|chăm sóc bệnh nhân|giao tiếp|giao tiếp nói|giao tiếp với bệnh nhân|giám sát|giải quyết vấn đề phức tạp|học chủ động|khả năng thích ứng|làm việc dưới áp lực|làm việc nhóm|lắng nghe tích cực|nhạy bén xã hội|phán đoán & ra quyết định|quản lý thời gian|tư duy phản biện|viết|định hướng dịch vụ|đọc hiểu|đồng cảm,"[0.591, 0.847, 0.274, 0.826, 0.284, 0.511]",Y tế|chú ý đến chi tiết|chăm sóc bệnh nhân|giao tiếp|giao tiếp nói|giao tiếp với bệnh nhân|giám sát|giải quyết vấn đề phức tạp|học chủ động|khả năng thích ứng|làm việc dưới áp lực|làm việc nhóm|lắng nghe tích cực|nhạy bén xã hội|phán đoán & ra quyết định|quản lý thời gian|tư duy phản biện|viết|định hướng dịch vụ|đọc hiểu|đồng cảm
29-1299.02,Các bác sĩ chỉnh hình,Chẩn đoán và điều trị rối loạn hệ thống thị giác như thị giác ống kính và rối loạn chuyển động mắt.,Y tế|chiến lược học tập|chú ý đến chi tiết|chăm sóc bệnh nhân|giao tiếp|giao tiếp nói|giao tiếp với bệnh nhân|giám sát|giải quyết vấn đề phức tạp|hướng dẫn|học chủ động|khoa học|khả năng thích ứng|làm việc dưới áp lực|làm việc nhóm|lắng nghe tích cực|nhạy bén xã hội|phán đoán & ra quyết định|quản lý thời gian|tư duy phản biện|viết|định hướng dịch vụ|đọc hiểu|đồng cảm,"[0.669, 0.796, 0.294, 0.664, 0.234, 0.544]",Y tế|chiến lược học tập|chú ý đến chi tiết|chăm sóc bệnh nhân|giao tiếp|giao tiếp nói|giao tiếp với bệnh nhân|giám sát|giải quyết vấn đề phức tạp|hướng dẫn|học chủ động|khoa học|khả năng thích ứng|làm việc dưới áp lực|làm việc nhóm|lắng nghe tích cực|nhạy bén xã hội|phán đoán & ra quyết định|quản lý thời gian|tư duy phản biện|viết|định hướng dịch vụ|đọc hiểu|đồng cảm
29-2011.00,Công nghệ viên phòng thí nghiệm y tế và lâm sàng,"Thực hiện các xét nghiệm trong phòng thí nghiệm y tế phức tạp để chẩn đoán, điều trị và phòng ngừa bệnh. Có thể đào tạo hoặc giám sát nhân viên.",Y tế|chú ý đến chi tiết|chăm sóc bệnh nhân|giao tiếp|giao tiếp nói|giao tiếp với bệnh nhân|giám sát|giám sát vận hành|giải quyết vấn đề kỹ thuật|giải quyết vấn đề phức tạp|hướng dẫn|học chủ động|khoa học|khả năng thích ứng|kỹ năng máy tính|làm việc dưới áp lực|làm việc nhóm|lắng nghe tích cực|phân tích dữ liệu|phân tích kiểm soát chất lượng|quản lý thời gian|tư duy logic|tư duy phản biện|viết|đọc hiểu|đồng cảm,"[0.826, 0.881, 0.159, 0.4, 0.221, 0.713]",Y tế|chú ý đến chi tiết|chăm sóc bệnh nhân|giao tiếp|giao tiếp nói|giao tiếp với bệnh nhân|giám sát|giám sát vận hành|giải quyết vấn đề kỹ thuật|giải quyết vấn đề phức tạp|hướng dẫn|học chủ động|khoa học|khả năng thích ứng|kỹ năng máy tính|làm việc dưới áp lực|làm việc nhóm|lắng nghe tích cực|phân tích dữ liệu|phân tích kiểm soát chất lượng|quản lý thời gian|tư duy logic|tư duy phản biện|viết|đọc hiểu|đồng cảm
29-2011.01,Các nhà công nghệ cytogenetic,"Phân tích nhiễm sắc thể hoặc phân đoạn nhiễm sắc tố được tìm thấy trong các mẫu sinh học, chẳng hạn như chất lỏng amniotic, tủy xương, khối u rắn và máu để hỗ trợ nghiên cứu, chẩn đoán, phân loại hoặc điều trị các bệnh di truyền thừa kế hoặc có được. Thực hiện phân tích thông qua các kỹ thuật cytogenetic cổ điển, tần hóa fluorescent in situ (FISH) hoặc tần số tần hoá phân tử so sánh (aCGH).",Y tế|chú ý đến chi tiết|giao tiếp|giao tiếp nói|giám sát|giải quyết vấn đề kỹ thuật|giải quyết vấn đề phức tạp|học chủ động|khoa học|khả năng thích ứng|kỹ năng máy tính|làm việc nhóm|lắng nghe tích cực|phán đoán & ra quyết định|phân tích dữ liệu|quản lý thời gian|tư duy logic|tư duy phản biện|viết|đọc hiểu,"[0.767, 0.851, 0.21, 0.27, 0.221, 0.724]",Y tế|chú ý đến chi tiết|giao tiếp|giao tiếp nói|giám sát|giải quyết vấn đề kỹ thuật|giải quyết vấn đề phức tạp|học chủ động|khoa học|khả năng thích ứng|kỹ năng máy tính|làm việc nhóm|lắng nghe tích cực|phán đoán & ra quyết định|phân tích dữ liệu|quản lý thời gian|tư duy logic|tư duy phản biện|viết|đọc hiểu
29-2011.02,Các nhà công nghệ hóa học,"Các tế bào đốm, gắn và nghiên cứu để phát hiện bằng chứng về ung thư, bất thường tố và các tình trạng bệnh lý khác theo các tiêu chuẩn và thực hành đã được thiết lập.",Y tế|chiến lược học tập|chú ý đến chi tiết|giao tiếp|giao tiếp nói|giám sát|giải quyết vấn đề kỹ thuật|giải quyết vấn đề phức tạp|học chủ động|khả năng thích ứng|kỹ năng máy tính|làm việc nhóm|lắng nghe tích cực|nhạy bén xã hội|phán đoán & ra quyết định|phân tích dữ liệu|quản lý thời gian|tư duy logic|tư duy phản biện|viết|đọc hiểu,"[0.837, 0.873, 0.164, 0.363, 0.253, 0.696]",Y tế|chiến lược học tập|chú ý đến chi tiết|giao tiếp|giao tiếp nói|giám sát|giải quyết vấn đề kỹ thuật|giải quyết vấn đề phức tạp|học chủ động|khả năng thích ứng|kỹ năng máy tính|làm việc nhóm|lắng nghe tích cực|nhạy bén xã hội|phán đoán & ra quyết định|phân tích dữ liệu|quản lý thời gian|tư duy logic|tư duy phản biện|viết|đọc hiểu
29-2011.04,Các nhà sử học công nghệ,Sử dụng kiến thức về nguyên nhân sức khỏe và bệnh tật để đánh giá các kỹ thuật và thủ tục phòng thí nghiệm mới để kiểm tra các mẫu mô. Chuẩn bị và chuẩn bị slide histological từ các bộ phận mô cho việc kiểm tra và chẩn đoán theo kính hiển vi bởi các nhà bệnh khoa học. Có thể giải quyết các vấn đề kỹ thuật hoặc công cụ hoặc hỗ trợ nghiên cứu.,Y tế|chú ý đến chi tiết|giao tiếp|giao tiếp nói|giám sát|giám sát vận hành|giải quyết vấn đề kỹ thuật|giải quyết vấn đề phức tạp|học chủ động|khoa học|khả năng thích ứng|kỹ năng máy tính|làm việc nhóm|lắng nghe tích cực|phán đoán & ra quyết định|phân tích dữ liệu|quản lý thời gian|tư duy logic|tư duy phản biện|viết|đọc hiểu,"[0.827, 0.946, 0.173, 0.397, 0.153, 0.744]",Y tế|chú ý đến chi tiết|giao tiếp|giao tiếp nói|giám sát|giám sát vận hành|giải quyết vấn đề kỹ thuật|giải quyết vấn đề phức tạp|học chủ động|khoa học|khả năng thích ứng|kỹ năng máy tính|làm việc nhóm|lắng nghe tích cực|phán đoán & ra quyết định|phân tích dữ liệu|quản lý thời gian|tư duy logic|tư duy phản biện|viết|đọc hiểu
29-2012.00,Các kỹ thuật viên phòng thí nghiệm y tế và lâm sàng,"Thực hiện xét nghiệm phòng thí nghiệm y tế thường xuyên để chẩn đoán, điều trị và phòng ngừa bệnh.",Y tế|chiến lược học tập|chú ý đến chi tiết|chăm sóc bệnh nhân|giao tiếp|giao tiếp nói|giao tiếp với bệnh nhân|giám sát|giám sát vận hành|giải quyết vấn đề kỹ thuật|giải quyết vấn đề phức tạp|hướng dẫn|học chủ động|khoa học|khả năng thích ứng|kỹ năng máy tính|làm việc dưới áp lực|làm việc nhóm|lắng nghe tích cực|phân tích dữ liệu|phân tích kiểm soát chất lượng|quản lý thời gian|tư duy logic|tư duy phản biện|viết|đọc hiểu|đồng cảm,"[0.86, 0.839, 0.143, 0.409, 0.143, 0.694]",Y tế|chiến lược học tập|chú ý đến chi tiết|chăm sóc bệnh nhân|giao tiếp|giao tiếp nói|giao tiếp với bệnh nhân|giám sát|giám sát vận hành|giải quyết vấn đề kỹ thuật|giải quyết vấn đề phức tạp|hướng dẫn|học chủ động|khoa học|khả năng thích ứng|kỹ năng máy tính|làm việc dưới áp lực|làm việc nhóm|lắng nghe tích cực|phân tích dữ liệu|phân tích kiểm soát chất lượng|quản lý thời gian|tư duy logic|tư duy phản biện|viết|đọc hiểu|đồng cảm
29-2012.01,Kỹ thuật học histology,Chuẩn bị slide histological từ các bộ phận mô cho việc kiểm tra và chẩn đoán theo kính hiển vi bởi các nhà bệnh lý. Có thể hỗ trợ nghiên cứu.,Y tế|chú ý đến chi tiết|giao tiếp|giao tiếp nói|giám sát|giải quyết vấn đề kỹ thuật|giải quyết vấn đề phức tạp|học chủ động|khoa học|khả năng thích ứng|kỹ năng máy tính|làm việc nhóm|lắng nghe tích cực|phán đoán & ra quyết định|phân tích dữ liệu|phối hợp|quản lý thời gian|tư duy logic|tư duy phản biện|viết|đọc hiểu,"[0.921, 0.771, 0.181, 0.304, 0.143, 0.731]",Y tế|chú ý đến chi tiết|giao tiếp|giao tiếp nói|giám sát|giải quyết vấn đề kỹ thuật|giải quyết vấn đề phức tạp|học chủ động|khoa học|khả năng thích ứng|kỹ năng máy tính|làm việc nhóm|lắng nghe tích cực|phán đoán & ra quyết định|phân tích dữ liệu|phối hợp|quản lý thời gian|tư duy logic|tư duy phản biện|viết|đọc hiểu
29-2031.00,Kỹ thuật viên và kỹ thuật viên về tim mạch,"Thực hiện các xét nghiệm trên hệ thống phổi hoặc tim mạch của bệnh nhân cho mục đích chẩn đoán, điều trị hoặc nghiên cứu. Có thể thực hiện hoặc hỗ trợ trong các xét nghiệm điện tim, ống dẫn tim, chức năng phổi, năng lực phổi và các xét sát tương tự.",Y tế|chú ý đến chi tiết|giao tiếp|giao tiếp nói|giám sát|giám sát vận hành|giải quyết vấn đề kỹ thuật|hướng dẫn|học chủ động|khả năng thích ứng|kỹ năng máy tính|làm việc nhóm|lắng nghe tích cực|nhạy bén xã hội|phán đoán & ra quyết định|phân tích dữ liệu|quản lý thời gian|tư duy logic|tư duy phản biện|viết|định hướng dịch vụ|đọc hiểu,"[0.787, 0.77, 0.143, 0.61, 0.19, 0.66]",Y tế|chú ý đến chi tiết|giao tiếp|giao tiếp nói|giám sát|giám sát vận hành|giải quyết vấn đề kỹ thuật|hướng dẫn|học chủ động|khả năng thích ứng|kỹ năng máy tính|làm việc nhóm|lắng nghe tích cực|nhạy bén xã hội|phán đoán & ra quyết định|phân tích dữ liệu|quản lý thời gian|tư duy logic|tư duy phản biện|viết|định hướng dịch vụ|đọc hiểu
29-2032.00,Các máy ghi âm y tế chẩn đoán,Tạo ra các ghi âm siêu âm của các cơ quan nội tạng để sử dụng bởi các bác sĩ.,Y tế|chú ý đến chi tiết|chăm sóc bệnh nhân|giao tiếp|giao tiếp nói|giao tiếp với bệnh nhân|giám sát|hướng dẫn|học chủ động|khoa học|khả năng thích ứng|làm việc dưới áp lực|làm việc nhóm|lắng nghe tích cực|nhạy bén xã hội|phối hợp|quản lý thời gian|tư duy phản biện|viết|đọc hiểu|đồng cảm,"[0.851, 0.673, 0.167, 0.593, 0.216, 0.734]",Y tế|chú ý đến chi tiết|chăm sóc bệnh nhân|giao tiếp|giao tiếp nói|giao tiếp với bệnh nhân|giám sát|hướng dẫn|học chủ động|khoa học|khả năng thích ứng|làm việc dưới áp lực|làm việc nhóm|lắng nghe tích cực|nhạy bén xã hội|phối hợp|quản lý thời gian|tư duy phản biện|viết|đọc hiểu|đồng cảm
29-2033.00,Các nhà công nghệ y học hạt nhân,"Chuẩn bị, quản lý và đo lường các đồng vị phóng xạ trong các nghiên cứu điều trị, chẩn đoán và theo dõi bằng cách sử dụng một loạt các thiết bị phân cực phóng xạ. Chuẩn bị các dung dịch dự trữ của các vật liệu phóng xạ và tính liều dùng bởi các bác sĩ phóng xạ. Đưa bệnh nhân vào bức xạ. Thực hiện nghiên cứu về khối lượng máu, sự sống sót của tế bào đỏ và hấp thụ chất béo theo các kỹ thuật phòng thí nghiệm tiêu chuẩn.",Y tế|chú ý đến chi tiết|giao tiếp|giao tiếp nói|giám sát|giải quyết vấn đề kỹ thuật|hướng dẫn|khoa học|khả năng thích ứng|kỹ năng máy tính|làm việc nhóm|lắng nghe tích cực|nhạy bén xã hội|phân tích dữ liệu|phối hợp|quản lý thời gian|tư duy logic|tư duy phản biện|viết|định hướng dịch vụ|đọc hiểu,"[0.856, 0.796, 0.143, 0.44, 0.187, 0.743]",Y tế|chú ý đến chi tiết|giao tiếp|giao tiếp nói|giám sát|giải quyết vấn đề kỹ thuật|hướng dẫn|khoa học|khả năng thích ứng|kỹ năng máy tính|làm việc nhóm|lắng nghe tích cực|nhạy bén xã hội|phân tích dữ liệu|phối hợp|quản lý thời gian|tư duy logic|tư duy phản biện|viết|định hướng dịch vụ|đọc hiểu
29-2034.00,Các công nghệ và kỹ thuật viên phóng xạ,X quang và chụp ảnh CAT hoặc đưa các vật liệu không phóng xạ vào máu của bệnh nhân cho mục đích chẩn đoán hoặc nghiên cứu. Bao gồm các nhà công nghệ và kỹ thuật viên phóng xạ chuyên về các phương pháp quét khác.,Y tế|bị khởi động và điều khiển|chú ý đến chi tiết|giao tiếp|giao tiếp nói|giám sát|giám sát vận hành|giải quyết vấn đề kỹ thuật|hướng dẫn|khả năng thích ứng|kỹ năng máy tính|làm việc nhóm|lắng nghe tích cực|nhạy bén xã hội|phân tích dữ liệu|phối hợp|quản lý thời gian|tư duy logic|tư duy phản biện|viết|định hướng dịch vụ|đọc hiểu,"[0.893, 0.661, 0.143, 0.511, 0.143, 0.696]",Y tế|bị khởi động và điều khiển|chú ý đến chi tiết|giao tiếp|giao tiếp nói|giám sát|giám sát vận hành|giải quyết vấn đề kỹ thuật|hướng dẫn|khả năng thích ứng|kỹ năng máy tính|làm việc nhóm|lắng nghe tích cực|nhạy bén xã hội|phân tích dữ liệu|phối hợp|quản lý thời gian|tư duy logic|tư duy phản biện|viết|định hướng dịch vụ|đọc hiểu
29-2035.00,Công nghệ hình ảnh cộng hưởng từ,"Sử dụng máy quét chụp cộng hưởng từ (MRI). Theo dõi sự an toàn và thoải mái của bệnh nhân, và xem hình ảnh của khu vực được quét để đảm bảo chất lượng hình ảnh. Có thể dùng liều độ tương phản gadolinium tĩnh mạch. Có thể phỏng vấn bệnh nhân, giải thích các thủ tục MRI, và đặt bệnh nhân trên bàn kiểm tra. Có thể nhập vào dữ liệu máy tính như lịch sử bệnh nhân, khu vực giải phẫu được quét, định hướng được chỉ định và vị trí nhập cảnh.",Y tế|bị khởi động và điều khiển|chú ý đến chi tiết|giao tiếp|giao tiếp nói|giám sát|giám sát vận hành|giải quyết vấn đề kỹ thuật|học chủ động|khả năng thích ứng|kỹ năng máy tính|làm việc nhóm|lắng nghe tích cực|nhạy bén xã hội|phân tích dữ liệu|quản lý thời gian|tư duy logic|tư duy phản biện|viết|định hướng dịch vụ|đọc hiểu,"[0.773, 0.673, 0.143, 0.489, 0.177, 0.704]",Y tế|bị khởi động và điều khiển|chú ý đến chi tiết|giao tiếp|giao tiếp nói|giám sát|giám sát vận hành|giải quyết vấn đề kỹ thuật|học chủ động|khả năng thích ứng|kỹ năng máy tính|làm việc nhóm|lắng nghe tích cực|nhạy bén xã hội|phân tích dữ liệu|quản lý thời gian|tư duy logic|tư duy phản biện|viết|định hướng dịch vụ|đọc hiểu
29-2036.00,Tiêu chuẩn liều lượng y tế,"Tạo các kế hoạch điều trị bức xạ, phát triển các tính toán liều phóng xạ, giao tiếp và giám sát việc thực hiện kế hoạch trị liệu, và tham khảo ý kiến các thành viên của nhóm ung thư bức xạ.",Y tế|chiến lược học tập|chú ý đến chi tiết|chăm sóc bệnh nhân|giao tiếp|giao tiếp nói|giao tiếp với bệnh nhân|giám sát|giải quyết vấn đề phức tạp|hướng dẫn|học chủ động|khả năng thích ứng|làm việc dưới áp lực|làm việc nhóm|lắng nghe tích cực|nhạy bén xã hội|phán đoán & ra quyết định|quản lý thời gian|toán học|tư duy phản biện|viết|đọc hiểu|đồng cảm,"[0.639, 0.749, 0.197, 0.526, 0.303, 0.706]",Y tế|chiến lược học tập|chú ý đến chi tiết|chăm sóc bệnh nhân|giao tiếp|giao tiếp nói|giao tiếp với bệnh nhân|giám sát|giải quyết vấn đề phức tạp|hướng dẫn|học chủ động|khả năng thích ứng|làm việc dưới áp lực|làm việc nhóm|lắng nghe tích cực|nhạy bén xã hội|phán đoán & ra quyết định|quản lý thời gian|toán học|tư duy phản biện|viết|đọc hiểu|đồng cảm
29-2042.00,Các kỹ thuật viên y tế khẩn cấp,Đánh giá các chấn thương và bệnh tật và cung cấp dịch vụ y tế khẩn cấp cơ bản. Có thể vận chuyển người bị thương hoặc bệnh đến các cơ sở y tế.,chú ý đến chi tiết|chăm sóc bệnh nhân|giao tiếp|giao tiếp với bệnh nhân|giải quyết vấn đề kỹ thuật|khả năng thích ứng|kỹ năng máy tính|làm việc dưới áp lực|làm việc nhóm|phân tích dữ liệu|quản lý thời gian|tư duy logic|tư duy phản biện|đồng cảm,"[0.779, 0.65, 0.143, 0.799, 0.22, 0.546]",chú ý đến chi tiết|chăm sóc bệnh nhân|giao tiếp|giao tiếp với bệnh nhân|giải quyết vấn đề kỹ thuật|khả năng thích ứng|kỹ năng máy tính|làm việc dưới áp lực|làm việc nhóm|phân tích dữ liệu|quản lý thời gian|tư duy logic|tư duy phản biện|đồng cảm
29-2043.00,Các nhân viên y tế,"Chăm sóc y tế cấp cứu cơ bản hoặc tiên tiến và đánh giá các chấn thương và bệnh tật. Có thể dùng thuốc tĩnh mạch, sử dụng thiết bị như EKG, hoặc hỗ trợ cuộc sống nâng cao cho những người bệnh hoặc bị thương.",chú ý đến chi tiết|chăm sóc bệnh nhân|giao tiếp|giao tiếp với bệnh nhân|khả năng thích ứng|làm việc dưới áp lực|làm việc nhóm|quản lý thời gian|tư duy phản biện|đồng cảm,"[0.749, 0.72, 0.143, 0.781, 0.264, 0.491]",chú ý đến chi tiết|chăm sóc bệnh nhân|giao tiếp|giao tiếp với bệnh nhân|khả năng thích ứng|làm việc dưới áp lực|làm việc nhóm|quản lý thời gian|tư duy phản biện|đồng cảm
29-2051.00,Các chuyên gia chế độ ăn uống,"Giúp trong việc cung cấp dịch vụ thực phẩm và các chương trình dinh dưỡng, dưới sự giám sát của một chuyên gia dinh dưỡng. Có thể lên kế hoạch và sản xuất bữa ăn dựa trên các hướng dẫn đã được thiết lập, dạy các nguyên tắc về thực phẩm và dinh dưỡng, hoặc tư vấn cho cá nhân.",Y tế|chiến lược học tập|giao tiếp|giao tiếp nói|giám sát|học chủ động|khả năng thích ứng|làm việc nhóm|lắng nghe tích cực|nhạy bén xã hội|phối hợp|quản lý thời gian|tư duy phản biện|viết|định hướng dịch vụ|đọc hiểu,"[0.549, 0.494, 0.35, 0.763, 0.351, 0.526]",Y tế|chiến lược học tập|giao tiếp|giao tiếp nói|giám sát|học chủ động|khả năng thích ứng|làm việc nhóm|lắng nghe tích cực|nhạy bén xã hội|phối hợp|quản lý thời gian|tư duy phản biện|viết|định hướng dịch vụ|đọc hiểu
29-2052.00,Các kỹ thuật viên dược phẩm,"Chuẩn bị thuốc theo hướng dẫn của một dược sĩ. Có thể đo, trộn, đếm, dán nhãn, và ghi lại số lượng và liều lượng thuốc theo các chỉ thị theo toa.",Y tế|chú ý đến chi tiết|giao tiếp|giao tiếp nói|giám sát|giải quyết vấn đề kỹ thuật|giải quyết vấn đề phức tạp|học chủ động|khả năng thích ứng|kỹ năng máy tính|làm việc nhóm|lắng nghe tích cực|nhạy bén xã hội|phán đoán & ra quyết định|phân tích dữ liệu|quản lý thời gian|tư duy logic|tư duy phản biện|viết|định hướng dịch vụ|đọc hiểu,"[0.58, 0.447, 0.143, 0.48, 0.364, 1.0]",Y tế|chú ý đến chi tiết|giao tiếp|giao tiếp nói|giám sát|giải quyết vấn đề kỹ thuật|giải quyết vấn đề phức tạp|học chủ động|khả năng thích ứng|kỹ năng máy tính|làm việc nhóm|lắng nghe tích cực|nhạy bén xã hội|phán đoán & ra quyết định|phân tích dữ liệu|quản lý thời gian|tư duy logic|tư duy phản biện|viết|định hướng dịch vụ|đọc hiểu
29-2053.00,Các kỹ thuật viên tâm thần,"Chăm sóc những người có tình trạng tâm thần hoặc cảm xúc hoặc khuyết tật, theo hướng dẫn của các bác sĩ hoặc các chuyên gia y tế khác. Theo dõi sức khỏe thể chất và cảm xúc của bệnh nhân và báo cáo cho nhân viên y tế. Có thể tham gia vào các chương trình phục hồi và điều trị, giúp vệ sinh cá nhân, và dùng thuốc uống hoặc tiêm.",Y tế|chiến lược học tập|chú ý đến chi tiết|giao tiếp|giao tiếp nói|giám sát|giải quyết vấn đề kỹ thuật|hướng dẫn|khả năng thích ứng|kỹ năng máy tính|làm việc nhóm|lắng nghe tích cực|nhạy bén xã hội|phân tích dữ liệu|phối hợp|quản lý thời gian|tư duy logic|tư duy phản biện|viết|định hướng dịch vụ|đọc hiểu,"[0.49, 0.661, 0.299, 0.959, 0.197, 0.519]",Y tế|chiến lược học tập|chú ý đến chi tiết|giao tiếp|giao tiếp nói|giám sát|giải quyết vấn đề kỹ thuật|hướng dẫn|khả năng thích ứng|kỹ năng máy tính|làm việc nhóm|lắng nghe tích cực|nhạy bén xã hội|phân tích dữ liệu|phối hợp|quản lý thời gian|tư duy logic|tư duy phản biện|viết|định hướng dịch vụ|đọc hiểu
29-2055.00,Các kỹ thuật viên phẫu thuật,"Giúp trong các hoạt động, dưới sự giám sát của các bác sĩ phẫu thuật, y tá đăng ký, hoặc nhân viên phẫu thuật khác. Có thể giúp thiết lập phòng phẫu thuật, chuẩn bị và vận chuyển bệnh nhân cho phẫu thuật , điều chỉnh đèn và thiết bị, chuyển dụng cụ và các vật dụng khác cho các bác sĩ phẫu thuật và trợ lý của bác sĩ, giữ máy kéo, cắt sutures, và giúp đếm bọt biển, kim, vật dụng và các công cụ.",Y tế|chiến lược học tập|chú ý đến chi tiết|giao tiếp|giao tiếp nói|giám sát|giám sát vận hành|giải quyết vấn đề kỹ thuật|học chủ động|khả năng thích ứng|kỹ năng máy tính|làm việc nhóm|lắng nghe tích cực|phân tích dữ liệu|phối hợp|quản lý thời gian|tư duy logic|tư duy phản biện|viết|định hướng dịch vụ|đọc hiểu,"[0.894, 0.46, 0.143, 0.546, 0.23, 0.693]",Y tế|chiến lược học tập|chú ý đến chi tiết|giao tiếp|giao tiếp nói|giám sát|giám sát vận hành|giải quyết vấn đề kỹ thuật|học chủ động|khả năng thích ứng|kỹ năng máy tính|làm việc nhóm|lắng nghe tích cực|phân tích dữ liệu|phối hợp|quản lý thời gian|tư duy logic|tư duy phản biện|viết|định hướng dịch vụ|đọc hiểu
29-2056.00,Kỹ thuật viên và kỹ thuật viên thú y,"Thực hiện các xét nghiệm y tế trong môi trường phòng thí nghiệm để sử dụng trong điều trị và chẩn đoán các bệnh ở động vật. Chuẩn bị vắc-xin và huyết thanh để ngăn ngừa bệnh tật. Chuẩn bị mẫu mô, lấy mẫu máu, và thực hiện xét nghiệm trong phòng thí nghiệm, chẳng hạn như phân tích nước tiểu và số lượng máu. Làm sạch và khử trùng dụng cụ và vật liệu và bảo trì thiết bị và máy móc. Có thể giúp bác sĩ thú y trong quá trình phẫu thuật.",Y tế|chú ý đến chi tiết|giao tiếp|giao tiếp nói|giám sát|giải quyết vấn đề kỹ thuật|giải quyết vấn đề phức tạp|học chủ động|khả năng thích ứng|kỹ năng máy tính|làm việc nhóm|lắng nghe tích cực|nhạy bén xã hội|phán đoán & ra quyết định|phân tích dữ liệu|phối hợp|quản lý thời gian|tư duy logic|tư duy phản biện|viết|định hướng dịch vụ|đọc hiểu,"[0.959, 0.751, 0.143, 0.431, 0.143, 0.651]",Y tế|chú ý đến chi tiết|giao tiếp|giao tiếp nói|giám sát|giải quyết vấn đề kỹ thuật|giải quyết vấn đề phức tạp|học chủ động|khả năng thích ứng|kỹ năng máy tính|làm việc nhóm|lắng nghe tích cực|nhạy bén xã hội|phán đoán & ra quyết định|phân tích dữ liệu|phối hợp|quản lý thời gian|tư duy logic|tư duy phản biện|viết|định hướng dịch vụ|đọc hiểu
29-2057.00,Các kỹ thuật viên y tế mắt,"Giúp các bác sĩ nhãn khoa bằng cách thực hiện các chức năng lâm sàng nhãn khoa. Có thể điều trị mắt, dùng thuốc mắt và hướng dẫn bệnh nhân chăm sóc và sử dụng ống kính điều chỉnh.",Y tế|chú ý đến chi tiết|chăm sóc bệnh nhân|giao tiếp|giao tiếp nói|giao tiếp với bệnh nhân|giám sát|giải quyết vấn đề kỹ thuật|học chủ động|khả năng thích ứng|kỹ năng máy tính|làm việc dưới áp lực|làm việc nhóm|lắng nghe tích cực|nhạy bén xã hội|phân tích dữ liệu|phối hợp|quản lý thời gian|tư duy logic|tư duy phản biện|viết|định hướng dịch vụ|đọc hiểu|đồng cảm,"[0.767, 0.68, 0.143, 0.639, 0.234, 0.687]",Y tế|chú ý đến chi tiết|chăm sóc bệnh nhân|giao tiếp|giao tiếp nói|giao tiếp với bệnh nhân|giám sát|giải quyết vấn đề kỹ thuật|học chủ động|khả năng thích ứng|kỹ năng máy tính|làm việc dưới áp lực|làm việc nhóm|lắng nghe tích cực|nhạy bén xã hội|phân tích dữ liệu|phối hợp|quản lý thời gian|tư duy logic|tư duy phản biện|viết|định hướng dịch vụ|đọc hiểu|đồng cảm
29-2061.00,Các y tá chuyên nghiệp và y tá có giấy phép,"Chăm sóc bệnh nhân, người bị thương hoặc người khuyết tật trong bệnh viện, nhà dưỡng lão, phòng khám, nhà riêng, nhà nhóm và các tổ chức tương tự. Có thể làm việc dưới sự giám sát của một y tá đăng ký. Phải có giấy phép.",Y tế|giao tiếp|giao tiếp nói|giám sát|học chủ động|khả năng thích ứng|làm việc nhóm|lắng nghe tích cực|nhạy bén xã hội|phán đoán & ra quyết định|phối hợp|quản lý thời gian|tư duy phản biện|viết|định hướng dịch vụ|đọc hiểu,"[0.654, 0.524, 0.153, 0.787, 0.304, 0.653]",Y tế|giao tiếp|giao tiếp nói|giám sát|học chủ động|khả năng thích ứng|làm việc nhóm|lắng nghe tích cực|nhạy bén xã hội|phán đoán & ra quyết định|phối hợp|quản lý thời gian|tư duy phản biện|viết|định hướng dịch vụ|đọc hiểu
29-2072.00,Các chuyên gia hồ sơ y tế,"Thu thập, xử lý và duy trì hồ sơ y tế của bệnh nhân bệnh viện và phòng khám theo cách phù hợp với các yêu cầu y tế, hành chính, đạo đức, pháp lý và quy định của hệ thống chăm sóc sức khỏe. Lập các khái niệm y tế và chăm sóc sức khỏe, bao gồm chẩn đoán, thủ tục, dịch vụ y tế, và thiết bị, vào hệ thống mã hóa số của ngành y tế. Bao gồm các mã hóa y tế.",chú ý đến chi tiết|chăm sóc bệnh nhân|giao tiếp|giao tiếp với bệnh nhân|khả năng thích ứng|làm việc dưới áp lực|làm việc nhóm|quản lý thời gian|tư duy phản biện|đồng cảm,"[0.409, 0.619, 0.143, 0.483, 0.269, 0.996]",chú ý đến chi tiết|chăm sóc bệnh nhân|giao tiếp|giao tiếp với bệnh nhân|khả năng thích ứng|làm việc dưới áp lực|làm việc nhóm|quản lý thời gian|tư duy phản biện|đồng cảm
29-2081.00,"Các bác sĩ quang học, phân phối","Thiết kế, đo lường, phù hợp và điều chỉnh ống kính và khung cho khách hàng theo quy định hoặc đặc điểm quang học bằng văn bản. Giúp khách hàng vào, loại bỏ và chăm sóc kính áp tròng. Giúp khách hàng chọn khung hình. Đánh giá khách hàng cho kích thước kính và phối hợp khung bằng cách đo khuôn mặt và mắt và kê đơn quang học. Chuẩn bị lệnh làm việc cho phòng thí nghiệm quang học chứa hướng dẫn để nghiền và lắp đặt ống kính trong khung. Kiểm tra độ chính xác của kính ống kính hoàn thành. Điều chỉnh vị trí khung và ống kính để phù hợp với khách hàng. Có thể định hình hoặc định hình lại khung. Bao gồm các chuyên gia quang học kính áp tròng.",Y tế|chiến lược học tập|chú ý đến chi tiết|chăm sóc bệnh nhân|giao tiếp|giao tiếp nói|giao tiếp với bệnh nhân|học chủ động|khả năng thích ứng|làm việc dưới áp lực|làm việc nhóm|lắng nghe tích cực|nhạy bén xã hội|phối hợp|quản lý thời gian|thuyết phục|tư duy phản biện|viết|đàm phán|định hướng dịch vụ|đọc hiểu|đồng cảm,"[0.616, 0.319, 0.206, 0.433, 0.467, 0.783]",Y tế|chiến lược học tập|chú ý đến chi tiết|chăm sóc bệnh nhân|giao tiếp|giao tiếp nói|giao tiếp với bệnh nhân|học chủ động|khả năng thích ứng|làm việc dưới áp lực|làm việc nhóm|lắng nghe tích cực|nhạy bén xã hội|phối hợp|quản lý thời gian|thuyết phục|tư duy phản biện|viết|đàm phán|định hướng dịch vụ|đọc hiểu|đồng cảm
29-2091.00,Các chuyên gia chỉnh hình và giả mổ,"Thiết kế, đo lường, phù hợp và điều chỉnh dây đeo chỉnh hình, thiết bị thiết bị hoặc giả mạo, chẳng hạn như các chiên hoặc bộ phận khuôn mặt cho bệnh nhân bị điều kiện khuyết tật.",Y tế|giao tiếp|giao tiếp nói|giám sát|giải quyết vấn đề phức tạp|học chủ động|khả năng thích ứng|làm việc nhóm|lắng nghe tích cực|nhạy bén xã hội|phán đoán & ra quyết định|quản lý thời gian|tư duy phản biện|viết|định hướng dịch vụ|đọc hiểu,"[0.824, 0.729, 0.307, 0.633, 0.227, 0.514]",Y tế|giao tiếp|giao tiếp nói|giám sát|giải quyết vấn đề phức tạp|học chủ động|khả năng thích ứng|làm việc nhóm|lắng nghe tích cực|nhạy bén xã hội|phán đoán & ra quyết định|quản lý thời gian|tư duy phản biện|viết|định hướng dịch vụ|đọc hiểu
29-2092.00,Các chuyên gia trợ thính,"Chọn và trang bị dụng cụ trợ thính cho khách hàng. Quản lý và giải thích các bài kiểm tra thính thính. Đánh giá hiệu quả của dụng cụ nghe. Lấy ấn tượng tai và chuẩn bị, thiết kế và sửa đổi khuôn tai.",Y tế|giao tiếp|giao tiếp nói|giám sát|hướng dẫn|học chủ động|khả năng thích ứng|làm việc nhóm|lắng nghe tích cực|nhạy bén xã hội|quản lý thời gian|thuyết phục|tư duy phản biện|viết|định hướng dịch vụ|đọc hiểu,"[0.524, 0.624, 0.256, 0.677, 0.259, 0.601]",Y tế|giao tiếp|giao tiếp nói|giám sát|hướng dẫn|học chủ động|khả năng thích ứng|làm việc nhóm|lắng nghe tích cực|nhạy bén xã hội|quản lý thời gian|thuyết phục|tư duy phản biện|viết|định hướng dịch vụ|đọc hiểu
29-2099.01,Các nhà công nghệ thần kinh,"Thực hiện các xét nghiệm electroneurodiagnostic (END) như electroencephalogram, tiềm năng gợi lên, polysomnogram, hoặc electronystagmogram. Có thể thực hiện nghiên cứu dẫn dây thần kinh.",Y tế|chiến lược học tập|chú ý đến chi tiết|giao tiếp|giao tiếp nói|giám sát|giải quyết vấn đề kỹ thuật|hướng dẫn|học chủ động|khả năng thích ứng|kỹ năng máy tính|làm việc nhóm|lắng nghe tích cực|nhạy bén xã hội|phán đoán & ra quyết định|phân tích dữ liệu|quản lý thời gian|tư duy logic|tư duy phản biện|viết|đọc hiểu,"[0.754, 0.814, 0.21, 0.511, 0.189, 0.649]",Y tế|chiến lược học tập|chú ý đến chi tiết|giao tiếp|giao tiếp nói|giám sát|giải quyết vấn đề kỹ thuật|hướng dẫn|học chủ động|khả năng thích ứng|kỹ năng máy tính|làm việc nhóm|lắng nghe tích cực|nhạy bén xã hội|phán đoán & ra quyết định|phân tích dữ liệu|quản lý thời gian|tư duy logic|tư duy phản biện|viết|đọc hiểu
29-2099.05,Công nghệ y tế mắt,"Giúp bác sĩ mắt bằng cách thực hiện các chức năng lâm sàng mắt và chụp ảnh mắt. Cung cấp hướng dẫn và giám sát cho nhân viên mắt khác. Giúp trong các thủ tục phẫu thuật nhỏ, áp dụng các kỹ thuật aseptic và chuẩn bị dụng cụ. Có thể thực hiện kiểm tra mắt, dùng thuốc mắt và hướng dẫn bệnh nhân chăm sóc và sử dụng ống kính điều chỉnh.",Y tế|chú ý đến chi tiết|chăm sóc bệnh nhân|giao tiếp|giao tiếp nói|giao tiếp với bệnh nhân|giám sát|giải quyết vấn đề kỹ thuật|hướng dẫn|khả năng thích ứng|kỹ năng máy tính|làm việc dưới áp lực|làm việc nhóm|lắng nghe tích cực|nhạy bén xã hội|phán đoán & ra quyết định|phân tích dữ liệu|phối hợp|quản lý thời gian|tư duy logic|tư duy phản biện|viết|định hướng dịch vụ|đọc hiểu|đồng cảm,"[0.776, 0.674, 0.17, 0.614, 0.287, 0.669]",Y tế|chú ý đến chi tiết|chăm sóc bệnh nhân|giao tiếp|giao tiếp nói|giao tiếp với bệnh nhân|giám sát|giải quyết vấn đề kỹ thuật|hướng dẫn|khả năng thích ứng|kỹ năng máy tính|làm việc dưới áp lực|làm việc nhóm|lắng nghe tích cực|nhạy bén xã hội|phán đoán & ra quyết định|phân tích dữ liệu|phối hợp|quản lý thời gian|tư duy logic|tư duy phản biện|viết|định hướng dịch vụ|đọc hiểu|đồng cảm
29-2099.08,Các đại diện bệnh nhân,"Giúp bệnh nhân nhận dịch vụ, hiểu chính sách và đưa ra quyết định chăm sóc sức khỏe.",Y tế|giao tiếp|giao tiếp nói|hướng dẫn|học chủ động|khả năng thích ứng|làm việc nhóm|lắng nghe tích cực|nhạy bén xã hội|phối hợp|quản lý thời gian|thuyết phục|tư duy phản biện|viết|định hướng dịch vụ|đọc hiểu,"[0.184, 0.579, 0.226, 0.963, 0.439, 0.531]",Y tế|giao tiếp|giao tiếp nói|hướng dẫn|học chủ động|khả năng thích ứng|làm việc nhóm|lắng nghe tích cực|nhạy bén xã hội|phối hợp|quản lý thời gian|thuyết phục|tư duy phản biện|viết|định hướng dịch vụ|đọc hiểu
29-9021.00,Các nhà công nghệ thông tin y tế và các nhà đăng ký y tế,"Sử dụng kiến thức về hệ thống chăm sóc sức khỏe và hệ thống thông tin để hỗ trợ trong việc thiết kế, phát triển và tiếp tục sửa đổi và phân tích hệ thống y tế máy tính. Tóm lại, thu thập và phân tích thông tin điều trị và theo dõi của bệnh nhân. Có thể đào tạo nhân viên và hỗ trợ giải quyết vấn đề để thúc đẩy việc triển khai hệ thống thông tin chăm sóc sức khỏe. Có thể thiết kế, phát triển, kiểm tra và triển khai cơ sở dữ liệu với lịch sử, chẩn đoán, điều trị và tình trạng sức khỏe đầy đủ để giúp theo dõi các bệnh.",chú ý đến chi tiết|chăm sóc bệnh nhân|giao tiếp|giao tiếp với bệnh nhân|giải quyết vấn đề kỹ thuật|khả năng thích ứng|kỹ năng máy tính|làm việc dưới áp lực|làm việc nhóm|phân tích dữ liệu|quản lý thời gian|tư duy logic|tư duy phản biện|đồng cảm,"[0.354, 0.74, 0.17, 0.543, 0.314, 0.851]",chú ý đến chi tiết|chăm sóc bệnh nhân|giao tiếp|giao tiếp với bệnh nhân|giải quyết vấn đề kỹ thuật|khả năng thích ứng|kỹ năng máy tính|làm việc dưới áp lực|làm việc nhóm|phân tích dữ liệu|quản lý thời gian|tư duy logic|tư duy phản biện|đồng cảm
29-9091.00,Các huấn luyện viên thể thao,"Đánh giá và điều trị các chấn thương hoặc bệnh về cơ bắp xương, cung cấp sự chăm sóc phòng ngừa, điều trị, khẩn cấp và phục hồi.",Y tế|chiến lược học tập|giao tiếp|giao tiếp nói|giám sát|hướng dẫn|học chủ động|khả năng thích ứng|làm việc nhóm|lắng nghe tích cực|nhạy bén xã hội|phán đoán & ra quyết định|quản lý thời gian|tư duy phản biện|viết|đọc hiểu,"[0.791, 0.627, 0.156, 0.814, 0.324, 0.474]",Y tế|chiến lược học tập|giao tiếp|giao tiếp nói|giám sát|hướng dẫn|học chủ động|khả năng thích ứng|làm việc nhóm|lắng nghe tích cực|nhạy bén xã hội|phán đoán & ra quyết định|quản lý thời gian|tư duy phản biện|viết|đọc hiểu
29-9092.00,Các nhà tư vấn về di truyền,"Đánh giá nguy cơ cá nhân hoặc gia đình đối với một loạt các tình trạng di truyền, chẳng hạn như rối loạn di truyền và khuyết tật bẩm sinh. Cung cấp thông tin cho các nhà cung cấp dịch vụ chăm sóc sức khỏe khác hoặc cho các cá nhân và gia đình có liên quan đến nguy cơ mắc các bệnh di truyền. Tư vấn cho các cá nhân và gia đình để hỗ trợ việc đưa ra quyết định thông minh và các phương pháp đối phó cho những người có nguy cơ. Có thể giúp tiến hành nghiên cứu liên quan đến các tình trạng di truyền hoặc tư vấn di truyền.",Y tế|chiến lược học tập|giao tiếp|giao tiếp nói|giải quyết vấn đề phức tạp|hướng dẫn|học chủ động|khoa học|khả năng thích ứng|làm việc nhóm|lắng nghe tích cực|nhạy bén xã hội|phán đoán & ra quyết định|quản lý thời gian|tư duy phản biện|viết|đọc hiểu,"[0.237, 0.837, 0.334, 0.779, 0.39, 0.556]",Y tế|chiến lược học tập|giao tiếp|giao tiếp nói|giải quyết vấn đề phức tạp|hướng dẫn|học chủ động|khoa học|khả năng thích ứng|làm việc nhóm|lắng nghe tích cực|nhạy bén xã hội|phán đoán & ra quyết định|quản lý thời gian|tư duy phản biện|viết|đọc hiểu
29-9093.00,Các trợ lý phẫu thuật,"Giúp trong các hoạt động, dưới sự giám sát của các bác sĩ phẫu thuật. Có thể, theo luật của tiểu bang, giúp các bác sĩ phẫu thuật cắt và đóng các vị trí phẫu thuật, thao tác hoặc loại bỏ các mô, cấy ghép các thiết bị phẫu thuật hoặc thoát nước, hút vị trí hoạt động, đặt các ống khớp, cẹp hoặc cauterize các mạch hoặc mô, và áp dụng dải vào vị trí điều trị.",Y tế|giao tiếp|giao tiếp nói|giám sát|giám sát vận hành|giải quyết vấn đề phức tạp|khả năng thích ứng|làm việc nhóm|lắng nghe tích cực|nhạy bén xã hội|phối hợp|quản lý thời gian|tư duy phản biện|viết|định hướng dịch vụ|đọc hiểu,"[0.814, 0.496, 0.143, 0.547, 0.251, 0.634]",Y tế|giao tiếp|giao tiếp nói|giám sát|giám sát vận hành|giải quyết vấn đề phức tạp|khả năng thích ứng|làm việc nhóm|lắng nghe tích cực|nhạy bén xã hội|phối hợp|quản lý thời gian|tư duy phản biện|viết|định hướng dịch vụ|đọc hiểu
29-9099.01,Phụ nữ hộ sinh,Cung cấp dịch vụ chăm sóc trước khi sinh và hỗ trợ sinh.,Y tế|giao tiếp|giao tiếp nói|giám sát|học chủ động|khả năng thích ứng|làm việc nhóm|lắng nghe tích cực|nhạy bén xã hội|phán đoán & ra quyết định|phối hợp|quản lý thời gian|tư duy phản biện|viết|định hướng dịch vụ|đọc hiểu,"[0.54, 0.554, 0.254, 0.856, 0.384, 0.51]",Y tế|giao tiếp|giao tiếp nói|giám sát|học chủ động|khả năng thích ứng|làm việc nhóm|lắng nghe tích cực|nhạy bén xã hội|phán đoán & ra quyết định|phối hợp|quản lý thời gian|tư duy phản biện|viết|định hướng dịch vụ|đọc hiểu
31-1121.00,Thuốc chăm sóc sức khỏe tại nhà,"Kiểm tra tình trạng sức khỏe của người khuyết tật hoặc bệnh tật, và giải quyết các nhu cầu sức khỏe liên quan của họ, chẳng hạn như thay băng, trang phục vết thương, hoặc dùng thuốc. Công việc được thực hiện dưới sự chỉ đạo của nhân viên điều dưỡng được cấp phép ngoài địa điểm hoặc gián đoạn tại địa điểm. Cung cấp sự trợ giúp với các công việc chăm sóc sức khỏe thường xuyên hoặc các hoạt động hàng ngày, chẳng hạn như ăn uống, tắm, vệ sinh hoặc di tản. Nó cũng có thể giúp đỡ trong những công việc như chuẩn bị bữa ăn, làm việc trong nhà nhẹ, và giặt quần áo tùy thuộc vào khả năng của bệnh nhân.",Chăm sóc sức khỏe hỗ trợ|chú ý đến chi tiết|chăm sóc bệnh nhân|giao tiếp|giao tiếp nói|giao tiếp với bệnh nhân|giám sát|hướng dẫn|học chủ động|khả năng thích ứng|làm việc dưới áp lực|làm việc nhóm|lắng nghe tích cực|nhạy bén xã hội|quản lý thời gian|thuyết phục|tư duy phản biện|viết|định hướng dịch vụ|đọc hiểu|đồng cảm,"[0.601, 0.454, 0.213, 0.904, 0.251, 0.503]",Chăm sóc sức khỏe hỗ trợ|chú ý đến chi tiết|chăm sóc bệnh nhân|giao tiếp|giao tiếp nói|giao tiếp với bệnh nhân|giám sát|hướng dẫn|học chủ động|khả năng thích ứng|làm việc dưới áp lực|làm việc nhóm|lắng nghe tích cực|nhạy bén xã hội|quản lý thời gian|thuyết phục|tư duy phản biện|viết|định hướng dịch vụ|đọc hiểu|đồng cảm
31-1122.00,Hỗ trợ chăm sóc cá nhân,"Cung cấp sự hỗ trợ cá nhân cho những người khuyết tật hoặc bệnh tật cần sự giúp đỡ trong việc chăm sóc cá nhân và các hoạt động hỗ trợ cuộc sống hàng ngày (ví dụ: ăn uống, tắm, mặc quần áo, dọn dẹp, vệ sinh và di tản). Họ cũng có thể giúp đỡ trong những công việc như chuẩn bị bữa ăn, làm việc trong nhà nhẹ và giặt quần áo. Công việc được thực hiện trong nhiều môi trường khác nhau tùy thuộc vào nhu cầu của người được chăm sóc và có thể bao gồm các địa điểm như nhà của họ, nơi làm việc, trong cộng đồng hoặc tại một cơ sở không thường trú ban ngày.",Chăm sóc sức khỏe hỗ trợ|chú ý đến chi tiết|chăm sóc bệnh nhân|giao tiếp|giao tiếp nói|giao tiếp với bệnh nhân|giám sát|hướng dẫn|khả năng thích ứng|làm việc dưới áp lực|làm việc nhóm|lắng nghe tích cực|nhạy bén xã hội|phối hợp|quản lý thời gian|tư duy phản biện|định hướng dịch vụ|đọc hiểu|đồng cảm,"[0.517, 0.26, 0.257, 0.887, 0.366, 0.546]",Chăm sóc sức khỏe hỗ trợ|chú ý đến chi tiết|chăm sóc bệnh nhân|giao tiếp|giao tiếp nói|giao tiếp với bệnh nhân|giám sát|hướng dẫn|khả năng thích ứng|làm việc dưới áp lực|làm việc nhóm|lắng nghe tích cực|nhạy bén xã hội|phối hợp|quản lý thời gian|tư duy phản biện|định hướng dịch vụ|đọc hiểu|đồng cảm
31-1131.00,Các trợ lý y tá,"Cung cấp hoặc hỗ trợ chăm sóc cơ bản dưới sự hướng dẫn của nhân viên điều dưỡng có giấy phép tại chỗ. Thực hiện các nhiệm vụ như giám sát tình trạng sức khỏe, cho ăn, tắm, mặc quần áo, dọn dẹp, vệ sinh hoặc di tản bệnh nhân trong một cơ sở y tế hoặc y tá. Có thể bao gồm việc quản lý thuốc và các nhiệm vụ liên quan đến sức khỏe khác. Bao gồm những người chăm sóc y tá, những người giúp y tá và những người y tá.",Chăm sóc sức khỏe hỗ trợ|giao tiếp|giao tiếp nói|giám sát|khả năng thích ứng|làm việc nhóm|lắng nghe tích cực|nhạy bén xã hội|phối hợp|quản lý thời gian|tư duy phản biện|định hướng dịch vụ|đọc hiểu,"[0.657, 0.39, 0.143, 0.817, 0.251, 0.603]",Chăm sóc sức khỏe hỗ trợ|giao tiếp|giao tiếp nói|giám sát|khả năng thích ứng|làm việc nhóm|lắng nghe tích cực|nhạy bén xã hội|phối hợp|quản lý thời gian|tư duy phản biện|định hướng dịch vụ|đọc hiểu
31-1132.00,Trợ lao,"Chuyển bệnh nhân đến các khu vực như phòng phẫu thuật hoặc phòng chụp x-quang bằng xe lăn, ghế dài hoặc giường di chuyển. Có thể duy trì dự trữ hàng hóa hoặc thiết bị sạch và vận chuyển. Các bác sĩ tâm thần được đưa vào các bộ phận trợ lý tâm thần.",Chăm sóc sức khỏe hỗ trợ|giao tiếp|giao tiếp nói|khả năng thích ứng|làm việc nhóm|lắng nghe tích cực|nhạy bén xã hội|quản lý thời gian|tư duy phản biện|định hướng dịch vụ,"[0.784, 0.316, 0.143, 0.62, 0.174, 0.633]",Chăm sóc sức khỏe hỗ trợ|giao tiếp|giao tiếp nói|khả năng thích ứng|làm việc nhóm|lắng nghe tích cực|nhạy bén xã hội|quản lý thời gian|tư duy phản biện|định hướng dịch vụ
31-1133.00,Hỗ trợ tâm thần,"Giúp những bệnh nhân bị suy giảm tinh thần hoặc rối loạn cảm xúc, làm việc dưới sự hướng dẫn của các y tá và nhân viên y tế. Có thể hỗ trợ các hoạt động sống hàng ngày, dẫn dắt bệnh nhân trong các hoạt hình giáo dục và giải trí, hoặc đi cùng bệnh nhân đến và từ khám và điều trị. Có thể ngăn chặn bệnh nhân bạo lực. Bao gồm cả các bác sĩ tâm thần.",Chăm sóc sức khỏe hỗ trợ|chiến lược học tập|giao tiếp|giao tiếp nói|giám sát|giải quyết vấn đề phức tạp|hướng dẫn|học chủ động|khả năng thích ứng|làm việc nhóm|lắng nghe tích cực|nhạy bén xã hội|phối hợp|quản lý thời gian|tư duy phản biện|viết|định hướng dịch vụ|đọc hiểu,"[0.519, 0.576, 0.259, 0.947, 0.263, 0.567]",Chăm sóc sức khỏe hỗ trợ|chiến lược học tập|giao tiếp|giao tiếp nói|giám sát|giải quyết vấn đề phức tạp|hướng dẫn|học chủ động|khả năng thích ứng|làm việc nhóm|lắng nghe tích cực|nhạy bén xã hội|phối hợp|quản lý thời gian|tư duy phản biện|viết|định hướng dịch vụ|đọc hiểu
31-2011.00,Các trợ lý điều trị nghề nghiệp,"Giúp các nhà trị liệu nghề nghiệp trong việc cung cấp các phương pháp điều trị và thủ tục trị liệu lao động. Có thể, theo luật của tiểu bang, hỗ trợ trong việc phát triển các kế hoạch điều trị, thực hiện các chức năng thường xuyên, trực tiếp các chương trình hoạt động, và ghi lại tiến trình điều trị. Thông thường đòi hỏi đào tạo chính thức.",Chăm sóc sức khỏe hỗ trợ|chiến lược học tập|giao tiếp|giao tiếp nói|giám sát|hướng dẫn|học chủ động|khả năng thích ứng|làm việc nhóm|lắng nghe tích cực|nhạy bén xã hội|quản lý thời gian|tư duy phản biện|viết|định hướng dịch vụ|đọc hiểu,"[0.521, 0.496, 0.306, 0.896, 0.159, 0.547]",Chăm sóc sức khỏe hỗ trợ|chiến lược học tập|giao tiếp|giao tiếp nói|giám sát|hướng dẫn|học chủ động|khả năng thích ứng|làm việc nhóm|lắng nghe tích cực|nhạy bén xã hội|quản lý thời gian|tư duy phản biện|viết|định hướng dịch vụ|đọc hiểu
31-2012.00,Những trợ lý điều trị nghề nghiệp,"Dưới sự giám sát chặt chẽ của một nhà trị liệu nghề nghiệp hoặc trợ lý liệu pháp nghề nghiệp, chỉ thực hiện các nhiệm vụ ủy quyền, chọn lọc hoặc thường xuyên trong các tình huống cụ thể. Các nhiệm vụ này bao gồm việc chuẩn bị cho bệnh nhân và phòng điều trị.",Chăm sóc sức khỏe hỗ trợ|giao tiếp|giao tiếp nói|giám sát|giải quyết vấn đề phức tạp|học chủ động|khả năng thích ứng|làm việc nhóm|lắng nghe tích cực|nhạy bén xã hội|phối hợp|quản lý thời gian|tư duy phản biện|viết|định hướng dịch vụ|đọc hiểu,"[0.559, 0.364, 0.241, 0.857, 0.26, 0.531]",Chăm sóc sức khỏe hỗ trợ|giao tiếp|giao tiếp nói|giám sát|giải quyết vấn đề phức tạp|học chủ động|khả năng thích ứng|làm việc nhóm|lắng nghe tích cực|nhạy bén xã hội|phối hợp|quản lý thời gian|tư duy phản biện|viết|định hướng dịch vụ|đọc hiểu
31-2021.00,Các trợ lý vật lý trị liệu,"Giúp các nhà trị liệu thể chất trong việc cung cấp các phương pháp điều trị và thủ tục trị liệu vật lý. Có thể, theo luật của tiểu bang, hỗ trợ trong việc phát triển các kế hoạch điều trị, thực hiện các chức năng thường xuyên, ghi lại tiến trình điều trị và sửa đổi các phương pháp điều trị cụ thể phù hợp với tình trạng bệnh nhân và trong phạm vi kế hoạch trị liệu được thiết lập bởi một nhà trị liệu thể chất. Thông thường đòi hỏi đào tạo chính thức.",Chăm sóc sức khỏe hỗ trợ|chiến lược học tập|giao tiếp|giao tiếp nói|giám sát|hướng dẫn|học chủ động|khả năng thích ứng|làm việc nhóm|lắng nghe tích cực|nhạy bén xã hội|quản lý thời gian|tư duy phản biện|viết|định hướng dịch vụ|đọc hiểu,"[0.637, 0.521, 0.219, 0.916, 0.193, 0.54]",Chăm sóc sức khỏe hỗ trợ|chiến lược học tập|giao tiếp|giao tiếp nói|giám sát|hướng dẫn|học chủ động|khả năng thích ứng|làm việc nhóm|lắng nghe tích cực|nhạy bén xã hội|quản lý thời gian|tư duy phản biện|viết|định hướng dịch vụ|đọc hiểu
31-2022.00,Thợ trị liệu thể chất,"Dưới sự giám sát chặt chẽ của một nhà trị liệu thể chất hoặc trợ lý liệu pháp thể chất, chỉ thực hiện các nhiệm vụ ủy quyền, chọn lọc hoặc thường xuyên trong các tình huống cụ thể.",Chăm sóc sức khỏe hỗ trợ|giao tiếp|giao tiếp nói|giám sát|hướng dẫn|học chủ động|khả năng thích ứng|làm việc nhóm|lắng nghe tích cực|nhạy bén xã hội|phối hợp|quản lý thời gian|tư duy phản biện|viết|định hướng dịch vụ|đọc hiểu,"[0.696, 0.364, 0.156, 0.836, 0.291, 0.554]",Chăm sóc sức khỏe hỗ trợ|giao tiếp|giao tiếp nói|giám sát|hướng dẫn|học chủ động|khả năng thích ứng|làm việc nhóm|lắng nghe tích cực|nhạy bén xã hội|phối hợp|quản lý thời gian|tư duy phản biện|viết|định hướng dịch vụ|đọc hiểu
31-9011.00,Các nhà trị liệu massage,"Thực hiện massage trị liệu của các mô mềm và khớp. Có thể giúp đánh giá phạm vi chuyển động và sức mạnh cơ bắp, hoặc đề xuất kế hoạch điều trị cho khách hàng.",Chăm sóc sức khỏe hỗ trợ|giao tiếp|giao tiếp nói|giám sát|giải quyết vấn đề phức tạp|học chủ động|khả năng thích ứng|làm việc nhóm|lắng nghe tích cực|nhạy bén xã hội|phán đoán & ra quyết định|quản lý thời gian|tư duy phản biện|viết|định hướng dịch vụ|đọc hiểu,"[0.681, 0.551, 0.323, 0.821, 0.296, 0.376]",Chăm sóc sức khỏe hỗ trợ|giao tiếp|giao tiếp nói|giám sát|giải quyết vấn đề phức tạp|học chủ động|khả năng thích ứng|làm việc nhóm|lắng nghe tích cực|nhạy bén xã hội|phán đoán & ra quyết định|quản lý thời gian|tư duy phản biện|viết|định hướng dịch vụ|đọc hiểu
31-9091.00,Các trợ lý nha khoa,"Thực hiện các nhiệm vụ lâm sàng hạn chế dưới sự hướng dẫn của nha sĩ. Các nhiệm vụ lâm sàng có thể bao gồm việc chuẩn bị và khử trùng thiết bị, chuẩn bị cho bệnh nhân điều trị, hỗ trợ nha sĩ trong quá trình điều trị và cung cấp cho các bệnh nhân các hướng dẫn về các thủ tục chăm sóc sức khỏe răng miệng. Có thể thực hiện các nhiệm vụ hành chính như lập lịch hẹn, duy trì hồ sơ y tế, hóa đơn và mã hóa thông tin cho mục đích bảo hiểm.",Chăm sóc sức khỏe hỗ trợ|giao tiếp|giao tiếp nói|giám sát|hướng dẫn|học chủ động|khả năng thích ứng|làm việc nhóm|lắng nghe tích cực|nhạy bén xã hội|quản lý thời gian|tư duy phản biện|viết|định hướng dịch vụ|đọc hiểu,"[0.641, 0.507, 0.143, 0.621, 0.191, 0.78]",Chăm sóc sức khỏe hỗ trợ|giao tiếp|giao tiếp nói|giám sát|hướng dẫn|học chủ động|khả năng thích ứng|làm việc nhóm|lắng nghe tích cực|nhạy bén xã hội|quản lý thời gian|tư duy phản biện|viết|định hướng dịch vụ|đọc hiểu
31-9092.00,Các trợ lý y tế,"Thực hiện các nhiệm vụ hành chính và một số nhiệm vụ lâm sàng theo hướng dẫn của bác sĩ. Các nhiệm vụ hành chính có thể bao gồm lập lịch hẹn, lưu giữ hồ sơ y tế, hóa đơn và mã hóa thông tin cho mục đích bảo hiểm. Các nhiệm vụ lâm sàng có thể bao gồm lấy và ghi lại các dấu hiệu quan trọng và lịch sử y tế, chuẩn bị cho bệnh nhân được kiểm tra, lấy máu và dùng thuốc theo hướng dẫn của bác sĩ.",Chăm sóc sức khỏe hỗ trợ|chiến lược học tập|chú ý đến chi tiết|chăm sóc bệnh nhân|giao tiếp|giao tiếp nói|giao tiếp với bệnh nhân|giám sát|học chủ động|khả năng thích ứng|làm việc dưới áp lực|làm việc nhóm|lắng nghe tích cực|nhạy bén xã hội|phối hợp|quản lý thời gian|tư duy phản biện|viết|định hướng dịch vụ|đọc hiểu|đồng cảm,"[0.58, 0.543, 0.143, 0.687, 0.283, 0.823]",Chăm sóc sức khỏe hỗ trợ|chiến lược học tập|chú ý đến chi tiết|chăm sóc bệnh nhân|giao tiếp|giao tiếp nói|giao tiếp với bệnh nhân|giám sát|học chủ động|khả năng thích ứng|làm việc dưới áp lực|làm việc nhóm|lắng nghe tích cực|nhạy bén xã hội|phối hợp|quản lý thời gian|tư duy phản biện|viết|định hướng dịch vụ|đọc hiểu|đồng cảm
31-9093.00,Chuẩn bị thiết bị y tế,"Chuẩn bị, khử trùng, lắp đặt hoặc làm sạch thiết bị phòng thí nghiệm hoặc chăm sóc sức khỏe.",Chăm sóc sức khỏe hỗ trợ|chú ý đến chi tiết|chăm sóc bệnh nhân|giao tiếp|giao tiếp nói|giao tiếp với bệnh nhân|giám sát|giám sát vận hành|học chủ động|khả năng thích ứng|làm việc dưới áp lực|làm việc nhóm|lắng nghe tích cực|phán đoán & ra quyết định|phân tích kiểm soát chất lượng|phối hợp|quản lý thời gian|troubleshooting|tư duy phản biện|đọc hiểu|đồng cảm,"[0.973, 0.489, 0.143, 0.324, 0.143, 0.79]",Chăm sóc sức khỏe hỗ trợ|chú ý đến chi tiết|chăm sóc bệnh nhân|giao tiếp|giao tiếp nói|giao tiếp với bệnh nhân|giám sát|giám sát vận hành|học chủ động|khả năng thích ứng|làm việc dưới áp lực|làm việc nhóm|lắng nghe tích cực|phán đoán & ra quyết định|phân tích kiểm soát chất lượng|phối hợp|quản lý thời gian|troubleshooting|tư duy phản biện|đọc hiểu|đồng cảm
31-9094.00,Các nhà biên dịch y tế,"Chuyển lại các báo cáo y tế được ghi lại bởi các bác sĩ và các chuyên gia chăm sóc sức khỏe khác sử dụng các thiết bị điện tử khác nhau, bao gồm các chuyến thăm văn phòng, thăm phòng cấp cứu, nghiên cứu hình ảnh chẩn đoán, phẫu thuật, xem xét biểu đồ và tóm tắt cuối cùng. Chuyển lại các báo cáo được quy định và dịch các viết tắt thành hình thức hoàn toàn dễ hiểu. chỉnh sửa khi cần thiết và trả lại các báo cáo dưới dạng in hoặc điện tử để xem xét và ký kết, hoặc sửa chữa.",Chăm sóc sức khỏe hỗ trợ|chú ý đến chi tiết|chăm sóc bệnh nhân|giao tiếp|giao tiếp nói|giao tiếp với bệnh nhân|giám sát|khả năng thích ứng|làm việc dưới áp lực|làm việc nhóm|lắng nghe tích cực|phán đoán & ra quyết định|quản lý thời gian|tư duy phản biện|viết|đọc hiểu|đồng cảm,"[0.351, 0.511, 0.25, 0.527, 0.174, 0.889]",Chăm sóc sức khỏe hỗ trợ|chú ý đến chi tiết|chăm sóc bệnh nhân|giao tiếp|giao tiếp nói|giao tiếp với bệnh nhân|giám sát|khả năng thích ứng|làm việc dưới áp lực|làm việc nhóm|lắng nghe tích cực|phán đoán & ra quyết định|quản lý thời gian|tư duy phản biện|viết|đọc hiểu|đồng cảm
31-9095.00,Thuốc thuốc,"Có thể ghi lại thuốc được giao đến hiệu thuốc, lưu trữ hàng hóa đến và thông báo cho người giám sát về nhu cầu hàng tồn kho.",Chăm sóc sức khỏe hỗ trợ|giao tiếp|giao tiếp nói|khả năng thích ứng|làm việc nhóm|lắng nghe tích cực|nhạy bén xã hội|phán đoán & ra quyết định|phối hợp|quản lý thời gian|tư duy phản biện|định hướng dịch vụ|đọc hiểu,"[0.519, 0.216, 0.143, 0.45, 0.553, 0.976]",Chăm sóc sức khỏe hỗ trợ|giao tiếp|giao tiếp nói|khả năng thích ứng|làm việc nhóm|lắng nghe tích cực|nhạy bén xã hội|phán đoán & ra quyết định|phối hợp|quản lý thời gian|tư duy phản biện|định hướng dịch vụ|đọc hiểu
31-9096.00,Các trợ lý thú y và người chăm sóc động vật phòng thí nghiệm,"Chăn nuôi, nước và kiểm tra thú cưng và động vật khác không thuộc nông trại để tìm thấy dấu hiệu bệnh tật, bệnh tật hoặc chấn thương trong phòng thí nghiệm và bệnh viện và phòng khám động vật. Làm sạch và khử trùng các lồng và khu vực làm việc, và làm vô trùng thiết bị phòng thí nghiệm và phẫu thuật. Có thể cung cấp dịch vụ chăm sóc sau phẫu thuật thường xuyên, dùng thuốc bằng đường uống hoặc tại chỗ, hoặc chuẩn bị mẫu để xét nghiệm trong phòng thí nghiệm dưới sự giám sát của các kỹ sư hoặc kỹ thuật viên thú y thú y hoặc thí nghiệm, bác sĩ thú y hay các nhà khoa học.",Chăm sóc sức khỏe hỗ trợ|chú ý đến chi tiết|chăm sóc bệnh nhân|giao tiếp|giao tiếp nói|giao tiếp với bệnh nhân|giám sát|học chủ động|khả năng thích ứng|làm việc dưới áp lực|làm việc nhóm|lắng nghe tích cực|nhạy bén xã hội|phối hợp|quản lý thời gian|tư duy phản biện|viết|định hướng dịch vụ|đọc hiểu|đồng cảm,"[0.901, 0.606, 0.143, 0.499, 0.143, 0.563]",Chăm sóc sức khỏe hỗ trợ|chú ý đến chi tiết|chăm sóc bệnh nhân|giao tiếp|giao tiếp nói|giao tiếp với bệnh nhân|giám sát|học chủ động|khả năng thích ứng|làm việc dưới áp lực|làm việc nhóm|lắng nghe tích cực|nhạy bén xã hội|phối hợp|quản lý thời gian|tư duy phản biện|viết|định hướng dịch vụ|đọc hiểu|đồng cảm
31-9097.00,Phlebotomist,"Lấy máu để xét nghiệm, truyền máu, quyên góp hoặc nghiên cứu. có thể giải thích thủ tục cho bệnh nhân và giúp phục hồi bệnh nhân bị phản ứng phụ.",Chăm sóc sức khỏe hỗ trợ|chiến lược học tập|giao tiếp|giao tiếp nói|giám sát|học chủ động|khả năng thích ứng|làm việc nhóm|lắng nghe tích cực|nhạy bén xã hội|phối hợp|quản lý thời gian|tư duy phản biện|viết|định hướng dịch vụ|đọc hiểu,"[0.793, 0.649, 0.143, 0.527, 0.206, 0.776]",Chăm sóc sức khỏe hỗ trợ|chiến lược học tập|giao tiếp|giao tiếp nói|giám sát|học chủ động|khả năng thích ứng|làm việc nhóm|lắng nghe tích cực|nhạy bén xã hội|phối hợp|quản lý thời gian|tư duy phản biện|viết|định hướng dịch vụ|đọc hiểu
31-9099.01,Các trợ lý bệnh lý ngôn ngữ nói,"Giúp các nhà bệnh lý ngôn ngữ nói trong việc đánh giá và điều trị rối loạn ngôn ngữ, ngôn ngữ và giọng nói. Thực hiện các chương trình nói và ngôn ngữ hoặc các hoạt động theo kế hoạch và hướng dẫn của các nhà bệnh lý ngôn ngữ nói. Theo dõi việc sử dụng các thiết bị và hệ thống truyền thông thay thế.",Chăm sóc sức khỏe hỗ trợ|chiến lược học tập|giao tiếp|giao tiếp nói|giám sát|giải quyết vấn đề phức tạp|học chủ động|khả năng thích ứng|làm việc nhóm|lắng nghe tích cực|nhạy bén xã hội|quản lý thời gian|tư duy phản biện|viết|định hướng dịch vụ|đọc hiểu,"[0.323, 0.626, 0.406, 0.79, 0.219, 0.689]",Chăm sóc sức khỏe hỗ trợ|chiến lược học tập|giao tiếp|giao tiếp nói|giám sát|giải quyết vấn đề phức tạp|học chủ động|khả năng thích ứng|làm việc nhóm|lắng nghe tích cực|nhạy bén xã hội|quản lý thời gian|tư duy phản biện|viết|định hướng dịch vụ|đọc hiểu
31-9099.02,Kỹ thuật endoscopy,Giữ một cánh đồng vô sinh để hỗ trợ cho các bác sĩ và y tá trong quá trình khám nội soi. Chuẩn bị và bảo trì các dụng cụ và thiết bị. Có thể lấy mẫu.,Chăm sóc sức khỏe hỗ trợ|chú ý đến chi tiết|giao tiếp|giao tiếp nói|giám sát|giám sát vận hành|giải quyết vấn đề kỹ thuật|hướng dẫn|học chủ động|khả năng thích ứng|kỹ năng máy tính|làm việc nhóm|lắng nghe tích cực|nhạy bén xã hội|phân tích dữ liệu|phối hợp|quản lý thời gian|tư duy logic|tư duy phản biện|viết|đọc hiểu,"[0.903, 0.587, 0.143, 0.47, 0.15, 0.703]",Chăm sóc sức khỏe hỗ trợ|chú ý đến chi tiết|giao tiếp|giao tiếp nói|giám sát|giám sát vận hành|giải quyết vấn đề kỹ thuật|hướng dẫn|học chủ động|khả năng thích ứng|kỹ năng máy tính|làm việc nhóm|lắng nghe tích cực|nhạy bén xã hội|phân tích dữ liệu|phối hợp|quản lý thời gian|tư duy logic|tư duy phản biện|viết|đọc hiểu
33-1011.00,Người giám sát hàng đầu của các sĩ quan sửa chữa,Giám sát trực tiếp và phối hợp các hoạt động của các cảnh sát và người quản lý nhà tù.,An ninh/Cứu hoả|giao tiếp|giao tiếp nói|giám sát|khả năng thích ứng|làm việc nhóm|lắng nghe tích cực|nhạy bén xã hội|phối hợp|quản lý nguồn nhân lực|quản lý thời gian|thuyết phục|tư duy phản biện|viết|đọc hiểu,"[0.496, 0.259, 0.143, 0.654, 0.917, 0.716]",An ninh/Cứu hoả|giao tiếp|giao tiếp nói|giám sát|khả năng thích ứng|làm việc nhóm|lắng nghe tích cực|nhạy bén xã hội|phối hợp|quản lý nguồn nhân lực|quản lý thời gian|thuyết phục|tư duy phản biện|viết|đọc hiểu
33-1012.00,Các giám sát viên cảnh sát và thám tử hàng đầu,Giám sát trực tiếp và phối hợp các hoạt động của các thành viên lực lượng cảnh sát.,An ninh/Cứu hoả|chiến lược học tập|giao tiếp|giao tiếp nói|giám sát|giải quyết vấn đề phức tạp|học chủ động|khả năng thích ứng|làm việc nhóm|lắng nghe tích cực|nhạy bén xã hội|phối hợp|quản lý nguồn nhân lực|quản lý thời gian|thuyết phục|tư duy phản biện|viết|đọc hiểu,"[0.473, 0.329, 0.157, 0.553, 1.0, 0.739]",An ninh/Cứu hoả|chiến lược học tập|giao tiếp|giao tiếp nói|giám sát|giải quyết vấn đề phức tạp|học chủ động|khả năng thích ứng|làm việc nhóm|lắng nghe tích cực|nhạy bén xã hội|phối hợp|quản lý nguồn nhân lực|quản lý thời gian|thuyết phục|tư duy phản biện|viết|đọc hiểu
33-1021.00,Người giám sát hàng đầu của nhân viên cứu hỏa và phòng ngừa,Giám sát trực tiếp và phối hợp các hoạt động của công nhân tham gia vào việc chữa cháy và phòng ngừa và kiểm soát cháy.,An ninh/Cứu hoả|chiến lược học tập|giao tiếp|giao tiếp nói|giám sát|hướng dẫn|khả năng thích ứng|làm việc nhóm|lắng nghe tích cực|nhạy bén xã hội|phán đoán & ra quyết định|phối hợp|quản lý nguồn nhân lực|quản lý thời gian|tư duy phản biện|định hướng dịch vụ|đọc hiểu,"[0.734, 0.321, 0.143, 0.531, 0.879, 0.667]",An ninh/Cứu hoả|chiến lược học tập|giao tiếp|giao tiếp nói|giám sát|hướng dẫn|khả năng thích ứng|làm việc nhóm|lắng nghe tích cực|nhạy bén xã hội|phán đoán & ra quyết định|phối hợp|quản lý nguồn nhân lực|quản lý thời gian|tư duy phản biện|định hướng dịch vụ|đọc hiểu
33-1091.00,Các giám sát viên hàng đầu của nhân viên an ninh,Giám sát và phối hợp trực tiếp các hoạt động của nhân viên an ninh và lính canh.,An ninh/Cứu hoả|giao tiếp|giao tiếp nói|giám sát|giải quyết vấn đề phức tạp|khả năng thích ứng|làm việc nhóm|lắng nghe tích cực|nhạy bén xã hội|phán đoán & ra quyết định|phối hợp|quản lý nguồn nhân lực|quản lý thời gian|tư duy phản biện|viết|đọc hiểu,"[0.594, 0.251, 0.143, 0.509, 0.843, 0.737]",An ninh/Cứu hoả|giao tiếp|giao tiếp nói|giám sát|giải quyết vấn đề phức tạp|khả năng thích ứng|làm việc nhóm|lắng nghe tích cực|nhạy bén xã hội|phán đoán & ra quyết định|phối hợp|quản lý nguồn nhân lực|quản lý thời gian|tư duy phản biện|viết|đọc hiểu
33-1099.00,"First-Line Supervisors of Protective Service Workers, Khác",Thực hiện các nhiệm vụ đa dạng không được bao gồm trong các danh mục nghề nghiệp cụ thể khác trong lĩnh vực này.,Khác|Tổng quát|giao tiếp|khác|khả năng thích ứng|làm việc nhóm|quản lý thời gian|tư duy phản biện|tổng quát|đa dạng,"[0.712, 0.393, 0.16, 0.46, 0.558, 0.706]",Khác|Tổng quát|giao tiếp|khác|khả năng thích ứng|làm việc nhóm|quản lý thời gian|tư duy phản biện|tổng quát|đa dạng
33-2011.00,Các lính cứu hỏa,"Kiểm soát và tiêu diệt cháy hoặc đáp ứng các tình huống khẩn cấp khi có nguy cơ cho sự sống, tài sản hoặc môi trường. Các nhiệm vụ có thể bao gồm phòng ngừa cháy, dịch vụ y tế khẩn cấp, đáp ứng vật chất nguy hiểm, tìm kiếm và cứu hộ, và hỗ trợ thảm họa.",An ninh/Cứu hoả|giao tiếp|giao tiếp nói|giám sát|học chủ động|khả năng thích ứng|làm việc nhóm|lắng nghe tích cực|nhạy bén xã hội|phán đoán & ra quyết định|phối hợp|quản lý thời gian|tư duy phản biện|viết|định hướng dịch vụ|đọc hiểu,"[0.931, 0.416, 0.186, 0.486, 0.43, 0.494]",An ninh/Cứu hoả|giao tiếp|giao tiếp nói|giám sát|học chủ động|khả năng thích ứng|làm việc nhóm|lắng nghe tích cực|nhạy bén xã hội|phán đoán & ra quyết định|phối hợp|quản lý thời gian|tư duy phản biện|viết|định hướng dịch vụ|đọc hiểu
33-2021.00,Các thanh tra và điều tra cứu hỏa,"Kiểm tra các tòa nhà để phát hiện nguy cơ cháy và thực thi các quy định địa phương và luật pháp tiểu bang, hoặc điều tra và thu thập dữ liệu để xác định nguyên nhân của đám cháy và vụ nổ.",An ninh/Cứu hoả|giao tiếp|giao tiếp nói|giám sát|giải quyết vấn đề phức tạp|hướng dẫn|khả năng thích ứng|làm việc nhóm|lắng nghe tích cực|nhạy bén xã hội|phối hợp|quản lý thời gian|thuyết phục|tư duy phản biện|viết|định hướng dịch vụ|đọc hiểu,"[0.777, 0.621, 0.147, 0.37, 0.471, 0.74]",An ninh/Cứu hoả|giao tiếp|giao tiếp nói|giám sát|giải quyết vấn đề phức tạp|hướng dẫn|khả năng thích ứng|làm việc nhóm|lắng nghe tích cực|nhạy bén xã hội|phối hợp|quản lý thời gian|thuyết phục|tư duy phản biện|viết|định hướng dịch vụ|đọc hiểu
33-2022.00,Các thanh tra và chuyên gia phòng ngừa cháy rừng,"Thực hiện các quy định về hỏa hoạn, kiểm tra rừng về nguy cơ cháy và khuyến cáo các biện pháp phòng ngừa hoặc kiểm soát hỏa hỏa rừng.",An ninh/Cứu hoả|giao tiếp|giao tiếp nói|giám sát|giải quyết vấn đề phức tạp|hướng dẫn|học chủ động|khả năng thích ứng|làm việc nhóm|lắng nghe tích cực|phán đoán & ra quyết định|phối hợp|quản lý nguồn nhân lực|quản lý thời gian|tư duy phản biện|đọc hiểu,"[0.884, 0.524, 0.17, 0.476, 0.483, 0.644]",An ninh/Cứu hoả|giao tiếp|giao tiếp nói|giám sát|giải quyết vấn đề phức tạp|hướng dẫn|học chủ động|khả năng thích ứng|làm việc nhóm|lắng nghe tích cực|phán đoán & ra quyết định|phối hợp|quản lý nguồn nhân lực|quản lý thời gian|tư duy phản biện|đọc hiểu
33-3011.00,Các thẩm phán,Giữ trật tự trong tòa án.,An ninh/Cứu hoả|giao tiếp|giao tiếp nói|giám sát|khả năng thích ứng|làm việc nhóm|lắng nghe tích cực|nhạy bén xã hội|phán đoán & ra quyết định|quản lý thời gian|tư duy phản biện,"[0.72, 0.304, 0.143, 0.43, 0.547, 0.697]",An ninh/Cứu hoả|giao tiếp|giao tiếp nói|giám sát|khả năng thích ứng|làm việc nhóm|lắng nghe tích cực|nhạy bén xã hội|phán đoán & ra quyết định|quản lý thời gian|tư duy phản biện
33-3012.00,Cảnh sát và tù nhân,"Bảo vệ tù nhân tại các tổ chức hình sự hoặc cải tạo theo quy định và thủ tục được thiết lập. Có thể bảo vệ tù nhân trong quá trình giao thông giữa nhà tù, tòa án, nhà tù hoặc điểm khác. Bao gồm các phó cảnh sát trưởng và cảnh sát dành phần lớn thời gian của họ để bảo vệ tù nhân trong các cơ sở sửa chữa.",An ninh/Cứu hoả|giao tiếp|giao tiếp nói|giám sát|giải quyết vấn đề phức tạp|học chủ động|khả năng thích ứng|làm việc nhóm|lắng nghe tích cực|nhạy bén xã hội|phán đoán & ra quyết định|phối hợp|quản lý thời gian|thuyết phục|tư duy phản biện|đàm phán|đọc hiểu,"[0.764, 0.244, 0.144, 0.556, 0.459, 0.671]",An ninh/Cứu hoả|giao tiếp|giao tiếp nói|giám sát|giải quyết vấn đề phức tạp|học chủ động|khả năng thích ứng|làm việc nhóm|lắng nghe tích cực|nhạy bén xã hội|phán đoán & ra quyết định|phối hợp|quản lý thời gian|thuyết phục|tư duy phản biện|đàm phán|đọc hiểu
33-3021.00,Các thám tử và các nhà điều tra tội phạm,"Thực hiện các cuộc điều tra liên quan đến nghi ngờ vi phạm luật liên bang, tiểu bang hoặc địa phương để ngăn ngừa hoặc giải quyết tội phạm.",An ninh/Cứu hoả|giao tiếp|giao tiếp nói|giám sát|giải quyết vấn đề phức tạp|học chủ động|khả năng thích ứng|làm việc nhóm|lắng nghe tích cực|nhạy bén xã hội|phán đoán & ra quyết định|phối hợp|quản lý thời gian|tư duy phản biện|viết|định hướng dịch vụ|đọc hiểu,"[0.597, 0.7, 0.171, 0.39, 0.577, 0.69]",An ninh/Cứu hoả|giao tiếp|giao tiếp nói|giám sát|giải quyết vấn đề phức tạp|học chủ động|khả năng thích ứng|làm việc nhóm|lắng nghe tích cực|nhạy bén xã hội|phán đoán & ra quyết định|phối hợp|quản lý thời gian|tư duy phản biện|viết|định hướng dịch vụ|đọc hiểu
33-3021.02,Nhân viên nhận dạng và hồ sơ cảnh sát,"Thu thập bằng chứng tại hiện trường tội phạm, phân loại và xác định dấu vân tay và chụp ảnh bằng chứng để sử dụng trong các vụ án hình sự và dân sự.",An ninh/Cứu hoả|chiến lược học tập|giao tiếp|giao tiếp nói|giám sát|học chủ động|khả năng thích ứng|làm việc nhóm|lắng nghe tích cực|nhạy bén xã hội|phối hợp|quản lý thời gian|thuyết phục|tư duy phản biện|viết|đọc hiểu,"[0.633, 0.553, 0.221, 0.291, 0.436, 0.83]",An ninh/Cứu hoả|chiến lược học tập|giao tiếp|giao tiếp nói|giám sát|học chủ động|khả năng thích ứng|làm việc nhóm|lắng nghe tích cực|nhạy bén xã hội|phối hợp|quản lý thời gian|thuyết phục|tư duy phản biện|viết|đọc hiểu
33-3021.06,Các nhà phân tích tình báo,"Thu thập, phân tích hoặc đánh giá thông tin từ nhiều nguồn khác nhau, chẳng hạn như cơ sở dữ liệu thực thi pháp luật, giám sát, mạng tình báo hoặc hệ thống thông tin địa lý. Sử dụng dữ liệu tình báo để dự đoán và ngăn chặn các hoạt động tội phạm có tổ chức, chẳng hạn như khủng bố.",An ninh/Cứu hoả|giao tiếp|giao tiếp nói|giám sát|giải quyết vấn đề phức tạp|học chủ động|khả năng thích ứng|làm việc nhóm|lắng nghe tích cực|nhạy bén xã hội|phán đoán & ra quyết định|phối hợp|quản lý thời gian|tư duy phản biện|viết|đọc hiểu,"[0.336, 0.84, 0.311, 0.273, 0.519, 0.787]",An ninh/Cứu hoả|giao tiếp|giao tiếp nói|giám sát|giải quyết vấn đề phức tạp|học chủ động|khả năng thích ứng|làm việc nhóm|lắng nghe tích cực|nhạy bén xã hội|phán đoán & ra quyết định|phối hợp|quản lý thời gian|tư duy phản biện|viết|đọc hiểu
33-3031.00,Những người bảo vệ cá và động vật,Đội tuần tra phân bổ khu vực để ngăn chặn vi phạm pháp luật cá và game điều tra báo cáo thiệt hại cho cây trồng hoặc tài sản bởi động vật hoang dã biên soạn dữ liệu sinh học,An ninh/Cứu hoả|giao tiếp|giao tiếp nói|giám sát|giải quyết vấn đề phức tạp|học chủ động|khả năng thích ứng|làm việc nhóm|lắng nghe tích cực|nhạy bén xã hội|phán đoán & ra quyết định|phối hợp|quản lý thời gian|thuyết phục|tư duy phản biện|viết|đọc hiểu,"[0.909, 0.557, 0.143, 0.333, 0.431, 0.623]",An ninh/Cứu hoả|giao tiếp|giao tiếp nói|giám sát|giải quyết vấn đề phức tạp|học chủ động|khả năng thích ứng|làm việc nhóm|lắng nghe tích cực|nhạy bén xã hội|phán đoán & ra quyết định|phối hợp|quản lý thời gian|thuyết phục|tư duy phản biện|viết|đọc hiểu
33-3041.00,Công nhân quản lý bãi đậu xe,"Khu vực tuần tra được chỉ định, chẳng hạn như bãi đậu xe công cộng hoặc đường phố thành phố để phát hành vé cho những người vi phạm thời gian đỗ xe và xe đậu bất hợp pháp.",An ninh/Cứu hoả|giao tiếp|giao tiếp nói|giám sát|khả năng thích ứng|làm việc nhóm|lãnh đạo|lập kế hoạch chiến lược|lắng nghe tích cực|nhạy bén xã hội|phối hợp|quản lý dự án|quản lý nhóm|quản lý thời gian|ra quyết định|tư duy phản biện|định hướng dịch vụ|đọc hiểu,"[0.907, 0.203, 0.143, 0.369, 0.449, 0.781]",An ninh/Cứu hoả|giao tiếp|giao tiếp nói|giám sát|khả năng thích ứng|làm việc nhóm|lãnh đạo|lập kế hoạch chiến lược|lắng nghe tích cực|nhạy bén xã hội|phối hợp|quản lý dự án|quản lý nhóm|quản lý thời gian|ra quyết định|tư duy phản biện|định hướng dịch vụ|đọc hiểu
33-3051.00,Cảnh sát và cảnh sát cảnh sát,"Giữ trật tự và bảo vệ sự sống và tài sản bằng cách thực thi các luật và quy định địa phương, bộ lạc, tiểu bang hoặc liên bang. Thực hiện một sự kết hợp của các nhiệm vụ sau đây: tuần tra một khu vực cụ thể; giao thông trực tiếp; phát hành lời triệu tập giao thông; điều tra tai nạn; bắt giữ và bắt giữ nghi phạm, hoặc phục vụ các quy trình pháp lý của tòa án. Bao gồm các sĩ quan cảnh sát làm việc tại các tổ chức giáo dục.",An ninh/Cứu hoả|giao tiếp|giao tiếp nói|giám sát|học chủ động|khả năng thích ứng|làm việc nhóm|lắng nghe tích cực|nhạy bén xã hội|phán đoán & ra quyết định|phối hợp|quản lý thời gian|thuyết phục|tư duy phản biện|viết|đọc hiểu,"[0.767, 0.393, 0.153, 0.49, 0.584, 0.621]",An ninh/Cứu hoả|giao tiếp|giao tiếp nói|giám sát|học chủ động|khả năng thích ứng|làm việc nhóm|lắng nghe tích cực|nhạy bén xã hội|phán đoán & ra quyết định|phối hợp|quản lý thời gian|thuyết phục|tư duy phản biện|viết|đọc hiểu
33-3051.04,Nhân viên hải quan và bảo vệ biên giới,"Điều tra và kiểm tra những người, vận chuyển thông thường, hàng hóa và hàng hóa, đến hoặc rời khỏi Hoa Kỳ hoặc giữa các tiểu bang để phát hiện vi phạm luật nhập cư và quy định hải quan.",An ninh/Cứu hoả|giao tiếp|giao tiếp nói|giám sát|học chủ động|khả năng thích ứng|làm việc nhóm|lắng nghe tích cực|nhạy bén xã hội|phán đoán & ra quyết định|phối hợp|quản lý thời gian|tư duy phản biện|viết|đọc hiểu,"[0.487, 0.377, 0.143, 0.374, 0.617, 0.753]",An ninh/Cứu hoả|giao tiếp|giao tiếp nói|giám sát|học chủ động|khả năng thích ứng|làm việc nhóm|lắng nghe tích cực|nhạy bén xã hội|phán đoán & ra quyết định|phối hợp|quản lý thời gian|tư duy phản biện|viết|đọc hiểu
33-3052.00,Cảnh sát giao thông và đường sắt,"Bảo vệ và cảnh sát đường sắt và tài sản giao thông, nhân viên hoặc hành khách.",An ninh/Cứu hoả|chiến lược học tập|giao tiếp|giao tiếp nói|giám sát|giải quyết vấn đề phức tạp|học chủ động|khả năng thích ứng|làm việc nhóm|lắng nghe tích cực|nhạy bén xã hội|phán đoán & ra quyết định|phối hợp|quản lý thời gian|thuyết phục|tư duy phản biện|viết|đọc hiểu,"[0.839, 0.346, 0.143, 0.364, 0.469, 0.723]",An ninh/Cứu hoả|chiến lược học tập|giao tiếp|giao tiếp nói|giám sát|giải quyết vấn đề phức tạp|học chủ động|khả năng thích ứng|làm việc nhóm|lắng nghe tích cực|nhạy bén xã hội|phán đoán & ra quyết định|phối hợp|quản lý thời gian|thuyết phục|tư duy phản biện|viết|đọc hiểu
33-9011.00,Công nhân kiểm soát động vật,"Lấy động vật để điều tra về việc ngược đãi hoặc kiểm soát động vật bị bỏ hoang, nguy hiểm hoặc không giám sát.",An ninh/Cứu hoả|giao tiếp|giao tiếp nói|giám sát|khả năng thích ứng|làm việc nhóm|lắng nghe tích cực|nhạy bén xã hội|phán đoán & ra quyết định|phối hợp|quản lý thời gian|thuyết phục|tư duy phản biện|viết|định hướng dịch vụ|đọc hiểu,"[0.847, 0.511, 0.143, 0.37, 0.301, 0.55]",An ninh/Cứu hoả|giao tiếp|giao tiếp nói|giám sát|khả năng thích ứng|làm việc nhóm|lắng nghe tích cực|nhạy bén xã hội|phán đoán & ra quyết định|phối hợp|quản lý thời gian|thuyết phục|tư duy phản biện|viết|định hướng dịch vụ|đọc hiểu
33-9021.00,Các thám tử và điều tra viên tư nhân,"Thu thập, phân tích, biên soạn và báo cáo thông tin liên quan đến các cá nhân hoặc tổ chức cho khách hàng, hoặc phát hiện sự xảy ra các hành vi bất hợp pháp hoặc vi phạm các quy tắc trong cơ sở tư nhân.",An ninh/Cứu hoả|giao tiếp|giao tiếp nói|giám sát|giải quyết vấn đề phức tạp|học chủ động|khả năng thích ứng|làm việc nhóm|lắng nghe tích cực|nhạy bén xã hội|phán đoán & ra quyết định|phối hợp|quản lý thời gian|tư duy phản biện|viết|đọc hiểu,"[0.347, 0.56, 0.211, 0.406, 0.589, 0.773]",An ninh/Cứu hoả|giao tiếp|giao tiếp nói|giám sát|giải quyết vấn đề phức tạp|học chủ động|khả năng thích ứng|làm việc nhóm|lắng nghe tích cực|nhạy bén xã hội|phán đoán & ra quyết định|phối hợp|quản lý thời gian|tư duy phản biện|viết|đọc hiểu
33-9031.00,Các quan chức giám sát cờ bạc và các nhà điều tra cờ bạc,"Quan sát hoạt động cờ bạc cho các hoạt động bất hợp pháp như gian lận hoặc trộm cắp bởi cả nhân viên hoặc khách hàng. Tìm hiểu những mối đe dọa tiềm tàng đối với tài sản cờ bạc như tiền bạc, chip và thiết bị cờ bạc. Làm việc như một nhân viên giám sát và bảo mật cho quản lý và khách hàng.",An ninh/Cứu hoả|giao tiếp|giao tiếp nói|giám sát|hướng dẫn|học chủ động|khả năng thích ứng|làm việc nhóm|lắng nghe tích cực|nhạy bén xã hội|phán đoán & ra quyết định|phối hợp|quản lý thời gian|tư duy phản biện|viết|đọc hiểu,"[0.603, 0.309, 0.143, 0.31, 0.689, 0.806]",An ninh/Cứu hoả|giao tiếp|giao tiếp nói|giám sát|hướng dẫn|học chủ động|khả năng thích ứng|làm việc nhóm|lắng nghe tích cực|nhạy bén xã hội|phán đoán & ra quyết định|phối hợp|quản lý thời gian|tư duy phản biện|viết|đọc hiểu
33-9032.00,Cảnh sát an ninh,"Bảo vệ, tuần tra hoặc giám sát các cơ sở để ngăn chặn trộm cắp, bạo lực hoặc vi phạm quy tắc.",An ninh/Cứu hoả|giao tiếp|giao tiếp nói|giám sát|khả năng thích ứng|làm việc nhóm|lắng nghe tích cực|nhạy bén xã hội|phán đoán & ra quyết định|phối hợp|quản lý thời gian|thuyết phục|tư duy phản biện|đọc hiểu,"[0.886, 0.314, 0.143, 0.397, 0.421, 0.696]",An ninh/Cứu hoả|giao tiếp|giao tiếp nói|giám sát|khả năng thích ứng|làm việc nhóm|lắng nghe tích cực|nhạy bén xã hội|phán đoán & ra quyết định|phối hợp|quản lý thời gian|thuyết phục|tư duy phản biện|đọc hiểu
33-9091.00,Những người bảo vệ và người đóng cờ,"Chỉ dẫn hoặc kiểm soát giao thông xe hơi hoặc người đi bộ tại những nơi như đường phố, trường học, đường sắt hoặc khu xây dựng.",An ninh/Cứu hoả|giao tiếp|giao tiếp nói|khả năng thích ứng|làm việc nhóm|nhạy bén xã hội|quản lý thời gian|tư duy phản biện,"[0.837, 0.231, 0.164, 0.44, 0.433, 0.507]",An ninh/Cứu hoả|giao tiếp|giao tiếp nói|khả năng thích ứng|làm việc nhóm|nhạy bén xã hội|quản lý thời gian|tư duy phản biện
33-9092.00,"Các nhân viên cứu hộ, tuần tra trượt tuyết và các nhân viên bảo vệ giải trí khác","Kiểm tra các khu vực giải trí, chẳng hạn như hồ bơi, bãi biển hoặc trượt tuyết, để hỗ trợ và bảo vệ người tham gia.",An ninh/Cứu hoả|chiến lược học tập|giao tiếp|giao tiếp nói|giám sát|giải quyết vấn đề phức tạp|khả năng thích ứng|làm việc nhóm|lắng nghe tích cực|nhạy bén xã hội|phán đoán & ra quyết định|phối hợp|quản lý thời gian|tư duy phản biện|định hướng dịch vụ,"[0.911, 0.32, 0.143, 0.594, 0.409, 0.501]",An ninh/Cứu hoả|chiến lược học tập|giao tiếp|giao tiếp nói|giám sát|giải quyết vấn đề phức tạp|khả năng thích ứng|làm việc nhóm|lắng nghe tích cực|nhạy bén xã hội|phán đoán & ra quyết định|phối hợp|quản lý thời gian|tư duy phản biện|định hướng dịch vụ
33-9093.00,Máy kiểm tra an ninh giao thông,"Thực hiện kiểm tra hành khách, hành lý hoặc hàng hóa để đảm bảo tuân thủ các quy định của Cơ quan An ninh Giao thông (TSA). Có thể vận hành thiết bị an ninh cơ bản như máy x-quang và gậy tay tại các trạm kiểm tra sàng lọc.",An ninh/Cứu hoả|giao tiếp|giao tiếp nói|giám sát|học chủ động|khả năng thích ứng|làm việc nhóm|lắng nghe tích cực|nhạy bén xã hội|phán đoán & ra quyết định|phối hợp|quản lý thời gian|thuyết phục|tư duy phản biện|định hướng dịch vụ|đọc hiểu,"[0.759, 0.316, 0.143, 0.309, 0.356, 0.81]",An ninh/Cứu hoả|giao tiếp|giao tiếp nói|giám sát|học chủ động|khả năng thích ứng|làm việc nhóm|lắng nghe tích cực|nhạy bén xã hội|phán đoán & ra quyết định|phối hợp|quản lý thời gian|thuyết phục|tư duy phản biện|định hướng dịch vụ|đọc hiểu
33-9094.00,Bộ giám sát xe buýt trường học,Giữ trật tự giữa các học sinh trên xe buýt trường. Nhiệm vụ bao gồm giúp học sinh vào và ra ngoài an toàn và giao tiếp các vấn đề về hành vi. Có thể thực hiện kiểm tra trước và sau chuyến đi và chuẩn bị và hỗ trợ trong việc sơ tán khẩn cấp.,giao tiếp|khả năng thích ứng|làm việc nhóm|quản lý thời gian|tư duy phản biện,"[0.499, 0.22, 0.247, 0.75, 0.273, 0.674]",giao tiếp|khả năng thích ứng|làm việc nhóm|quản lý thời gian|tư duy phản biện
33-9099.02,Các chuyên gia phòng ngừa thua lỗ bán lẻ,"Thực hiện các thủ tục và hệ thống để ngăn ngừa mất hàng hóa. Thực hiện kiểm toán và điều tra về hoạt động của nhân viên. Có thể hỗ trợ trong việc phát triển các chính sách, thủ tục, và các hệ thống bảo vệ tài sản.",An ninh/Cứu hoả|giao tiếp|giao tiếp nói|giám sát|hướng dẫn|học chủ động|khả năng thích ứng|làm việc nhóm|lắng nghe tích cực|nhạy bén xã hội|phán đoán & ra quyết định|phối hợp|quản lý thời gian|tư duy phản biện|viết|đọc hiểu,"[0.564, 0.481, 0.143, 0.379, 0.674, 0.816]",An ninh/Cứu hoả|giao tiếp|giao tiếp nói|giám sát|hướng dẫn|học chủ động|khả năng thích ứng|làm việc nhóm|lắng nghe tích cực|nhạy bén xã hội|phán đoán & ra quyết định|phối hợp|quản lý thời gian|tư duy phản biện|viết|đọc hiểu
35-1011.00,Các đầu bếp và người nấu ăn đầu,"Thường trực tiếp và có thể tham gia trong việc chuẩn bị, gia vị và nấu ăn salad, súp, cá, thịt, rau quả, món tráng miệng hoặc các loại thực phẩm khác.",Dịch vụ ăn uống|giao tiếp|giao tiếp nói|giám sát|hướng dẫn|học chủ động|khả năng thích ứng|làm việc nhóm|lắng nghe tích cực|nhạy bén xã hội|phối hợp|quản lý nguồn nhân lực|quản lý thời gian|thuyết phục|tư duy phản biện|đàm phán|định hướng dịch vụ,"[0.696, 0.23, 0.39, 0.421, 0.737, 0.633]",Dịch vụ ăn uống|giao tiếp|giao tiếp nói|giám sát|hướng dẫn|học chủ động|khả năng thích ứng|làm việc nhóm|lắng nghe tích cực|nhạy bén xã hội|phối hợp|quản lý nguồn nhân lực|quản lý thời gian|thuyết phục|tư duy phản biện|đàm phán|định hướng dịch vụ
35-1012.00,Người giám sát hàng đầu của công nhân chuẩn bị và phục vụ thực phẩm,Giám sát trực tiếp và phối hợp các hoạt động của công nhân làm việc trong việc chuẩn bị và phục vụ thực phẩm.,Dịch vụ ăn uống|giao tiếp|giao tiếp nói|giám sát|hướng dẫn|học chủ động|khả năng thích ứng|làm việc nhóm|lắng nghe tích cực|nhạy bén xã hội|phối hợp|quản lý nguồn nhân lực|quản lý thời gian|tư duy phản biện|viết|định hướng dịch vụ|đọc hiểu,"[0.594, 0.144, 0.144, 0.459, 0.907, 0.781]",Dịch vụ ăn uống|giao tiếp|giao tiếp nói|giám sát|hướng dẫn|học chủ động|khả năng thích ứng|làm việc nhóm|lắng nghe tích cực|nhạy bén xã hội|phối hợp|quản lý nguồn nhân lực|quản lý thời gian|tư duy phản biện|viết|định hướng dịch vụ|đọc hiểu
35-2011.00,"Nhà nấu ăn, đồ ăn nhanh",Chuẩn bị và nấu ăn tại một nhà hàng thức ăn nhanh với một menu hạn chế.,Dịch vụ ăn uống|giao tiếp|khả năng thích ứng|làm việc nhóm|lắng nghe tích cực|quản lý thời gian|tư duy phản biện|định hướng dịch vụ,"[0.874, 0.18, 0.266, 0.357, 0.493, 0.67]",Dịch vụ ăn uống|giao tiếp|khả năng thích ứng|làm việc nhóm|lắng nghe tích cực|quản lý thời gian|tư duy phản biện|định hướng dịch vụ
35-2012.00,"Nhà nấu ăn, tổ chức và quán cà phê","Chuẩn bị và nấu nhiều thức ăn cho các cơ sở, chẳng hạn như trường học, bệnh viện hoặc quán ăn.",Dịch vụ ăn uống|giao tiếp|giao tiếp nói|giám sát|giám sát vận hành|giải quyết vấn đề phức tạp|khả năng thích ứng|làm việc nhóm|lắng nghe tích cực|phán đoán & ra quyết định|phân tích kiểm soát chất lượng|phối hợp|quản lý nguồn nhân lực|quản lý thời gian|tư duy phản biện|định hướng dịch vụ,"[0.847, 0.27, 0.283, 0.437, 0.43, 0.63]",Dịch vụ ăn uống|giao tiếp|giao tiếp nói|giám sát|giám sát vận hành|giải quyết vấn đề phức tạp|khả năng thích ứng|làm việc nhóm|lắng nghe tích cực|phán đoán & ra quyết định|phân tích kiểm soát chất lượng|phối hợp|quản lý nguồn nhân lực|quản lý thời gian|tư duy phản biện|định hướng dịch vụ
35-2013.00,"Nhà nấu ăn, nhà riêng","Chuẩn bị bữa ăn tại nhà riêng, bao gồm cả đầu bếp cá nhân.",Dịch vụ ăn uống|giao tiếp|giao tiếp nói|giám sát|giải quyết vấn đề phức tạp|học chủ động|khả năng thích ứng|làm việc nhóm|lắng nghe tích cực|nhạy bén xã hội|phán đoán & ra quyết định|phối hợp|quản lý thời gian|tư duy phản biện|định hướng dịch vụ|đọc hiểu,"[0.746, 0.199, 0.517, 0.521, 0.49, 0.533]",Dịch vụ ăn uống|giao tiếp|giao tiếp nói|giám sát|giải quyết vấn đề phức tạp|học chủ động|khả năng thích ứng|làm việc nhóm|lắng nghe tích cực|nhạy bén xã hội|phán đoán & ra quyết định|phối hợp|quản lý thời gian|tư duy phản biện|định hướng dịch vụ|đọc hiểu
35-2014.00,"Nhà nấu ăn, nhà hàng","Chuẩn bị, nấu và nấu các món ăn như súp, thịt, rau quả hoặc món tráng miệng trong nhà hàng.",Dịch vụ ăn uống|giao tiếp|giao tiếp nói|giám sát|khả năng thích ứng|làm việc nhóm|quản lý thời gian|tư duy phản biện,"[0.829, 0.2, 0.35, 0.397, 0.549, 0.609]",Dịch vụ ăn uống|giao tiếp|giao tiếp nói|giám sát|khả năng thích ứng|làm việc nhóm|quản lý thời gian|tư duy phản biện
35-2015.00,"Nhà nấu ăn, sắp xếp ngắn",Chuẩn bị và nấu ăn để đặt hàng nhiều loại thực phẩm mà chỉ cần một thời gian chuẩn bị ngắn.,Dịch vụ ăn uống|giao tiếp|giao tiếp nói|khả năng thích ứng|làm việc nhóm|lắng nghe tích cực|phối hợp|quản lý thời gian|tư duy phản biện|định hướng dịch vụ|đọc hiểu,"[0.873, 0.143, 0.331, 0.457, 0.504, 0.623]",Dịch vụ ăn uống|giao tiếp|giao tiếp nói|khả năng thích ứng|làm việc nhóm|lắng nghe tích cực|phối hợp|quản lý thời gian|tư duy phản biện|định hướng dịch vụ|đọc hiểu
35-2021.00,Công nhân chuẩn bị thực phẩm,"Thực hiện nhiều công việc chuẩn bị thực phẩm khác ngoài nấu ăn, chẳng hạn như nấu thức ăn lạnh và động vật vỏ, cắt thịt và nấu cà phê hoặc trà.",Dịch vụ ăn uống|giao tiếp|khả năng thích ứng|làm việc nhóm|lắng nghe tích cực|quản lý thời gian|tư duy phản biện|định hướng dịch vụ,"[0.924, 0.199, 0.25, 0.357, 0.319, 0.609]",Dịch vụ ăn uống|giao tiếp|khả năng thích ứng|làm việc nhóm|lắng nghe tích cực|quản lý thời gian|tư duy phản biện|định hướng dịch vụ
35-3011.00,Các bartender,"Trộn và phục vụ đồ uống cho khách hàng, trực tiếp hoặc thông qua nhân viên phục vụ.",Dịch vụ ăn uống|giao tiếp|giao tiếp nói|giám sát|học chủ động|khả năng thích ứng|làm việc nhóm|lắng nghe tích cực|nhạy bén xã hội|phối hợp|quản lý thời gian|thuyết phục|tư duy phản biện|viết|định hướng dịch vụ|đọc hiểu,"[0.711, 0.143, 0.341, 0.504, 0.541, 0.627]",Dịch vụ ăn uống|giao tiếp|giao tiếp nói|giám sát|học chủ động|khả năng thích ứng|làm việc nhóm|lắng nghe tích cực|nhạy bén xã hội|phối hợp|quản lý thời gian|thuyết phục|tư duy phản biện|viết|định hướng dịch vụ|đọc hiểu
35-3023.00,Thực phẩm nhanh và người lao động chống lại,Thực hiện các nhiệm vụ như nhận đơn đặt hàng và phục vụ thức ăn và đồ uống. phục vụ khách hàng tại lồng hoặc từ một bàn hơi nước. Có thể nhận tiền. có thể chuẩn bị thực phẩm và thức uống.,Dịch vụ ăn uống|giao tiếp|khả năng thích ứng|làm việc nhóm|lắng nghe tích cực|nhạy bén xã hội|phối hợp|quản lý thời gian|tư duy phản biện|định hướng dịch vụ,"[0.701, 0.143, 0.201, 0.501, 0.503, 0.694]",Dịch vụ ăn uống|giao tiếp|khả năng thích ứng|làm việc nhóm|lắng nghe tích cực|nhạy bén xã hội|phối hợp|quản lý thời gian|tư duy phản biện|định hướng dịch vụ
35-3023.01,Baristas,Chuẩn bị hoặc phục vụ cà phê đặc biệt hoặc đồ uống khác.,Dịch vụ ăn uống|giao tiếp|giao tiếp nói|giám sát|khả năng thích ứng|làm việc nhóm|lắng nghe tích cực|nhạy bén xã hội|phối hợp|quản lý thời gian|tư duy phản biện|định hướng dịch vụ|đọc hiểu,"[0.726, 0.143, 0.371, 0.534, 0.497, 0.611]",Dịch vụ ăn uống|giao tiếp|giao tiếp nói|giám sát|khả năng thích ứng|làm việc nhóm|lắng nghe tích cực|nhạy bén xã hội|phối hợp|quản lý thời gian|tư duy phản biện|định hướng dịch vụ|đọc hiểu
35-3031.00,Người phục vụ và người phục vụ,Nhận đơn đặt hàng và phục vụ thức ăn và đồ uống cho khách hàng tại bàn ăn tại nhà hàng.,Dịch vụ ăn uống|giao tiếp|giao tiếp nói|giám sát|khả năng thích ứng|làm việc nhóm|lắng nghe tích cực|nhạy bén xã hội|phối hợp|quản lý thời gian|tư duy phản biện|định hướng dịch vụ,"[0.581, 0.143, 0.276, 0.689, 0.593, 0.647]",Dịch vụ ăn uống|giao tiếp|giao tiếp nói|giám sát|khả năng thích ứng|làm việc nhóm|lắng nghe tích cực|nhạy bén xã hội|phối hợp|quản lý thời gian|tư duy phản biện|định hướng dịch vụ
35-3041.00,"Thợ phục vụ thực phẩm, không phải nhà hàng","Bỏ thức ăn cho những người không ở trong khu vực nhà hàng, chẳng hạn như trong phòng khách sạn, phòng bệnh viện, cơ sở chăm sóc nhà ở hoặc xe hơi.",Dịch vụ ăn uống|giao tiếp|giao tiếp nói|khả năng thích ứng|làm việc nhóm|lắng nghe tích cực|quản lý thời gian|tư duy phản biện|định hướng dịch vụ,"[0.717, 0.201, 0.294, 0.59, 0.399, 0.559]",Dịch vụ ăn uống|giao tiếp|giao tiếp nói|khả năng thích ứng|làm việc nhóm|lắng nghe tích cực|quản lý thời gian|tư duy phản biện|định hướng dịch vụ
35-9011.00,Phòng ăn và quán cà phê,"Tạo thuận lợi cho dịch vụ thực phẩm. Làm sạch các bàn; loại bỏ các món ăn bẩn; thay thế các vải bàn bị ô nhiễm; đặt bàn; bổ sung nguồn cung cấp vải sạch, đồ bạc, đồ thủy tinh, và món ăn; cung cấp thanh dịch vụ với thức ăn; và phục vụ các mặt hàng như nước, gia vị và cà phê cho khách hàng.",Dịch vụ ăn uống|giao tiếp|khả năng thích ứng|làm việc nhóm|lắng nghe tích cực|phối hợp|quản lý thời gian|tư duy phản biện|định hướng dịch vụ,"[0.801, 0.143, 0.146, 0.524, 0.324, 0.657]",Dịch vụ ăn uống|giao tiếp|khả năng thích ứng|làm việc nhóm|lắng nghe tích cực|phối hợp|quản lý thời gian|tư duy phản biện|định hướng dịch vụ
35-9021.00,Máy rửa chén,"Làm sạch các món ăn, nhà bếp, thiết bị chuẩn bị thực phẩm hoặc dụng cụ.",giao tiếp|khả năng thích ứng|làm việc nhóm|quản lý thời gian|tư duy phản biện,"[0.997, 0.143, 0.143, 0.263, 0.203, 0.636]",giao tiếp|khả năng thích ứng|làm việc nhóm|quản lý thời gian|tư duy phản biện
35-9031.00,"Nhà cung cấp, nhà hàng, phòng khách và quán cà phê","Chào mừng khách hàng, đặt họ ở bàn hoặc phòng khách, và giúp đảm bảo chất lượng của các cơ sở và dịch vụ.",Dịch vụ ăn uống|giao tiếp|giao tiếp nói|khả năng thích ứng|làm việc nhóm|lắng nghe tích cực|nhạy bén xã hội|quản lý thời gian|tư duy phản biện|định hướng dịch vụ,"[0.479, 0.143, 0.254, 0.743, 0.599, 0.549]",Dịch vụ ăn uống|giao tiếp|giao tiếp nói|khả năng thích ứng|làm việc nhóm|lắng nghe tích cực|nhạy bén xã hội|quản lý thời gian|tư duy phản biện|định hướng dịch vụ
35-9099.00,"Food Preparation and Serving Related Workers, Khác",Thực hiện các nhiệm vụ đa dạng không được bao gồm trong các danh mục nghề nghiệp cụ thể khác trong lĩnh vực này.,Khác|Tổng quát|giao tiếp|khác|khả năng thích ứng|làm việc nhóm|quản lý thời gian|tư duy phản biện|tổng quát|đa dạng,"[0.753, 0.172, 0.279, 0.5, 0.506, 0.604]",Khác|Tổng quát|giao tiếp|khác|khả năng thích ứng|làm việc nhóm|quản lý thời gian|tư duy phản biện|tổng quát|đa dạng
37-1011.00,Người giám sát hàng đầu của công nhân làm việc trong nhà và công nhân bảo trì nhà,"Giám sát trực tiếp và phối hợp các hoạt động làm việc của nhân viên làm sạch tại khách sạn, bệnh viện, văn phòng và các cơ sở khác.",Dọn dẹp/Bảo trì|chiến lược học tập|giao tiếp|giao tiếp nói|giám sát|hướng dẫn|khả năng thích ứng|làm việc nhóm|lắng nghe tích cực|nhạy bén xã hội|phối hợp|quản lý nguồn nhân lực|quản lý thời gian|thuyết phục|tư duy phản biện|đọc hiểu,"[0.607, 0.169, 0.143, 0.507, 0.817, 0.734]",Dọn dẹp/Bảo trì|chiến lược học tập|giao tiếp|giao tiếp nói|giám sát|hướng dẫn|khả năng thích ứng|làm việc nhóm|lắng nghe tích cực|nhạy bén xã hội|phối hợp|quản lý nguồn nhân lực|quản lý thời gian|thuyết phục|tư duy phản biện|đọc hiểu
37-1012.00,"Các giám sát viên hàng đầu của công ty trang trí, công ty cỏ và công nhân chăm sóc đất","Giám sát trực tiếp và phối hợp các hoạt động của công nhân tham gia vào hoạt động trang trí hoặc chăm sóc đất. Công việc có thể bao gồm xem xét các hợp đồng để xác định các yêu cầu về dịch vụ, máy móc và lực lượng lao động; trả lời các câu hỏi từ khách hàng tiềm năng về các phương pháp, vật liệu và phạm vi giá; và chuẩn bị ước tính theo chi phí lao động, vật chất và máy.",Dọn dẹp/Bảo trì|chú ý đến chi tiết|chăm sóc bệnh nhân|giao tiếp|giao tiếp nói|giao tiếp với bệnh nhân|giám sát|hướng dẫn|khả năng thích ứng|làm việc dưới áp lực|làm việc nhóm|lắng nghe tích cực|nhạy bén xã hội|phán đoán & ra quyết định|phối hợp|quản lý nguồn nhân lực|quản lý thời gian|tư duy phản biện|đọc hiểu|đồng cảm,"[0.643, 0.254, 0.147, 0.427, 0.873, 0.744]",Dọn dẹp/Bảo trì|chú ý đến chi tiết|chăm sóc bệnh nhân|giao tiếp|giao tiếp nói|giao tiếp với bệnh nhân|giám sát|hướng dẫn|khả năng thích ứng|làm việc dưới áp lực|làm việc nhóm|lắng nghe tích cực|nhạy bén xã hội|phán đoán & ra quyết định|phối hợp|quản lý nguồn nhân lực|quản lý thời gian|tư duy phản biện|đọc hiểu|đồng cảm
37-2011.00,"Những người làm việc trong nhà và những người làm sạch, ngoại trừ những người phụ nữ làm việc và những kẻ làm sạch nhà","Giữ các tòa nhà trong tình trạng sạch sẽ và trật tự. Thực hiện các nhiệm vụ làm sạch nặng nề, chẳng hạn như làm sạch sàn nhà, rửa thảm, rửa tường và kính, và loại bỏ rác. Các nhiệm vụ có thể bao gồm việc chăm sóc lò sưởi và lò nồi, thực hiện các hoạt động bảo trì thường xuyên, thông báo cho quản lý về nhu cầu sửa chữa, và làm sạch tuyết hoặc mảnh vụn từ lối đi.",Dọn dẹp/Bảo trì|giao tiếp|giao tiếp nói|khả năng thích ứng|làm việc nhóm|lắng nghe tích cực|quản lý thời gian|tư duy phản biện,"[0.966, 0.156, 0.143, 0.297, 0.229, 0.646]",Dọn dẹp/Bảo trì|giao tiếp|giao tiếp nói|khả năng thích ứng|làm việc nhóm|lắng nghe tích cực|quản lý thời gian|tư duy phản biện
37-2012.00,Phụ nữ và người làm sạch nhà,"Thực hiện bất kỳ kết hợp nào của các nhiệm vụ làm sạch nhẹ để duy trì các hộ gia đình tư nhân hoặc các cơ sở thương mại, chẳng hạn như khách sạn và bệnh viện, một cách sạch sẽ và trật tự. Các nhiệm vụ có thể bao gồm làm giường, bổ sung vải, làm sạch các phòng và hội trường, và hút bụi.",Dọn dẹp/Bảo trì|giao tiếp|khả năng thích ứng|làm việc nhóm|phối hợp|quản lý thời gian|tư duy phản biện|định hướng dịch vụ,"[0.864, 0.143, 0.201, 0.354, 0.224, 0.651]",Dọn dẹp/Bảo trì|giao tiếp|khả năng thích ứng|làm việc nhóm|phối hợp|quản lý thời gian|tư duy phản biện|định hướng dịch vụ
37-2021.00,Công nhân kiểm soát dịch hại,Sử dụng hoặc giải phóng các dung dịch hóa học hoặc khí độc và đặt các cái bẫy để tiêu diệt hoặc loại bỏ các loài gây hại và sâu bọ gây nhiễm trùng cho các tòa nhà và khu vực xung quanh.,Dọn dẹp/Bảo trì|giao tiếp|giao tiếp nói|giám sát|giải quyết vấn đề phức tạp|học chủ động|khả năng thích ứng|làm việc nhóm|lắng nghe tích cực|nhạy bén xã hội|phán đoán & ra quyết định|phối hợp|quản lý thời gian|thuyết phục|tư duy phản biện|viết|đàm phán|định hướng dịch vụ|đọc hiểu,"[0.934, 0.443, 0.143, 0.257, 0.333, 0.597]",Dọn dẹp/Bảo trì|giao tiếp|giao tiếp nói|giám sát|giải quyết vấn đề phức tạp|học chủ động|khả năng thích ứng|làm việc nhóm|lắng nghe tích cực|nhạy bén xã hội|phán đoán & ra quyết định|phối hợp|quản lý thời gian|thuyết phục|tư duy phản biện|viết|đàm phán|định hướng dịch vụ|đọc hiểu
37-3011.00,Công nhân làm vườn và chăm sóc đất,"Khu đất hoặc bảo trì đất đai bằng cách sử dụng công cụ hoặc thiết bị tay hoặc điện. Người lao động thường thực hiện một loạt các nhiệm vụ, có thể bao gồm bất kỳ sự kết hợp nào của sau đây: đặt đất đai, cắt, cắt đứt, gieo trồng, tưới nước, phân bón, đào, nát, lắp đặt máy phun, và lắp ráp các đơn vị tường tường bê tông phân đoạn không đệm.",Dọn dẹp/Bảo trì|bị khởi động và điều khiển|chú ý đến chi tiết|chăm sóc bệnh nhân|giao tiếp|giao tiếp với bệnh nhân|khả năng thích ứng|làm việc dưới áp lực|làm việc nhóm|quản lý thời gian|tư duy phản biện|đồng cảm,"[1.0, 0.231, 0.271, 0.207, 0.257, 0.477]",Dọn dẹp/Bảo trì|bị khởi động và điều khiển|chú ý đến chi tiết|chăm sóc bệnh nhân|giao tiếp|giao tiếp với bệnh nhân|khả năng thích ứng|làm việc dưới áp lực|làm việc nhóm|quản lý thời gian|tư duy phản biện|đồng cảm
37-3012.00,"Người xử lý thuốc trừ sâu, người phun nước và người áp dụng, thực vật","Trộn lẫn hoặc áp dụng thuốc trừ sâu, thuốc diệt cỏ, thuốc trừ nấm, hoặc thuốc trừ cốc côn trùng bằng cách xịt, bụi, hơi nước, kết hợp đất, hoặc sử dụng hóa chất trên cây, cây cối, cỏ cỏ hoặc cây trồng. Thông thường đòi hỏi đào tạo cụ thể và chứng nhận của tiểu bang hoặc liên bang.",Dọn dẹp/Bảo trì|bị khởi động và điều khiển|giao tiếp|giao tiếp nói|giám sát vận hành|giải quyết vấn đề phức tạp|khả năng thích ứng|làm việc nhóm|lắng nghe tích cực|nhạy bén xã hội|phán đoán & ra quyết định|phối hợp|quản lý thời gian|tư duy phản biện|đọc hiểu,"[0.91, 0.406, 0.151, 0.276, 0.217, 0.511]",Dọn dẹp/Bảo trì|bị khởi động và điều khiển|giao tiếp|giao tiếp nói|giám sát vận hành|giải quyết vấn đề phức tạp|khả năng thích ứng|làm việc nhóm|lắng nghe tích cực|nhạy bén xã hội|phán đoán & ra quyết định|phối hợp|quản lý thời gian|tư duy phản biện|đọc hiểu
37-3013.00,Người cắt cây và người cắt cây,"Sử dụng các kỹ thuật leo núi và chế tạo tinh vi, cắt ra các nhánh chết hoặc dư thừa từ cây hoặc cây cối để duy trì quyền đi đường cho các con đường, đường cao tốc hoặc tiện ích, hoặc để cải thiện ngoại hình, sức khỏe và giá trị của cây. Cắt cây hoặc cây cối bằng cách sử dụng cây đúc tay, máy cắt tay, c clipper và máy cắt điện. Làm việc từ mặt đất trong mái cây và có thể sử dụng thang máy gắn xe tải.",Dọn dẹp/Bảo trì|bị khởi động và điều khiển|giao tiếp|giao tiếp nói|giám sát|giám sát vận hành|giải quyết vấn đề phức tạp|hướng dẫn|khả năng thích ứng|làm việc nhóm|phối hợp|quản lý thời gian|tư duy phản biện,"[1.0, 0.307, 0.143, 0.254, 0.18, 0.441]",Dọn dẹp/Bảo trì|bị khởi động và điều khiển|giao tiếp|giao tiếp nói|giám sát|giám sát vận hành|giải quyết vấn đề phức tạp|hướng dẫn|khả năng thích ứng|làm việc nhóm|phối hợp|quản lý thời gian|tư duy phản biện
39-1013.00,Các giám sát viên hàng đầu của các nhân viên dịch vụ cờ bạc,"Giám sát trực tiếp và phối hợp các hoạt động của công nhân trong các khu vực cờ bạc được chỉ định. Có thể lưu thông giữa các bàn, quan sát hoạt động và đảm bảo rằng các trạm và trò chơi được bao gồm cho mỗi giờ. Có thể xác minh và trả tiền jackpot. Có thể thiết lập lại các máy đánh bạc sau khi thanh toán và sửa chữa hoặc điều chỉnh các máy bạc hoặc đề nghị loại bỏ máy bạc để sửa chữa. Có thể lên kế hoạch và tổ chức các hoạt động và dịch vụ cho khách trong khách sạn / sòng bạc.",Dịch vụ cá nhân|giao tiếp|giao tiếp nói|giám sát|hướng dẫn|khả năng thích ứng|làm việc nhóm|lắng nghe tích cực|nhạy bén xã hội|phối hợp|quản lý nguồn nhân lực|quản lý thời gian|tư duy phản biện|viết|định hướng dịch vụ|đọc hiểu,"[0.529, 0.143, 0.143, 0.431, 0.847, 0.786]",Dịch vụ cá nhân|giao tiếp|giao tiếp nói|giám sát|hướng dẫn|khả năng thích ứng|làm việc nhóm|lắng nghe tích cực|nhạy bén xã hội|phối hợp|quản lý nguồn nhân lực|quản lý thời gian|tư duy phản biện|viết|định hướng dịch vụ|đọc hiểu
39-1014.00,"Giám sát hàng đầu của nhân viên giải trí và giải trí, ngoại trừ dịch vụ cờ bạc",Giám sát trực tiếp và phối hợp các hoạt động của nhân viên giải trí và giải trí.,giao tiếp|khả năng thích ứng|làm việc nhóm|quản lý thời gian|tư duy phản biện,"[0.416, 0.146, 0.256, 0.626, 1.0, 0.676]",giao tiếp|khả năng thích ứng|làm việc nhóm|quản lý thời gian|tư duy phản biện
39-1022.00,Người giám sát hàng đầu của nhân viên dịch vụ cá nhân,Giám sát và phối hợp các hoạt động của nhân viên dịch vụ cá nhân.,Dịch vụ cá nhân|giao tiếp|giao tiếp nói|giám sát|khả năng thích ứng|làm việc nhóm|lắng nghe tích cực|nhạy bén xã hội|phối hợp|quản lý nguồn nhân lực|quản lý thời gian|thuyết phục|tư duy phản biện|viết|định hướng dịch vụ|đọc hiểu,"[0.481, 0.154, 0.184, 0.574, 0.964, 0.711]",Dịch vụ cá nhân|giao tiếp|giao tiếp nói|giám sát|khả năng thích ứng|làm việc nhóm|lắng nghe tích cực|nhạy bén xã hội|phối hợp|quản lý nguồn nhân lực|quản lý thời gian|thuyết phục|tư duy phản biện|viết|định hướng dịch vụ|đọc hiểu
39-2011.00,Các nhà huấn luyện động vật,"Trình luyện động vật để cưỡi ngựa, sử dụng vũ khí, an toàn, thực hiện hoặc vâng lời, hoặc hỗ trợ người khuyết tật. Chuẩn bị động vật nghe tiếng nói và tiếp xúc của con người, và điều kiện động vật để đáp ứng các lệnh. Trình luyện động vật theo các tiêu chuẩn được quy định cho sự biểu diễn hoặc thi đấu. Có thể đào tạo động vật để vận chuyển tải hàng hoặc làm việc như một phần của nhóm hàng.",Dịch vụ cá nhân|chiến lược học tập|giao tiếp|giao tiếp nói|giám sát|hướng dẫn|học chủ động|khả năng thích ứng|làm việc nhóm|lắng nghe tích cực|nhạy bén xã hội|phán đoán & ra quyết định|phối hợp|quản lý thời gian|tư duy phản biện|đọc hiểu,"[0.921, 0.321, 0.253, 0.514, 0.307, 0.43]",Dịch vụ cá nhân|chiến lược học tập|giao tiếp|giao tiếp nói|giám sát|hướng dẫn|học chủ động|khả năng thích ứng|làm việc nhóm|lắng nghe tích cực|nhạy bén xã hội|phán đoán & ra quyết định|phối hợp|quản lý thời gian|tư duy phản biện|đọc hiểu
39-2021.00,Những người chăm sóc động vật,"Chăn nuôi, nước, chú rể, tắm, tập thể dục hoặc cách khác cung cấp sự chăm sóc để thúc đẩy và duy trì hạnh phúc của vật nuôi và động vật khác không được nuôi để tiêu thụ, chẳng hạn như chó, mèo, ngựa đua, cá hoặc chim trang trí, động vật vườn thú và chuột. Làm việc trong các môi trường như nhà chăn nuôi, nơi trú ẩn động vật, vườn thú, vỉa hè và bể cá. Có thể lưu trữ hồ sơ về thức ăn, phương pháp điều trị và động vật được nhận hoặc thải ra. Có thể làm sạch, khử trùng và sửa chữa lồng, bút hoặc bể cá.",Dịch vụ cá nhân|chú ý đến chi tiết|chăm sóc bệnh nhân|giao tiếp|giao tiếp với bệnh nhân|giám sát|khả năng thích ứng|làm việc dưới áp lực|làm việc nhóm|lắng nghe tích cực|phán đoán & ra quyết định|phối hợp|quản lý thời gian|tư duy phản biện|định hướng dịch vụ|đọc hiểu|đồng cảm,"[0.881, 0.394, 0.233, 0.536, 0.217, 0.463]",Dịch vụ cá nhân|chú ý đến chi tiết|chăm sóc bệnh nhân|giao tiếp|giao tiếp với bệnh nhân|giám sát|khả năng thích ứng|làm việc dưới áp lực|làm việc nhóm|lắng nghe tích cực|phán đoán & ra quyết định|phối hợp|quản lý thời gian|tư duy phản biện|định hướng dịch vụ|đọc hiểu|đồng cảm
39-3011.00,Những người bán cờ bạc,"Hành động trò chơi bàn. Đứng hoặc ngồi sau bàn và vận hành trò chơi cờ bạc bằng cách phân phối số lượng thẻ hoặc khối thích hợp cho người chơi, hoặc vận hành các thiết bị cờ bạc khác. Chia sẻ chiến thắng hoặc thu thập tiền hoặc chip của người chơi. Có thể so sánh tay của nhà với tay của người chơi.",Dịch vụ cá nhân|giao tiếp|giao tiếp nói|giám sát|khả năng thích ứng|làm việc nhóm|lắng nghe tích cực|nhạy bén xã hội|quản lý thời gian|tư duy phản biện|định hướng dịch vụ|đọc hiểu,"[0.527, 0.143, 0.151, 0.31, 0.747, 0.781]",Dịch vụ cá nhân|giao tiếp|giao tiếp nói|giám sát|khả năng thích ứng|làm việc nhóm|lắng nghe tích cực|nhạy bén xã hội|quản lý thời gian|tư duy phản biện|định hướng dịch vụ|đọc hiểu
39-3012.00,Những người viết và chạy sách cờ bạc và thể thao,"Đăng thông tin cho phép khách hàng đặt cược vào các cuộc đua và các sự kiện thể thao khác nhau. Giúp vận hành các trò chơi như keno và bingo. Có thể vận hành thiết bị tạo số ngẫu nhiên và thông báo số cho khách hàng. Nhận, xác minh và ghi lại tiền đặt cược của khách hàng. Quét và xử lý vé chiến thắng được giới thiệu bởi khách hàng và thanh toán tiền thắng cho những cược đó.",Dịch vụ cá nhân|giao tiếp|giao tiếp nói|giám sát|khả năng thích ứng|làm việc nhóm|lắng nghe tích cực|nhạy bén xã hội|phối hợp|quản lý thời gian|toán học|tư duy phản biện|đọc hiểu,"[0.397, 0.143, 0.146, 0.417, 0.713, 0.853]",Dịch vụ cá nhân|giao tiếp|giao tiếp nói|giám sát|khả năng thích ứng|làm việc nhóm|lắng nghe tích cực|nhạy bén xã hội|phối hợp|quản lý thời gian|toán học|tư duy phản biện|đọc hiểu
39-3021.00,Các nhà chiếu phim,Thiết lập và vận hành thiết bị chiếu phim và thiết bị tái tạo âm thanh liên quan.,Dịch vụ cá nhân|bị khởi động và điều khiển|giao tiếp|giao tiếp nói|giám sát vận hành|khả năng thích ứng|làm việc nhóm|lắng nghe tích cực|quản lý thời gian|tư duy phản biện|đọc hiểu,"[0.774, 0.279, 0.426, 0.289, 0.297, 0.654]",Dịch vụ cá nhân|bị khởi động và điều khiển|giao tiếp|giao tiếp nói|giám sát vận hành|khả năng thích ứng|làm việc nhóm|lắng nghe tích cực|quản lý thời gian|tư duy phản biện|đọc hiểu
39-3031.00,"Những người cung cấp, những người phục vụ khách sạn và những người nhận vé","Giúp khách hàng tại các sự kiện giải trí bằng cách thực hiện các nhiệm vụ, chẳng hạn như thu thập vé nhập cảnh và vé đi từ khách hàng, giúp tìm chỗ ngồi, tìm kiếm các mặt hàng bị mất, và giúp khách hàng xác định vị trí các tiện ích như nhà vệ sinh và điện thoại.",Dịch vụ cá nhân|giao tiếp|giao tiếp nói|khả năng thích ứng|làm việc nhóm|lắng nghe tích cực|nhạy bén xã hội|phối hợp|quản lý thời gian|tư duy phản biện|định hướng dịch vụ,"[0.477, 0.143, 0.199, 0.679, 0.597, 0.659]",Dịch vụ cá nhân|giao tiếp|giao tiếp nói|khả năng thích ứng|làm việc nhóm|lắng nghe tích cực|nhạy bén xã hội|phối hợp|quản lý thời gian|tư duy phản biện|định hướng dịch vụ
39-3091.00,Các nhân viên giải trí và giải trí,"Thực hiện nhiều nhiệm vụ tham dự tại các cơ sở giải trí hoặc giải trí. Có thể lên lịch sử sử dụng các cơ sở giải trí, duy trì và cung cấp thiết bị cho những người tham gia các sự kiện thể thao hoặc hoạt động giải trí hoặc vận hành các ưu đãi giải trí và đi xe.",Dịch vụ cá nhân|giao tiếp|giao tiếp nói|khả năng thích ứng|làm việc nhóm|lắng nghe tích cực|nhạy bén xã hội|quản lý thời gian|tư duy phản biện|định hướng dịch vụ,"[0.594, 0.143, 0.249, 0.626, 0.564, 0.657]",Dịch vụ cá nhân|giao tiếp|giao tiếp nói|khả năng thích ứng|làm việc nhóm|lắng nghe tích cực|nhạy bén xã hội|quản lý thời gian|tư duy phản biện|định hướng dịch vụ
39-3092.00,Người phục vụ trang phục,"Chọn, phù hợp và chăm sóc trang phục cho các thành viên diễn viên, và hỗ trợ các nghệ sĩ giải trí. Có thể hỗ trợ nhiều thay đổi trang phục trong các buổi biểu diễn.",Dịch vụ cá nhân|giao tiếp|giao tiếp nói|giám sát|khả năng thích ứng|làm việc nhóm|lắng nghe tích cực|nhạy bén xã hội|phối hợp|quản lý thời gian|tư duy phản biện|đọc hiểu,"[0.51, 0.143, 0.841, 0.493, 0.439, 0.55]",Dịch vụ cá nhân|giao tiếp|giao tiếp nói|giám sát|khả năng thích ứng|làm việc nhóm|lắng nghe tích cực|nhạy bén xã hội|phối hợp|quản lý thời gian|tư duy phản biện|đọc hiểu
39-3093.00,"Phòng quần áo, phòng đồng phục và phòng thay đồ","Cho khách hàng hoặc khách hàng những món đồ cá nhân trong phòng quần áo, phòng thay đồ hoặc phòng nghỉ.",Dịch vụ cá nhân|giao tiếp|giao tiếp nói|khả năng thích ứng|làm việc nhóm|lắng nghe tích cực|nhạy bén xã hội|quản lý thời gian|tư duy phản biện|định hướng dịch vụ,"[0.623, 0.143, 0.23, 0.586, 0.329, 0.771]",Dịch vụ cá nhân|giao tiếp|giao tiếp nói|khả năng thích ứng|làm việc nhóm|lắng nghe tích cực|nhạy bén xã hội|quản lý thời gian|tư duy phản biện|định hướng dịch vụ
39-4011.00,Các loại nhựa nhựa,Chuẩn bị các cơ thể để chôn cất theo yêu cầu pháp lý.,Dịch vụ cá nhân|giao tiếp|giao tiếp nói|giám sát|học chủ động|khả năng thích ứng|làm việc nhóm|lắng nghe tích cực|nhạy bén xã hội|phối hợp|quản lý thời gian|tư duy phản biện|viết|định hướng dịch vụ|đọc hiểu,"[0.834, 0.357, 0.241, 0.49, 0.379, 0.534]",Dịch vụ cá nhân|giao tiếp|giao tiếp nói|giám sát|học chủ động|khả năng thích ứng|làm việc nhóm|lắng nghe tích cực|nhạy bén xã hội|phối hợp|quản lý thời gian|tư duy phản biện|viết|định hướng dịch vụ|đọc hiểu
39-4012.00,Các nhà khai thác thiêu đốt,"Sử dụng thiết bị thiêu đốt để làm cho hài cốt con người hoặc động vật trở thành mảnh xương theo quy định của tiểu bang và địa phương. Các nhiệm vụ có thể bao gồm việc chuẩn bị cho thi thể để thiêu rụi và thực hiện bảo trì chung trên thiết bị đốt cháy. Có thể sử dụng thiêu hóa truyền thống dựa trên ngọn lửa, hóa thạch hoặc thủy phân alkaline.",giao tiếp|khả năng thích ứng|làm việc nhóm|quản lý thời gian|tư duy phản biện,"[0.851, 0.301, 0.209, 0.39, 0.213, 0.623]",giao tiếp|khả năng thích ứng|làm việc nhóm|quản lý thời gian|tư duy phản biện
39-4021.00,Những người phục vụ đám tang,"Thực hiện nhiều nhiệm vụ khác nhau trong buổi tang lễ, chẳng hạn như đặt quan tài trong phòng khách hoặc nhà thờ trước khi phục vụ, sắp xếp các món quà hoa hoặc đèn xung quanh quan tài, chỉ đạo hoặc hộ tống những người đau buồn, đóng quan tài và phát hành và lưu trữ thiết bị tang lễ.",Dịch vụ cá nhân|giao tiếp|giao tiếp nói|giám sát|khả năng thích ứng|làm việc nhóm|lắng nghe tích cực|nhạy bén xã hội|phối hợp|quản lý thời gian|tư duy phản biện|định hướng dịch vụ,"[0.664, 0.144, 0.289, 0.596, 0.474, 0.593]",Dịch vụ cá nhân|giao tiếp|giao tiếp nói|giám sát|khả năng thích ứng|làm việc nhóm|lắng nghe tích cực|nhạy bén xã hội|phối hợp|quản lý thời gian|tư duy phản biện|định hướng dịch vụ
39-4031.00,"Những người giết người, những người làm việc và những người sắp xếp đám tang","Thực hiện các nhiệm vụ khác nhau để sắp xếp và hướng dẫn các dịch vụ tang lễ cá nhân, chẳng hạn như phối hợp vận chuyển xác đến nhà thi thể, phỏng vấn gia đình hoặc người có thẩm quyền khác để sắp đặt chi tiết, chọn người mang vải, hỗ trợ trong việc lựa chọn các quan chức cho nghi lễ tôn giáo, và cung cấp vận chuyển cho người đau buồn.",Dịch vụ cá nhân|giao tiếp|giao tiếp nói|giám sát|khả năng thích ứng|làm việc nhóm|lắng nghe tích cực|nhạy bén xã hội|phối hợp|quản lý nguồn nhân lực|quản lý thời gian|thuyết phục|tư duy phản biện|viết|đàm phán|định hướng dịch vụ|đọc hiểu,"[0.534, 0.199, 0.226, 0.614, 0.656, 0.701]",Dịch vụ cá nhân|giao tiếp|giao tiếp nói|giám sát|khả năng thích ứng|làm việc nhóm|lắng nghe tích cực|nhạy bén xã hội|phối hợp|quản lý nguồn nhân lực|quản lý thời gian|thuyết phục|tư duy phản biện|viết|đàm phán|định hướng dịch vụ|đọc hiểu
39-5011.00,Người gạo râu,"Cung cấp dịch vụ gạo tóc, chẳng hạn như cắt, cắt tóc, tẩy rửa và làm kiểu tóc; cắt râu; hoặc cắt tóc.",Dịch vụ cá nhân|giao tiếp|giao tiếp nói|khả năng thích ứng|làm việc nhóm|lắng nghe tích cực|nhạy bén xã hội|phán đoán & ra quyết định|quản lý thời gian|tư duy phản biện|định hướng dịch vụ,"[0.766, 0.143, 0.389, 0.516, 0.517, 0.557]",Dịch vụ cá nhân|giao tiếp|giao tiếp nói|khả năng thích ứng|làm việc nhóm|lắng nghe tích cực|nhạy bén xã hội|phán đoán & ra quyết định|quản lý thời gian|tư duy phản biện|định hướng dịch vụ
39-5012.00,"Nhà làm tóc, nhà làm tóc và chuyên gia về thẩm mỹ","Cung cấp dịch vụ làm đẹp, chẳng hạn như cắt tóc, nhuộm và làm kiểu tóc, và massage và điều trị da đầu.",Dịch vụ cá nhân|chiến lược học tập|giao tiếp|giao tiếp nói|giám sát|giải quyết vấn đề phức tạp|hướng dẫn|học chủ động|khả năng thích ứng|làm việc nhóm|lắng nghe tích cực|nhạy bén xã hội|phán đoán & ra quyết định|quản lý thời gian|tư duy phản biện|định hướng dịch vụ|đọc hiểu,"[0.773, 0.219, 0.461, 0.53, 0.464, 0.563]",Dịch vụ cá nhân|chiến lược học tập|giao tiếp|giao tiếp nói|giám sát|giải quyết vấn đề phức tạp|hướng dẫn|học chủ động|khả năng thích ứng|làm việc nhóm|lắng nghe tích cực|nhạy bén xã hội|phán đoán & ra quyết định|quản lý thời gian|tư duy phản biện|định hướng dịch vụ|đọc hiểu
39-5091.00,"Các nghệ sĩ trang điểm, sân khấu và biểu diễn","Sử dụng trang điểm cho những người biểu diễn để phản ánh thời gian, bối cảnh và tình huống của vai trò của họ.",Dịch vụ cá nhân|giao tiếp|giao tiếp nói|giám sát|giải quyết vấn đề phức tạp|học chủ động|khả năng thích ứng|làm việc nhóm|lắng nghe tích cực|nhạy bén xã hội|phán đoán & ra quyết định|phối hợp|quản lý thời gian|tư duy phản biện|định hướng dịch vụ|đọc hiểu,"[0.627, 0.213, 0.977, 0.434, 0.423, 0.384]",Dịch vụ cá nhân|giao tiếp|giao tiếp nói|giám sát|giải quyết vấn đề phức tạp|học chủ động|khả năng thích ứng|làm việc nhóm|lắng nghe tích cực|nhạy bén xã hội|phán đoán & ra quyết định|phối hợp|quản lý thời gian|tư duy phản biện|định hướng dịch vụ|đọc hiểu
39-5092.00,Các chuyên gia chăm sóc mặt nạ và những người chăm sóc chân nạ,Làm sạch và hình thành móng tay và móng chân của khách hàng.,Dịch vụ cá nhân|chú ý đến chi tiết|chăm sóc bệnh nhân|giao tiếp|giao tiếp nói|giao tiếp với bệnh nhân|khả năng thích ứng|làm việc dưới áp lực|làm việc nhóm|lắng nghe tích cực|nhạy bén xã hội|quản lý thời gian|tư duy phản biện|định hướng dịch vụ|đồng cảm,"[0.817, 0.189, 0.329, 0.423, 0.327, 0.526]",Dịch vụ cá nhân|chú ý đến chi tiết|chăm sóc bệnh nhân|giao tiếp|giao tiếp nói|giao tiếp với bệnh nhân|khả năng thích ứng|làm việc dưới áp lực|làm việc nhóm|lắng nghe tích cực|nhạy bén xã hội|quản lý thời gian|tư duy phản biện|định hướng dịch vụ|đồng cảm
39-5093.00,Sâm giáp,Xampu và rửa tóc của khách hàng.,Dịch vụ cá nhân|giao tiếp|giao tiếp nói|khả năng thích ứng|làm việc nhóm|lắng nghe tích cực|quản lý thời gian|tư duy phản biện|định hướng dịch vụ,"[0.79, 0.193, 0.223, 0.536, 0.353, 0.481]",Dịch vụ cá nhân|giao tiếp|giao tiếp nói|khả năng thích ứng|làm việc nhóm|lắng nghe tích cực|quản lý thời gian|tư duy phản biện|định hướng dịch vụ
39-5094.00,Các chuyên gia chăm sóc da,Cung cấp các phương pháp chăm sóc da đối với khuôn mặt và cơ thể để cải thiện ngoại hình của một cá nhân. Bao gồm các chuyên gia điện và cắt tóc bằng laser.,Dịch vụ cá nhân|chú ý đến chi tiết|chăm sóc bệnh nhân|giao tiếp|giao tiếp nói|giao tiếp với bệnh nhân|giám sát|giải quyết vấn đề phức tạp|học chủ động|khả năng thích ứng|làm việc dưới áp lực|làm việc nhóm|lắng nghe tích cực|nhạy bén xã hội|phối hợp|quản lý thời gian|tư duy phản biện|định hướng dịch vụ|đọc hiểu|đồng cảm,"[0.829, 0.294, 0.417, 0.58, 0.43, 0.45]",Dịch vụ cá nhân|chú ý đến chi tiết|chăm sóc bệnh nhân|giao tiếp|giao tiếp nói|giao tiếp với bệnh nhân|giám sát|giải quyết vấn đề phức tạp|học chủ động|khả năng thích ứng|làm việc dưới áp lực|làm việc nhóm|lắng nghe tích cực|nhạy bén xã hội|phối hợp|quản lý thời gian|tư duy phản biện|định hướng dịch vụ|đọc hiểu|đồng cảm
39-6011.00,Những người vận chuyển hành lý và các cửa hàng đệm,Chuyển hành lý cho khách du lịch tại các nhà ga vận chuyển hoặc cho khách ở khách sạn hoặc các cơ sở tương tự.,Dịch vụ cá nhân|giao tiếp|giao tiếp nói|khả năng thích ứng|làm việc nhóm|lắng nghe tích cực|phối hợp|quản lý thời gian|tư duy phản biện|định hướng dịch vụ,"[0.696, 0.143, 0.143, 0.509, 0.381, 0.681]",Dịch vụ cá nhân|giao tiếp|giao tiếp nói|khả năng thích ứng|làm việc nhóm|lắng nghe tích cực|phối hợp|quản lý thời gian|tư duy phản biện|định hướng dịch vụ
39-6012.00,Các người quản lý,"Giúp khách hàng ở khách sạn, căn hộ hoặc tòa nhà văn phòng với các dịch vụ cá nhân. Có thể nhận tin nhắn; sắp xếp hoặc đưa ra lời khuyên về giao thông, dịch vụ kinh doanh, hoặc giải trí; hoặc theo dõi yêu cầu của khách về làm việc nhà và bảo trì.",Dịch vụ cá nhân|giao tiếp|giao tiếp nói|giám sát|khả năng thích ứng|làm việc nhóm|lãnh đạo|lập kế hoạch chiến lược|lắng nghe tích cực|nhạy bén xã hội|phán đoán & ra quyết định|phối hợp|quản lý dự án|quản lý nhóm|quản lý thời gian|ra quyết định|thuyết phục|tư duy phản biện|viết|định hướng dịch vụ|đọc hiểu,"[0.379, 0.143, 0.311, 0.763, 0.663, 0.636]",Dịch vụ cá nhân|giao tiếp|giao tiếp nói|giám sát|khả năng thích ứng|làm việc nhóm|lãnh đạo|lập kế hoạch chiến lược|lắng nghe tích cực|nhạy bén xã hội|phán đoán & ra quyết định|phối hợp|quản lý dự án|quản lý nhóm|quản lý thời gian|ra quyết định|thuyết phục|tư duy phản biện|viết|định hướng dịch vụ|đọc hiểu
39-7011.00,Các hướng dẫn và hộ tống,"Hỗ trợ các cá nhân hoặc nhóm tham quan các chuyến tham quan hoặc qua các địa điểm quan trọng, chẳng hạn như các cơ sở công nghiệp, tòa nhà công cộng và phòng trưng bày nghệ thuật.",Dịch vụ cá nhân|giao tiếp|giao tiếp nói|giám sát|khả năng thích ứng|làm việc nhóm|lắng nghe tích cực|nhạy bén xã hội|phối hợp|quản lý thời gian|tư duy phản biện|định hướng dịch vụ|đọc hiểu,"[0.479, 0.34, 0.471, 0.734, 0.526, 0.427]",Dịch vụ cá nhân|giao tiếp|giao tiếp nói|giám sát|khả năng thích ứng|làm việc nhóm|lắng nghe tích cực|nhạy bén xã hội|phối hợp|quản lý thời gian|tư duy phản biện|định hướng dịch vụ|đọc hiểu
39-7012.00,Các hướng dẫn du lịch,"Lập kế hoạch, tổ chức và thực hiện các chuyến đi, du lịch và chuyến thám hiểm dài đường cho cá nhân và nhóm.",Dịch vụ cá nhân|giao tiếp|giao tiếp nói|khả năng thích ứng|làm việc nhóm|lắng nghe tích cực|nhạy bén xã hội|phối hợp|quản lý thời gian|thuyết phục|tư duy phản biện|viết|đàm phán|định hướng dịch vụ|đọc hiểu,"[0.386, 0.356, 0.344, 0.701, 0.636, 0.589]",Dịch vụ cá nhân|giao tiếp|giao tiếp nói|khả năng thích ứng|làm việc nhóm|lắng nghe tích cực|nhạy bén xã hội|phối hợp|quản lý thời gian|thuyết phục|tư duy phản biện|viết|đàm phán|định hướng dịch vụ|đọc hiểu
39-9011.00,Công nhân chăm sóc trẻ em,"Chăm sóc trẻ em tại các trường học, các doanh nghiệp, các nhà riêng, và các cơ sở chăm sóc trẻ.",Dịch vụ cá nhân|chiến lược học tập|chú ý đến chi tiết|chăm sóc bệnh nhân|giao tiếp|giao tiếp nói|giao tiếp với bệnh nhân|giám sát|học chủ động|khả năng thích ứng|làm việc dưới áp lực|làm việc nhóm|lắng nghe tích cực|nhạy bén xã hội|phối hợp|quản lý thời gian|tư duy phản biện|viết|định hướng dịch vụ|đọc hiểu|đồng cảm,"[0.479, 0.186, 0.503, 0.849, 0.417, 0.516]",Dịch vụ cá nhân|chiến lược học tập|chú ý đến chi tiết|chăm sóc bệnh nhân|giao tiếp|giao tiếp nói|giao tiếp với bệnh nhân|giám sát|học chủ động|khả năng thích ứng|làm việc dưới áp lực|làm việc nhóm|lắng nghe tích cực|nhạy bén xã hội|phối hợp|quản lý thời gian|tư duy phản biện|viết|định hướng dịch vụ|đọc hiểu|đồng cảm
39-9011.01,Chăn nuôi,"Chăm sóc trẻ em trong các hộ gia đình tư nhân và cung cấp hỗ trợ và chuyên môn cho cha mẹ trong việc đáp ứng nhu cầu thể chất, cảm xúc, trí tuệ và xã hội của trẻ em. Các nhiệm vụ có thể bao gồm lập kế hoạch và chuẩn bị bữa ăn, chăm sóc quần áo và quần áo, tổ chức các hoạt động chơi và ra ngoài, kỷ luật, kích thích trí tuệ, hoạt động ngôn ngữ và vận chuyển.",Dịch vụ cá nhân|chiến lược học tập|giao tiếp|giao tiếp nói|giám sát|giải quyết vấn đề phức tạp|hướng dẫn|khả năng thích ứng|làm việc nhóm|lắng nghe tích cực|nhạy bén xã hội|phán đoán & ra quyết định|phối hợp|quản lý thời gian|thuyết phục|tư duy phản biện|định hướng dịch vụ,"[0.424, 0.293, 0.543, 0.871, 0.4, 0.47]",Dịch vụ cá nhân|chiến lược học tập|giao tiếp|giao tiếp nói|giám sát|giải quyết vấn đề phức tạp|hướng dẫn|khả năng thích ứng|làm việc nhóm|lắng nghe tích cực|nhạy bén xã hội|phán đoán & ra quyết định|phối hợp|quản lý thời gian|thuyết phục|tư duy phản biện|định hướng dịch vụ
39-9031.00,Các huấn luyện viên tập thể dục và các giảng viên thể dục nhóm,"Giảng dạy hoặc huấn luyện các nhóm hoặc cá nhân trong các hoạt động tập thể dục với mục đích chính của sức khỏe cá nhân. Hiển thị kỹ thuật và hình thức, quan sát người tham gia và giải thích cho họ các biện pháp khắc phục cần thiết để cải thiện kỹ năng của họ. Phát triển và thực hiện các cách tiếp cận cá nhân để tập thể dục.",Dịch vụ cá nhân|chiến lược học tập|giao tiếp|giao tiếp nói|giám sát|hướng dẫn|học chủ động|khả năng giải thích|khả năng thích ứng|kiên nhẫn|kỹ năng thuyết trình|làm việc nhóm|lắng nghe tích cực|nhạy bén xã hội|quản lý lớp học|quản lý thời gian|tư duy phản biện|viết|định hướng dịch vụ|đọc hiểu,"[0.711, 0.409, 0.371, 0.807, 0.486, 0.393]",Dịch vụ cá nhân|chiến lược học tập|giao tiếp|giao tiếp nói|giám sát|hướng dẫn|học chủ động|khả năng giải thích|khả năng thích ứng|kiên nhẫn|kỹ năng thuyết trình|làm việc nhóm|lắng nghe tích cực|nhạy bén xã hội|quản lý lớp học|quản lý thời gian|tư duy phản biện|viết|định hướng dịch vụ|đọc hiểu
39-9032.00,Công nhân giải trí,"Thực hiện các hoạt động giải trí với các nhóm trong các cơ quan công cộng, tư nhân hoặc tình nguyện hoặc các cơ sở giải trí. Tổ chức và thúc đẩy các hoạt động, chẳng hạn như nghệ thuật và thủ công, thể thao, trò chơi, âm nhạc, vở kịch, giải trí xã hội, cắm trại và sở thích, tính đến nhu cầu và lợi ích của từng thành viên.",Dịch vụ cá nhân|giao tiếp|giao tiếp nói|giám sát|hướng dẫn|khả năng thích ứng|làm việc nhóm|lắng nghe tích cực|nhạy bén xã hội|phối hợp|quản lý nguồn nhân lực|quản lý thời gian|tư duy phản biện|định hướng dịch vụ|đọc hiểu,"[0.536, 0.283, 0.436, 0.7, 0.644, 0.493]",Dịch vụ cá nhân|giao tiếp|giao tiếp nói|giám sát|hướng dẫn|khả năng thích ứng|làm việc nhóm|lắng nghe tích cực|nhạy bén xã hội|phối hợp|quản lý nguồn nhân lực|quản lý thời gian|tư duy phản biện|định hướng dịch vụ|đọc hiểu
39-9041.00,Các cố vấn nhà ở,"Điều phối các hoạt động tại các cơ sở cư trú ở các nhà nghỉ trung học và đại học, nhà nhóm hoặc các cơ quan tương tự. Đặt hàng và xác định nhu cầu bảo trì, sửa chữa và đồ nội thất. Có thể giữ hồ sơ gia đình và chỉ định phòng. Có thể giúp cư dân giải quyết vấn đề hoặc chuyển họ đến tài nguyên tư vấn.",Dịch vụ cá nhân|giao tiếp|giao tiếp nói|giám sát|khả năng thích ứng|làm việc nhóm|lắng nghe tích cực|nhạy bén xã hội|phối hợp|quản lý thời gian|thuyết phục|tư duy phản biện|đàm phán|định hướng dịch vụ|đọc hiểu,"[0.376, 0.351, 0.327, 0.779, 0.539, 0.647]",Dịch vụ cá nhân|giao tiếp|giao tiếp nói|giám sát|khả năng thích ứng|làm việc nhóm|lắng nghe tích cực|nhạy bén xã hội|phối hợp|quản lý thời gian|thuyết phục|tư duy phản biện|đàm phán|định hướng dịch vụ|đọc hiểu
41-1011.00,Giám sát hàng đầu của nhân viên bán lẻ,"Giám sát trực tiếp và phối hợp các hoạt động của nhân viên bán lẻ trong một cơ sở hoặc bộ phận. Các nhiệm vụ có thể bao gồm các chức năng quản lý, chẳng hạn như mua sắm, lập ngân sách, kế toán và công việc nhân sự, ngoài nhiệm vụ giám sát.",Bán hàng|chiến lược học tập|giao tiếp|giao tiếp nói|giám sát|hướng dẫn|khả năng thích ứng|làm việc nhóm|lắng nghe tích cực|nhạy bén xã hội|phối hợp|quản lý nguồn nhân lực|quản lý thời gian|thuyết phục|tư duy phản biện|viết|đàm phán|định hướng dịch vụ|đọc hiểu,"[0.393, 0.16, 0.143, 0.534, 1.0, 0.791]",Bán hàng|chiến lược học tập|giao tiếp|giao tiếp nói|giám sát|hướng dẫn|khả năng thích ứng|làm việc nhóm|lắng nghe tích cực|nhạy bén xã hội|phối hợp|quản lý nguồn nhân lực|quản lý thời gian|thuyết phục|tư duy phản biện|viết|đàm phán|định hướng dịch vụ|đọc hiểu
41-1012.00,Giám sát hàng đầu của nhân viên bán hàng không bán lẻ,"Giám sát trực tiếp và phối hợp các hoạt động của các nhân viên bán hàng ngoài nhân công bán lẻ. Có thể thực hiện các nhiệm vụ như ngân sách, kế toán và nhân sự, ngoài nhiệm vụ giám sát.",Bán hàng|giao tiếp|giao tiếp khách hàng|giao tiếp nói|giám sát|hướng dẫn|khả năng thích ứng|kỹ năng bán hàng|làm việc nhóm|lắng nghe tích cực|nhạy bén xã hội|phán đoán & ra quyết định|phối hợp|quản lý nguồn nhân lực|quản lý thời gian|thuyết phục|tư duy phản biện|viết|xây dựng mối quan hệ|đàm phán|đọc hiểu,"[0.271, 0.147, 0.143, 0.579, 1.0, 0.761]",Bán hàng|giao tiếp|giao tiếp khách hàng|giao tiếp nói|giám sát|hướng dẫn|khả năng thích ứng|kỹ năng bán hàng|làm việc nhóm|lắng nghe tích cực|nhạy bén xã hội|phán đoán & ra quyết định|phối hợp|quản lý nguồn nhân lực|quản lý thời gian|thuyết phục|tư duy phản biện|viết|xây dựng mối quan hệ|đàm phán|đọc hiểu
41-2011.00,Các bộ phận quản lý,"Thu nhận và thanh toán tiền tại các cơ sở khác ngoài các tổ chức tài chính. Có thể sử dụng máy quét điện tử, sổ tay tiền mặt hoặc thiết bị liên quan. Có khả năng xử lý các giao dịch bằng thẻ tín dụng hoặc thẻ ghi nợ và xác nhận kiểm tra.",Bán hàng|giao tiếp|giao tiếp nói|khả năng thích ứng|làm việc nhóm|lãnh đạo|lập kế hoạch chiến lược|lắng nghe tích cực|nhạy bén xã hội|quản lý dự án|quản lý nhóm|quản lý thời gian|ra quyết định|tư duy phản biện|định hướng dịch vụ,"[0.4, 0.146, 0.143, 0.39, 0.523, 0.866]",Bán hàng|giao tiếp|giao tiếp nói|khả năng thích ứng|làm việc nhóm|lãnh đạo|lập kế hoạch chiến lược|lắng nghe tích cực|nhạy bén xã hội|quản lý dự án|quản lý nhóm|quản lý thời gian|ra quyết định|tư duy phản biện|định hướng dịch vụ
41-2012.00,Những người thay đổi cờ bạc và người sưu tầm tiền bạc,"Thay đổi tiền xu, mã thông báo và chip cho tiền của khách hàng. Có thể phát hành thanh toán và nhận chữ ký của khách hàng khi nhận. Có thể vận hành một gian hàng trong khu vực máy đánh bạc và cung cấp cho người thay đổi ngân hàng tiền vào lúc bắt đầu giờ thay đổi, hoặc đếm và kiểm toán tiền trong ngăn kéo.",Bán hàng|giao tiếp|giao tiếp nói|khả năng thích ứng|làm việc nhóm|lắng nghe tích cực|nhạy bén xã hội|phối hợp|quản lý thời gian|tư duy phản biện|định hướng dịch vụ|đọc hiểu,"[0.423, 0.143, 0.153, 0.353, 0.603, 0.926]",Bán hàng|giao tiếp|giao tiếp nói|khả năng thích ứng|làm việc nhóm|lắng nghe tích cực|nhạy bén xã hội|phối hợp|quản lý thời gian|tư duy phản biện|định hướng dịch vụ|đọc hiểu
41-2021.00,Các nhân viên kế toán và thuê nhà,"Nhận đơn đặt hàng, thường trực tiếp, cho việc sửa chữa, thuê và dịch vụ.",Bán hàng|giao tiếp|giao tiếp nói|giám sát|khả năng thích ứng|làm việc nhóm|lắng nghe tích cực|nhạy bén xã hội|phối hợp|quản lý thời gian|tư duy phản biện|viết|định hướng dịch vụ|đọc hiểu,"[0.446, 0.143, 0.173, 0.467, 0.527, 0.869]",Bán hàng|giao tiếp|giao tiếp nói|giám sát|khả năng thích ứng|làm việc nhóm|lắng nghe tích cực|nhạy bén xã hội|phối hợp|quản lý thời gian|tư duy phản biện|viết|định hướng dịch vụ|đọc hiểu
41-2022.00,Các bộ phận Người bán,Bán các bộ phận dự phòng và thay thế và thiết bị trong cửa hàng sửa chữa hoặc cửa hàng bộ phận.,Bán hàng|giao tiếp|giao tiếp nói|giám sát|học chủ động|khả năng thích ứng|làm việc nhóm|lắng nghe tích cực|nhạy bén xã hội|phán đoán & ra quyết định|phối hợp|quản lý thời gian|thuyết phục|tư duy phản biện|viết|đàm phán|định hướng dịch vụ|đọc hiểu,"[0.759, 0.193, 0.143, 0.301, 0.571, 0.78]",Bán hàng|giao tiếp|giao tiếp nói|giám sát|học chủ động|khả năng thích ứng|làm việc nhóm|lắng nghe tích cực|nhạy bén xã hội|phán đoán & ra quyết định|phối hợp|quản lý thời gian|thuyết phục|tư duy phản biện|viết|đàm phán|định hướng dịch vụ|đọc hiểu
41-2031.00,Các nhà bán lẻ,"Bán hàng hóa, chẳng hạn như đồ nội thất, xe hơi, thiết bị điện tử hoặc quần áo cho người tiêu dùng.",Bán hàng|giao tiếp|giao tiếp nói|giám sát|học chủ động|khả năng thích ứng|làm việc nhóm|lắng nghe tích cực|nhạy bén xã hội|quản lý thời gian|thuyết phục|tư duy phản biện|viết|đàm phán|định hướng dịch vụ|đọc hiểu,"[0.471, 0.143, 0.299, 0.426, 0.869, 0.72]",Bán hàng|giao tiếp|giao tiếp nói|giám sát|học chủ động|khả năng thích ứng|làm việc nhóm|lắng nghe tích cực|nhạy bén xã hội|quản lý thời gian|thuyết phục|tư duy phản biện|viết|đàm phán|định hướng dịch vụ|đọc hiểu
41-3011.00,Các đại lý bán hàng quảng cáo,"Bán hoặc yêu cầu không gian quảng cáo, thời gian hoặc phương tiện truyền thông trong các ấn phẩm, biển báo, truyền hình, đài hoặc Internet hoặc các không gian công cộng.",Bán hàng|giao tiếp|giao tiếp khách hàng|giao tiếp nói|giám sát|học chủ động|khả năng thích ứng|kỹ năng bán hàng|làm việc nhóm|lắng nghe tích cực|nhạy bén xã hội|phối hợp|quản lý thời gian|thuyết phục|tư duy phản biện|viết|xây dựng mối quan hệ|đàm phán|định hướng dịch vụ|đọc hiểu,"[0.151, 0.21, 0.506, 0.413, 0.959, 0.676]",Bán hàng|giao tiếp|giao tiếp khách hàng|giao tiếp nói|giám sát|học chủ động|khả năng thích ứng|kỹ năng bán hàng|làm việc nhóm|lắng nghe tích cực|nhạy bén xã hội|phối hợp|quản lý thời gian|thuyết phục|tư duy phản biện|viết|xây dựng mối quan hệ|đàm phán|định hướng dịch vụ|đọc hiểu
41-3021.00,Các đại lý bán bảo hiểm,"Bán mạng, tài sản, tai nạn, y tế, ô tô hoặc các loại bảo hiểm khác.",Bán hàng|giao tiếp|giao tiếp nói|học chủ động|khả năng thích ứng|làm việc nhóm|lắng nghe tích cực|nhạy bén xã hội|phán đoán & ra quyết định|quản lý thời gian|thuyết phục|tư duy phản biện|viết|đàm phán|định hướng dịch vụ|đọc hiểu,"[0.157, 0.327, 0.169, 0.527, 0.834, 0.757]",Bán hàng|giao tiếp|giao tiếp nói|học chủ động|khả năng thích ứng|làm việc nhóm|lắng nghe tích cực|nhạy bén xã hội|phán đoán & ra quyết định|quản lý thời gian|thuyết phục|tư duy phản biện|viết|đàm phán|định hướng dịch vụ|đọc hiểu
41-3031.00,"Các đại lý bán chứng khoán, hàng hóa và dịch vụ tài chính","Mua và bán chứng khoán hoặc hàng hóa trong các công ty đầu tư và giao dịch, hoặc cung cấp dịch vụ tài chính cho các doanh nghiệp và cá nhân. Có thể tư vấn cho khách hàng về cổ phiếu, trái phiếu, quỹ tương hỗ, hàng hóa và điều kiện thị trường.",Bán hàng|giao tiếp|giao tiếp nói|giám sát|giải quyết vấn đề phức tạp|học chủ động|khả năng thích ứng|làm việc nhóm|lắng nghe tích cực|phán đoán & ra quyết định|quản lý thời gian|thuyết phục|tư duy phản biện|viết|đánh giá hệ thống|định hướng dịch vụ|đọc hiểu,"[0.179, 0.361, 0.184, 0.44, 0.869, 0.753]",Bán hàng|giao tiếp|giao tiếp nói|giám sát|giải quyết vấn đề phức tạp|học chủ động|khả năng thích ứng|làm việc nhóm|lắng nghe tích cực|phán đoán & ra quyết định|quản lý thời gian|thuyết phục|tư duy phản biện|viết|đánh giá hệ thống|định hướng dịch vụ|đọc hiểu
41-3041.00,Các đại lý du lịch,"Kế hoạch và bán vận chuyển và chỗ ở cho khách hàng. Xác định điểm đến, phương tiện vận chuyển, ngày du lịch, chi phí và chỗ ở cần thiết. Ngoài ra có thể mô tả, lên kế hoạch và sắp xếp các hành trình và bán gói du lịch. Có thể giúp giải quyết các vấn đề du lịch của khách hàng.",Bán hàng|giao tiếp|giao tiếp nói|học chủ động|khả năng thích ứng|làm việc nhóm|lắng nghe tích cực|nhạy bén xã hội|phán đoán & ra quyết định|phối hợp|quản lý thời gian|thuyết phục|tư duy phản biện|viết|đàm phán|định hướng dịch vụ|đọc hiểu,"[0.176, 0.211, 0.276, 0.617, 0.824, 0.817]",Bán hàng|giao tiếp|giao tiếp nói|học chủ động|khả năng thích ứng|làm việc nhóm|lắng nghe tích cực|nhạy bén xã hội|phán đoán & ra quyết định|phối hợp|quản lý thời gian|thuyết phục|tư duy phản biện|viết|đàm phán|định hướng dịch vụ|đọc hiểu
41-3091.00,"Các đại diện bán hàng của dịch vụ, ngoại trừ quảng cáo, bảo hiểm, dịch vụ tài chính và du lịch",bán dịch vụ cho cá nhân hoặc doanh nghiệp. Có thể mô tả các lựa chọn hoặc giải quyết các vấn đề của khách hàng.,giao tiếp|giao tiếp khách hàng|khả năng thích ứng|kỹ năng bán hàng|làm việc nhóm|quản lý thời gian|thuyết phục|tư duy phản biện|xây dựng mối quan hệ|đàm phán,"[0.156, 0.277, 0.206, 0.533, 0.959, 0.727]",giao tiếp|giao tiếp khách hàng|khả năng thích ứng|kỹ năng bán hàng|làm việc nhóm|quản lý thời gian|thuyết phục|tư duy phản biện|xây dựng mối quan hệ|đàm phán
41-4011.00,"Các đại diện bán hàng, hàng bán buôn và sản xuất, sản phẩm kỹ thuật và khoa học","Cần bán hàng hóa cho các nhà bán lẻ hoặc nhà sản xuất khi cần có kiến thức kỹ thuật hoặc khoa học trong các lĩnh vực như sinh học, kỹ thuật, hóa học và điện tử, thường đạt được từ ít nhất 2 năm học sau đại học.",Bán hàng|chú ý đến chi tiết|giao tiếp|giao tiếp khách hàng|giao tiếp nói|giải quyết vấn đề kỹ thuật|học chủ động|khả năng thích ứng|kỹ năng bán hàng|kỹ năng máy tính|làm việc nhóm|lắng nghe tích cực|nhạy bén xã hội|phân tích dữ liệu|phối hợp|quản lý thời gian|thuyết phục|tư duy logic|tư duy phản biện|viết|xây dựng mối quan hệ|đàm phán|định hướng dịch vụ|đọc hiểu,"[0.406, 0.45, 0.216, 0.426, 0.77, 0.719]",Bán hàng|chú ý đến chi tiết|giao tiếp|giao tiếp khách hàng|giao tiếp nói|giải quyết vấn đề kỹ thuật|học chủ động|khả năng thích ứng|kỹ năng bán hàng|kỹ năng máy tính|làm việc nhóm|lắng nghe tích cực|nhạy bén xã hội|phân tích dữ liệu|phối hợp|quản lý thời gian|thuyết phục|tư duy logic|tư duy phản biện|viết|xây dựng mối quan hệ|đàm phán|định hướng dịch vụ|đọc hiểu
41-4011.07,Các đại diện bán hàng và đánh giá năng lượng mặt trời,"Liên hệ với khách hàng mới hoặc hiện có để xác định nhu cầu thiết bị năng lượng mặt trời của họ, đề xuất hệ thống hoặc thiết bị hoặc ước tính chi phí.",Bán hàng|giao tiếp|giao tiếp khách hàng|giao tiếp nói|giám sát|học chủ động|khả năng thích ứng|kỹ năng bán hàng|làm việc nhóm|lắng nghe tích cực|nhạy bén xã hội|phối hợp|quản lý thời gian|thuyết phục|tư duy phản biện|viết|xây dựng mối quan hệ|đàm phán|định hướng dịch vụ|đọc hiểu,"[0.503, 0.39, 0.199, 0.393, 0.794, 0.633]",Bán hàng|giao tiếp|giao tiếp khách hàng|giao tiếp nói|giám sát|học chủ động|khả năng thích ứng|kỹ năng bán hàng|làm việc nhóm|lắng nghe tích cực|nhạy bén xã hội|phối hợp|quản lý thời gian|thuyết phục|tư duy phản biện|viết|xây dựng mối quan hệ|đàm phán|định hướng dịch vụ|đọc hiểu
41-4012.00,"Các đại diện bán hàng, bán buôn và sản xuất, ngoại trừ các sản phẩm kỹ thuật và khoa học",bán hàng cho các nhà bán lẻ hoặc nhà sản xuất cho các doanh nghiệp hoặc các nhóm cá nhân.,Bán hàng|chú ý đến chi tiết|giao tiếp|giao tiếp khách hàng|giao tiếp nói|giám sát|giải quyết vấn đề kỹ thuật|học chủ động|khả năng thích ứng|kỹ năng bán hàng|kỹ năng máy tính|làm việc nhóm|lắng nghe tích cực|nhạy bén xã hội|phân tích dữ liệu|quản lý thời gian|thuyết phục|tư duy logic|tư duy phản biện|viết|xây dựng mối quan hệ|đàm phán|đọc hiểu,"[0.377, 0.329, 0.241, 0.376, 0.87, 0.699]",Bán hàng|chú ý đến chi tiết|giao tiếp|giao tiếp khách hàng|giao tiếp nói|giám sát|giải quyết vấn đề kỹ thuật|học chủ động|khả năng thích ứng|kỹ năng bán hàng|kỹ năng máy tính|làm việc nhóm|lắng nghe tích cực|nhạy bén xã hội|phân tích dữ liệu|quản lý thời gian|thuyết phục|tư duy logic|tư duy phản biện|viết|xây dựng mối quan hệ|đàm phán|đọc hiểu
41-9011.00,Những người biểu tình và những người thúc đẩy sản phẩm,Hiển thị hàng hóa và trả lời các câu hỏi nhằm tạo ra sự quan tâm của công chúng về việc mua sản phẩm. Có thể bán hàng hóa được chứng minh.,Bán hàng|giao tiếp|giao tiếp nói|giám sát|học chủ động|khả năng thích ứng|làm việc nhóm|lắng nghe tích cực|nhạy bén xã hội|phối hợp|quản lý thời gian|thuyết phục|tư duy phản biện|viết|định hướng dịch vụ|đọc hiểu,"[0.49, 0.257, 0.461, 0.451, 0.76, 0.521]",Bán hàng|giao tiếp|giao tiếp nói|giám sát|học chủ động|khả năng thích ứng|làm việc nhóm|lắng nghe tích cực|nhạy bén xã hội|phối hợp|quản lý thời gian|thuyết phục|tư duy phản biện|viết|định hướng dịch vụ|đọc hiểu
41-9012.00,Mô hình,"Mô hình quần áo hoặc quần áo và phụ kiện khác cho những người mua tiềm năng tại các cuộc trưng bày thời trang, triển lãm riêng hoặc các cơ sở bán lẻ. Có thể đặt hình ảnh để sử dụng trong tạp chí hoặc quảng cáo. Có thể là đối tượng cho các bức tranh, điêu khắc và các loại biểu hiện nghệ thuật khác.",giao tiếp|khả năng thích ứng|làm việc nhóm|quản lý thời gian|tư duy phản biện,"[0.686, 0.143, 1.0, 0.387, 0.52, 0.291]",giao tiếp|khả năng thích ứng|làm việc nhóm|quản lý thời gian|tư duy phản biện
41-9021.00,Các nhà môi giới bất động sản,"Hoạt động văn phòng bất động sản, hoặc làm việc cho một công ty bất động vật thương mại, giám sát các giao dịch bất động đất.",Bán hàng|giao tiếp|giao tiếp nói|giám sát|học chủ động|khả năng thích ứng|làm việc nhóm|lắng nghe tích cực|nhạy bén xã hội|phán đoán & ra quyết định|quản lý thời gian|thuyết phục|tư duy phản biện|viết|đàm phán|đọc hiểu,"[0.374, 0.22, 0.143, 0.423, 0.919, 0.801]",Bán hàng|giao tiếp|giao tiếp nói|giám sát|học chủ động|khả năng thích ứng|làm việc nhóm|lắng nghe tích cực|nhạy bén xã hội|phán đoán & ra quyết định|quản lý thời gian|thuyết phục|tư duy phản biện|viết|đàm phán|đọc hiểu
41-9022.00,Các đại lý bán bất động sản,"Cho thuê, mua hoặc bán bất động sản cho khách hàng. Thực hiện các nhiệm vụ như nghiên cứu danh sách bất động sản, phỏng vấn khách hàng tiềm năng, đi cùng khách hàng đến địa điểm bất động vật, thảo luận các điều kiện bán hàng và lập hợp đồng bất động đất. Bao gồm các đại lý đại diện cho người mua.",Bán hàng|giao tiếp|giao tiếp nói|khả năng thích ứng|làm việc nhóm|lắng nghe tích cực|nhạy bén xã hội|phán đoán & ra quyết định|phối hợp|quản lý thời gian|thuyết phục|tư duy phản biện|viết|đàm phán|định hướng dịch vụ|đọc hiểu,"[0.289, 0.209, 0.276, 0.5, 0.919, 0.73]",Bán hàng|giao tiếp|giao tiếp nói|khả năng thích ứng|làm việc nhóm|lắng nghe tích cực|nhạy bén xã hội|phán đoán & ra quyết định|phối hợp|quản lý thời gian|thuyết phục|tư duy phản biện|viết|đàm phán|định hướng dịch vụ|đọc hiểu
41-9031.00,Kỹ sư bán hàng,bán hàng hóa hoặc dịch vụ kinh doanh mà việc bán hàng đòi hỏi một nền tảng kỹ thuật tương đương với bằng cử nhân kỹ thuật.,Bán hàng|giao tiếp|giao tiếp khách hàng|giao tiếp nói|giải quyết vấn đề phức tạp|học chủ động|khả năng thích ứng|kỹ năng bán hàng|làm việc nhóm|lắng nghe tích cực|nhạy bén xã hội|phán đoán & ra quyết định|quản lý thời gian|thuyết phục|tư duy phản biện|viết|xây dựng mối quan hệ|đàm phán|định hướng dịch vụ|đọc hiểu,"[0.451, 0.523, 0.256, 0.41, 0.83, 0.641]",Bán hàng|giao tiếp|giao tiếp khách hàng|giao tiếp nói|giải quyết vấn đề phức tạp|học chủ động|khả năng thích ứng|kỹ năng bán hàng|làm việc nhóm|lắng nghe tích cực|nhạy bén xã hội|phán đoán & ra quyết định|quản lý thời gian|thuyết phục|tư duy phản biện|viết|xây dựng mối quan hệ|đàm phán|định hướng dịch vụ|đọc hiểu
41-9041.00,Các nhà bán hàng viễn thông,Giúp tiền hoặc đặt hàng hàng hóa hoặc dịch vụ qua điện thoại.,Bán hàng|giao tiếp|giao tiếp khách hàng|giao tiếp nói|khả năng thích ứng|kỹ năng bán hàng|làm việc nhóm|lắng nghe tích cực|nhạy bén xã hội|quản lý thời gian|thuyết phục|tư duy phản biện|xây dựng mối quan hệ|đàm phán|định hướng dịch vụ|đọc hiểu,"[0.266, 0.17, 0.199, 0.517, 0.741, 0.727]",Bán hàng|giao tiếp|giao tiếp khách hàng|giao tiếp nói|khả năng thích ứng|kỹ năng bán hàng|làm việc nhóm|lắng nghe tích cực|nhạy bén xã hội|quản lý thời gian|thuyết phục|tư duy phản biện|xây dựng mối quan hệ|đàm phán|định hướng dịch vụ|đọc hiểu
41-9091.00,"Công nhân bán hàng cửa hàng, người bán tin tức và đường phố, và những công nhân liên quan",Bán hàng hóa hoặc dịch vụ cửa hàng hoặc trên đường phố.,Bán hàng|giao tiếp|giao tiếp khách hàng|giao tiếp nói|khả năng thích ứng|kỹ năng bán hàng|làm việc nhóm|lắng nghe tích cực|nhạy bén xã hội|phán đoán & ra quyết định|phối hợp|quản lý thời gian|thuyết phục|tư duy phản biện|xây dựng mối quan hệ|đàm phán|định hướng dịch vụ|đọc hiểu,"[0.51, 0.143, 0.289, 0.394, 0.786, 0.674]",Bán hàng|giao tiếp|giao tiếp khách hàng|giao tiếp nói|khả năng thích ứng|kỹ năng bán hàng|làm việc nhóm|lắng nghe tích cực|nhạy bén xã hội|phán đoán & ra quyết định|phối hợp|quản lý thời gian|thuyết phục|tư duy phản biện|xây dựng mối quan hệ|đàm phán|định hướng dịch vụ|đọc hiểu
41-9099.00,"Sales and Related Workers, Khác",Thực hiện các nhiệm vụ đa dạng không được bao gồm trong các danh mục nghề nghiệp cụ thể khác trong lĩnh vực này.,Khác|Tổng quát|giao tiếp|khác|khả năng thích ứng|làm việc nhóm|quản lý thời gian|tư duy phản biện|tổng quát|đa dạng,"[0.392, 0.248, 0.262, 0.447, 0.81, 0.746]",Khác|Tổng quát|giao tiếp|khác|khả năng thích ứng|làm việc nhóm|quản lý thời gian|tư duy phản biện|tổng quát|đa dạng
43-1011.00,Giám sát hàng đầu của văn phòng và nhân viên hỗ trợ hành chính,Giám sát và phối hợp trực tiếp các hoạt động của nhân viên hỗ trợ văn phòng và hành chính.,Hành chính/Văn phòng|chiến lược học tập|giao tiếp|giao tiếp nói|giám sát|hướng dẫn|học chủ động|khả năng thích ứng|làm việc nhóm|lắng nghe tích cực|nhạy bén xã hội|phối hợp|quản lý thời gian|tư duy phản biện|viết|đọc hiểu,"[0.23, 0.193, 0.143, 0.619, 0.994, 0.811]",Hành chính/Văn phòng|chiến lược học tập|giao tiếp|giao tiếp nói|giám sát|hướng dẫn|học chủ động|khả năng thích ứng|làm việc nhóm|lắng nghe tích cực|nhạy bén xã hội|phối hợp|quản lý thời gian|tư duy phản biện|viết|đọc hiểu
43-2011.00,"Các nhà điều hành bảng chuyển đổi, bao gồm dịch vụ trả lời","Sử dụng thiết bị hệ thống kinh doanh điện thoại hoặc bảng chuyển đổi để truyền tải các cuộc gọi đến, ra ngoài và giữa văn phòng. Có thể cung cấp thông tin cho người gọi và ghi lại tin nhắn.",Hành chính/Văn phòng|giao tiếp|giao tiếp nói|khả năng thích ứng|làm việc nhóm|lắng nghe tích cực|nhạy bén xã hội|phối hợp|quản lý thời gian|tư duy phản biện|định hướng dịch vụ|đọc hiểu,"[0.514, 0.199, 0.143, 0.416, 0.454, 0.851]",Hành chính/Văn phòng|giao tiếp|giao tiếp nói|khả năng thích ứng|làm việc nhóm|lắng nghe tích cực|nhạy bén xã hội|phối hợp|quản lý thời gian|tư duy phản biện|định hướng dịch vụ|đọc hiểu
43-2021.00,Các nhà khai thác điện thoại,"Cung cấp thông tin bằng cách truy cập thư mục bảng chữ cái, địa lý hoặc các thư mục khác. Giúp khách hàng với các yêu cầu thanh toán đặc biệt, chẳng hạn như phí cho bên thứ ba và tín dụng hoặc hoàn lại cho số không đúng hoặc kết nối xấu. Có thể xử lý cuộc gọi khẩn cấp và giúp trẻ em hoặc người khuyết tật thực hiện cuộc gọi điện thoại.",Hành chính/Văn phòng|giao tiếp|giao tiếp nói|khả năng thích ứng|làm việc nhóm|lắng nghe tích cực|nhạy bén xã hội|quản lý thời gian|tư duy phản biện|định hướng dịch vụ|đọc hiểu,"[0.403, 0.149, 0.143, 0.651, 0.48, 0.884]",Hành chính/Văn phòng|giao tiếp|giao tiếp nói|khả năng thích ứng|làm việc nhóm|lắng nghe tích cực|nhạy bén xã hội|quản lý thời gian|tư duy phản biện|định hướng dịch vụ|đọc hiểu
43-3011.00,Người sưu tập hóa đơn và tài khoản,"Tìm và thông báo cho khách hàng về các tài khoản bị lỗi bằng thư, điện thoại hoặc truy cập cá nhân để yêu cầu thanh toán. Các nhiệm vụ bao gồm nhận khoản thanh toán và gửi số tiền vào tài khoản của khách hàng, chuẩn bị báo cáo cho bộ phận tín dụng nếu khách hàng không trả lời, khởi động các thủ tục lấy lại hoặc ngừng kết nối dịch vụ, và lưu giữ hồ sơ thu thập và tình trạng tài khoản.",Hành chính/Văn phòng|giao tiếp|giao tiếp nói|giám sát|khả năng thích ứng|làm việc nhóm|lắng nghe tích cực|nhạy bén xã hội|quản lý thời gian|thuyết phục|tư duy phản biện|viết|đàm phán|định hướng dịch vụ|đọc hiểu,"[0.291, 0.143, 0.143, 0.463, 0.626, 1.0]",Hành chính/Văn phòng|giao tiếp|giao tiếp nói|giám sát|khả năng thích ứng|làm việc nhóm|lắng nghe tích cực|nhạy bén xã hội|quản lý thời gian|thuyết phục|tư duy phản biện|viết|đàm phán|định hướng dịch vụ|đọc hiểu
43-3021.00,Các nhân viên thanh toán hóa đơn và gửi thư,"Thu thập, tính toán và ghi lại dữ liệu hóa đơn, kế toán, thống kê và số liệu khác cho mục đích hóa đơn.",Hành chính/Văn phòng|giao tiếp|giao tiếp nói|giám sát|khả năng thích ứng|làm việc nhóm|lắng nghe tích cực|quản lý thời gian|toán học|tư duy phản biện|viết|đọc hiểu,"[0.384, 0.24, 0.143, 0.213, 0.393, 1.0]",Hành chính/Văn phòng|giao tiếp|giao tiếp nói|giám sát|khả năng thích ứng|làm việc nhóm|lắng nghe tích cực|quản lý thời gian|toán học|tư duy phản biện|viết|đọc hiểu
43-3031.00,"Nhân viên kế toán, kế toán và kiểm toán","Xét, phân loại và ghi lại dữ liệu số để giữ hồ sơ tài chính hoàn chỉnh. Thực hiện bất kỳ kết hợp nào của các nhiệm vụ tính toán, đăng ký và xác minh thường xuyên để có được dữ liệu tài chính chính chính để sử dụng trong việc duy trì hồ sơ kế toán. Ngoài ra có thể kiểm tra độ chính xác của các con số, tính toán và bài đăng liên quan đến các giao dịch kinh doanh được ghi lại bởi các công nhân khác.",Hành chính/Văn phòng|giao tiếp|giao tiếp nói|giám sát|học chủ động|khả năng thích ứng|làm việc nhóm|lắng nghe tích cực|quản lý thời gian|toán học|tư duy phản biện|viết|đọc hiểu,"[0.236, 0.31, 0.143, 0.21, 0.413, 1.0]",Hành chính/Văn phòng|giao tiếp|giao tiếp nói|giám sát|học chủ động|khả năng thích ứng|làm việc nhóm|lắng nghe tích cực|quản lý thời gian|toán học|tư duy phản biện|viết|đọc hiểu
43-3041.00,Công nhân lồng cờ bạc,"Trong một cơ sở cờ bạc, thực hiện giao dịch tài chính cho khách hàng. chấp nhận đơn xin tín dụng của người bảo trợ và xác minh các tham chiếu tín dụng để cấp phép thanh toán tiền mặt hoặc để thiết lập tài khoản tín dụng nhà. Có thể kết hợp các bản tóm tắt hàng ngày của các giao dịch để cân bằng sổ sách. Có thể bán chip cờ bạc, mã thông báo hoặc vé cho khách hàng, hoặc cho các công nhân khác để bán lại cho khách. Có thể chuyển đổi chip cờ bạc, mã thông báo hoặc vé sang tiền tệ theo yêu cầu của người bảo trợ. Có thể sử dụng máy tính để ghi lại giao dịch.",Hành chính/Văn phòng|giao tiếp|giao tiếp nói|giám sát|khả năng thích ứng|làm việc nhóm|lắng nghe tích cực|nhạy bén xã hội|quản lý thời gian|toán học|tư duy phản biện|viết|định hướng dịch vụ|đọc hiểu,"[0.404, 0.143, 0.143, 0.407, 0.661, 0.853]",Hành chính/Văn phòng|giao tiếp|giao tiếp nói|giám sát|khả năng thích ứng|làm việc nhóm|lắng nghe tích cực|nhạy bén xã hội|quản lý thời gian|toán học|tư duy phản biện|viết|định hướng dịch vụ|đọc hiểu
43-3051.00,Các nhân viên làm việc theo thời gian và số tiền lương,"Thu thập và ghi lại dữ liệu thời gian của nhân viên và số tiền lương. Có thể tính toán thời gian làm việc, sản xuất và hoa hồng của các nhân viên. có thể tính và gửi tiền lương và khấu trừ, hoặc chuẩn bị vé lương.",Hành chính/Văn phòng|giao tiếp|giao tiếp nói|giám sát|giải quyết vấn đề phức tạp|khả năng thích ứng|làm việc nhóm|lắng nghe tích cực|quản lý thời gian|toán học|tư duy phản biện|viết|định hướng dịch vụ|đọc hiểu,"[0.226, 0.143, 0.143, 0.293, 0.486, 1.0]",Hành chính/Văn phòng|giao tiếp|giao tiếp nói|giám sát|giải quyết vấn đề phức tạp|khả năng thích ứng|làm việc nhóm|lắng nghe tích cực|quản lý thời gian|toán học|tư duy phản biện|viết|định hướng dịch vụ|đọc hiểu
43-3061.00,Các nhân viên mua sắm,Thu thập thông tin và hồ sơ để lập các đơn đặt hàng mua sắm cho việc mua sắm vật liệu và dịch vụ.,Hành chính/Văn phòng|giao tiếp|giao tiếp nói|giám sát|giải quyết vấn đề phức tạp|học chủ động|khả năng thích ứng|làm việc nhóm|lắng nghe tích cực|nhạy bén xã hội|phán đoán & ra quyết định|phối hợp|quản lý thời gian|tư duy phản biện|viết|đàm phán|định hướng dịch vụ|đọc hiểu,"[0.43, 0.233, 0.143, 0.237, 0.616, 1.0]",Hành chính/Văn phòng|giao tiếp|giao tiếp nói|giám sát|giải quyết vấn đề phức tạp|học chủ động|khả năng thích ứng|làm việc nhóm|lắng nghe tích cực|nhạy bén xã hội|phán đoán & ra quyết định|phối hợp|quản lý thời gian|tư duy phản biện|viết|đàm phán|định hướng dịch vụ|đọc hiểu
43-3071.00,Những người nói chuyện,"Nhận và thanh toán tiền, lưu giữ hồ sơ về tiền và các công cụ giao dịch liên quan đến các giao dịch khác nhau của tổ chức tài chính.",Hành chính/Văn phòng|giao tiếp|giao tiếp nói|giám sát|học chủ động|khả năng thích ứng|làm việc nhóm|lắng nghe tích cực|nhạy bén xã hội|quản lý thời gian|toán học|tư duy phản biện|viết|định hướng dịch vụ|đọc hiểu,"[0.327, 0.204, 0.143, 0.347, 0.599, 0.984]",Hành chính/Văn phòng|giao tiếp|giao tiếp nói|giám sát|học chủ động|khả năng thích ứng|làm việc nhóm|lắng nghe tích cực|nhạy bén xã hội|quản lý thời gian|toán học|tư duy phản biện|viết|định hướng dịch vụ|đọc hiểu
43-4011.00,Các nhân viên môi giới,"Thực hiện các nghĩa vụ liên quan đến mua, bán hoặc giữ chứng khoán. Các nhiệm vụ bao gồm viết lệnh mua hoặc bán cổ phiếu, tính toán thuế chuyển giao, xác minh các giao dịch cổ phần, chấp nhận và cung cấp chứng khoán, theo dõi biến động giá cổ phiếu , tính toán vốn chủ sở hữu, phân phối cổ tức và lưu giữ hồ sơ giao dịch và cổ phần hàng ngày.",Hành chính/Văn phòng|giao tiếp|giao tiếp nói|giám sát|học chủ động|khả năng thích ứng|làm việc nhóm|lắng nghe tích cực|nhạy bén xã hội|quản lý thời gian|toán học|tư duy phản biện|viết|định hướng dịch vụ|đọc hiểu,"[0.297, 0.18, 0.143, 0.331, 0.644, 0.996]",Hành chính/Văn phòng|giao tiếp|giao tiếp nói|giám sát|học chủ động|khả năng thích ứng|làm việc nhóm|lắng nghe tích cực|nhạy bén xã hội|quản lý thời gian|toán học|tư duy phản biện|viết|định hướng dịch vụ|đọc hiểu
43-4021.00,Các nhân viên thư ký,"Viết thư hoặc thư điện tử để trả lời các yêu cầu về hàng hóa, yêu cầu thiệt hại, tín dụng và thông tin khác, tài khoản nợ, hóa đơn không chính xác hoặc dịch vụ không thỏa mãn. Các nhiệm vụ có thể bao gồm thu thập dữ liệu để đưa ra câu trả lời và chuẩn bị thư ký.",Hành chính/Văn phòng|giao tiếp|giao tiếp nói|khả năng thích ứng|làm việc nhóm|lắng nghe tích cực|nhạy bén xã hội|phán đoán & ra quyết định|quản lý thời gian|tư duy phản biện|viết|định hướng dịch vụ|đọc hiểu,"[0.181, 0.353, 0.231, 0.391, 0.484, 0.963]",Hành chính/Văn phòng|giao tiếp|giao tiếp nói|khả năng thích ứng|làm việc nhóm|lắng nghe tích cực|nhạy bén xã hội|phán đoán & ra quyết định|quản lý thời gian|tư duy phản biện|viết|định hướng dịch vụ|đọc hiểu
43-4031.00,"Các nhân viên tòa án, đô thị và cấp phép","Thực hiện các nhiệm vụ văn phòng cho các tòa án, đô thị, hoặc cơ quan cấp phép và văn phòng của chính phủ. Có thể chuẩn bị hồ sơ các vụ kiện để gọi; bảo mật thông tin cho các thẩm phán và tòa án; chuẩn bị dự thảo nghị sự hoặc quy định quy định cho hội đồng thị trấn hoặc thành phố; trả lời thư chính thức; giữ hồ sơ tài chính và kế toán; cấp giấy phép hoặc giấy phép; và ghi lại dữ liệu, quản lý kiểm tra, hoặc thu phí.",Hành chính/Văn phòng|giao tiếp|giao tiếp nói|giám sát|khả năng thích ứng|làm việc nhóm|lắng nghe tích cực|nhạy bén xã hội|phán đoán & ra quyết định|phối hợp|quản lý thời gian|tư duy phản biện|viết|định hướng dịch vụ|đọc hiểu,"[0.286, 0.273, 0.16, 0.5, 0.606, 0.876]",Hành chính/Văn phòng|giao tiếp|giao tiếp nói|giám sát|khả năng thích ứng|làm việc nhóm|lắng nghe tích cực|nhạy bén xã hội|phán đoán & ra quyết định|phối hợp|quản lý thời gian|tư duy phản biện|viết|định hướng dịch vụ|đọc hiểu
43-4041.00,"Các ủy quyền tín dụng, kiểm tra, và thư ký","Giấy phép phí tín dụng đối với tài khoản của khách hàng. Nghiên cứu lịch sử và tín dụng của các cá nhân hoặc tổ chức kinh doanh nộp đơn xin tín dụng. Có thể phỏng vấn các ứng viên để có được dữ liệu cá nhân và tài chính, xác định giá trị tín dụng, xử lý các đơn xin và thông báo cho khách hàng về việc chấp nhận hoặc từ chối tín dụng.",Hành chính/Văn phòng|giao tiếp|giao tiếp nói|giám sát|khả năng thích ứng|làm việc nhóm|lắng nghe tích cực|nhạy bén xã hội|phán đoán & ra quyết định|phối hợp|quản lý thời gian|tư duy phản biện|viết|định hướng dịch vụ|đọc hiểu,"[0.143, 0.264, 0.143, 0.484, 0.639, 1.0]",Hành chính/Văn phòng|giao tiếp|giao tiếp nói|giám sát|khả năng thích ứng|làm việc nhóm|lắng nghe tích cực|nhạy bén xã hội|phán đoán & ra quyết định|phối hợp|quản lý thời gian|tư duy phản biện|viết|định hướng dịch vụ|đọc hiểu
43-4051.00,Các đại diện dịch vụ khách hàng,"Hoạt động tương tác với khách hàng để cung cấp thông tin cơ bản hoặc kịch bản để trả lời các yêu cầu thường xuyên về sản phẩm và dịch vụ. Có thể xử lý và giải quyết các khiếu nại chung. Không bao gồm các cá nhân có nhiệm vụ chủ yếu là lắp đặt, bán hàng, sửa chữa và hỗ trợ kỹ thuật.",Hành chính/Văn phòng|giao tiếp|giao tiếp nói|giám sát|giải quyết vấn đề phức tạp|khả năng thích ứng|làm việc nhóm|lắng nghe tích cực|nhạy bén xã hội|phối hợp|quản lý thời gian|thuyết phục|tư duy phản biện|viết|định hướng dịch vụ|đọc hiểu,"[0.293, 0.231, 0.143, 0.549, 0.73, 0.88]",Hành chính/Văn phòng|giao tiếp|giao tiếp nói|giám sát|giải quyết vấn đề phức tạp|khả năng thích ứng|làm việc nhóm|lắng nghe tích cực|nhạy bén xã hội|phối hợp|quản lý thời gian|thuyết phục|tư duy phản biện|viết|định hướng dịch vụ|đọc hiểu
43-4061.00,"Những người phỏng vấn đủ điều kiện, Các chương trình của chính phủ","Xác định đủ điều kiện của những người nộp đơn xin trợ giúp từ các chương trình của chính phủ và các nguồn lực của cơ quan, chẳng hạn như phúc lợi, trợ cấp thất nghiệp, an sinh xã hội và nhà ở công cộng.",Hành chính/Văn phòng|giao tiếp|giao tiếp nói|giám sát|học chủ động|khả năng thích ứng|làm việc nhóm|lắng nghe tích cực|nhạy bén xã hội|phán đoán & ra quyết định|quản lý thời gian|tư duy phản biện|viết|định hướng dịch vụ|đọc hiểu,"[0.143, 0.351, 0.143, 0.634, 0.561, 0.907]",Hành chính/Văn phòng|giao tiếp|giao tiếp nói|giám sát|học chủ động|khả năng thích ứng|làm việc nhóm|lắng nghe tích cực|nhạy bén xã hội|phán đoán & ra quyết định|quản lý thời gian|tư duy phản biện|viết|định hướng dịch vụ|đọc hiểu
43-4071.00,Các nhân viên tập tin,"Lưu trữ thư ký, thẻ, hóa đơn, biên lai và các hồ sơ khác theo thứ tự bảng chữ cái hoặc số hoặc theo hệ thống lưu trữ được sử dụng. Tìm và xóa tài liệu từ tệp khi yêu cầu.",Hành chính/Văn phòng|giao tiếp|giao tiếp nói|giám sát|khả năng thích ứng|làm việc nhóm|lắng nghe tích cực|nhạy bén xã hội|quản lý thời gian|tư duy phản biện|viết|định hướng dịch vụ|đọc hiểu,"[0.361, 0.197, 0.164, 0.274, 0.237, 1.0]",Hành chính/Văn phòng|giao tiếp|giao tiếp nói|giám sát|khả năng thích ứng|làm việc nhóm|lắng nghe tích cực|nhạy bén xã hội|quản lý thời gian|tư duy phản biện|viết|định hướng dịch vụ|đọc hiểu
43-4081.00,"Các nhân viên văn phòng khách sạn, khách sạn và khu nghỉ dưỡng","Chăm sóc khách sạn, khách sạn và khu nghỉ dưỡng bằng cách đăng ký và phân bổ phòng cho khách, phát hành chìa khóa hoặc thẻ phòng, truyền và nhận tin nhắn, lưu trữ hồ sơ về phòng và tài khoản của khách, thực hiện và xác nhận đặt phòng, và trình bày báo cáo và thu tiền từ khách rời đi.",Hành chính/Văn phòng|giao tiếp|giao tiếp nói|giám sát|giải quyết vấn đề phức tạp|khả năng thích ứng|làm việc nhóm|lắng nghe tích cực|nhạy bén xã hội|phán đoán & ra quyết định|phối hợp|quản lý nguồn nhân lực|quản lý thời gian|tư duy phản biện|định hướng dịch vụ|đọc hiểu,"[0.374, 0.143, 0.19, 0.64, 0.544, 0.816]",Hành chính/Văn phòng|giao tiếp|giao tiếp nói|giám sát|giải quyết vấn đề phức tạp|khả năng thích ứng|làm việc nhóm|lắng nghe tích cực|nhạy bén xã hội|phán đoán & ra quyết định|phối hợp|quản lý nguồn nhân lực|quản lý thời gian|tư duy phản biện|định hướng dịch vụ|đọc hiểu
43-4111.00,"Người phỏng vấn, ngoại trừ đủ điều kiện và vay","Cuộc phỏng vấn người qua điện thoại, thư, trực tiếp hoặc bằng các phương tiện khác nhằm mục đích điền vào các biểu mẫu, đơn xin hoặc bảng câu hỏi. Hãy hỏi những câu hỏi cụ thể, ghi lại câu trả lời và giúp mọi người điền vào mẫu đơn. Có thể sắp xếp, phân loại, và các mẫu tập tin.",Hành chính/Văn phòng|giao tiếp|giao tiếp nói|giám sát|giải quyết vấn đề phức tạp|khả năng thích ứng|làm việc nhóm|lắng nghe tích cực|nhạy bén xã hội|quản lý thời gian|thuyết phục|tư duy phản biện|viết|đàm phán|định hướng dịch vụ|đọc hiểu,"[0.143, 0.274, 0.197, 0.59, 0.523, 0.859]",Hành chính/Văn phòng|giao tiếp|giao tiếp nói|giám sát|giải quyết vấn đề phức tạp|khả năng thích ứng|làm việc nhóm|lắng nghe tích cực|nhạy bén xã hội|quản lý thời gian|thuyết phục|tư duy phản biện|viết|đàm phán|định hướng dịch vụ|đọc hiểu
43-4121.00,"Thợ thư viện, giáo sĩ","Thu thập hồ sơ và sắp xếp, lưu trữ, phát hành và nhận các tài liệu thư viện như sách, phương tiện truyền thông điện tử, hình ảnh, thẻ, slide và microfilm. Tìm các tài liệu thư viện cho vay và thay thế tài liệu trong khu vực kệ, ngăn xếp hoặc tập tin theo số nhận dạng và tiêu đề. Đăng ký khách hàng để cho phép họ mượn sách, tạp chí và tài liệu thư viện khác.",Hành chính/Văn phòng|giao tiếp|giao tiếp nói|khả năng thích ứng|làm việc nhóm|lắng nghe tích cực|phối hợp|quản lý thời gian|tư duy phản biện|viết|định hướng dịch vụ|đọc hiểu,"[0.416, 0.287, 0.186, 0.54, 0.313, 0.984]",Hành chính/Văn phòng|giao tiếp|giao tiếp nói|khả năng thích ứng|làm việc nhóm|lắng nghe tích cực|phối hợp|quản lý thời gian|tư duy phản biện|viết|định hướng dịch vụ|đọc hiểu
43-4131.00,Người phỏng vấn vay và nhân viên văn phòng,"Cuộc phỏng vấn người nộp đơn đơn xin vay để thu thập thông tin; điều tra nền tảng của người yêu cầu và xác minh tham chiếu; chuẩn bị giấy tờ yêu cầu vay; và chuyển phát hiện, báo cáo và tài liệu cho bộ phận đánh giá. Xem xét các giấy tờ vay để đảm bảo tính đầy đủ và hoàn thành các giao dịch giữa cơ sở vay, người vay và người bán khi chấp thuận vay.",Hành chính/Văn phòng|giao tiếp|giao tiếp nói|giải quyết vấn đề phức tạp|học chủ động|khả năng thích ứng|làm việc nhóm|lắng nghe tích cực|nhạy bén xã hội|phán đoán & ra quyết định|quản lý thời gian|toán học|tư duy phản biện|viết|định hướng dịch vụ|đọc hiểu,"[0.143, 0.309, 0.143, 0.486, 0.659, 0.99]",Hành chính/Văn phòng|giao tiếp|giao tiếp nói|giải quyết vấn đề phức tạp|học chủ động|khả năng thích ứng|làm việc nhóm|lắng nghe tích cực|nhạy bén xã hội|phán đoán & ra quyết định|quản lý thời gian|toán học|tư duy phản biện|viết|định hướng dịch vụ|đọc hiểu
43-4141.00,Các nhân viên kế toán mới,"Gặp gỡ những người muốn mở tài khoản tại các tổ chức tài chính, giải thích các dịch vụ tài khoản có sẵn cho khách hàng tiềm năng và hỗ trợ họ trong việc chuẩn bị các ứng dụng.",Hành chính/Văn phòng|giao tiếp|giao tiếp nói|giám sát|khả năng thích ứng|làm việc nhóm|lắng nghe tích cực|nhạy bén xã hội|phán đoán & ra quyết định|phối hợp|quản lý thời gian|thuyết phục|toán học|tư duy phản biện|viết|định hướng dịch vụ|đọc hiểu,"[0.22, 0.251, 0.143, 0.507, 0.666, 1.0]",Hành chính/Văn phòng|giao tiếp|giao tiếp nói|giám sát|khả năng thích ứng|làm việc nhóm|lắng nghe tích cực|nhạy bén xã hội|phán đoán & ra quyết định|phối hợp|quản lý thời gian|thuyết phục|toán học|tư duy phản biện|viết|định hướng dịch vụ|đọc hiểu
43-4151.00,Các nhân viên văn phòng,"Nhận và xử lý các đơn đặt hàng đến về vật liệu, hàng hóa, quảng cáo được phân loại hoặc dịch vụ như sửa chữa, cài đặt hoặc thuê các cơ sở. Thông thường nhận đơn đặt hàng qua thư, điện thoại, fax hoặc các phương tiện điện tử khác. Các nhiệm vụ bao gồm thông báo cho khách hàng về biên nhận, giá, ngày vận chuyển và chậm trễ; chuẩn bị hợp đồng; và xử lý khiếu nại.",Hành chính/Văn phòng|giao tiếp|giao tiếp nói|giám sát|học chủ động|khả năng thích ứng|làm việc nhóm|lắng nghe tích cực|nhạy bén xã hội|phán đoán & ra quyết định|quản lý thời gian|toán học|tư duy phản biện|viết|định hướng dịch vụ|đọc hiểu,"[0.359, 0.143, 0.143, 0.359, 0.647, 1.0]",Hành chính/Văn phòng|giao tiếp|giao tiếp nói|giám sát|học chủ động|khả năng thích ứng|làm việc nhóm|lắng nghe tích cực|nhạy bén xã hội|phán đoán & ra quyết định|quản lý thời gian|toán học|tư duy phản biện|viết|định hướng dịch vụ|đọc hiểu
43-4161.00,"Các trợ lý nhân lực, ngoại trừ số tiền lương và theo thời gian","Thu thập và lưu giữ hồ sơ nhân viên. Dữ liệu ghi lại cho mỗi nhân viên, chẳng hạn như địa chỉ, thu nhập hàng tuần, sự vắng mặt, số lượng bán hàng hoặc sản xuất, báo cáo giám sát, ngày và lý do chấm dứt. Có thể chuẩn bị báo cáo cho hồ sơ tuyển dụng, nộp hồ sơ việc làm, hoặc tìm kiếm hồ sơ nhân viên và cung cấp thông tin cho những người được ủy quyền.",Hành chính/Văn phòng|giao tiếp|giao tiếp nói|giám sát|học chủ động|khả năng thích ứng|làm việc nhóm|lắng nghe tích cực|nhạy bén xã hội|phối hợp|quản lý thời gian|tư duy phản biện|viết|định hướng dịch vụ|đọc hiểu,"[0.213, 0.194, 0.143, 0.46, 0.551, 1.0]",Hành chính/Văn phòng|giao tiếp|giao tiếp nói|giám sát|học chủ động|khả năng thích ứng|làm việc nhóm|lắng nghe tích cực|nhạy bén xã hội|phối hợp|quản lý thời gian|tư duy phản biện|viết|định hướng dịch vụ|đọc hiểu
43-4171.00,Các nhân viên tiếp tân và nhân viên thông tin,"Trả lời các yêu cầu và cung cấp thông tin cho công chúng, khách hàng, du khách và các bên quan tâm khác về các hoạt động được thực hiện tại cơ sở và địa điểm của các bộ phận, văn phòng và nhân viên trong tổ chức.",Hành chính/Văn phòng|giao tiếp|giao tiếp nói|khả năng thích ứng|làm việc nhóm|lắng nghe tích cực|nhạy bén xã hội|phối hợp|quản lý thời gian|tư duy phản biện|viết|định hướng dịch vụ|đọc hiểu,"[0.267, 0.274, 0.143, 0.519, 0.604, 0.89]",Hành chính/Văn phòng|giao tiếp|giao tiếp nói|khả năng thích ứng|làm việc nhóm|lắng nghe tích cực|nhạy bén xã hội|phối hợp|quản lý thời gian|tư duy phản biện|viết|định hướng dịch vụ|đọc hiểu
43-4181.00,Các đại lý vé đặt chỗ và vận chuyển và nhân viên du lịch,"Làm và xác nhận đặt chỗ cho vận chuyển hoặc chỗ ở, hoặc bán vé vận chuyển. Có thể kiểm tra hành lý và hướng hành khách đến lối đi được chỉ định, bến tàu hoặc đường mòn; cung cấp vé và liên hệ với cá nhân và nhóm để thông báo cho họ về các chuyến đi gói; hoặc cung cấp cho khách du lịch thông tin về du lịch hoặc vận chuyển.",Hành chính/Văn phòng|giao tiếp|giao tiếp nói|học chủ động|khả năng thích ứng|làm việc nhóm|lắng nghe tích cực|nhạy bén xã hội|phán đoán & ra quyết định|phối hợp|quản lý thời gian|thuyết phục|tư duy phản biện|viết|định hướng dịch vụ|đọc hiểu,"[0.303, 0.143, 0.181, 0.623, 0.574, 0.809]",Hành chính/Văn phòng|giao tiếp|giao tiếp nói|học chủ động|khả năng thích ứng|làm việc nhóm|lắng nghe tích cực|nhạy bén xã hội|phán đoán & ra quyết định|phối hợp|quản lý thời gian|thuyết phục|tư duy phản biện|viết|định hướng dịch vụ|đọc hiểu
43-4199.00,"Information and Record Clerks, Khác",Thực hiện các nhiệm vụ đa dạng không được bao gồm trong các danh mục nghề nghiệp cụ thể khác trong lĩnh vực này.,Khác|Tổng quát|giao tiếp|khác|khả năng thích ứng|làm việc nhóm|quản lý thời gian|tư duy phản biện|tổng quát|đa dạng,"[0.363, 0.258, 0.168, 0.404, 0.483, 0.941]",Khác|Tổng quát|giao tiếp|khác|khả năng thích ứng|làm việc nhóm|quản lý thời gian|tư duy phản biện|tổng quát|đa dạng
43-5011.00,Các đại lý vận chuyển hàng hóa và hàng hóa,"Việc vận chuyển vận chuyển hàng hóa và hàng hóa đến và ra khỏi các nhà máy bay, tàu hỏa, xe tải và bến cảng vận chuyển. Lấy đơn đặt hàng từ khách hàng và sắp xếp nhận hàng hóa và hàng hóa để giao hàng đến sàn tải. Chuẩn bị và kiểm tra hóa đơn vận chuyển để xác định chi phí vận chuyển và thuế quan.",Hành chính/Văn phòng|giao tiếp|giao tiếp nói|giám sát|khả năng thích ứng|làm việc nhóm|lắng nghe tích cực|nhạy bén xã hội|phối hợp|quản lý thời gian|tư duy phản biện|viết|đàm phán|định hướng dịch vụ|đọc hiểu,"[0.449, 0.214, 0.143, 0.306, 0.689, 0.904]",Hành chính/Văn phòng|giao tiếp|giao tiếp nói|giám sát|khả năng thích ứng|làm việc nhóm|lắng nghe tích cực|nhạy bén xã hội|phối hợp|quản lý thời gian|tư duy phản biện|viết|đàm phán|định hướng dịch vụ|đọc hiểu
43-5011.01,Các nhà vận chuyển hàng hóa,"Tỷ lệ nghiên cứu, đường dẫn hoặc phương thức vận chuyển để vận chuyển sản phẩm. Giữ nhận thức về các quy định ảnh hưởng đến vận chuyển hàng hóa quốc tế. Hãy sắp xếp các dịch vụ bổ sung, chẳng hạn như lưu trữ hoặc vận chuyển nội địa.",Hành chính/Văn phòng|giao tiếp|giao tiếp nói|giám sát|khả năng thích ứng|làm việc nhóm|lắng nghe tích cực|nhạy bén xã hội|phối hợp|quản lý thời gian|thuyết phục|tư duy phản biện|viết|đàm phán|định hướng dịch vụ|đọc hiểu,"[0.477, 0.347, 0.143, 0.27, 0.56, 0.821]",Hành chính/Văn phòng|giao tiếp|giao tiếp nói|giám sát|khả năng thích ứng|làm việc nhóm|lắng nghe tích cực|nhạy bén xã hội|phối hợp|quản lý thời gian|thuyết phục|tư duy phản biện|viết|đàm phán|định hướng dịch vụ|đọc hiểu
43-5021.00,Các sứ giả và sứ giả,"Nhặt và chuyển tin nhắn, tài liệu, gói hàng và các mặt hàng khác giữa các văn phòng hoặc bộ phận trong một cơ sở hoặc trực tiếp đến các vấn đề kinh doanh khác, đi bộ, xe đạp, xe máy, ô tô hoặc phương tiện giao thông công cộng.",Hành chính/Văn phòng|giao tiếp|giao tiếp nói|khả năng thích ứng|làm việc nhóm|lắng nghe tích cực|quản lý thời gian|tư duy phản biện|viết|định hướng dịch vụ|đọc hiểu,"[0.607, 0.167, 0.143, 0.437, 0.391, 0.78]",Hành chính/Văn phòng|giao tiếp|giao tiếp nói|khả năng thích ứng|làm việc nhóm|lắng nghe tích cực|quản lý thời gian|tư duy phản biện|viết|định hướng dịch vụ|đọc hiểu
43-5031.00,An toàn công cộng Các nhà viễn thông,"Sử dụng hệ thống điện thoại, vô tuyến hoặc các hệ thống truyền thông khác để nhận và thông báo yêu cầu hỗ trợ khẩn cấp tại các điểm đáp ứng an toàn công cộng 9-1-1 và trung tâm hoạt động khẩn cấp. Nhận thông tin từ công chúng và các nguồn khác về tội phạm, đe dọa, nhiễu loạn, hành động khủng bố, hỏa hoạn, trường hợp khẩn cấp y tế và các vấn đề an toàn công cộng khác. Có thể phối hợp và cung cấp thông tin cho nhân viên thực thi pháp luật và phản ứng khẩn cấp. Có thể truy cập các cơ sở dữ liệu nhạy cảm và các nguồn thông tin khác khi cần thiết. Có thể cung cấp các hướng dẫn bổ sung cho người gọi dựa trên kiến thức và chứng nhận trong các thủ tục pháp luật, cứu hỏa hoặc y tế khẩn cấp.",Hành chính/Văn phòng|giao tiếp|giao tiếp nói|giám sát|giải quyết vấn đề phức tạp|học chủ động|khả năng thích ứng|làm việc nhóm|lắng nghe tích cực|nhạy bén xã hội|phán đoán & ra quyết định|phối hợp|quản lý thời gian|thuyết phục|tư duy phản biện|định hướng dịch vụ|đọc hiểu,"[0.607, 0.411, 0.143, 0.514, 0.414, 0.791]",Hành chính/Văn phòng|giao tiếp|giao tiếp nói|giám sát|giải quyết vấn đề phức tạp|học chủ động|khả năng thích ứng|làm việc nhóm|lắng nghe tích cực|nhạy bén xã hội|phán đoán & ra quyết định|phối hợp|quản lý thời gian|thuyết phục|tư duy phản biện|định hướng dịch vụ|đọc hiểu
43-5032.00,"Những người vận chuyển, ngoại trừ cảnh sát, cứu hỏa và xe cứu thương","Các công nhân, nhân viên làm việc, thiết bị hoặc phương tiện dịch vụ để vận chuyển vật liệu, hàng hóa hoặc hành khách, hoặc cho việc lắp đặt, phục vụ hoặc sửa chữa khẩn cấp bình thường được thực hiện bên ngoài nơi kinh doanh. Các nhiệm vụ có thể bao gồm sử dụng đài phát thanh, điện thoại hoặc máy tính để truyền tải các nhiệm vụ và biên soạn thống kê và báo cáo về tiến bộ công việc.",Hành chính/Văn phòng|giao tiếp|giao tiếp nói|giám sát|giải quyết vấn đề phức tạp|học chủ động|khả năng thích ứng|làm việc nhóm|lắng nghe tích cực|nhạy bén xã hội|phán đoán & ra quyết định|phối hợp|quản lý thời gian|tư duy phản biện|viết|định hướng dịch vụ|đọc hiểu,"[0.754, 0.203, 0.143, 0.383, 0.414, 0.77]",Hành chính/Văn phòng|giao tiếp|giao tiếp nói|giám sát|giải quyết vấn đề phức tạp|học chủ động|khả năng thích ứng|làm việc nhóm|lắng nghe tích cực|nhạy bén xã hội|phán đoán & ra quyết định|phối hợp|quản lý thời gian|tư duy phản biện|viết|định hướng dịch vụ|đọc hiểu
43-5041.00,"Máy đọc mét, tiện ích","Đọc số và ghi lại tiêu thụ điện, khí, nước hoặc hơi nước.",Hành chính/Văn phòng|giao tiếp|giao tiếp nói|khả năng thích ứng|làm việc nhóm|lắng nghe tích cực|quản lý thời gian|tư duy phản biện|định hướng dịch vụ|đọc hiểu,"[0.666, 0.366, 0.143, 0.314, 0.197, 0.951]",Hành chính/Văn phòng|giao tiếp|giao tiếp nói|khả năng thích ứng|làm việc nhóm|lắng nghe tích cực|quản lý thời gian|tư duy phản biện|định hướng dịch vụ|đọc hiểu
43-5051.00,Các nhân viên bưu chính,"Thực hiện bất kỳ công việc kết hợp nào trong một văn phòng bưu điện của Dịch vụ Bưu điện Hoa Kỳ (USPS), chẳng hạn như nhận thư và gói hàng; bán bưu thiếp và phiếu thu nhập, thẻ bưu chính, và phong bì bằng bưu kiện; điền và bán đơn đặt hàng tiền; đặt thư trong hố bồ câu của xe bưu hoặc trong túi; và kiểm tra thư để xác định bưu lệ chính xác. Bao gồm các nhân viên dịch vụ bưu chính được thuê bởi các nhà thầu của USPS.",Hành chính/Văn phòng|giao tiếp|giao tiếp nói|giám sát|khả năng thích ứng|làm việc nhóm|lắng nghe tích cực|nhạy bén xã hội|quản lý thời gian|tư duy phản biện|viết|định hướng dịch vụ|đọc hiểu,"[0.464, 0.143, 0.143, 0.363, 0.384, 0.93]",Hành chính/Văn phòng|giao tiếp|giao tiếp nói|giám sát|khả năng thích ứng|làm việc nhóm|lắng nghe tích cực|nhạy bén xã hội|quản lý thời gian|tư duy phản biện|viết|định hướng dịch vụ|đọc hiểu
43-5052.00,Dịch vụ bưu chính,Đặt và giao thư cho Dịch vụ Bưu điện Hoa Kỳ (USPS). Đưa thư theo tuyến đường được thiết lập bằng phương tiện hoặc đi bộ. Bao gồm các nhà vận chuyển thư dịch vụ bưu điện được sử dụng bởi các nhà thầu USPS.,Hành chính/Văn phòng|giao tiếp|giao tiếp nói|khả năng thích ứng|làm việc nhóm|lắng nghe tích cực|nhạy bén xã hội|quản lý thời gian|tư duy phản biện,"[0.51, 0.143, 0.143, 0.377, 0.409, 0.914]",Hành chính/Văn phòng|giao tiếp|giao tiếp nói|khả năng thích ứng|làm việc nhóm|lắng nghe tích cực|nhạy bén xã hội|quản lý thời gian|tư duy phản biện
43-5053.00,"Bộ phân loại thư, bộ xử lý và nhà khai thác máy xử lý thư","Chuẩn bị thư đến và ra để phân phối cho Dịch vụ Bưu điện Hoa Kỳ (USPS). Kiểm tra, phân loại và chuyển thư. Lái, vận hành và đôi khi điều chỉnh và sửa chữa máy xử lý thư, sắp xếp và hủy bỏ. Giữ hồ sơ về các lô hàng, túi và túi, và thực hiện các nhiệm vụ khác liên quan đến việc xử lý thư trong dịch vụ bưu chính. Bao gồm các bộ phân loại thư và bộ xử lý thư của dịch vụ bưu chính được sử dụng bởi các nhà thầu của USPS.",Hành chính/Văn phòng|giao tiếp|giao tiếp nói|giám sát|khả năng thích ứng|làm việc nhóm|phối hợp|quản lý thời gian|tư duy phản biện|đọc hiểu,"[0.657, 0.22, 0.143, 0.261, 0.237, 0.844]",Hành chính/Văn phòng|giao tiếp|giao tiếp nói|giám sát|khả năng thích ứng|làm việc nhóm|phối hợp|quản lý thời gian|tư duy phản biện|đọc hiểu
43-5061.00,"Sản xuất, lập kế hoạch và thúc đẩy công việc","Điều phối và đẩy nhanh dòng chảy công việc và vật liệu trong hoặc giữa các bộ phận của một cơ sở theo lịch trình sản xuất. Các nhiệm vụ bao gồm xem xét và phân phối lịch trình sản xuất, công việc và vận chuyển; thảo luận với các giám sát viên của bộ phận để xác định tiến bộ công trình và ngày hoàn thành; và biên soạn báo cáo về tiến trình công việc, mức hàng tồn kho, chi phí và các vấn đề sản xuất.",Hành chính/Văn phòng|giao tiếp|giao tiếp nói|giám sát|giải quyết vấn đề phức tạp|khả năng thích ứng|làm việc nhóm|lắng nghe tích cực|phân tích hệ thống|phối hợp|quản lý thời gian|tư duy phản biện|viết|đọc hiểu,"[0.444, 0.171, 0.164, 0.3, 0.7, 0.846]",Hành chính/Văn phòng|giao tiếp|giao tiếp nói|giám sát|giải quyết vấn đề phức tạp|khả năng thích ứng|làm việc nhóm|lắng nghe tích cực|phân tích hệ thống|phối hợp|quản lý thời gian|tư duy phản biện|viết|đọc hiểu
43-5071.00,"Các nhân viên vận chuyển, nhận và lưu trữ hàng hóa",Kiểm tra và duy trì hồ sơ về các lô hàng đến và ra ngoài liên quan đến hàng tồn kho. Các nhiệm vụ bao gồm kiểm tra và ghi lại hàng hóa hoặc vật liệu nhập cảnh và sắp xếp vận chuyển sản phẩm. Có thể chuẩn bị các mặt hàng để vận chuyển.,Hành chính/Văn phòng|giao tiếp|giao tiếp nói|giám sát|khả năng thích ứng|làm việc nhóm|lắng nghe tích cực|quản lý thời gian|tư duy phản biện|đọc hiểu,"[0.547, 0.18, 0.143, 0.207, 0.451, 1.0]",Hành chính/Văn phòng|giao tiếp|giao tiếp nói|giám sát|khả năng thích ứng|làm việc nhóm|lắng nghe tích cực|quản lý thời gian|tư duy phản biện|đọc hiểu
43-5111.00,"Người cân, người đo, người kiểm tra và người lấy mẫu, giữ hồ sơ","Đánh nặng, đo lường và kiểm tra vật liệu, vật liệu và thiết bị để giữ hồ sơ liên quan. Nhiệm vụ chủ yếu là văn phòng do bản chất. Bao gồm các công nhân thu thập và ghi lại các mẫu sản phẩm hoặc vật liệu.",Hành chính/Văn phòng|giao tiếp|giao tiếp nói|giám sát|khả năng thích ứng|làm việc nhóm|lắng nghe tích cực|nhạy bén xã hội|phân tích kiểm soát chất lượng|phối hợp|quản lý thời gian|tư duy phản biện|viết|định hướng dịch vụ|đọc hiểu,"[0.756, 0.343, 0.143, 0.143, 0.247, 0.924]",Hành chính/Văn phòng|giao tiếp|giao tiếp nói|giám sát|khả năng thích ứng|làm việc nhóm|lắng nghe tích cực|nhạy bén xã hội|phân tích kiểm soát chất lượng|phối hợp|quản lý thời gian|tư duy phản biện|viết|định hướng dịch vụ|đọc hiểu
43-6011.00,Các thư ký điều hành và trợ lý hành chính điều hành,"Cung cấp hỗ trợ hành chính cấp cao bằng cách tiến hành nghiên cứu, chuẩn bị báo cáo thống kê và xử lý các yêu cầu thông tin, cũng như thực hiện các chức năng hành chính thường xuyên như chuẩn bị thư ký, tiếp nhận du khách, sắp xếp cuộc gọi hội nghị và lên lịch các cuộc họp. Có thể đào tạo và giám sát nhân viên văn phòng cấp thấp hơn.",Hành chính/Văn phòng|giao tiếp|giao tiếp nói|giám sát|học chủ động|khả năng thích ứng|làm việc nhóm|lắng nghe tích cực|nhạy bén xã hội|phối hợp|quản lý thời gian|tư duy phản biện|viết|định hướng dịch vụ|đọc hiểu,"[0.18, 0.271, 0.197, 0.569, 0.794, 0.913]",Hành chính/Văn phòng|giao tiếp|giao tiếp nói|giám sát|học chủ động|khả năng thích ứng|làm việc nhóm|lắng nghe tích cực|nhạy bén xã hội|phối hợp|quản lý thời gian|tư duy phản biện|viết|định hướng dịch vụ|đọc hiểu
43-6012.00,Các thư ký pháp lý và trợ lý hành chính,"Thực hiện các nhiệm vụ thư ký bằng cách sử dụng thuật ngữ pháp lý, thủ tục và tài liệu. Sẵn sàng các giấy tờ pháp lý và thư ký, chẳng hạn như triệu tập, khiếu nại, đề xuất và triệu tập. Cũng có thể giúp với nghiên cứu pháp lý.",Hành chính/Văn phòng|giao tiếp|giao tiếp nói|giám sát|khả năng thích ứng|làm việc nhóm|lắng nghe tích cực|nhạy bén xã hội|phối hợp|quản lý thời gian|tư duy phản biện|viết|định hướng dịch vụ|đọc hiểu,"[0.217, 0.451, 0.227, 0.43, 0.611, 0.944]",Hành chính/Văn phòng|giao tiếp|giao tiếp nói|giám sát|khả năng thích ứng|làm việc nhóm|lắng nghe tích cực|nhạy bén xã hội|phối hợp|quản lý thời gian|tư duy phản biện|viết|định hướng dịch vụ|đọc hiểu
43-6013.00,Các thư ký y tế và trợ lý hành chính,"Thực hiện nhiệm vụ thư ký bằng cách sử dụng kiến thức cụ thể về thuật ngữ y tế và các thủ tục bệnh viện, phòng khám hoặc phòng thí nghiệm. Các nhiệm vụ có thể bao gồm lập lịch hẹn, tính phí cho bệnh nhân, biên soạn và ghi lại bản đồ y tế, báo cáo và thư ký.",Hành chính/Văn phòng|chú ý đến chi tiết|chăm sóc bệnh nhân|giao tiếp|giao tiếp nói|giao tiếp với bệnh nhân|giám sát|giải quyết vấn đề phức tạp|khả năng thích ứng|làm việc dưới áp lực|làm việc nhóm|lắng nghe tích cực|nhạy bén xã hội|phối hợp|quản lý thời gian|tư duy phản biện|viết|định hướng dịch vụ|đọc hiểu|đồng cảm,"[0.34, 0.436, 0.143, 0.591, 0.451, 0.951]",Hành chính/Văn phòng|chú ý đến chi tiết|chăm sóc bệnh nhân|giao tiếp|giao tiếp nói|giao tiếp với bệnh nhân|giám sát|giải quyết vấn đề phức tạp|khả năng thích ứng|làm việc dưới áp lực|làm việc nhóm|lắng nghe tích cực|nhạy bén xã hội|phối hợp|quản lý thời gian|tư duy phản biện|viết|định hướng dịch vụ|đọc hiểu|đồng cảm
43-6014.00,"Các thư ký và trợ lý hành chính, ngoại trừ pháp lý, y tế và điều hành","Thực hiện các chức năng hành chính thường xuyên như biên soạn thư, lập lịch hẹn, tổ chức và duy trì các tệp giấy và điện tử hoặc cung cấp thông tin cho người gọi.",Hành chính/Văn phòng|chú ý đến chi tiết|chăm sóc bệnh nhân|giao tiếp|giao tiếp nói|giao tiếp với bệnh nhân|giám sát|học chủ động|khả năng thích ứng|làm việc dưới áp lực|làm việc nhóm|lắng nghe tích cực|nhạy bén xã hội|phán đoán & ra quyết định|phối hợp|quản lý thời gian|tư duy phản biện|viết|định hướng dịch vụ|đọc hiểu|đồng cảm,"[0.283, 0.196, 0.143, 0.517, 0.6, 0.996]",Hành chính/Văn phòng|chú ý đến chi tiết|chăm sóc bệnh nhân|giao tiếp|giao tiếp nói|giao tiếp với bệnh nhân|giám sát|học chủ động|khả năng thích ứng|làm việc dưới áp lực|làm việc nhóm|lắng nghe tích cực|nhạy bén xã hội|phán đoán & ra quyết định|phối hợp|quản lý thời gian|tư duy phản biện|viết|định hướng dịch vụ|đọc hiểu|đồng cảm
43-9021.00,Keyers nhập dữ liệu,"Sử dụng thiết bị nhập dữ liệu, chẳng hạn như bàn phím hoặc máy thấu hình hình ảnh.",Hành chính/Văn phòng|giao tiếp|giao tiếp nói|giám sát|khả năng thích ứng|làm việc nhóm|lắng nghe tích cực|quản lý thời gian|tư duy phản biện|viết|đọc hiểu,"[0.417, 0.334, 0.143, 0.176, 0.257, 1.0]",Hành chính/Văn phòng|giao tiếp|giao tiếp nói|giám sát|khả năng thích ứng|làm việc nhóm|lắng nghe tích cực|quản lý thời gian|tư duy phản biện|viết|đọc hiểu
43-9022.00,Máy xử lý văn bản và máy đánh chữ,"Sử dụng máy xử lý văn bản, máy tính hoặc máy đánh máy để gõ thư, báo cáo, biểu mẫu hoặc các tài liệu khác từ bản thảo thô sơ, bản sao sửa đổi hoặc ghi âm giọng nói.",Hành chính/Văn phòng|giao tiếp|giao tiếp nói|giám sát|khả năng thích ứng|làm việc nhóm|lắng nghe tích cực|quản lý thời gian|tư duy phản biện|viết|đọc hiểu,"[0.41, 0.276, 0.317, 0.324, 0.274, 0.943]",Hành chính/Văn phòng|giao tiếp|giao tiếp nói|giám sát|khả năng thích ứng|làm việc nhóm|lắng nghe tích cực|quản lý thời gian|tư duy phản biện|viết|đọc hiểu
43-9031.00,Nhà xuất bản máy tính để bàn,Thiết lập các yếu tố kiểu chữ và đồ họa bằng cách sử dụng phần mềm máy tính để tạo ra tài liệu sẵn sàng xuất bản.,Hành chính/Văn phòng|chú ý đến chi tiết|giao tiếp|giao tiếp nói|giám sát|giải quyết vấn đề kỹ thuật|giải quyết vấn đề phức tạp|hướng dẫn|học chủ động|khả năng thích ứng|kỹ năng máy tính|làm việc nhóm|lắng nghe tích cực|phán đoán & ra quyết định|phân tích dữ liệu|phối hợp|quản lý thời gian|tư duy logic|tư duy phản biện|viết|đọc hiểu,"[0.48, 0.393, 0.671, 0.256, 0.267, 0.76]",Hành chính/Văn phòng|chú ý đến chi tiết|giao tiếp|giao tiếp nói|giám sát|giải quyết vấn đề kỹ thuật|giải quyết vấn đề phức tạp|hướng dẫn|học chủ động|khả năng thích ứng|kỹ năng máy tính|làm việc nhóm|lắng nghe tích cực|phán đoán & ra quyết định|phân tích dữ liệu|phối hợp|quản lý thời gian|tư duy logic|tư duy phản biện|viết|đọc hiểu
43-9041.00,Các yêu cầu bảo hiểm và nhân viên xử lý chính sách,"xử lý các chính sách bảo hiểm mới, sửa đổi chính sách hiện có và các mẫu yêu cầu. Nhận thông tin từ các chủ sở hữu bảo hiểm để xác minh tính chính xác và đầy đủ của thông tin về các mẫu đơn, đơn xin và tài liệu liên quan, và hồ sơ công ty. Cập nhật chính sách và hồ sơ công ty hiện có để phản ánh những thay đổi được yêu cầu bởi các chủ bảo hiểm và đại diện của công ty bảo hiểm.",Hành chính/Văn phòng|giao tiếp|giao tiếp nói|giám sát|giải quyết vấn đề phức tạp|khả năng thích ứng|làm việc nhóm|lắng nghe tích cực|nhạy bén xã hội|phán đoán & ra quyết định|phối hợp|quản lý thời gian|tư duy phản biện|viết|định hướng dịch vụ|đọc hiểu,"[0.166, 0.346, 0.143, 0.369, 0.55, 1.0]",Hành chính/Văn phòng|giao tiếp|giao tiếp nói|giám sát|giải quyết vấn đề phức tạp|khả năng thích ứng|làm việc nhóm|lắng nghe tích cực|nhạy bén xã hội|phán đoán & ra quyết định|phối hợp|quản lý thời gian|tư duy phản biện|viết|định hướng dịch vụ|đọc hiểu
43-9051.00,"Các nhân viên thư và các nhà vận hành máy thư, ngoại trừ dịch vụ bưu chính","Chuẩn bị thư đến và ra để phân phối. Tiêu khắc thời gian, mở, đọc, sắp xếp và định tuyến thư đến; và địa chỉ, dấu, dấu ấn, gấp, vật phẩm, và dán bưu điện vào thư hoặc gói đi. Các nhiệm vụ cũng có thể bao gồm việc lưu giữ các hồ sơ cần thiết và các biểu mẫu được điền.",Hành chính/Văn phòng|giao tiếp|giao tiếp nói|giám sát|khả năng thích ứng|làm việc nhóm|quản lý thời gian|tư duy phản biện|đọc hiểu,"[0.57, 0.143, 0.143, 0.29, 0.31, 0.907]",Hành chính/Văn phòng|giao tiếp|giao tiếp nói|giám sát|khả năng thích ứng|làm việc nhóm|quản lý thời gian|tư duy phản biện|đọc hiểu
43-9061.00,"Các nhân viên văn phòng, Tổng thống","Thực hiện các nhiệm vụ quá đa dạng và đa dạng để được phân loại vào bất kỳ nghề văn phòng cụ thể nào, đòi hỏi phải có kiến thức về các hệ thống và thủ tục văn phòng. Các nhiệm vụ văn phòng có thể được chỉ định theo các thủ tục văn phòng của các cơ sở riêng lẻ và có thể bao gồm sự kết hợp của việc trả lời điện thoại, sổ sách, đánh máy hoặc xử lý văn bản, vận hành máy văn phòng và nộp hồ sơ.",Hành chính/Văn phòng|giao tiếp|giao tiếp nói|khả năng thích ứng|làm việc nhóm|lắng nghe tích cực|nhạy bén xã hội|phối hợp|quản lý thời gian|tư duy phản biện|viết|định hướng dịch vụ|đọc hiểu,"[0.417, 0.264, 0.143, 0.439, 0.456, 0.976]",Hành chính/Văn phòng|giao tiếp|giao tiếp nói|khả năng thích ứng|làm việc nhóm|lắng nghe tích cực|nhạy bén xã hội|phối hợp|quản lý thời gian|tư duy phản biện|viết|định hướng dịch vụ|đọc hiểu
43-9071.00,"Máy vận hành văn phòng, ngoại trừ máy tính","Sử dụng một hoặc nhiều loại máy văn phòng khác nhau, chẳng hạn như máy sao chép, chụp ảnh và sao chép hoặc các máy công ty khác.",Hành chính/Văn phòng|bị khởi động và điều khiển|chú ý đến chi tiết|giao tiếp|giao tiếp nói|giám sát|giám sát vận hành|giải quyết vấn đề kỹ thuật|khả năng thích ứng|kỹ năng máy tính|làm việc nhóm|lắng nghe tích cực|phán đoán & ra quyết định|phân tích dữ liệu|quản lý thời gian|tư duy logic|tư duy phản biện|đọc hiểu,"[0.647, 0.294, 0.173, 0.234, 0.281, 0.959]",Hành chính/Văn phòng|bị khởi động và điều khiển|chú ý đến chi tiết|giao tiếp|giao tiếp nói|giám sát|giám sát vận hành|giải quyết vấn đề kỹ thuật|khả năng thích ứng|kỹ năng máy tính|làm việc nhóm|lắng nghe tích cực|phán đoán & ra quyết định|phân tích dữ liệu|quản lý thời gian|tư duy logic|tư duy phản biện|đọc hiểu
43-9081.00,Máy đọc bằng chứng và đánh dấu sao chép,"Đọc bản sao hoặc thiết lập kiểu chứng minh để phát hiện và đánh dấu để sửa chữa bất kỳ lỗi ngữ pháp, kiểu chữ hoặc soạn thảo nào. Không bao gồm công nhân có nhiệm vụ chính là chỉnh sửa bản sao. Bao gồm các trình chỉnh sửa Braille.",Hành chính/Văn phòng|giao tiếp|giao tiếp nói|khả năng thích ứng|làm việc nhóm|lắng nghe tích cực|quản lý thời gian|tư duy phản biện|viết|đọc hiểu,"[0.233, 0.359, 0.496, 0.314, 0.209, 0.874]",Hành chính/Văn phòng|giao tiếp|giao tiếp nói|khả năng thích ứng|làm việc nhóm|lắng nghe tích cực|quản lý thời gian|tư duy phản biện|viết|đọc hiểu
43-9111.00,Các trợ lý thống kê,Thu thập và tính toán dữ liệu theo các công thức thống kê để sử dụng trong các nghiên cứu thống kê. Có thể thực hiện tính toán hành chính và biên soạn các biểu đồ và biểu đồ để được sử dụng bởi các hành chính. Bao gồm các nhân viên hành chính,Hành chính/Văn phòng|chiến lược học tập|giao tiếp|giao tiếp nói|giải quyết vấn đề phức tạp|học chủ động|khả năng thích ứng|làm việc nhóm|lập trình|lắng nghe tích cực|phán đoán & ra quyết định|quản lý thời gian|toán học|tư duy phản biện|viết|đọc hiểu,"[0.361, 0.647, 0.143, 0.194, 0.246, 1.0]",Hành chính/Văn phòng|chiến lược học tập|giao tiếp|giao tiếp nói|giải quyết vấn đề phức tạp|học chủ động|khả năng thích ứng|làm việc nhóm|lập trình|lắng nghe tích cực|phán đoán & ra quyết định|quản lý thời gian|toán học|tư duy phản biện|viết|đọc hiểu
43-9199.00,"Office and Administrative Support Workers, Khác",Thực hiện các nhiệm vụ đa dạng không được bao gồm trong các danh mục nghề nghiệp cụ thể khác trong lĩnh vực này.,Khác|Tổng quát|giao tiếp|khác|khả năng thích ứng|làm việc nhóm|quản lý thời gian|tư duy phản biện|tổng quát|đa dạng,"[0.389, 0.257, 0.168, 0.381, 0.487, 0.942]",Khác|Tổng quát|giao tiếp|khác|khả năng thích ứng|làm việc nhóm|quản lý thời gian|tư duy phản biện|tổng quát|đa dạng
45-1011.00,"Người giám sát hàng đầu của công nhân nông nghiệp, đánh cá và lâm nghiệp","Giám sát và phối hợp trực tiếp các hoạt động của nông nghiệp, lâm nghiệp, thủy sản và các nhân viên liên quan.",Khác|chiến lược học tập|giao tiếp|giao tiếp nói|giám sát|học chủ động|khả năng thích ứng|làm việc nhóm|lắng nghe tích cực|nhạy bén xã hội|phối hợp|quản lý nguồn nhân lực|quản lý thời gian|tư duy phản biện|viết|đọc hiểu,"[0.791, 0.319, 0.143, 0.411, 0.859, 0.664]",Khác|chiến lược học tập|giao tiếp|giao tiếp nói|giám sát|học chủ động|khả năng thích ứng|làm việc nhóm|lắng nghe tích cực|nhạy bén xã hội|phối hợp|quản lý nguồn nhân lực|quản lý thời gian|tư duy phản biện|viết|đọc hiểu
45-2011.00,Các thanh tra nông nghiệp,"Kiểm tra hàng hóa nông nghiệp, thiết bị chế biến và cơ sở vật chất, và hoạt động đánh cá và khai thác gỗ, để đảm bảo tuân thủ các quy định và luật pháp quản lý sức khỏe, chất lượng và an toàn.",Khác|giao tiếp|giao tiếp nói|giám sát|giám sát vận hành|giải quyết vấn đề phức tạp|học chủ động|khả năng thích ứng|làm việc nhóm|lắng nghe tích cực|phán đoán & ra quyết định|phân tích kiểm soát chất lượng|quản lý thời gian|tư duy phản biện|viết|đọc hiểu,"[0.761, 0.58, 0.143, 0.271, 0.447, 0.736]",Khác|giao tiếp|giao tiếp nói|giám sát|giám sát vận hành|giải quyết vấn đề phức tạp|học chủ động|khả năng thích ứng|làm việc nhóm|lắng nghe tích cực|phán đoán & ra quyết định|phân tích kiểm soát chất lượng|quản lý thời gian|tư duy phản biện|viết|đọc hiểu
45-2021.00,Nhà sản xuất động vật,"Chọn và sinh sản động vật theo dòng dõi, đặc điểm và hậu duệ của chúng. Có thể yêu cầu kiến thức về kỹ thuật thụ phấn nhân tạo và sử dụng thiết bị. Có thể liên quan đến việc lưu trữ hồ sơ về nhiệt độ, khoảng thời gian sinh, hoặc dòng dõi.",Khác|giao tiếp|giao tiếp nói|giám sát|giải quyết vấn đề phức tạp|học chủ động|khoa học|khả năng thích ứng|làm việc nhóm|lắng nghe tích cực|phán đoán & ra quyết định|quản lý thời gian|tư duy phản biện,"[0.924, 0.463, 0.204, 0.336, 0.296, 0.511]",Khác|giao tiếp|giao tiếp nói|giám sát|giải quyết vấn đề phức tạp|học chủ động|khoa học|khả năng thích ứng|làm việc nhóm|lắng nghe tích cực|phán đoán & ra quyết định|quản lý thời gian|tư duy phản biện
45-2041.00,"Máy phân loại và phân loại, Sản phẩm nông nghiệp","Đánh phân loại, phân loại hoặc phân loại thực phẩm chưa chế biến và các sản phẩm nông nghiệp khác theo kích thước, trọng lượng, màu sắc hoặc tình trạng.",giao tiếp|khả năng thích ứng|làm việc nhóm|quản lý thời gian|tư duy phản biện,"[0.806, 0.343, 0.237, 0.219, 0.306, 0.713]",giao tiếp|khả năng thích ứng|làm việc nhóm|quản lý thời gian|tư duy phản biện
45-2091.00,Các nhà khai thác thiết bị nông nghiệp,"Động cơ điều khiển và điều khiển thiết bị để hỗ trợ các hoạt động nông nghiệp như trồng đất; trồng, trồng và thu hoạch cây trồng; nuôi và chăn nuôi gia súc; hoặc loại bỏ chất thải động vật. Có thể thực hiện các nhiệm vụ như đúc cây trồng hoặc đúc cỏ. Có thể vận hành thiết bị cố định để thực hiện các nhiệm vụ sau khi thu hoạch, chẳng hạn như vỏ, pháo, trâu và giun.",Khác|bảo trì thiết bị|bị khởi động và điều khiển|giao tiếp|giám sát vận hành|khả năng thích ứng|làm việc nhóm|lắng nghe tích cực|phân tích kiểm soát chất lượng|quản lý thời gian|sửa chữa|troubleshooting|tư duy phản biện,"[1.0, 0.357, 0.143, 0.143, 0.193, 0.524]",Khác|bảo trì thiết bị|bị khởi động và điều khiển|giao tiếp|giám sát vận hành|khả năng thích ứng|làm việc nhóm|lắng nghe tích cực|phân tích kiểm soát chất lượng|quản lý thời gian|sửa chữa|troubleshooting|tư duy phản biện
45-2092.00,"Công nhân nông nghiệp và lao động, cây trồng, nhà trẻ và nhà kính","Làm thủ công trồng, trồng và thu hoạch rau quả, trái cây, hạt, sản phẩm đặc biệt trồng vườn và cây trồng. Sử dụng các công cụ tay, chẳng hạn như lưỡi vỏ, trowels, hoes, tampers, cục cắt, gạo và dao. Các nhiệm vụ có thể bao gồm chăn đất và áp dụng phân bón; cấy ghép, cỏ cỏ, làm mỏng hoặc cắt cây trồng; áp dụng thuốc trừ sâu; hoặc làm sạch, phân loại, sắp xếp, đóng gói và tải các sản phẩm thu hoạch. Có thể xây dựng trellis, sửa chữa hàng rào và các tòa nhà nông nghiệp hoặc tham gia vào các hoạt động tưới tiêu.",Khác|giao tiếp|giao tiếp nói|giám sát vận hành|khả năng thích ứng|làm việc nhóm|quản lý thời gian|tư duy phản biện,"[1.0, 0.331, 0.184, 0.264, 0.339, 0.479]",Khác|giao tiếp|giao tiếp nói|giám sát vận hành|khả năng thích ứng|làm việc nhóm|quản lý thời gian|tư duy phản biện
45-2093.00,"Công nhân nông nghiệp, nông trại, trang trại và động vật trồng thủy sản","Chăm sóc động vật sống ở nông trại, trang trại, khu vực mở hoặc nuôi trồng thủy sản có thể bao gồm bò, cừu, lợn, dê, ngựa và ngựa khác, gia cầm, thỏ, cá mực, động vật vỏ và ong. Chăm sóc động vật được sản xuất cho các sản phẩm động vật, chẳng hạn như thịt, lông, da, chim, trứng, sữa và mật ong. Các nhiệm vụ có thể bao gồm nuôi, tưới nước, chăn nuôi, chấy bầy, sữa, phân phối, đánh dấu, cắt đứt thịt, cân, bắt và tải động vật. Có thể giữ hồ sơ về động vật; kiểm tra động vật để phát hiện bệnh tật và chấn thương; hỗ trợ sinh con; và dùng thuốc, vắc-xin hoặc thuốc trừ sâu khi thích hợp. Có thể làm sạch và duy trì các khu vực nuôi động vật. Bao gồm cả những người lao động cắt lông từ cừu và thu hoạch trứng trong nhà chăn nuôi.",Khác|bị khởi động và điều khiển|giao tiếp|giao tiếp nói|giám sát|giám sát vận hành|giải quyết vấn đề phức tạp|khả năng thích ứng|làm việc nhóm|lắng nghe tích cực|phán đoán & ra quyết định|phối hợp|quản lý thời gian|troubleshooting|tư duy phản biện|đọc hiểu,"[0.969, 0.38, 0.203, 0.357, 0.274, 0.421]",Khác|bị khởi động và điều khiển|giao tiếp|giao tiếp nói|giám sát|giám sát vận hành|giải quyết vấn đề phức tạp|khả năng thích ứng|làm việc nhóm|lắng nghe tích cực|phán đoán & ra quyết định|phối hợp|quản lý thời gian|troubleshooting|tư duy phản biện|đọc hiểu
45-2099.00,"Agricultural Workers, Khác",Thực hiện các nhiệm vụ đa dạng không được bao gồm trong các danh mục nghề nghiệp cụ thể khác trong lĩnh vực này.,Khác|Tổng quát|giao tiếp|khác|khả năng thích ứng|làm việc nhóm|quản lý thời gian|tư duy phản biện|tổng quát|đa dạng,"[0.87, 0.389, 0.174, 0.265, 0.347, 0.583]",Khác|Tổng quát|giao tiếp|khác|khả năng thích ứng|làm việc nhóm|quản lý thời gian|tư duy phản biện|tổng quát|đa dạng
45-3031.00,Công nhân đánh cá và săn bắn,"Trượt săn, bẫy, bắt hoặc thu thập động vật hoang dã hoặc động vật và thực vật thủy sinh. Có thể sử dụng lưới, cạm hoặc thiết bị khác. có thể kéo bắt trên tàu hoặc tàu khác.",Khác|giao tiếp|giao tiếp nói|khả năng thích ứng|làm việc nhóm|phán đoán & ra quyết định|phối hợp|quản lý thời gian|tư duy phản biện,"[1.0, 0.32, 0.143, 0.147, 0.269, 0.499]",Khác|giao tiếp|giao tiếp nói|khả năng thích ứng|làm việc nhóm|phán đoán & ra quyết định|phối hợp|quản lý thời gian|tư duy phản biện
45-4011.00,Công nhân rừng và bảo tồn,"Dưới sự giám sát, thực hiện công việc thủ công cần thiết để phát triển, duy trì hoặc bảo vệ các khu vực như rừng, khu rừng, rừng, vùng đất ngập nước và vùng lũng thông qua các hoạt động như nuôi và vận chuyển cây trồng; chống lại côn trùng, loài gây hại và bệnh gây hại cho sự sống thực vật; và xây dựng các cấu trúc để kiểm soát nước, xói mòn và chảy chảy của đất. Bao gồm các trợ lý lâm nghiệp, người kéo cây trồng, người trồng cây và người thu thập các sản phẩm lâm nghiệp không bằng gỗ như bụi cây thông.",Khác|giao tiếp|giao tiếp nói|giám sát|học chủ động|khả năng thích ứng|làm việc nhóm|lắng nghe tích cực|phán đoán & ra quyết định|phối hợp|quản lý thời gian|tư duy phản biện|đọc hiểu,"[0.994, 0.504, 0.147, 0.37, 0.404, 0.616]",Khác|giao tiếp|giao tiếp nói|giám sát|học chủ động|khả năng thích ứng|làm việc nhóm|lắng nghe tích cực|phán đoán & ra quyết định|phối hợp|quản lý thời gian|tư duy phản biện|đọc hiểu
45-4021.00,Những người rơi,Sử dụng rìu hoặc pío dây chuyền để cắt cây bằng cách sử dụng kiến thức về đặc điểm cây và kỹ thuật cắt để kiểm soát hướng rơi và giảm thiểu thiệt hại cây.,Khác|bị khởi động và điều khiển|giao tiếp|giám sát|giám sát vận hành|khả năng thích ứng|làm việc nhóm|phán đoán & ra quyết định|quản lý thời gian|tư duy phản biện,"[1.0, 0.354, 0.161, 0.274, 0.224, 0.474]",Khác|bị khởi động và điều khiển|giao tiếp|giám sát|giám sát vận hành|khả năng thích ứng|làm việc nhóm|phán đoán & ra quyết định|quản lý thời gian|tư duy phản biện
45-4022.00,Các nhà khai thác thiết bị khai thác gỗ,"Đưa máy kéo kéo hoặc xe có bánh xe được trang bị một hoặc nhiều phụ kiện, chẳng hạn như dao kéo, cắt mặt trước, cắm, cung gỗ, dây cáp, xe nâng, hoặc cốc quạt, để rơi cây; để trượt, tải, thả, hoặc xếp hàng gỗ; hoặc để kéo cối hoặc lau sạch. Bao gồm việc vận hành các máy cắt gỗ độc lập, chẳng hạn như máy sấy gỗ.",Khác|bảo trì thiết bị|bị khởi động và điều khiển|giao tiếp|giám sát|giám sát vận hành|khả năng thích ứng|làm việc nhóm|lắng nghe tích cực|phân tích kiểm soát chất lượng|quản lý thời gian|sửa chữa|troubleshooting|tư duy phản biện,"[0.977, 0.26, 0.143, 0.157, 0.156, 0.629]",Khác|bảo trì thiết bị|bị khởi động và điều khiển|giao tiếp|giám sát|giám sát vận hành|khả năng thích ứng|làm việc nhóm|lắng nghe tích cực|phân tích kiểm soát chất lượng|quản lý thời gian|sửa chữa|troubleshooting|tư duy phản biện
45-4023.00,Máy đánh giá và quy mô gỗ,"Lập nhật ký cấp hoặc ước tính nội dung hoặc giá trị có thể bán được của gỗ sồi hoặc gỗ thạch trong các sân phân loại, nhà máy, sàn gỗ hoặc các địa điểm tương tự. Kiểm tra hồ sơ cho các khuyết tật hoặc đo hồ sơ để xác định khối lượng.",Khác|giao tiếp|giao tiếp nói|giám sát|học chủ động|khả năng thích ứng|làm việc nhóm|lắng nghe tích cực|phán đoán & ra quyết định|phối hợp|quản lý thời gian|tư duy phản biện|viết,"[0.711, 0.339, 0.143, 0.157, 0.251, 0.901]",Khác|giao tiếp|giao tiếp nói|giám sát|học chủ động|khả năng thích ứng|làm việc nhóm|lắng nghe tích cực|phán đoán & ra quyết định|phối hợp|quản lý thời gian|tư duy phản biện|viết
47-1011.00,Người giám sát hàng đầu của các ngành công nghiệp xây dựng và công nhân khai thác,Giám sát trực tiếp và phối hợp các hoạt động của công nhân xây dựng hoặc khai thác.,Xây dựng|giao tiếp|giao tiếp nói|giám sát|giải quyết vấn đề phức tạp|khả năng thích ứng|làm việc nhóm|lắng nghe tích cực|nhạy bén xã hội|phán đoán & ra quyết định|phối hợp|quản lý nguồn nhân lực|quản lý thời gian|tư duy phản biện|viết|đọc hiểu,"[0.71, 0.284, 0.143, 0.401, 0.841, 0.711]",Xây dựng|giao tiếp|giao tiếp nói|giám sát|giải quyết vấn đề phức tạp|khả năng thích ứng|làm việc nhóm|lắng nghe tích cực|nhạy bén xã hội|phán đoán & ra quyết định|phối hợp|quản lý nguồn nhân lực|quản lý thời gian|tư duy phản biện|viết|đọc hiểu
47-1011.03,Người quản lý thiết bị năng lượng mặt trời,Nhân viên làm việc trực tiếp lắp đặt hệ thống năng lượng mặt trời quang điện hoặc nhiệt trong khu dân cư hoặc thương mại.,Xây dựng|giao tiếp|giao tiếp nói|giám sát|khả năng thích ứng|làm việc nhóm|lãnh đạo|lập kế hoạch chiến lược|lắng nghe tích cực|nhạy bén xã hội|phối hợp|quản lý dự án|quản lý nguồn nhân lực|quản lý nhóm|quản lý thời gian|ra quyết định|thuyết phục|tư duy phản biện|đàm phán|đọc hiểu,"[0.837, 0.379, 0.181, 0.249, 0.693, 0.599]",Xây dựng|giao tiếp|giao tiếp nói|giám sát|khả năng thích ứng|làm việc nhóm|lãnh đạo|lập kế hoạch chiến lược|lắng nghe tích cực|nhạy bén xã hội|phối hợp|quản lý dự án|quản lý nguồn nhân lực|quản lý nhóm|quản lý thời gian|ra quyết định|thuyết phục|tư duy phản biện|đàm phán|đọc hiểu
47-2011.00,Máy sưởi ấm,"Xây dựng, lắp ráp, bảo trì và sửa chữa boiler hơi nước cố định và phụ trợ nhà boiler. Thích hợp các cấu trúc hoặc các phần tấm để lắp ráp bể hoặc bể khung hầm, theo bản vẽ. Công việc liên quan đến việc sử dụng các công cụ bằng tay và công cụ điện, ống dẫn nước, cấp độ, nhánh, chó hoặc dây xoay. Giúp trong việc kiểm tra các tàu được lắp ráp. Việc làm sạch trực tiếp các lò sưởi và lò nướng. Kiểm tra và sửa chữa các thiết bị sưởi ấm, chẳng hạn như van an toàn, bộ điều chỉnh, cơ chế điều khiển tự động, cột nước và máy phụ trợ.",Xây dựng|bảo trì thiết bị|bị khởi động và điều khiển|giao tiếp|giao tiếp nói|giám sát vận hành|giải quyết vấn đề phức tạp|khả năng thích ứng|làm việc nhóm|lắng nghe tích cực|phân tích kiểm soát chất lượng|quản lý thời gian|sửa chữa|troubleshooting|tư duy phản biện|đọc hiểu,"[1.0, 0.324, 0.143, 0.143, 0.143, 0.523]",Xây dựng|bảo trì thiết bị|bị khởi động và điều khiển|giao tiếp|giao tiếp nói|giám sát vận hành|giải quyết vấn đề phức tạp|khả năng thích ứng|làm việc nhóm|lắng nghe tích cực|phân tích kiểm soát chất lượng|quản lý thời gian|sửa chữa|troubleshooting|tư duy phản biện|đọc hiểu
47-2021.00,Brickmasons và Blockmasons,"Lắp đặt và liên kết các vật liệu xây dựng, chẳng hạn như gạch, gạch cấu trúc, khối bê tông, khối cinder, khối thủy tinh và khối terra-cotta, với thạch và các chất khác, để xây dựng hoặc sửa chữa các bức tường, tường chia, cung, ống thoát nước và các cấu trúc khác.",Xây dựng|giao tiếp|giao tiếp nói|giám sát|giám sát vận hành|khả năng thích ứng|làm việc nhóm|lắng nghe tích cực|phân tích kiểm soát chất lượng|phối hợp|quản lý thời gian|toán học|tư duy phản biện,"[0.977, 0.294, 0.234, 0.166, 0.177, 0.564]",Xây dựng|giao tiếp|giao tiếp nói|giám sát|giám sát vận hành|khả năng thích ứng|làm việc nhóm|lắng nghe tích cực|phân tích kiểm soát chất lượng|phối hợp|quản lý thời gian|toán học|tư duy phản biện
47-2022.00,Phép đá,"Xây dựng các cấu trúc bằng đá, chẳng hạn như cột, tường và cột.",Xây dựng|giao tiếp|giao tiếp nói|giám sát|giám sát vận hành|giải quyết vấn đề phức tạp|khả năng thích ứng|làm việc nhóm|lắng nghe tích cực|phán đoán & ra quyết định|phối hợp|quản lý thời gian|toán học|tư duy phản biện|đọc hiểu,"[1.0, 0.307, 0.417, 0.261, 0.184, 0.431]",Xây dựng|giao tiếp|giao tiếp nói|giám sát|giám sát vận hành|giải quyết vấn đề phức tạp|khả năng thích ứng|làm việc nhóm|lắng nghe tích cực|phán đoán & ra quyết định|phối hợp|quản lý thời gian|toán học|tư duy phản biện|đọc hiểu
47-2031.00,Thợ làm gỗ,"Xây dựng, dựng lên, lắp đặt hoặc sửa chữa các cấu trúc và vật liệu được làm bằng gỗ và các vật liệu tương tự, chẳng hạn như hình dạng bê tông; khung xây dựng, bao gồm các ngăn cách, cột, vòm và cột; và cầu thang bằng gỗ, khung cửa sổ và cửa sổ, và sàn gỗ cứng. Ngoài ra có thể lắp đặt tủ, bên lề, tường khô, và cách nhiệt bét hoặc cuộn. Bao gồm những người xây dựng cánh cửa hoặc cánh cửa (các bức tường thông gió hoặc tường phân vùng) trong các lối đi ngầm.",Xây dựng|giao tiếp|giao tiếp nói|giám sát|giải quyết vấn đề phức tạp|hướng dẫn|học chủ động|khả năng thích ứng|làm việc nhóm|lắng nghe tích cực|phán đoán & ra quyết định|phân tích kiểm soát chất lượng|phối hợp|quản lý thời gian|toán học|tư duy phản biện|đọc hiểu,"[0.963, 0.271, 0.313, 0.271, 0.256, 0.494]",Xây dựng|giao tiếp|giao tiếp nói|giám sát|giải quyết vấn đề phức tạp|hướng dẫn|học chủ động|khả năng thích ứng|làm việc nhóm|lắng nghe tích cực|phán đoán & ra quyết định|phân tích kiểm soát chất lượng|phối hợp|quản lý thời gian|toán học|tư duy phản biện|đọc hiểu
47-2041.00,Thiết lập thảm,Đặt và lắp đặt thảm từ cuộn giấy hoặc khối trên sàn.,Xây dựng|giao tiếp|giám sát|khả năng thích ứng|làm việc nhóm|phân tích kiểm soát chất lượng|phối hợp|quản lý thời gian|toán học|tư duy phản biện,"[1.0, 0.191, 0.246, 0.186, 0.143, 0.53]",Xây dựng|giao tiếp|giám sát|khả năng thích ứng|làm việc nhóm|phân tích kiểm soát chất lượng|phối hợp|quản lý thời gian|toán học|tư duy phản biện
47-2042.00,"Lớp sàn, ngoại trừ thảm, gỗ và gạch cứng","Lấy các khối, dải, hoặc các tấm lớp phủ chống sốc, làm giảm âm thanh, hoặc trang trí cho sàn.",Xây dựng|giao tiếp|giao tiếp nói|giám sát|khả năng thích ứng|làm việc nhóm|lắng nghe tích cực|phối hợp|quản lý thời gian|tư duy phản biện,"[1.0, 0.199, 0.261, 0.224, 0.143, 0.526]",Xây dựng|giao tiếp|giao tiếp nói|giám sát|khả năng thích ứng|làm việc nhóm|lắng nghe tích cực|phối hợp|quản lý thời gian|tư duy phản biện
47-2043.00,Floor Sanders và Finishers,"Xá và cát sàn gỗ để làm mịn bề mặt bằng cách sử dụng máy cạo sàn và máy xá sàn, và áp dụng các lớp kết thúc.",Xây dựng|bị khởi động và điều khiển|giao tiếp|khả năng thích ứng|làm việc nhóm|lắng nghe tích cực|phối hợp|quản lý thời gian|tư duy phản biện,"[1.0, 0.194, 0.191, 0.207, 0.229, 0.466]",Xây dựng|bị khởi động và điều khiển|giao tiếp|khả năng thích ứng|làm việc nhóm|lắng nghe tích cực|phối hợp|quản lý thời gian|tư duy phản biện
47-2044.00,Tiles và Stone Setters,"Lấy gạch cứng, đá và các vật liệu tương tự vào tường, sàn, trần nhà, bàn làm việc và mái nhà.",Xây dựng|giao tiếp|giao tiếp nói|giải quyết vấn đề phức tạp|khả năng thích ứng|làm việc nhóm|lắng nghe tích cực|phối hợp|quản lý thời gian|toán học|tư duy phản biện,"[1.0, 0.199, 0.367, 0.184, 0.143, 0.51]",Xây dựng|giao tiếp|giao tiếp nói|giải quyết vấn đề phức tạp|khả năng thích ứng|làm việc nhóm|lắng nghe tích cực|phối hợp|quản lý thời gian|toán học|tư duy phản biện
47-2051.00,Các nhà sơn bê tông và người hoàn thành bê tọn,"Các bề mặt nhẵn và hoàn thiện bằng bê tông đổ, chẳng hạn như sàn nhà, lối đi, lối lang thang, đường phố hoặc đường băng bằng cách sử dụng nhiều công cụ tay và công cụ điện. Lắp xếp các hình dạng cho đường cao tốc, đường đèo, hoặc đường hầm; dán các khoảng trống; và sử dụng cây cưa để cắt các khớp mở rộng.",Xây dựng|giao tiếp|giao tiếp nói|giám sát|giải quyết vấn đề phức tạp|khả năng thích ứng|làm việc nhóm|lắng nghe tích cực|phán đoán & ra quyết định|phân tích kiểm soát chất lượng|phối hợp|quản lý thời gian|tư duy phản biện,"[1.0, 0.326, 0.24, 0.143, 0.143, 0.464]",Xây dựng|giao tiếp|giao tiếp nói|giám sát|giải quyết vấn đề phức tạp|khả năng thích ứng|làm việc nhóm|lắng nghe tích cực|phán đoán & ra quyết định|phân tích kiểm soát chất lượng|phối hợp|quản lý thời gian|tư duy phản biện
47-2053.00,Công nhân và người hoàn thành nhà máy Terrazzo,"Lấy một hỗn hợp của xi măng, cát, sắc tố hoặc đá cẩm thạch vào sàn, cầu thang và đồ dùng tủ để làm cho bề mặt bền và trang trí.",Xây dựng|giao tiếp|khả năng thích ứng|làm việc nhóm|phân tích kiểm soát chất lượng|phối hợp|quản lý thời gian|tư duy phản biện,"[1.0, 0.26, 0.25, 0.143, 0.143, 0.504]",Xây dựng|giao tiếp|khả năng thích ứng|làm việc nhóm|phân tích kiểm soát chất lượng|phối hợp|quản lý thời gian|tư duy phản biện
47-2061.00,Công nhân xây dựng,"Thực hiện các nhiệm vụ liên quan đến lao động vật lý tại các công trình xây dựng. Có thể vận hành các công cụ tay và điện của tất cả các loại: búa không khí, máy đấm đất, máy pha trộn bê tông, máy nâng cơ khí nhỏ, thiết bị khảo sát và đo lường, và một loạt các thiết bị và dụng cụ khác. Có thể dọn dẹp và chuẩn bị các địa điểm, đào hầm, thiết lập dây giềng để hỗ trợ các bên của các cuộc khai quật, dựng lên sàn gầm, và làm sạch đổ nát, mảnh vỡ và chất thải khác. Có thể giúp đỡ các công nhân thủ công khác.",Xây dựng|bị khởi động và điều khiển|giao tiếp|giao tiếp nói|giám sát vận hành|khả năng thích ứng|làm việc nhóm|lắng nghe tích cực|phối hợp|quản lý thời gian|tư duy phản biện,"[1.0, 0.383, 0.197, 0.176, 0.193, 0.516]",Xây dựng|bị khởi động và điều khiển|giao tiếp|giao tiếp nói|giám sát vận hành|khả năng thích ứng|làm việc nhóm|lắng nghe tích cực|phối hợp|quản lý thời gian|tư duy phản biện
47-2071.00,"Các nhà khai thác thiết bị gạch, gạch bề mặt và gạch","Thiết bị vận hành được sử dụng để áp dụng bê tông, asphalt hoặc các vật liệu khác cho giường đường, bãi đậu xe hoặc đường băng và đường taxi sân bay hoặc để dập dập bụi, bùn hoặc vật chất khác. Bao gồm các nhà điều hành máy sơn bê tông và asphalt, người làm trật tự hình dạng, người điều khiển máy sạc và người vận hành máy lan đá.",Xây dựng|bảo trì thiết bị|bị khởi động và điều khiển|giao tiếp|giám sát|giám sát vận hành|khả năng thích ứng|làm việc nhóm|phối hợp|quản lý thời gian|sửa chữa|troubleshooting|tư duy phản biện,"[1.0, 0.246, 0.143, 0.143, 0.143, 0.53]",Xây dựng|bảo trì thiết bị|bị khởi động và điều khiển|giao tiếp|giám sát|giám sát vận hành|khả năng thích ứng|làm việc nhóm|phối hợp|quản lý thời gian|sửa chữa|troubleshooting|tư duy phản biện
47-2072.00,Máy điều khiển bộ sưu tập,"Sử dụng các trình điều khiển đống gắn trên các trượt, tàu thuyền, treads crawler, hoặc cran động cơ để điều khiển các đống để giữ tường, rào chắn, và nền tảng của các cấu trúc như tòa nhà, cây cầu và cổng.",Xây dựng|bảo trì thiết bị|bị khởi động và điều khiển|giao tiếp|giám sát|giám sát vận hành|khả năng thích ứng|làm việc nhóm|lắng nghe tích cực|phối hợp|quản lý thời gian|troubleshooting|tư duy phản biện,"[1.0, 0.277, 0.143, 0.146, 0.164, 0.516]",Xây dựng|bảo trì thiết bị|bị khởi động và điều khiển|giao tiếp|giám sát|giám sát vận hành|khả năng thích ứng|làm việc nhóm|lắng nghe tích cực|phối hợp|quản lý thời gian|troubleshooting|tư duy phản biện
47-2073.00,Kỹ sư vận hành và các nhà khai thác thiết bị xây dựng khác,"Sử dụng một hoặc nhiều loại thiết bị xây dựng sức mạnh, chẳng hạn như máy đánh giá động cơ, máy kéo, máy thép, máy nén, máy bơm, máy đập, vỏ, xe kéo hoặc bộ tải phía trước để khai quật, di chuyển và đánh giá đất, dựng các cấu trúc, hoặc đổ bê tông hoặc trần gian bề mặt cứng khác. Có thể sửa chữa và bảo trì thiết bị ngoài các nhiệm vụ khác.",Xây dựng|bảo trì thiết bị|bị khởi động và điều khiển|giao tiếp|giám sát|giám sát vận hành|khả năng thích ứng|làm việc nhóm|lắng nghe tích cực|quản lý thời gian|sửa chữa|troubleshooting|tư duy phản biện,"[1.0, 0.419, 0.143, 0.163, 0.179, 0.554]",Xây dựng|bảo trì thiết bị|bị khởi động và điều khiển|giao tiếp|giám sát|giám sát vận hành|khả năng thích ứng|làm việc nhóm|lắng nghe tích cực|quản lý thời gian|sửa chữa|troubleshooting|tư duy phản biện
47-2081.00,Máy lắp đặt gạch khô và gạch trần,"Lấy tấm đệm hoặc tấm tường khác vào trần nhà hoặc tường bên trong của tòa nhà. Sử dụng hoặc lắp đặt gạch hoặc khối âm thanh, dải hoặc tấm vật liệu hấp thụ sốc lên trần và tường của các tòa nhà để giảm hoặc phản ánh âm thanh. Các vật liệu có thể có chất lượng trang trí. Bao gồm các lathers gắn gỗ, kim loại hoặc đáboard lath vào tường, trần nhà, hoặc tường của các tòa nhà để cung cấp cơ sở hỗ trợ cho gips, chống cháy, hoặc vật liệu âm thanh.",Xây dựng|giao tiếp|khả năng thích ứng|làm việc nhóm|phối hợp|quản lý thời gian|tư duy phản biện,"[1.0, 0.279, 0.329, 0.169, 0.143, 0.446]",Xây dựng|giao tiếp|khả năng thích ứng|làm việc nhóm|phối hợp|quản lý thời gian|tư duy phản biện
47-2082.00,Tapeers,Thiết lập liên kết giữa vải gips hoặc vải tường khác để chuẩn bị bề mặt tường để sơn hoặc làm giấy.,giao tiếp|khả năng thích ứng|làm việc nhóm|quản lý thời gian|tư duy phản biện,"[0.913, 0.241, 0.246, 0.213, 0.156, 0.501]",giao tiếp|khả năng thích ứng|làm việc nhóm|quản lý thời gian|tư duy phản biện
47-2111.00,Nhà điện,"Lắp đặt, bảo trì và sửa chữa dây điện, thiết bị và thiết bị. Đảm bảo rằng công việc phù hợp với các mã có liên quan. Có thể lắp đặt hoặc phục vụ đèn đường, hệ thống giao tiếp hoặc hệ thống điều khiển điện.",Xây dựng|chiến lược học tập|giao tiếp|giao tiếp nói|giám sát|giám sát vận hành|học chủ động|khả năng thích ứng|làm việc nhóm|lắng nghe tích cực|lắp đặt|phân tích kiểm soát chất lượng|phối hợp|quản lý thời gian|sửa chữa|thuyết phục|toán học|troubleshooting|tư duy phản biện|đọc hiểu,"[1.0, 0.381, 0.183, 0.18, 0.264, 0.603]",Xây dựng|chiến lược học tập|giao tiếp|giao tiếp nói|giám sát|giám sát vận hành|học chủ động|khả năng thích ứng|làm việc nhóm|lắng nghe tích cực|lắp đặt|phân tích kiểm soát chất lượng|phối hợp|quản lý thời gian|sửa chữa|thuyết phục|toán học|troubleshooting|tư duy phản biện|đọc hiểu
47-2121.00,Dầu đá,"Lắp đặt kính trong cửa sổ, trần kính, mặt trước cửa hàng, và hộp trưng bày, hoặc trên bề mặt, chẳng hạn như mặt trước tòa nhà, tường bên trong, mái nhà, và bàn.",Xây dựng|giao tiếp|giao tiếp nói|khả năng thích ứng|làm việc nhóm|phối hợp|quản lý thời gian|tư duy phản biện|đọc hiểu,"[0.936, 0.286, 0.314, 0.233, 0.226, 0.476]",Xây dựng|giao tiếp|giao tiếp nói|khả năng thích ứng|làm việc nhóm|phối hợp|quản lý thời gian|tư duy phản biện|đọc hiểu
47-2131.00,"Công nhân cách nhiệt, sàn, trần và tường","Các cấu trúc đường và lớp phủ có vật liệu cách nhiệt. Có thể làm việc với vật liệu ly, cuộn hoặc thổi.",Xây dựng|bị khởi động và điều khiển|giao tiếp|giao tiếp nói|khả năng thích ứng|làm việc nhóm|lắng nghe tích cực|quản lý thời gian|tư duy phản biện,"[1.0, 0.237, 0.179, 0.143, 0.143, 0.539]",Xây dựng|bị khởi động và điều khiển|giao tiếp|giao tiếp nói|khả năng thích ứng|làm việc nhóm|lắng nghe tích cực|quản lý thời gian|tư duy phản biện
47-2132.00,"Công nhân cách nhiệt, Cơ khí","Sử dụng các vật liệu cách nhiệt vào ống hoặc ống dẫn, hoặc các hệ thống cơ học khác để giúp kiểm soát và duy trì nhiệt độ.",Xây dựng|giao tiếp|giám sát|khả năng thích ứng|làm việc nhóm|lắng nghe tích cực|phối hợp|quản lý thời gian|tư duy phản biện,"[0.989, 0.344, 0.143, 0.179, 0.143, 0.604]",Xây dựng|giao tiếp|giám sát|khả năng thích ứng|làm việc nhóm|lắng nghe tích cực|phối hợp|quản lý thời gian|tư duy phản biện
47-2141.00,"Các họa sĩ, xây dựng và bảo trì","Sơn tường, thiết bị, tòa nhà, cầu và các bề mặt cấu trúc khác, sử dụng bàn chải, cuộn và súng phun. Có thể loại bỏ sơn cũ để chuẩn bị bề mặt trước khi sơn. Có thể trộn màu sắc hoặc dầu để có được màu hoặc độ phù hợp mong muốn.",Xây dựng|giao tiếp|khả năng thích ứng|làm việc nhóm|lắng nghe tích cực|quản lý thời gian|tư duy phản biện,"[1.0, 0.22, 0.391, 0.18, 0.143, 0.479]",Xây dựng|giao tiếp|khả năng thích ứng|làm việc nhóm|lắng nghe tích cực|quản lý thời gian|tư duy phản biện
47-2142.00,Máy treo giấy,"Bọc tường hoặc trần nội thất của các phòng bằng giấy tường hoặc vải trang trí, hoặc gắn poster quảng cáo trên bề mặt như tường và bảng quảng cáo. Có thể loại bỏ vật liệu cũ hoặc chuẩn bị bề mặt để được giấy.",Xây dựng|giao tiếp|giao tiếp nói|khả năng thích ứng|làm việc nhóm|lắng nghe tích cực|phối hợp|quản lý thời gian|tư duy phản biện,"[0.844, 0.143, 0.427, 0.221, 0.16, 0.553]",Xây dựng|giao tiếp|giao tiếp nói|khả năng thích ứng|làm việc nhóm|lắng nghe tích cực|phối hợp|quản lý thời gian|tư duy phản biện
47-2151.00,Máy xả ống,"Đặt đường ống cho các đường ống thoát nước, đường thoát nước và đường ống nước trong cơn bão hoặc hệ thống vệ sinh.",Xây dựng|bị khởi động và điều khiển|giao tiếp|giao tiếp nói|giám sát vận hành|khả năng thích ứng|làm việc nhóm|lắng nghe tích cực|lắp đặt|phân tích kiểm soát chất lượng|phối hợp|quản lý thời gian|troubleshooting|tư duy phản biện,"[1.0, 0.344, 0.143, 0.183, 0.153, 0.504]",Xây dựng|bị khởi động và điều khiển|giao tiếp|giao tiếp nói|giám sát vận hành|khả năng thích ứng|làm việc nhóm|lắng nghe tích cực|lắp đặt|phân tích kiểm soát chất lượng|phối hợp|quản lý thời gian|troubleshooting|tư duy phản biện
47-2152.00,"Các thợ ống nước, thợ sơn ống và thợ lắp hơi nước","Thiết lập, lắp đặt, thay đổi và sửa chữa đường ống hoặc hệ thống đường ống mang nước, hơi nước, không khí hoặc các chất lỏng hoặc khí khác. Có thể lắp đặt thiết bị sưởi ấm và làm mát và hệ thống điều khiển cơ khí. Bao gồm các thiết bị phun nước.",Xây dựng|bị khởi động và điều khiển|giao tiếp|giao tiếp nói|giám sát|giám sát vận hành|giải quyết vấn đề phức tạp|khả năng thích ứng|làm việc nhóm|lắp đặt|phán đoán & ra quyết định|phối hợp|quản lý thời gian|sửa chữa|troubleshooting|tư duy phản biện,"[1.0, 0.319, 0.143, 0.181, 0.143, 0.551]",Xây dựng|bị khởi động và điều khiển|giao tiếp|giao tiếp nói|giám sát|giám sát vận hành|giải quyết vấn đề phức tạp|khả năng thích ứng|làm việc nhóm|lắp đặt|phán đoán & ra quyết định|phối hợp|quản lý thời gian|sửa chữa|troubleshooting|tư duy phản biện
47-2152.04,Các nhà lắp đặt nhiệt mặt trời và kỹ thuật viên,"Lắp đặt hoặc sửa chữa hệ thống năng lượng mặt trời được thiết kế để thu thập, lưu trữ và lưu thông nước nóng bằng mặt trời cho sử dụng chung cư, thương mại hoặc công nghiệp.",Xây dựng|bảo trì thiết bị|chú ý đến chi tiết|giao tiếp|giao tiếp nói|giám sát|giám sát vận hành|giải quyết vấn đề kỹ thuật|hướng dẫn|khả năng thích ứng|kỹ năng máy tính|làm việc nhóm|lắng nghe tích cực|lắp đặt|phân tích dữ liệu|phân tích kiểm soát chất lượng|quản lý thời gian|troubleshooting|tư duy logic|tư duy phản biện|viết|đọc hiểu,"[1.0, 0.384, 0.161, 0.243, 0.229, 0.523]",Xây dựng|bảo trì thiết bị|chú ý đến chi tiết|giao tiếp|giao tiếp nói|giám sát|giám sát vận hành|giải quyết vấn đề kỹ thuật|hướng dẫn|khả năng thích ứng|kỹ năng máy tính|làm việc nhóm|lắng nghe tích cực|lắp đặt|phân tích dữ liệu|phân tích kiểm soát chất lượng|quản lý thời gian|troubleshooting|tư duy logic|tư duy phản biện|viết|đọc hiểu
47-2161.00,Các thợ gips và thợ sơn gỗ,"Lấy gips bên trong hoặc bên ngoài, bê tông, ống hoặc các vật liệu tương tự.",Xây dựng|giao tiếp|khả năng thích ứng|làm việc nhóm|lắng nghe tích cực|phân tích kiểm soát chất lượng|quản lý thời gian|tư duy phản biện,"[1.0, 0.211, 0.347, 0.19, 0.159, 0.48]",Xây dựng|giao tiếp|khả năng thích ứng|làm việc nhóm|lắng nghe tích cực|phân tích kiểm soát chất lượng|quản lý thời gian|tư duy phản biện
47-2171.00,Củng cố công nhân sắt và cao su,"Đặt và giữ các thanh thép hoặc lưới trong các hình dạng bê tông để củng cố bêtong. Sử dụng một loạt các vật gắn, máy nghiêng gậy, ngọn đuốc và công cụ tay. Bao gồm các máy thắt gậy.",Xây dựng|giao tiếp|khả năng thích ứng|làm việc nhóm|phối hợp|quản lý thời gian|tư duy phản biện,"[1.0, 0.32, 0.171, 0.164, 0.19, 0.526]",Xây dựng|giao tiếp|khả năng thích ứng|làm việc nhóm|phối hợp|quản lý thời gian|tư duy phản biện
47-2181.00,Căn nhà,"Bọc mái nhà của các cấu trúc bằng vải cáp, vải đá, asphalt, nhôm, gỗ hoặc các vật liệu liên quan. Có thể phun mái nhà, vỏ và tường bằng vật liệu để kết nối, kín, cách nhiệt hoặc chống âm thanh các phần của cấu trúc.",Xây dựng|bị khởi động và điều khiển|giao tiếp|giao tiếp nói|giám sát|giám sát vận hành|khả năng thích ứng|làm việc nhóm|lắng nghe tích cực|phối hợp|quản lý thời gian|tư duy phản biện,"[1.0, 0.171, 0.177, 0.211, 0.221, 0.487]",Xây dựng|bị khởi động và điều khiển|giao tiếp|giao tiếp nói|giám sát|giám sát vận hành|khả năng thích ứng|làm việc nhóm|lắng nghe tích cực|phối hợp|quản lý thời gian|tư duy phản biện
47-2211.00,Công nhân kim loại tấm,"Sản xuất, lắp ráp, cài đặt và sửa chữa các sản phẩm và thiết bị bằng kim loại tấm, chẳng hạn như ống dẫn, hộp điều khiển, ống thoát nước và vỏ lò. Công việc có thể liên quan đến bất kỳ công việc nào sau đây: thiết lập và vận hành máy chế tạo để cắt, cong và thẳng các tấm kim loại; hình thành kim loại trên các ván, khối hoặc hình dạng bằng búa; vận hành thiết bị hàn và hàn để kết nối các bộ phận kim loại ván; hoặc kiểm tra, lắp ráp và làm trơn các suối và khớp của bề mặt bị sưng. Bao gồm các nhà lắp đặt ống vạch kim loại lắp ráp ống vỏ kim loại được chế tạo sẵn được sử dụng cho việc sưởi ấm, điều hòa không khí hoặc các mục đích khác.",Xây dựng|giao tiếp|giao tiếp nói|giám sát|khả năng thích ứng|làm việc nhóm|lắng nghe tích cực|phán đoán & ra quyết định|phân tích kiểm soát chất lượng|phối hợp|quản lý thời gian|toán học|tư duy phản biện|đọc hiểu,"[1.0, 0.294, 0.234, 0.143, 0.143, 0.51]",Xây dựng|giao tiếp|giao tiếp nói|giám sát|khả năng thích ứng|làm việc nhóm|lắng nghe tích cực|phán đoán & ra quyết định|phân tích kiểm soát chất lượng|phối hợp|quản lý thời gian|toán học|tư duy phản biện|đọc hiểu
47-2221.00,Công nhân sắt và thép,"Nâng lên, đặt và kết hợp các dây giáp, cột và các thành phần cấu trúc khác bằng sắt hoặc thép để tạo thành các cấu trúc hoàn thành hoặc khung cấu trúc.",Xây dựng|bị khởi động và điều khiển|chiến lược học tập|giao tiếp|giao tiếp nói|giám sát|giám sát vận hành|giải quyết vấn đề phức tạp|học chủ động|khả năng thích ứng|làm việc nhóm|lắng nghe tích cực|phân tích kiểm soát chất lượng|phối hợp|quản lý thời gian|tư duy phản biện|đọc hiểu,"[1.0, 0.4, 0.207, 0.169, 0.18, 0.507]",Xây dựng|bị khởi động và điều khiển|chiến lược học tập|giao tiếp|giao tiếp nói|giám sát|giám sát vận hành|giải quyết vấn đề phức tạp|học chủ động|khả năng thích ứng|làm việc nhóm|lắng nghe tích cực|phân tích kiểm soát chất lượng|phối hợp|quản lý thời gian|tư duy phản biện|đọc hiểu
47-2231.00,Máy lắp đặt năng lượng mặt trời quang điện,"Thiết lập, lắp đặt hoặc duy trì hệ thống năng lượng mặt trời quang điện (PV) trên mái nhà hoặc các cấu trúc khác phù hợp với đánh giá và sơ đồ địa điểm. Có thể bao gồm việc đo lường, cắt, lắp ráp và chèn khung cấu trúc và mô-đun mặt trời. Có thể thực hiện các công việc điện nhỏ như kiểm tra dòng điện.",Xây dựng|giao tiếp|giao tiếp nói|giám sát|giám sát vận hành|học chủ động|khả năng thích ứng|làm việc nhóm|lắng nghe tích cực|lắp đặt|phán đoán & ra quyết định|phân tích kiểm soát chất lượng|phối hợp|quản lý thời gian|troubleshooting|tư duy phản biện|đọc hiểu,"[1.0, 0.379, 0.193, 0.183, 0.24, 0.58]",Xây dựng|giao tiếp|giao tiếp nói|giám sát|giám sát vận hành|học chủ động|khả năng thích ứng|làm việc nhóm|lắng nghe tích cực|lắp đặt|phán đoán & ra quyết định|phân tích kiểm soát chất lượng|phối hợp|quản lý thời gian|troubleshooting|tư duy phản biện|đọc hiểu
47-3011.00,"Những người giúp đỡ - Brickmasons, BlockMason, Stonemason, và Tile và Marble Setters","Giúp người xây gạch, người xây đá, hoặc những người đặt gạch và cẩm thạch bằng cách thực hiện các nhiệm vụ đòi hỏi ít kỹ năng hơn.",Xây dựng|bị khởi động và điều khiển|giao tiếp|giám sát|khả năng thích ứng|làm việc nhóm|phối hợp|quản lý thời gian|tư duy phản biện,"[1.0, 0.201, 0.213, 0.273, 0.143, 0.484]",Xây dựng|bị khởi động và điều khiển|giao tiếp|giám sát|khả năng thích ứng|làm việc nhóm|phối hợp|quản lý thời gian|tư duy phản biện
47-3012.00,Những người giúp đỡ - Thợ gác,Giúp người thợ rác bằng cách thực hiện các nhiệm vụ đòi hỏi ít kỹ năng hơn.,Xây dựng|giao tiếp|giao tiếp nói|giám sát|giải quyết vấn đề phức tạp|khả năng thích ứng|làm việc nhóm|lắng nghe tích cực|nhạy bén xã hội|phối hợp|quản lý thời gian|tư duy phản biện,"[0.993, 0.18, 0.193, 0.294, 0.239, 0.506]",Xây dựng|giao tiếp|giao tiếp nói|giám sát|giải quyết vấn đề phức tạp|khả năng thích ứng|làm việc nhóm|lắng nghe tích cực|nhạy bén xã hội|phối hợp|quản lý thời gian|tư duy phản biện
47-3013.00,Các trợ lý - Nhà điện,"Giúp các kỹ sư điện bằng cách thực hiện các nhiệm vụ đòi hỏi ít kỹ năng hơn. Các nhiệm vụ bao gồm sử dụng, cung cấp hoặc giữ vật liệu hoặc công cụ, và làm sạch khu vực làm việc và thiết bị.",Xây dựng|giao tiếp|giao tiếp nói|khả năng thích ứng|làm việc nhóm|lắng nghe tích cực|phán đoán & ra quyết định|phân tích kiểm soát chất lượng|phối hợp|quản lý thời gian|troubleshooting|tư duy phản biện,"[1.0, 0.306, 0.143, 0.3, 0.143, 0.569]",Xây dựng|giao tiếp|giao tiếp nói|khả năng thích ứng|làm việc nhóm|lắng nghe tích cực|phán đoán & ra quyết định|phân tích kiểm soát chất lượng|phối hợp|quản lý thời gian|troubleshooting|tư duy phản biện
47-3014.00,"Những người giúp đỡ - Các họa sĩ, thợ đeo giấy, người đúc giày và thợ sơn gỗ","Giúp các họa sĩ, thợ sơn giấy, người làm đệm hoặc thợ xây bằng cách thực hiện các nhiệm vụ đòi hỏi ít kỹ năng hơn.",Xây dựng|giao tiếp|giao tiếp nói|khả năng thích ứng|làm việc nhóm|phối hợp|quản lý thời gian|tư duy phản biện,"[0.931, 0.159, 0.254, 0.347, 0.194, 0.496]",Xây dựng|giao tiếp|giao tiếp nói|khả năng thích ứng|làm việc nhóm|phối hợp|quản lý thời gian|tư duy phản biện
47-3015.00,"Những người trợ giúp - người thép ống, thợ ống nước, thép và thép hơi","Giúp các thợ ống nước, thợ lắp ráp ống, thùng hơi nước hoặc thùng ống bằng cách thực hiện các nhiệm vụ đòi hỏi ít kỹ năng hơn.",Xây dựng|giao tiếp|khả năng thích ứng|làm việc nhóm|phối hợp|quản lý thời gian|tư duy phản biện,"[0.977, 0.186, 0.143, 0.257, 0.194, 0.529]",Xây dựng|giao tiếp|khả năng thích ứng|làm việc nhóm|phối hợp|quản lý thời gian|tư duy phản biện
47-3016.00,Những người trợ giúp - Những người mái nhà,"Giúp người làm mái bằng cách thực hiện các nhiệm vụ đòi hỏi ít kỹ năng hơn. Các nhiệm vụ bao gồm sử dụng, cung cấp hoặc giữ vật liệu hoặc công cụ, và làm sạch khu vực làm việc và thiết bị.",Xây dựng|giao tiếp|giám sát|khả năng thích ứng|làm việc nhóm|lắng nghe tích cực|phối hợp|quản lý thời gian|tư duy phản biện,"[0.993, 0.143, 0.143, 0.28, 0.201, 0.516]",Xây dựng|giao tiếp|giám sát|khả năng thích ứng|làm việc nhóm|lắng nghe tích cực|phối hợp|quản lý thời gian|tư duy phản biện
47-3019.00,"Helpers, Construction Trades, Khác",Thực hiện các nhiệm vụ đa dạng không được bao gồm trong các danh mục nghề nghiệp cụ thể khác trong lĩnh vực này.,Khác|Tổng quát|giao tiếp|khác|khả năng thích ứng|làm việc nhóm|quản lý thời gian|tư duy phản biện|tổng quát|đa dạng,"[0.932, 0.318, 0.194, 0.21, 0.213, 0.544]",Khác|Tổng quát|giao tiếp|khác|khả năng thích ứng|làm việc nhóm|quản lý thời gian|tư duy phản biện|tổng quát|đa dạng
47-4011.00,Các thanh tra xây dựng và xây dựng,"Kiểm tra các cấu trúc sử dụng kỹ năng kỹ thuật để xác định độ vững chắc của cấu trúc và tuân thủ các thông số kỹ thuật, mã xây dựng và các quy định khác. Việc kiểm tra có thể có tính chất chung hoặc có thể bị giới hạn ở một khu vực cụ thể, chẳng hạn như hệ thống điện hoặc ống nước.",Xây dựng|giao tiếp|giao tiếp nói|giải quyết vấn đề phức tạp|học chủ động|khả năng thích ứng|làm việc nhóm|lắng nghe tích cực|phán đoán & ra quyết định|quản lý thời gian|thuyết phục|toán học|tư duy phản biện|viết|đánh giá hệ thống|đọc hiểu,"[0.909, 0.587, 0.159, 0.203, 0.3, 0.78]",Xây dựng|giao tiếp|giao tiếp nói|giải quyết vấn đề phức tạp|học chủ động|khả năng thích ứng|làm việc nhóm|lắng nghe tích cực|phán đoán & ra quyết định|quản lý thời gian|thuyết phục|toán học|tư duy phản biện|viết|đánh giá hệ thống|đọc hiểu
47-4011.01,Các kiểm toán viên năng lượng,"Thực hiện kiểm toán năng lượng của các tòa nhà, hệ thống xây dựng hoặc hệ thống quy trình.",Xây dựng|giao tiếp|giao tiếp nói|giám sát|giải quyết vấn đề phức tạp|học chủ động|khả năng thích ứng|làm việc nhóm|lắng nghe tích cực|phán đoán & ra quyết định|phân tích hệ thống|quản lý thời gian|toán học|tư duy phản biện|viết|đánh giá hệ thống|đọc hiểu,"[0.647, 0.596, 0.143, 0.27, 0.477, 0.847]",Xây dựng|giao tiếp|giao tiếp nói|giám sát|giải quyết vấn đề phức tạp|học chủ động|khả năng thích ứng|làm việc nhóm|lắng nghe tích cực|phán đoán & ra quyết định|phân tích hệ thống|quản lý thời gian|toán học|tư duy phản biện|viết|đánh giá hệ thống|đọc hiểu
47-4021.00,Nhà lắp đặt và sửa chữa thang máy và thang máy,"Thiết lập, lắp đặt, sửa chữa hoặc bảo trì thang máy vận chuyển hàng hóa hoặc hành khách điện hoặc thủy lực, thang máy leo thang hoặc dumbwaiters.",Xây dựng|bảo trì thiết bị|bị khởi động và điều khiển|giao tiếp|giám sát vận hành|giải quyết vấn đề phức tạp|khả năng thích ứng|làm việc nhóm|lắng nghe tích cực|lắp đặt|lựa chọn thiết bị|phán đoán & ra quyết định|phân tích kiểm soát chất lượng|quản lý thời gian|sửa chữa|troubleshooting|tư duy phản biện,"[1.0, 0.346, 0.151, 0.197, 0.167, 0.54]",Xây dựng|bảo trì thiết bị|bị khởi động và điều khiển|giao tiếp|giám sát vận hành|giải quyết vấn đề phức tạp|khả năng thích ứng|làm việc nhóm|lắng nghe tích cực|lắp đặt|lựa chọn thiết bị|phán đoán & ra quyết định|phân tích kiểm soát chất lượng|quản lý thời gian|sửa chữa|troubleshooting|tư duy phản biện
47-4031.00,Thiết lập hàng rào,"Xây dựng và sửa chữa hàng rào và cổng hàng, sử dụng công cụ tay và công cụ điện.",Xây dựng|giao tiếp|giao tiếp nói|giám sát|khả năng thích ứng|làm việc nhóm|lắng nghe tích cực|phối hợp|quản lý thời gian|tư duy phản biện,"[1.0, 0.304, 0.199, 0.193, 0.143, 0.523]",Xây dựng|giao tiếp|giao tiếp nói|giám sát|khả năng thích ứng|làm việc nhóm|lắng nghe tích cực|phối hợp|quản lý thời gian|tư duy phản biện
47-4041.00,Công nhân loại bỏ vật chất nguy hiểm,"Xác định, loại bỏ, đóng gói, vận chuyển hoặc loại bỏ các vật liệu nguy hiểm, bao gồm amiăng, sơn bằng chì, dầu thải, nhiên liệu, chất lỏng truyền tải, vật liệu phóng xạ hoặc đất ô nhiễm. Việc đào tạo và chứng nhận chuyên môn trong việc xử lý vật liệu nguy hiểm hoặc giấy phép nhập cảnh hạn chế thường cần thiết. Có thể vận hành thiết bị di chuyển đất hoặc xe tải.",Xây dựng|bị khởi động và điều khiển|giao tiếp|giao tiếp nói|giám sát|giám sát vận hành|giải quyết vấn đề phức tạp|học chủ động|khả năng thích ứng|làm việc nhóm|lắng nghe tích cực|nhạy bén xã hội|phối hợp|quản lý thời gian|tư duy phản biện|viết|đọc hiểu,"[1.0, 0.371, 0.143, 0.207, 0.169, 0.611]",Xây dựng|bị khởi động và điều khiển|giao tiếp|giao tiếp nói|giám sát|giám sát vận hành|giải quyết vấn đề phức tạp|học chủ động|khả năng thích ứng|làm việc nhóm|lắng nghe tích cực|nhạy bén xã hội|phối hợp|quản lý thời gian|tư duy phản biện|viết|đọc hiểu
47-4051.00,Công nhân bảo trì đường cao tốc,"Giữ lại đường cao tốc, đường phố và nông thôn, đường băng sân bay và quyền đi đường. Các nhiệm vụ bao gồm sửa chữa sàn nhà bị hư hỏng hoặc bị xói mòn và sửa chữa đường dây bảo vệ, dấu đường cao tốc và hàng rào tuyết. Nó cũng có thể cắt hoặc làm sạch bụi cây từ dọc đường, hoặc cào tuyết từ đường.",Xây dựng|bị khởi động và điều khiển|giao tiếp|giao tiếp nói|giám sát|giám sát vận hành|giải quyết vấn đề phức tạp|khả năng thích ứng|làm việc nhóm|lắng nghe tích cực|phối hợp|quản lý thời gian|tư duy phản biện,"[1.0, 0.246, 0.16, 0.249, 0.213, 0.507]",Xây dựng|bị khởi động và điều khiển|giao tiếp|giao tiếp nói|giám sát|giám sát vận hành|giải quyết vấn đề phức tạp|khả năng thích ứng|làm việc nhóm|lắng nghe tích cực|phối hợp|quản lý thời gian|tư duy phản biện
47-4061.00,Các nhà khai thác thiết bị đặt và bảo trì đường sắt,"Lắp đặt, sửa chữa và bảo trì đường ray cho thiết bị đường sắt chuẩn hoặc đường sắt hẹp được sử dụng trong dịch vụ đường sắt thường xuyên hoặc trong sân nhà máy, mỏ đá, hố cát và đá cát, và mỏ. Bao gồm các nhà khai thác máy làm sạch bao dung và các nhà điều hành máy nén giường đường sắt.",Xây dựng|bảo trì thiết bị|bị khởi động và điều khiển|giao tiếp|giám sát|giám sát vận hành|khả năng thích ứng|làm việc nhóm|lắng nghe tích cực|phán đoán & ra quyết định|phân tích kiểm soát chất lượng|phối hợp|quản lý thời gian|sửa chữa|troubleshooting|tư duy phản biện,"[1.0, 0.243, 0.143, 0.143, 0.143, 0.587]",Xây dựng|bảo trì thiết bị|bị khởi động và điều khiển|giao tiếp|giám sát|giám sát vận hành|khả năng thích ứng|làm việc nhóm|lắng nghe tích cực|phán đoán & ra quyết định|phân tích kiểm soát chất lượng|phối hợp|quản lý thời gian|sửa chữa|troubleshooting|tư duy phản biện
47-4071.00,Người phục vụ bể chứa và người làm sạch ống thoát nước,"Làm sạch và sửa chữa bể lưu thông, đường ống thoát nước hoặc đường thoát nước. Có thể dán các bức tường và tường của bể, thay thế tấm thoát nước bị hư hỏng hoặc sửa chữa vỡ trong ống ngầm.",Xây dựng|bảo trì thiết bị|bị khởi động và điều khiển|giao tiếp|giám sát vận hành|giải quyết vấn đề phức tạp|khả năng thích ứng|làm việc nhóm|lắng nghe tích cực|phân tích kiểm soát chất lượng|quản lý thời gian|sửa chữa|troubleshooting|tư duy phản biện,"[1.0, 0.301, 0.143, 0.211, 0.174, 0.611]",Xây dựng|bảo trì thiết bị|bị khởi động và điều khiển|giao tiếp|giám sát vận hành|giải quyết vấn đề phức tạp|khả năng thích ứng|làm việc nhóm|lắng nghe tích cực|phân tích kiểm soát chất lượng|quản lý thời gian|sửa chữa|troubleshooting|tư duy phản biện
47-4091.00,Máy sơn phân đoạn,"Lắp đặt, cắt và đặt các đơn vị treo phân đoạn. Bao gồm các bộ lắp đặt đồ giường và vật liệu giữ chân cho các bộ treo.",Xây dựng|bị khởi động và điều khiển|giao tiếp|giao tiếp nói|giám sát vận hành|khả năng thích ứng|làm việc nhóm|lắng nghe tích cực|nhạy bén xã hội|phán đoán & ra quyết định|phối hợp|quản lý thời gian|thuyết phục|tư duy phản biện|định hướng dịch vụ,"[0.959, 0.229, 0.28, 0.194, 0.186, 0.489]",Xây dựng|bị khởi động và điều khiển|giao tiếp|giao tiếp nói|giám sát vận hành|khả năng thích ứng|làm việc nhóm|lắng nghe tích cực|nhạy bén xã hội|phán đoán & ra quyết định|phối hợp|quản lý thời gian|thuyết phục|tư duy phản biện|định hướng dịch vụ
47-4099.03,Các nhà lắp đặt và kỹ thuật khí hậu,"Thực hiện nhiều hoạt động khác nhau để làm cho ngôi nhà có thời tiết và tiết kiệm năng lượng hơn. Các nhiệm vụ bao gồm sửa chữa cửa sổ, cách nhiệt ống dẫn, và thực hiện công việc sưởi ấm, thông gió và điều hòa không khí (HVAC). Có thể thực hiện kiểm toán năng lượng và tư vấn cho khách hàng về các biện pháp tiết kiệm năng lượng.",Xây dựng|bị khởi động và điều khiển|chú ý đến chi tiết|giao tiếp|giao tiếp nói|giám sát|giám sát vận hành|giải quyết vấn đề kỹ thuật|khả năng thích ứng|kỹ năng máy tính|làm việc nhóm|lắng nghe tích cực|lắp đặt|phán đoán & ra quyết định|phân tích dữ liệu|phân tích hệ thống|phối hợp|quản lý thời gian|tư duy logic|tư duy phản biện|viết|định hướng dịch vụ|đọc hiểu,"[0.859, 0.46, 0.214, 0.33, 0.313, 0.641]",Xây dựng|bị khởi động và điều khiển|chú ý đến chi tiết|giao tiếp|giao tiếp nói|giám sát|giám sát vận hành|giải quyết vấn đề kỹ thuật|khả năng thích ứng|kỹ năng máy tính|làm việc nhóm|lắng nghe tích cực|lắp đặt|phán đoán & ra quyết định|phân tích dữ liệu|phân tích hệ thống|phối hợp|quản lý thời gian|tư duy logic|tư duy phản biện|viết|định hướng dịch vụ|đọc hiểu
47-5011.00,"Các nhà khai thác Derrick, dầu khí",Thiết lập thiết bị derrick và vận hành máy bơm để lưu thông bùn hoặc chất lỏng thông qua lỗ khoan.,Xây dựng|bảo trì thiết bị|bị khởi động và điều khiển|giao tiếp|giao tiếp nói|giám sát|giám sát vận hành|giải quyết vấn đề phức tạp|khả năng thích ứng|làm việc nhóm|lắng nghe tích cực|phân tích kiểm soát chất lượng|phối hợp|quản lý nguồn nhân lực|quản lý thời gian|sửa chữa|troubleshooting|tư duy phản biện,"[1.0, 0.363, 0.143, 0.144, 0.234, 0.52]",Xây dựng|bảo trì thiết bị|bị khởi động và điều khiển|giao tiếp|giao tiếp nói|giám sát|giám sát vận hành|giải quyết vấn đề phức tạp|khả năng thích ứng|làm việc nhóm|lắng nghe tích cực|phân tích kiểm soát chất lượng|phối hợp|quản lý nguồn nhân lực|quản lý thời gian|sửa chữa|troubleshooting|tư duy phản biện
47-5012.00,"Các nhà khai thác khoan xoay, dầu và khí","Thiết lập hoặc vận hành một loạt các khoan để loại bỏ dầu và khí dưới lòng đất, hoặc loại bỏ các mẫu lõi để thử nghiệm trong quá trình thăm dò dầu khí.",Xây dựng|bị khởi động và điều khiển|chiến lược học tập|giao tiếp|giao tiếp nói|giám sát|giám sát vận hành|hướng dẫn|khả năng thích ứng|làm việc nhóm|lắng nghe tích cực|phân tích kiểm soát chất lượng|phối hợp|quản lý nguồn nhân lực|quản lý thời gian|sửa chữa|tư duy phản biện|đọc hiểu,"[1.0, 0.436, 0.143, 0.166, 0.314, 0.54]",Xây dựng|bị khởi động và điều khiển|chiến lược học tập|giao tiếp|giao tiếp nói|giám sát|giám sát vận hành|hướng dẫn|khả năng thích ứng|làm việc nhóm|lắng nghe tích cực|phân tích kiểm soát chất lượng|phối hợp|quản lý nguồn nhân lực|quản lý thời gian|sửa chữa|tư duy phản biện|đọc hiểu
47-5013.00,"Các nhà khai thác đơn vị dịch vụ, dầu khí","Thiết bị vận hành để tăng lưu lượng dầu từ các giếng sản xuất hoặc để loại bỏ ống, vỏ, công cụ hoặc những trở ngại khác bị mắc kẹt từ giếng khoan.",Xây dựng|bảo trì thiết bị|bị khởi động và điều khiển|giao tiếp|giám sát|giám sát vận hành|giải quyết vấn đề phức tạp|khả năng thích ứng|làm việc nhóm|lắng nghe tích cực|phán đoán & ra quyết định|phân tích kiểm soát chất lượng|quản lý thời gian|sửa chữa|troubleshooting|tư duy phản biện|đọc hiểu,"[1.0, 0.364, 0.143, 0.167, 0.263, 0.596]",Xây dựng|bảo trì thiết bị|bị khởi động và điều khiển|giao tiếp|giám sát|giám sát vận hành|giải quyết vấn đề phức tạp|khả năng thích ứng|làm việc nhóm|lắng nghe tích cực|phán đoán & ra quyết định|phân tích kiểm soát chất lượng|quản lý thời gian|sửa chữa|troubleshooting|tư duy phản biện|đọc hiểu
47-5022.00,"Máy khai thác và tải và vận hành đường kéo, khai thác bề mặt","Máy vận hành hoặc chăm sóc tại địa điểm khai thác bề mặt, được trang bị vỏ, vỏ hoặc thùng để đào và tải các vật liệu lỏng lẻo.",Xây dựng|bảo trì thiết bị|bị khởi động và điều khiển|giao tiếp|giao tiếp nói|giám sát|giám sát vận hành|học chủ động|khả năng thích ứng|làm việc nhóm|lắng nghe tích cực|nhạy bén xã hội|phối hợp|quản lý thời gian|sửa chữa|thuyết phục|tư duy phản biện|đọc hiểu,"[1.0, 0.343, 0.143, 0.143, 0.143, 0.507]",Xây dựng|bảo trì thiết bị|bị khởi động và điều khiển|giao tiếp|giao tiếp nói|giám sát|giám sát vận hành|học chủ động|khả năng thích ứng|làm việc nhóm|lắng nghe tích cực|nhạy bén xã hội|phối hợp|quản lý thời gian|sửa chữa|thuyết phục|tư duy phản biện|đọc hiểu
47-5023.00,"Các máy khoan đất, ngoại trừ dầu và khí đốt","Hoạt động một loạt các khoan như xoay, churn, và khí động để lấy nước dưới bề mặt và mỏ muối, để loại bỏ các mẫu lõi trong quá trình thăm dò khoáng sản hoặc thử nghiệm đất, và để tạo thuận lợi cho việc sử dụng chất nổ trong khai thác hoặc xây dựng. Bao gồm các nhà điều hành máy khoan ngang và đất.",Xây dựng|bảo trì thiết bị|bị khởi động và điều khiển|giao tiếp|giao tiếp nói|giám sát|giám sát vận hành|giải quyết vấn đề phức tạp|khả năng thích ứng|làm việc nhóm|lắng nghe tích cực|lựa chọn thiết bị|phối hợp|quản lý thời gian|sửa chữa|troubleshooting|tư duy phản biện,"[1.0, 0.511, 0.163, 0.169, 0.243, 0.527]",Xây dựng|bảo trì thiết bị|bị khởi động và điều khiển|giao tiếp|giao tiếp nói|giám sát|giám sát vận hành|giải quyết vấn đề phức tạp|khả năng thích ứng|làm việc nhóm|lắng nghe tích cực|lựa chọn thiết bị|phối hợp|quản lý thời gian|sửa chữa|troubleshooting|tư duy phản biện
47-5032.00,"Công nhân sử dụng chất nổ, chuyên gia xử lý vũ khí và máy nổ","Đặt và nổ chất nổ để phá hủy các cấu trúc hoặc để thả, loại bỏ hoặc thay thế đất, đá hoặc các vật liệu khác.",Xây dựng|bị khởi động và điều khiển|giao tiếp|giao tiếp nói|giám sát|giám sát vận hành|giải quyết vấn đề phức tạp|hướng dẫn|khả năng thích ứng|làm việc nhóm|lắng nghe tích cực|phán đoán & ra quyết định|phối hợp|quản lý nguồn nhân lực|quản lý thời gian|tư duy phản biện|đọc hiểu,"[0.984, 0.539, 0.179, 0.186, 0.26, 0.597]",Xây dựng|bị khởi động và điều khiển|giao tiếp|giao tiếp nói|giám sát|giám sát vận hành|giải quyết vấn đề phức tạp|hướng dẫn|khả năng thích ứng|làm việc nhóm|lắng nghe tích cực|phán đoán & ra quyết định|phối hợp|quản lý nguồn nhân lực|quản lý thời gian|tư duy phản biện|đọc hiểu
47-5041.00,Các nhà khai thác máy khai thác liên tục,"Sử dụng máy khai thác tự động tháo đá, đá hoặc cát từ mặt mỏ và tải lên xe vận chuyển, xe chở xe hoặc xe tải trong một hoạt động liên tục.",Xây dựng|bảo trì thiết bị|bị khởi động và điều khiển|giao tiếp|giao tiếp nói|giám sát|giám sát vận hành|giải quyết vấn đề phức tạp|khả năng thích ứng|làm việc nhóm|lắng nghe tích cực|phán đoán & ra quyết định|phối hợp|quản lý thời gian|sửa chữa|troubleshooting|tư duy phản biện,"[1.0, 0.353, 0.143, 0.154, 0.196, 0.56]",Xây dựng|bảo trì thiết bị|bị khởi động và điều khiển|giao tiếp|giao tiếp nói|giám sát|giám sát vận hành|giải quyết vấn đề phức tạp|khả năng thích ứng|làm việc nhóm|lắng nghe tích cực|phán đoán & ra quyết định|phối hợp|quản lý thời gian|sửa chữa|troubleshooting|tư duy phản biện
47-5043.00,"Máy đệm mái nhà, khai thác mỏ",Sử dụng máy móc để lắp đặt các nắp hỗ trợ mái nhà trong mỏ ngầm.,Xây dựng|bảo trì thiết bị|bị khởi động và điều khiển|giao tiếp|giao tiếp nói|giám sát|giám sát vận hành|giải quyết vấn đề phức tạp|khả năng thích ứng|làm việc nhóm|lắng nghe tích cực|phân tích kiểm soát chất lượng|phối hợp|quản lý thời gian|sửa chữa|troubleshooting|tư duy phản biện,"[1.0, 0.377, 0.143, 0.143, 0.146, 0.496]",Xây dựng|bảo trì thiết bị|bị khởi động và điều khiển|giao tiếp|giao tiếp nói|giám sát|giám sát vận hành|giải quyết vấn đề phức tạp|khả năng thích ứng|làm việc nhóm|lắng nghe tích cực|phân tích kiểm soát chất lượng|phối hợp|quản lý thời gian|sửa chữa|troubleshooting|tư duy phản biện
47-5044.00,"Người vận hành máy tải và di chuyển, khai thác mỏ dưới lòng đất","Sử dụng máy tải hoặc vận chuyển dưới lòng đất để tải hoặc di chuyển than, quặng hoặc đá bằng xe chở hoặc xe vận chuyển mỏ. Thiết bị có thể bao gồm lưỡi dao điện, động cơ nâng được trang bị máy kéo cáp hoặc máy kéo, hoặc máy được trang thiết bị để thu thập vũ khí và máy vận chuyển.",Xây dựng|bảo trì thiết bị|bị khởi động và điều khiển|giao tiếp|giao tiếp nói|giám sát vận hành|khả năng thích ứng|làm việc nhóm|lắng nghe tích cực|phối hợp|quản lý thời gian|sửa chữa|troubleshooting|tư duy phản biện,"[1.0, 0.313, 0.143, 0.143, 0.143, 0.54]",Xây dựng|bảo trì thiết bị|bị khởi động và điều khiển|giao tiếp|giao tiếp nói|giám sát vận hành|khả năng thích ứng|làm việc nhóm|lắng nghe tích cực|phối hợp|quản lý thời gian|sửa chữa|troubleshooting|tư duy phản biện
47-5051.00,"Phân vỡ đá, Quarry","Các khối đá có kích thước thô được tách ra khỏi khối lượng mỏ bằng cách sử dụng búa, nhánh hoặc cây cưa.",Xây dựng|bị khởi động và điều khiển|giao tiếp|giám sát vận hành|khả năng thích ứng|làm việc nhóm|lắng nghe tích cực|quản lý thời gian|tư duy phản biện,"[0.994, 0.297, 0.25, 0.179, 0.167, 0.459]",Xây dựng|bị khởi động và điều khiển|giao tiếp|giám sát vận hành|khả năng thích ứng|làm việc nhóm|lắng nghe tích cực|quản lý thời gian|tư duy phản biện
47-5071.00,"Roustabouts, dầu và khí đốt",Thiết lập hoặc sửa chữa thiết bị mỏ dầu bằng cách sử dụng công cụ tay và công cụ điện.,Xây dựng|bị khởi động và điều khiển|giao tiếp|giám sát|giám sát vận hành|khả năng thích ứng|làm việc nhóm|phán đoán & ra quyết định|phân tích kiểm soát chất lượng|phối hợp|quản lý thời gian|tư duy phản biện,"[1.0, 0.259, 0.143, 0.143, 0.143, 0.53]",Xây dựng|bị khởi động và điều khiển|giao tiếp|giám sát|giám sát vận hành|khả năng thích ứng|làm việc nhóm|phán đoán & ra quyết định|phân tích kiểm soát chất lượng|phối hợp|quản lý thời gian|tư duy phản biện
47-5081.00,Những người giúp đỡ - Công nhân khai thác,"Giúp những người làm công việc thủ công khai thác, chẳng hạn như thợ khoan đất, công nhân blasters và chất nổ, người vận hành derrick, và người vận chuyển máy khai thác mỏ, bằng cách thực hiện các nhiệm vụ đòi hỏi ít kỹ năng. Các nhiệm vụ bao gồm cung cấp thiết bị hoặc làm sạch khu vực làm việc.",Xây dựng|bảo trì thiết bị|bị khởi động và điều khiển|giao tiếp|giám sát|giám sát vận hành|khả năng thích ứng|làm việc nhóm|lắng nghe tích cực|lựa chọn thiết bị|phán đoán & ra quyết định|phân tích kiểm soát chất lượng|phối hợp|quản lý thời gian|sửa chữa|troubleshooting|tư duy phản biện,"[1.0, 0.306, 0.143, 0.253, 0.224, 0.527]",Xây dựng|bảo trì thiết bị|bị khởi động và điều khiển|giao tiếp|giám sát|giám sát vận hành|khả năng thích ứng|làm việc nhóm|lắng nghe tích cực|lựa chọn thiết bị|phán đoán & ra quyết định|phân tích kiểm soát chất lượng|phối hợp|quản lý thời gian|sửa chữa|troubleshooting|tư duy phản biện
49-1011.00,"Người giám sát cơ khí, người cài đặt và người sửa chữa hàng đầu","Giám sát và phối hợp trực tiếp các hoạt động của các kỹ sư, người lắp đặt và người sửa chữa.",Sửa chữa/Lắp đặt|chiến lược học tập|giao tiếp|giao tiếp nói|giám sát|học chủ động|khả năng thích ứng|làm việc nhóm|lắng nghe tích cực|nhạy bén xã hội|phán đoán & ra quyết định|phân tích hệ thống|phối hợp|quản lý nguồn nhân lực|quản lý thời gian|troubleshooting|tư duy phản biện|đọc hiểu,"[0.637, 0.269, 0.143, 0.487, 0.821, 0.691]",Sửa chữa/Lắp đặt|chiến lược học tập|giao tiếp|giao tiếp nói|giám sát|học chủ động|khả năng thích ứng|làm việc nhóm|lắng nghe tích cực|nhạy bén xã hội|phán đoán & ra quyết định|phân tích hệ thống|phối hợp|quản lý nguồn nhân lực|quản lý thời gian|troubleshooting|tư duy phản biện|đọc hiểu
49-2011.00,"Máy sửa máy tính, máy tính tự động và máy sửa máy văn phòng","Cửa chữa, bảo trì hoặc lắp đặt máy tính, hệ thống xử lý văn bản, máy ghi tiền tự động và máy văn phòng điện tử, chẳng hạn như máy sao chép và máy fax.",Sửa chữa/Lắp đặt|bảo trì thiết bị|chú ý đến chi tiết|giao tiếp|giao tiếp nói|giám sát vận hành|giải quyết vấn đề kỹ thuật|giải quyết vấn đề phức tạp|khả năng thích ứng|kỹ năng máy tính|làm việc nhóm|lắng nghe tích cực|lựa chọn thiết bị|phân tích dữ liệu|phân tích kiểm soát chất lượng|quản lý thời gian|sửa chữa|troubleshooting|tư duy logic|tư duy phản biện|viết|đọc hiểu,"[0.874, 0.401, 0.143, 0.224, 0.224, 0.766]",Sửa chữa/Lắp đặt|bảo trì thiết bị|chú ý đến chi tiết|giao tiếp|giao tiếp nói|giám sát vận hành|giải quyết vấn đề kỹ thuật|giải quyết vấn đề phức tạp|khả năng thích ứng|kỹ năng máy tính|làm việc nhóm|lắng nghe tích cực|lựa chọn thiết bị|phân tích dữ liệu|phân tích kiểm soát chất lượng|quản lý thời gian|sửa chữa|troubleshooting|tư duy logic|tư duy phản biện|viết|đọc hiểu
49-2021.00,"Người lắp đặt và sửa chữa thiết bị vô tuyến, di động và tháp","Cửa chữa, lắp đặt hoặc bảo trì thiết bị phát sóng vô tuyến di động hoặc cố định, phát sóng và nhận, và hệ thống truyền thông vô tuyến hai chiều được sử dụng trong viễn thông di động, băng thông rộng di chuyển, liên lạc từ tàu đến bờ, máy bay đến mặt đất và thiết bị vô tuyến trong xe dịch vụ và xe khẩn cấp. Có thể kiểm tra và phân tích bảo hiểm mạng.",Sửa chữa/Lắp đặt|bảo trì thiết bị|giao tiếp|giao tiếp nói|giám sát|giám sát vận hành|khả năng thích ứng|làm việc nhóm|lắng nghe tích cực|lắp đặt|phán đoán & ra quyết định|phân tích kiểm soát chất lượng|phối hợp|quản lý thời gian|sửa chữa|troubleshooting|tư duy phản biện|đọc hiểu,"[0.956, 0.493, 0.151, 0.196, 0.194, 0.647]",Sửa chữa/Lắp đặt|bảo trì thiết bị|giao tiếp|giao tiếp nói|giám sát|giám sát vận hành|khả năng thích ứng|làm việc nhóm|lắng nghe tích cực|lắp đặt|phán đoán & ra quyết định|phân tích kiểm soát chất lượng|phối hợp|quản lý thời gian|sửa chữa|troubleshooting|tư duy phản biện|đọc hiểu
49-2022.00,"Nhà lắp đặt và sửa chữa thiết bị viễn thông, ngoại trừ nhà lắp ráp đường dây","Lắp đặt, thiết lập, sắp xếp lại hoặc loại bỏ thiết bị chuyển đổi, phân phối, định tuyến và đếm số được sử dụng trong các văn phòng trung tâm hoặc tiêu đề. Dịch vụ hoặc sửa chữa điện thoại, truyền hình cáp, Internet và các thiết bị truyền thông khác trên tài sản của khách hàng. Có thể lắp đặt thiết bị truyền thông hoặc dây truyền thông trong các tòa nhà.",Sửa chữa/Lắp đặt|bảo trì thiết bị|giao tiếp|giao tiếp nói|giám sát|giám sát vận hành|giải quyết vấn đề phức tạp|khả năng thích ứng|làm việc nhóm|lắng nghe tích cực|lắp đặt|phân tích kiểm soát chất lượng|quản lý thời gian|sửa chữa|troubleshooting|tư duy phản biện|đọc hiểu,"[0.927, 0.346, 0.143, 0.259, 0.227, 0.677]",Sửa chữa/Lắp đặt|bảo trì thiết bị|giao tiếp|giao tiếp nói|giám sát|giám sát vận hành|giải quyết vấn đề phức tạp|khả năng thích ứng|làm việc nhóm|lắng nghe tích cực|lắp đặt|phân tích kiểm soát chất lượng|quản lý thời gian|sửa chữa|troubleshooting|tư duy phản biện|đọc hiểu
49-2091.00,Kỹ thuật máy bay,"Lắp đặt, kiểm tra, thử nghiệm, điều chỉnh hoặc sửa chữa thiết bị máy bay, chẳng hạn như radar, đài phát thanh, hệ thống điều khiển điều hướng và tên lửa trong máy bay hoặc xe không gian.",Sửa chữa/Lắp đặt|bảo trì thiết bị|chú ý đến chi tiết|giao tiếp|giao tiếp nói|giám sát vận hành|giải quyết vấn đề kỹ thuật|giải quyết vấn đề phức tạp|khả năng thích ứng|kỹ năng máy tính|làm việc nhóm|lắng nghe tích cực|phân tích dữ liệu|phân tích kiểm soát chất lượng|quản lý thời gian|sửa chữa|troubleshooting|tư duy logic|tư duy phản biện|viết|đọc hiểu,"[1.0, 0.594, 0.177, 0.191, 0.143, 0.67]",Sửa chữa/Lắp đặt|bảo trì thiết bị|chú ý đến chi tiết|giao tiếp|giao tiếp nói|giám sát vận hành|giải quyết vấn đề kỹ thuật|giải quyết vấn đề phức tạp|khả năng thích ứng|kỹ năng máy tính|làm việc nhóm|lắng nghe tích cực|phân tích dữ liệu|phân tích kiểm soát chất lượng|quản lý thời gian|sửa chữa|troubleshooting|tư duy logic|tư duy phản biện|viết|đọc hiểu
49-2092.00,"Động cơ điện, công cụ điện và thiết bị sửa chữa liên quan","Cửa chữa, bảo trì hoặc lắp đặt động cơ điện, dây cáp hoặc chuyển đổi.",Sửa chữa/Lắp đặt|bảo trì thiết bị|bị khởi động và điều khiển|giao tiếp|giám sát|giám sát vận hành|giải quyết vấn đề phức tạp|học chủ động|khả năng thích ứng|làm việc nhóm|lắng nghe tích cực|lựa chọn thiết bị|phán đoán & ra quyết định|phân tích kiểm soát chất lượng|quản lý thời gian|sửa chữa|troubleshooting|tư duy phản biện|đọc hiểu,"[1.0, 0.397, 0.143, 0.163, 0.151, 0.584]",Sửa chữa/Lắp đặt|bảo trì thiết bị|bị khởi động và điều khiển|giao tiếp|giám sát|giám sát vận hành|giải quyết vấn đề phức tạp|học chủ động|khả năng thích ứng|làm việc nhóm|lắng nghe tích cực|lựa chọn thiết bị|phán đoán & ra quyết định|phân tích kiểm soát chất lượng|quản lý thời gian|sửa chữa|troubleshooting|tư duy phản biện|đọc hiểu
49-2093.00,"Máy lắp đặt và sửa chữa điện và điện tử, thiết bị vận chuyển","Thiết lập, điều chỉnh hoặc duy trì thiết bị truyền thông điện tử di động, bao gồm âm thanh, sonar, hệ thống an ninh, điều hướng và giám sát trên tàu, tàu thủy hoặc thiết bị di động khác.",Sửa chữa/Lắp đặt|giao tiếp|giao tiếp nói|giám sát|giám sát vận hành|giải quyết vấn đề phức tạp|khả năng thích ứng|làm việc nhóm|lắng nghe tích cực|phân tích kiểm soát chất lượng|quản lý thời gian|sửa chữa|troubleshooting|tư duy phản biện|viết|đọc hiểu,"[1.0, 0.481, 0.143, 0.166, 0.146, 0.687]",Sửa chữa/Lắp đặt|giao tiếp|giao tiếp nói|giám sát|giám sát vận hành|giải quyết vấn đề phức tạp|khả năng thích ứng|làm việc nhóm|lắng nghe tích cực|phân tích kiểm soát chất lượng|quản lý thời gian|sửa chữa|troubleshooting|tư duy phản biện|viết|đọc hiểu
49-2094.00,"Máy sửa chữa điện và điện tử, thiết bị thương mại và công nghiệp","Cửa chữa, thử nghiệm, điều chỉnh hoặc lắp đặt thiết bị điện tử, chẳng hạn như điều khiển công nghiệp, máy phát và ăng ten.",Sửa chữa/Lắp đặt|bảo trì thiết bị|bị khởi động và điều khiển|giao tiếp|giám sát vận hành|giải quyết vấn đề phức tạp|khả năng thích ứng|làm việc nhóm|lắng nghe tích cực|lựa chọn thiết bị|phán đoán & ra quyết định|phân tích hệ thống|phân tích kiểm soát chất lượng|quản lý thời gian|sửa chữa|troubleshooting|tư duy phản biện|đọc hiểu,"[1.0, 0.576, 0.143, 0.143, 0.159, 0.763]",Sửa chữa/Lắp đặt|bảo trì thiết bị|bị khởi động và điều khiển|giao tiếp|giám sát vận hành|giải quyết vấn đề phức tạp|khả năng thích ứng|làm việc nhóm|lắng nghe tích cực|lựa chọn thiết bị|phán đoán & ra quyết định|phân tích hệ thống|phân tích kiểm soát chất lượng|quản lý thời gian|sửa chữa|troubleshooting|tư duy phản biện|đọc hiểu
49-2095.00,"Máy sửa chữa điện và điện tử, nhà máy điện, trạm phụ và trục","Kiểm tra, thử nghiệm, sửa chữa hoặc bảo trì thiết bị điện tại các trạm sản xuất, trạm phụ và trục truyền đang hoạt động.",Sửa chữa/Lắp đặt|bảo trì thiết bị|bị khởi động và điều khiển|giao tiếp|giao tiếp nói|giám sát vận hành|giải quyết vấn đề phức tạp|khả năng thích ứng|làm việc nhóm|lắng nghe tích cực|phân tích kiểm soát chất lượng|quản lý thời gian|sửa chữa|troubleshooting|tư duy phản biện|viết|đọc hiểu,"[1.0, 0.503, 0.143, 0.153, 0.186, 0.753]",Sửa chữa/Lắp đặt|bảo trì thiết bị|bị khởi động và điều khiển|giao tiếp|giao tiếp nói|giám sát vận hành|giải quyết vấn đề phức tạp|khả năng thích ứng|làm việc nhóm|lắng nghe tích cực|phân tích kiểm soát chất lượng|quản lý thời gian|sửa chữa|troubleshooting|tư duy phản biện|viết|đọc hiểu
49-2096.00,"Các nhà lắp đặt và sửa chữa thiết bị điện tử, xe máy","Thiết lập, chẩn đoán hoặc sửa chữa thiết bị truyền thông, âm thanh, an ninh hoặc điều hướng trong xe máy.",Sửa chữa/Lắp đặt|bảo trì thiết bị|giao tiếp|giao tiếp nói|giám sát vận hành|giải quyết vấn đề phức tạp|khả năng thích ứng|làm việc nhóm|lắng nghe tích cực|lắp đặt|phối hợp|quản lý thời gian|sửa chữa|troubleshooting|tư duy phản biện|định hướng dịch vụ|đọc hiểu,"[1.0, 0.506, 0.143, 0.171, 0.143, 0.65]",Sửa chữa/Lắp đặt|bảo trì thiết bị|giao tiếp|giao tiếp nói|giám sát vận hành|giải quyết vấn đề phức tạp|khả năng thích ứng|làm việc nhóm|lắng nghe tích cực|lắp đặt|phối hợp|quản lý thời gian|sửa chữa|troubleshooting|tư duy phản biện|định hướng dịch vụ|đọc hiểu
49-2097.00,Các nhà lắp đặt và sửa chữa thiết bị khán giả,"Lắp đặt, sửa chữa hoặc điều chỉnh thiết bị tiếp nhận âm thanh hoặc truyền hình, hệ thống âm thanh, máy quay phim, các hệ thống video hoặc các thiết bị giải trí điện tử khác trong nhà hoặc các địa điểm khác.",Sửa chữa/Lắp đặt|bảo trì thiết bị|giao tiếp|giao tiếp nói|giải quyết vấn đề phức tạp|khả năng thích ứng|làm việc nhóm|lắng nghe tích cực|lắp đặt|phán đoán & ra quyết định|phân tích kiểm soát chất lượng|quản lý thời gian|sửa chữa|troubleshooting|tư duy phản biện|đọc hiểu,"[0.97, 0.389, 0.221, 0.229, 0.16, 0.68]",Sửa chữa/Lắp đặt|bảo trì thiết bị|giao tiếp|giao tiếp nói|giải quyết vấn đề phức tạp|khả năng thích ứng|làm việc nhóm|lắng nghe tích cực|lắp đặt|phán đoán & ra quyết định|phân tích kiểm soát chất lượng|quản lý thời gian|sửa chữa|troubleshooting|tư duy phản biện|đọc hiểu
49-2098.00,Các bộ cài đặt hệ thống báo động an ninh và cháy,"Lắp đặt, lập trình, bảo trì và sửa chữa dây và thiết bị báo động an ninh và cháy.",Sửa chữa/Lắp đặt|giao tiếp|giao tiếp nói|giám sát|giám sát vận hành|giải quyết vấn đề phức tạp|học chủ động|khả năng thích ứng|làm việc nhóm|lắng nghe tích cực|lắp đặt|phán đoán & ra quyết định|phân tích kiểm soát chất lượng|quản lý thời gian|troubleshooting|tư duy phản biện|đọc hiểu,"[0.953, 0.471, 0.147, 0.199, 0.231, 0.694]",Sửa chữa/Lắp đặt|giao tiếp|giao tiếp nói|giám sát|giám sát vận hành|giải quyết vấn đề phức tạp|học chủ động|khả năng thích ứng|làm việc nhóm|lắng nghe tích cực|lắp đặt|phán đoán & ra quyết định|phân tích kiểm soát chất lượng|quản lý thời gian|troubleshooting|tư duy phản biện|đọc hiểu
49-3011.00,Cơ khí máy bay và kỹ thuật viên dịch vụ,"Chẩn đoán, điều chỉnh, sửa chữa hoặc sửa chữa các động cơ và bộ máy bay, chẳng hạn như hệ thống thủy lực và khí.",Sửa chữa/Lắp đặt|bảo trì thiết bị|bị khởi động và điều khiển|chú ý đến chi tiết|giao tiếp|giám sát|giám sát vận hành|giải quyết vấn đề kỹ thuật|giải quyết vấn đề phức tạp|khả năng thích ứng|kỹ năng máy tính|làm việc nhóm|lắng nghe tích cực|phân tích dữ liệu|phân tích kiểm soát chất lượng|quản lý thời gian|sửa chữa|troubleshooting|tư duy logic|tư duy phản biện|đọc hiểu,"[0.979, 0.534, 0.143, 0.186, 0.261, 0.669]",Sửa chữa/Lắp đặt|bảo trì thiết bị|bị khởi động và điều khiển|chú ý đến chi tiết|giao tiếp|giám sát|giám sát vận hành|giải quyết vấn đề kỹ thuật|giải quyết vấn đề phức tạp|khả năng thích ứng|kỹ năng máy tính|làm việc nhóm|lắng nghe tích cực|phân tích dữ liệu|phân tích kiểm soát chất lượng|quản lý thời gian|sửa chữa|troubleshooting|tư duy logic|tư duy phản biện|đọc hiểu
49-3021.00,Cơ thể ô tô và các nhà sửa chữa liên quan,Cửa chữa và tinh chế thân xe ô tô và khớp khung xe.,Sửa chữa/Lắp đặt|bị khởi động và điều khiển|giao tiếp|giao tiếp nói|giám sát|giám sát vận hành|giải quyết vấn đề phức tạp|khả năng thích ứng|làm việc nhóm|lắng nghe tích cực|phân tích kiểm soát chất lượng|quản lý thời gian|sửa chữa|troubleshooting|tư duy phản biện,"[1.0, 0.254, 0.206, 0.143, 0.197, 0.49]",Sửa chữa/Lắp đặt|bị khởi động và điều khiển|giao tiếp|giao tiếp nói|giám sát|giám sát vận hành|giải quyết vấn đề phức tạp|khả năng thích ứng|làm việc nhóm|lắng nghe tích cực|phân tích kiểm soát chất lượng|quản lý thời gian|sửa chữa|troubleshooting|tư duy phản biện
49-3022.00,Máy lắp đặt và sửa chữa kính ô tô,Thay thế hoặc sửa chữa kính chắn gió và kính cửa sổ bị hỏng trong xe máy.,Sửa chữa/Lắp đặt|giao tiếp|giao tiếp nói|khả năng thích ứng|làm việc nhóm|lắp đặt|lựa chọn thiết bị|quản lý thời gian|tư duy phản biện,"[1.0, 0.316, 0.143, 0.179, 0.2, 0.534]",Sửa chữa/Lắp đặt|giao tiếp|giao tiếp nói|khả năng thích ứng|làm việc nhóm|lắp đặt|lựa chọn thiết bị|quản lý thời gian|tư duy phản biện
49-3023.00,Các kỹ thuật viên và cơ khí dịch vụ ô tô,"Chẩn đoán, điều chỉnh, sửa chữa hoặc sửa chữa xe ô tô.",Sửa chữa/Lắp đặt|bảo trì thiết bị|bị khởi động và điều khiển|chú ý đến chi tiết|giao tiếp|giao tiếp nói|giám sát|giám sát vận hành|giải quyết vấn đề kỹ thuật|giải quyết vấn đề phức tạp|khả năng thích ứng|kỹ năng máy tính|làm việc nhóm|lắng nghe tích cực|lắp đặt|nhạy bén xã hội|phán đoán & ra quyết định|phân tích dữ liệu|phân tích kiểm soát chất lượng|quản lý thời gian|sửa chữa|troubleshooting|tư duy logic|tư duy phản biện,"[1.0, 0.51, 0.143, 0.206, 0.227, 0.619]",Sửa chữa/Lắp đặt|bảo trì thiết bị|bị khởi động và điều khiển|chú ý đến chi tiết|giao tiếp|giao tiếp nói|giám sát|giám sát vận hành|giải quyết vấn đề kỹ thuật|giải quyết vấn đề phức tạp|khả năng thích ứng|kỹ năng máy tính|làm việc nhóm|lắng nghe tích cực|lắp đặt|nhạy bén xã hội|phán đoán & ra quyết định|phân tích dữ liệu|phân tích kiểm soát chất lượng|quản lý thời gian|sửa chữa|troubleshooting|tư duy logic|tư duy phản biện
49-3031.00,Các chuyên gia cơ khí xe buýt và xe tải và động cơ xăng,"Chẩn đoán, điều chỉnh, sửa chữa hoặc sửa chữa xe buýt và xe tải, hoặc bảo trì và sửa chữa bất kỳ loại động cơ diesel nào.",Sửa chữa/Lắp đặt|bảo trì thiết bị|bị khởi động và điều khiển|giao tiếp|giao tiếp nói|giám sát|giám sát vận hành|khả năng thích ứng|làm việc nhóm|lắng nghe tích cực|lựa chọn thiết bị|phán đoán & ra quyết định|phân tích kiểm soát chất lượng|quản lý thời gian|sửa chữa|troubleshooting|tư duy phản biện,"[1.0, 0.469, 0.143, 0.219, 0.186, 0.533]",Sửa chữa/Lắp đặt|bảo trì thiết bị|bị khởi động và điều khiển|giao tiếp|giao tiếp nói|giám sát|giám sát vận hành|khả năng thích ứng|làm việc nhóm|lắng nghe tích cực|lựa chọn thiết bị|phán đoán & ra quyết định|phân tích kiểm soát chất lượng|quản lý thời gian|sửa chữa|troubleshooting|tư duy phản biện
49-3041.00,Cơ khí và kỹ thuật viên dịch vụ trang trại,"Chẩn đoán, điều chỉnh, sửa chữa hoặc sửa chữa máy móc và phương tiện nông nghiệp, chẳng hạn như máy kéo, máy thu hoạch, thiết bị sữa và hệ thống tưới nước.",Sửa chữa/Lắp đặt|bảo trì thiết bị|bị khởi động và điều khiển|chú ý đến chi tiết|giao tiếp|giao tiếp nói|giám sát|giám sát vận hành|giải quyết vấn đề kỹ thuật|giải quyết vấn đề phức tạp|học chủ động|khả năng thích ứng|kỹ năng máy tính|làm việc nhóm|lắng nghe tích cực|lựa chọn thiết bị|phân tích dữ liệu|phân tích kiểm soát chất lượng|quản lý thời gian|sửa chữa|troubleshooting|tư duy logic|tư duy phản biện,"[1.0, 0.446, 0.143, 0.193, 0.144, 0.586]",Sửa chữa/Lắp đặt|bảo trì thiết bị|bị khởi động và điều khiển|chú ý đến chi tiết|giao tiếp|giao tiếp nói|giám sát|giám sát vận hành|giải quyết vấn đề kỹ thuật|giải quyết vấn đề phức tạp|học chủ động|khả năng thích ứng|kỹ năng máy tính|làm việc nhóm|lắng nghe tích cực|lựa chọn thiết bị|phân tích dữ liệu|phân tích kiểm soát chất lượng|quản lý thời gian|sửa chữa|troubleshooting|tư duy logic|tư duy phản biện
49-3042.00,"Máy cơ thiết bị nặng di động, ngoại trừ động cơ","Chẩn đoán, điều chỉnh, sửa chữa hoặc sửa chữa các thiết bị cơ khí, thủy lực và khí động cơ di động, chẳng hạn như cẩu, máy kéo, máy xếp hạng và máy vận chuyển, được sử dụng trong xây dựng, khai thác gỗ và khai thác mỏ.",Sửa chữa/Lắp đặt|bảo trì thiết bị|bị khởi động và điều khiển|giao tiếp|giám sát vận hành|giải quyết vấn đề phức tạp|khả năng thích ứng|làm việc nhóm|lắng nghe tích cực|lựa chọn thiết bị|phân tích kiểm soát chất lượng|quản lý thời gian|sửa chữa|troubleshooting|tư duy phản biện|đọc hiểu,"[1.0, 0.507, 0.143, 0.143, 0.143, 0.6]",Sửa chữa/Lắp đặt|bảo trì thiết bị|bị khởi động và điều khiển|giao tiếp|giám sát vận hành|giải quyết vấn đề phức tạp|khả năng thích ứng|làm việc nhóm|lắng nghe tích cực|lựa chọn thiết bị|phân tích kiểm soát chất lượng|quản lý thời gian|sửa chữa|troubleshooting|tư duy phản biện|đọc hiểu
49-3043.00,Máy sửa xe lửa,"Chẩn đoán, điều chỉnh, sửa chữa hoặc sửa chữa các thiết bị treo đường sắt, xe mỏ hoặc xe tàu vận tải đại chúng.",Sửa chữa/Lắp đặt|bảo trì thiết bị|bị khởi động và điều khiển|giao tiếp|giao tiếp nói|giám sát vận hành|khả năng thích ứng|làm việc nhóm|lắng nghe tích cực|phân tích kiểm soát chất lượng|quản lý thời gian|sửa chữa|troubleshooting|tư duy phản biện,"[1.0, 0.384, 0.174, 0.199, 0.177, 0.596]",Sửa chữa/Lắp đặt|bảo trì thiết bị|bị khởi động và điều khiển|giao tiếp|giao tiếp nói|giám sát vận hành|khả năng thích ứng|làm việc nhóm|lắng nghe tích cực|phân tích kiểm soát chất lượng|quản lý thời gian|sửa chữa|troubleshooting|tư duy phản biện
49-3051.00,Máy cơ và kỹ thuật viên dịch vụ xe máy,Cửa chữa và điều chỉnh thiết bị điện và cơ khí của động cơ tàu nội hoặc bên ngoài tàu.,Sửa chữa/Lắp đặt|bảo trì thiết bị|bị khởi động và điều khiển|chú ý đến chi tiết|giao tiếp|giao tiếp nói|giám sát|giám sát vận hành|giải quyết vấn đề kỹ thuật|giải quyết vấn đề phức tạp|khả năng thích ứng|kỹ năng máy tính|làm việc nhóm|lắng nghe tích cực|lựa chọn thiết bị|phán đoán & ra quyết định|phân tích dữ liệu|phân tích kiểm soát chất lượng|quản lý thời gian|sửa chữa|troubleshooting|tư duy logic|tư duy phản biện,"[1.0, 0.397, 0.143, 0.156, 0.239, 0.567]",Sửa chữa/Lắp đặt|bảo trì thiết bị|bị khởi động và điều khiển|chú ý đến chi tiết|giao tiếp|giao tiếp nói|giám sát|giám sát vận hành|giải quyết vấn đề kỹ thuật|giải quyết vấn đề phức tạp|khả năng thích ứng|kỹ năng máy tính|làm việc nhóm|lắng nghe tích cực|lựa chọn thiết bị|phán đoán & ra quyết định|phân tích dữ liệu|phân tích kiểm soát chất lượng|quản lý thời gian|sửa chữa|troubleshooting|tư duy logic|tư duy phản biện
49-3052.00,Máy cơ xe máy,"Chẩn đoán, điều chỉnh, sửa chữa hoặc sửa chữa xe máy, xe tay ga, xe đạp, đạp đất hoặc xe động cơ tương tự.",Sửa chữa/Lắp đặt|bảo trì thiết bị|bị khởi động và điều khiển|giao tiếp|giao tiếp nói|giám sát|giám sát vận hành|giải quyết vấn đề phức tạp|học chủ động|khả năng thích ứng|làm việc nhóm|lắng nghe tích cực|phán đoán & ra quyết định|phân tích kiểm soát chất lượng|quản lý thời gian|sửa chữa|troubleshooting|tư duy phản biện|đọc hiểu,"[1.0, 0.443, 0.169, 0.206, 0.143, 0.511]",Sửa chữa/Lắp đặt|bảo trì thiết bị|bị khởi động và điều khiển|giao tiếp|giao tiếp nói|giám sát|giám sát vận hành|giải quyết vấn đề phức tạp|học chủ động|khả năng thích ứng|làm việc nhóm|lắng nghe tích cực|phán đoán & ra quyết định|phân tích kiểm soát chất lượng|quản lý thời gian|sửa chữa|troubleshooting|tư duy phản biện|đọc hiểu
49-3053.00,Thiết bị điện ngoài trời và các cơ khí động cơ nhỏ khác,"Chẩn đoán, điều chỉnh, sửa chữa hoặc sửa chữa các động cơ nhỏ được sử dụng để cung cấp năng lượng cho máy cắt cỏ, gạch dây chuyền, thiết bị thể thao giải trí và thiết bị liên quan.",Sửa chữa/Lắp đặt|bảo trì thiết bị|bị khởi động và điều khiển|giao tiếp|giám sát vận hành|giải quyết vấn đề phức tạp|khả năng thích ứng|làm việc nhóm|lắng nghe tích cực|lựa chọn thiết bị|phân tích kiểm soát chất lượng|quản lý thời gian|sửa chữa|troubleshooting|tư duy phản biện,"[1.0, 0.383, 0.143, 0.154, 0.177, 0.597]",Sửa chữa/Lắp đặt|bảo trì thiết bị|bị khởi động và điều khiển|giao tiếp|giám sát vận hành|giải quyết vấn đề phức tạp|khả năng thích ứng|làm việc nhóm|lắng nghe tích cực|lựa chọn thiết bị|phân tích kiểm soát chất lượng|quản lý thời gian|sửa chữa|troubleshooting|tư duy phản biện
49-3091.00,Nhà sửa xe đạp,Xe đạp sửa chữa và phục vụ.,Sửa chữa/Lắp đặt|bảo trì thiết bị|giao tiếp|giao tiếp nói|giải quyết vấn đề phức tạp|khả năng thích ứng|làm việc nhóm|lắng nghe tích cực|lựa chọn thiết bị|nhạy bén xã hội|phân tích kiểm soát chất lượng|quản lý thời gian|sửa chữa|troubleshooting|tư duy phản biện|định hướng dịch vụ|đọc hiểu,"[1.0, 0.251, 0.164, 0.249, 0.264, 0.516]",Sửa chữa/Lắp đặt|bảo trì thiết bị|giao tiếp|giao tiếp nói|giải quyết vấn đề phức tạp|khả năng thích ứng|làm việc nhóm|lắng nghe tích cực|lựa chọn thiết bị|nhạy bén xã hội|phân tích kiểm soát chất lượng|quản lý thời gian|sửa chữa|troubleshooting|tư duy phản biện|định hướng dịch vụ|đọc hiểu
49-3092.00,Các kỹ thuật viên dịch vụ xe giải trí,"Chẩn đoán, kiểm tra, điều chỉnh, sửa chữa hoặc sửa chữa các phương tiện giải trí bao gồm cả xe kéo du lịch. Có thể chuyên trong việc bảo trì các hệ thống khí đốt, điện, thủy lực, ống nước, hoặc khung / kéo cũng như sửa chữa máy phát điện, thiết bị và các bộ phận nội thất. Bao gồm cả công nhân thực hiện chuyển đổi xe tải tùy chỉnh.",Sửa chữa/Lắp đặt|bảo trì thiết bị|bị khởi động và điều khiển|chú ý đến chi tiết|giao tiếp|giao tiếp nói|giám sát vận hành|giải quyết vấn đề kỹ thuật|giải quyết vấn đề phức tạp|học chủ động|khả năng thích ứng|kỹ năng máy tính|làm việc nhóm|lắng nghe tích cực|phân tích dữ liệu|phân tích kiểm soát chất lượng|quản lý thời gian|sửa chữa|troubleshooting|tư duy logic|tư duy phản biện|đọc hiểu,"[1.0, 0.373, 0.143, 0.231, 0.183, 0.573]",Sửa chữa/Lắp đặt|bảo trì thiết bị|bị khởi động và điều khiển|chú ý đến chi tiết|giao tiếp|giao tiếp nói|giám sát vận hành|giải quyết vấn đề kỹ thuật|giải quyết vấn đề phức tạp|học chủ động|khả năng thích ứng|kỹ năng máy tính|làm việc nhóm|lắng nghe tích cực|phân tích dữ liệu|phân tích kiểm soát chất lượng|quản lý thời gian|sửa chữa|troubleshooting|tư duy logic|tư duy phản biện|đọc hiểu
49-3093.00,Máy sửa và thay lốp,Cửa chữa và thay lốp xe.,Sửa chữa/Lắp đặt|giao tiếp|giao tiếp nói|khả năng thích ứng|làm việc nhóm|lắng nghe tích cực|quản lý thời gian|tư duy phản biện|định hướng dịch vụ,"[1.0, 0.251, 0.143, 0.251, 0.224, 0.49]",Sửa chữa/Lắp đặt|giao tiếp|giao tiếp nói|khả năng thích ứng|làm việc nhóm|lắng nghe tích cực|quản lý thời gian|tư duy phản biện|định hướng dịch vụ
49-9011.00,Máy sửa cửa,"Lắp đặt, phục vụ hoặc sửa chữa cơ chế cửa tự động và cửa thủy lực.",Sửa chữa/Lắp đặt|giao tiếp|giao tiếp nói|giám sát|giám sát vận hành|giải quyết vấn đề phức tạp|hướng dẫn|học chủ động|khả năng thích ứng|làm việc nhóm|lắng nghe tích cực|lắp đặt|nhạy bén xã hội|phân tích kiểm soát chất lượng|phối hợp|quản lý thời gian|troubleshooting|tư duy phản biện|định hướng dịch vụ|đọc hiểu,"[0.983, 0.25, 0.143, 0.213, 0.143, 0.547]",Sửa chữa/Lắp đặt|giao tiếp|giao tiếp nói|giám sát|giám sát vận hành|giải quyết vấn đề phức tạp|hướng dẫn|học chủ động|khả năng thích ứng|làm việc nhóm|lắng nghe tích cực|lắp đặt|nhạy bén xã hội|phân tích kiểm soát chất lượng|phối hợp|quản lý thời gian|troubleshooting|tư duy phản biện|định hướng dịch vụ|đọc hiểu
49-9012.00,"Máy cài đặt và sửa chữa máy điều khiển và van, ngoại trừ cửa cơ khí","Lắp đặt, sửa chữa và duy trì các thiết bị điều chỉnh và kiểm soát cơ học, chẳng hạn như máy đo điện, bộ điều chỉnh khí, máy nhiệt, van an toàn và dòng chảy và các bộ điều khiển cơ học khác.",Sửa chữa/Lắp đặt|bảo trì thiết bị|giao tiếp|giao tiếp nói|giám sát|giám sát vận hành|học chủ động|khả năng thích ứng|làm việc nhóm|lắng nghe tích cực|phán đoán & ra quyết định|phân tích kiểm soát chất lượng|quản lý thời gian|sửa chữa|troubleshooting|tư duy phản biện|viết|đọc hiểu,"[1.0, 0.407, 0.143, 0.17, 0.143, 0.679]",Sửa chữa/Lắp đặt|bảo trì thiết bị|giao tiếp|giao tiếp nói|giám sát|giám sát vận hành|học chủ động|khả năng thích ứng|làm việc nhóm|lắng nghe tích cực|phán đoán & ra quyết định|phân tích kiểm soát chất lượng|quản lý thời gian|sửa chữa|troubleshooting|tư duy phản biện|viết|đọc hiểu
49-9021.00,"Máy sưởi ấm, điều hòa không khí và làm lạnh","Lắp đặt hoặc sửa chữa hệ thống sưởi ấm, điều hòa không khí trung tâm, HVAC hoặc hệ thống làm lạnh, bao gồm lò đốt dầu, lò khí nóng và lò sưởin.",Sửa chữa/Lắp đặt|bảo trì thiết bị|bị khởi động và điều khiển|giao tiếp|giám sát vận hành|giải quyết vấn đề phức tạp|khả năng thích ứng|làm việc nhóm|lắng nghe tích cực|lắp đặt|lựa chọn thiết bị|phán đoán & ra quyết định|phân tích kiểm soát chất lượng|quản lý thời gian|sửa chữa|troubleshooting|tư duy phản biện|đọc hiểu,"[0.989, 0.391, 0.143, 0.214, 0.193, 0.64]",Sửa chữa/Lắp đặt|bảo trì thiết bị|bị khởi động và điều khiển|giao tiếp|giám sát vận hành|giải quyết vấn đề phức tạp|khả năng thích ứng|làm việc nhóm|lắng nghe tích cực|lắp đặt|lựa chọn thiết bị|phán đoán & ra quyết định|phân tích kiểm soát chất lượng|quản lý thời gian|sửa chữa|troubleshooting|tư duy phản biện|đọc hiểu
49-9031.00,Nhà máy sửa chữa thiết bị,"Cửa chữa, điều chỉnh hoặc lắp đặt tất cả các loại thiết bị điện hoặc khí trong nhà, chẳng hạn như tủ lạnh, máy giặt, máy sấy khô và lò sưởi.",Sửa chữa/Lắp đặt|bảo trì thiết bị|giao tiếp|giao tiếp nói|giám sát vận hành|giải quyết vấn đề phức tạp|khả năng thích ứng|làm việc nhóm|lắng nghe tích cực|phân tích kiểm soát chất lượng|quản lý thời gian|sửa chữa|troubleshooting|tư duy phản biện|định hướng dịch vụ|đọc hiểu,"[1.0, 0.303, 0.143, 0.236, 0.211, 0.714]",Sửa chữa/Lắp đặt|bảo trì thiết bị|giao tiếp|giao tiếp nói|giám sát vận hành|giải quyết vấn đề phức tạp|khả năng thích ứng|làm việc nhóm|lắng nghe tích cực|phân tích kiểm soát chất lượng|quản lý thời gian|sửa chữa|troubleshooting|tư duy phản biện|định hướng dịch vụ|đọc hiểu
49-9041.00,Máy cơ công nghiệp,"Cửa chữa, lắp đặt, điều chỉnh hoặc duy trì máy móc sản xuất và chế biến công nghiệp hoặc hệ thống phân phối máy lọc dầu và đường ống.",Sửa chữa/Lắp đặt|bảo trì thiết bị|bị khởi động và điều khiển|giao tiếp|giám sát|giám sát vận hành|giải quyết vấn đề phức tạp|học chủ động|khả năng thích ứng|làm việc nhóm|lắng nghe tích cực|phân tích kiểm soát chất lượng|quản lý thời gian|sửa chữa|troubleshooting|tư duy phản biện,"[1.0, 0.426, 0.143, 0.143, 0.166, 0.626]",Sửa chữa/Lắp đặt|bảo trì thiết bị|bị khởi động và điều khiển|giao tiếp|giám sát|giám sát vận hành|giải quyết vấn đề phức tạp|học chủ động|khả năng thích ứng|làm việc nhóm|lắng nghe tích cực|phân tích kiểm soát chất lượng|quản lý thời gian|sửa chữa|troubleshooting|tư duy phản biện
49-9043.00,"Công nhân bảo trì, máy móc","Máy bôi trơn, thay bộ phận hoặc thực hiện bảo trì máy móc thông thường khác.",Sửa chữa/Lắp đặt|bảo trì thiết bị|bị khởi động và điều khiển|giao tiếp|giám sát vận hành|khả năng thích ứng|làm việc nhóm|lắng nghe tích cực|phân tích kiểm soát chất lượng|phối hợp|quản lý thời gian|sửa chữa|troubleshooting|tư duy phản biện|đọc hiểu,"[1.0, 0.307, 0.143, 0.143, 0.171, 0.64]",Sửa chữa/Lắp đặt|bảo trì thiết bị|bị khởi động và điều khiển|giao tiếp|giám sát vận hành|khả năng thích ứng|làm việc nhóm|lắng nghe tích cực|phân tích kiểm soát chất lượng|phối hợp|quản lý thời gian|sửa chữa|troubleshooting|tư duy phản biện|đọc hiểu
49-9044.00,Nhà máy sản xuất,"Lắp đặt, gỡ bỏ hoặc di chuyển máy móc và thiết bị nặng theo kế hoạch bố trí, bản đồ hoặc bản vẽ khác.",Sửa chữa/Lắp đặt|bảo trì thiết bị|bị khởi động và điều khiển|giao tiếp|giám sát|giám sát vận hành|giải quyết vấn đề phức tạp|khả năng thích ứng|làm việc nhóm|lắng nghe tích cực|lắp đặt|phân tích kiểm soát chất lượng|phối hợp|quản lý thời gian|sửa chữa|troubleshooting|tư duy phản biện,"[1.0, 0.361, 0.263, 0.143, 0.156, 0.513]",Sửa chữa/Lắp đặt|bảo trì thiết bị|bị khởi động và điều khiển|giao tiếp|giám sát|giám sát vận hành|giải quyết vấn đề phức tạp|khả năng thích ứng|làm việc nhóm|lắng nghe tích cực|lắp đặt|phân tích kiểm soát chất lượng|phối hợp|quản lý thời gian|sửa chữa|troubleshooting|tư duy phản biện
49-9045.00,"Máy sửa chữa vật liệu cứng, ngoại trừ nhà máy xây gạch","Xây dựng hoặc sửa chữa thiết bị như lò nướng, lò sưởi, mái vòm, lò nồi, máy biến đổi, thùng, hố ngâm và lò, sử dụng vật liệu chống nấm.",Sửa chữa/Lắp đặt|bảo trì thiết bị|bị khởi động và điều khiển|giao tiếp|giám sát vận hành|khả năng thích ứng|làm việc nhóm|lắng nghe tích cực|quản lý thời gian|sửa chữa|tư duy phản biện,"[1.0, 0.314, 0.187, 0.146, 0.143, 0.507]",Sửa chữa/Lắp đặt|bảo trì thiết bị|bị khởi động và điều khiển|giao tiếp|giám sát vận hành|khả năng thích ứng|làm việc nhóm|lắng nghe tích cực|quản lý thời gian|sửa chữa|tư duy phản biện
49-9051.00,Các nhà lắp đặt và sửa chữa dây điện,Lắp đặt hoặc sửa chữa cáp hoặc dây được sử dụng trong hệ thống điện hoặc phân phối điện. Có thể dựng cột và tháp truyền nhẹ hoặc hạng nặng.,Sửa chữa/Lắp đặt|bị khởi động và điều khiển|giao tiếp|giám sát|giám sát vận hành|giải quyết vấn đề phức tạp|khả năng thích ứng|làm việc nhóm|lắng nghe tích cực|phán đoán & ra quyết định|phân tích hệ thống|phân tích kiểm soát chất lượng|phối hợp|quản lý thời gian|sửa chữa|troubleshooting|tư duy phản biện|đọc hiểu,"[1.0, 0.376, 0.143, 0.17, 0.246, 0.524]",Sửa chữa/Lắp đặt|bị khởi động và điều khiển|giao tiếp|giám sát|giám sát vận hành|giải quyết vấn đề phức tạp|khả năng thích ứng|làm việc nhóm|lắng nghe tích cực|phán đoán & ra quyết định|phân tích hệ thống|phân tích kiểm soát chất lượng|phối hợp|quản lý thời gian|sửa chữa|troubleshooting|tư duy phản biện|đọc hiểu
49-9052.00,Các nhà lắp đặt và sửa chữa đường dây viễn thông,"Lắp đặt và sửa chữa cáp viễn thông, bao gồm cả sợi quang.",Sửa chữa/Lắp đặt|bảo trì thiết bị|bị khởi động và điều khiển|giao tiếp|giao tiếp nói|giám sát|giám sát vận hành|giải quyết vấn đề phức tạp|khả năng thích ứng|làm việc nhóm|lắng nghe tích cực|phán đoán & ra quyết định|phân tích kiểm soát chất lượng|phối hợp|quản lý thời gian|troubleshooting|tư duy phản biện|đọc hiểu,"[0.917, 0.346, 0.143, 0.229, 0.301, 0.594]",Sửa chữa/Lắp đặt|bảo trì thiết bị|bị khởi động và điều khiển|giao tiếp|giao tiếp nói|giám sát|giám sát vận hành|giải quyết vấn đề phức tạp|khả năng thích ứng|làm việc nhóm|lắng nghe tích cực|phán đoán & ra quyết định|phân tích kiểm soát chất lượng|phối hợp|quản lý thời gian|troubleshooting|tư duy phản biện|đọc hiểu
49-9061.00,Máy sửa chữa máy ảnh và thiết bị chụp ảnh,"Cửa chữa và điều chỉnh máy ảnh và thiết bị chụp ảnh, bao gồm cả thiết bị máy ảnh video và hình ảnh thương mại.",Sửa chữa/Lắp đặt|bảo trì thiết bị|giao tiếp|giải quyết vấn đề phức tạp|học chủ động|khả năng thích ứng|làm việc nhóm|lắng nghe tích cực|lựa chọn thiết bị|phán đoán & ra quyết định|phân tích kiểm soát chất lượng|quản lý thời gian|sửa chữa|troubleshooting|tư duy phản biện|đọc hiểu,"[1.0, 0.381, 0.281, 0.171, 0.143, 0.654]",Sửa chữa/Lắp đặt|bảo trì thiết bị|giao tiếp|giải quyết vấn đề phức tạp|học chủ động|khả năng thích ứng|làm việc nhóm|lắng nghe tích cực|lựa chọn thiết bị|phán đoán & ra quyết định|phân tích kiểm soát chất lượng|quản lý thời gian|sửa chữa|troubleshooting|tư duy phản biện|đọc hiểu
49-9062.00,Nhà sửa chữa thiết bị y tế,"Kiểm tra, điều chỉnh hoặc sửa chữa thiết bị y tế sinh học hoặc điện.",Sửa chữa/Lắp đặt|bảo trì thiết bị|chú ý đến chi tiết|chăm sóc bệnh nhân|giao tiếp|giao tiếp nói|giao tiếp với bệnh nhân|giám sát vận hành|học chủ động|khả năng thích ứng|làm việc dưới áp lực|làm việc nhóm|lắng nghe tích cực|phân tích kiểm soát chất lượng|quản lý thời gian|sửa chữa|toán học|troubleshooting|tư duy phản biện|viết|đọc hiểu|đồng cảm,"[1.0, 0.656, 0.143, 0.259, 0.143, 0.743]",Sửa chữa/Lắp đặt|bảo trì thiết bị|chú ý đến chi tiết|chăm sóc bệnh nhân|giao tiếp|giao tiếp nói|giao tiếp với bệnh nhân|giám sát vận hành|học chủ động|khả năng thích ứng|làm việc dưới áp lực|làm việc nhóm|lắng nghe tích cực|phân tích kiểm soát chất lượng|quản lý thời gian|sửa chữa|toán học|troubleshooting|tư duy phản biện|viết|đọc hiểu|đồng cảm
49-9063.00,Máy sửa và điều chỉnh nhạc cụ,"Cửa chữa các nhạc cụ đấm, dây, ván, hoặc gió.",Sửa chữa/Lắp đặt|giao tiếp|giao tiếp nói|giải quyết vấn đề phức tạp|khả năng thích ứng|làm việc nhóm|lắng nghe tích cực|lựa chọn thiết bị|phán đoán & ra quyết định|phân tích kiểm soát chất lượng|quản lý thời gian|sửa chữa|troubleshooting|tư duy phản biện|định hướng dịch vụ|đọc hiểu,"[0.917, 0.37, 0.507, 0.237, 0.143, 0.483]",Sửa chữa/Lắp đặt|giao tiếp|giao tiếp nói|giải quyết vấn đề phức tạp|khả năng thích ứng|làm việc nhóm|lắng nghe tích cực|lựa chọn thiết bị|phán đoán & ra quyết định|phân tích kiểm soát chất lượng|quản lý thời gian|sửa chữa|troubleshooting|tư duy phản biện|định hướng dịch vụ|đọc hiểu
49-9064.00,Máy sửa đồng hồ và đồng hồ,"Cửa chữa, làm sạch và điều chỉnh cơ chế của các dụng cụ thời gian, chẳng hạn như đồng hồ và đồng hồ.",Sửa chữa/Lắp đặt|bảo trì thiết bị|giao tiếp|giao tiếp nói|giám sát vận hành|khả năng thích ứng|làm việc nhóm|lắng nghe tích cực|phán đoán & ra quyết định|phân tích kiểm soát chất lượng|quản lý thời gian|sửa chữa|troubleshooting|tư duy phản biện,"[0.92, 0.281, 0.176, 0.21, 0.186, 0.66]",Sửa chữa/Lắp đặt|bảo trì thiết bị|giao tiếp|giao tiếp nói|giám sát vận hành|khả năng thích ứng|làm việc nhóm|lắng nghe tích cực|phán đoán & ra quyết định|phân tích kiểm soát chất lượng|quản lý thời gian|sửa chữa|troubleshooting|tư duy phản biện
49-9071.00,"Công nhân bảo trì và sửa chữa, chung","Thực hiện công việc liên quan đến kỹ năng của hai hoặc nhiều nghề bảo trì hoặc thủ công để giữ cho máy móc, thiết bị cơ khí hoặc cấu trúc của một tòa nhà được sửa chữa. Các nhiệm vụ có thể liên quan đến việc lắp đặt ống; Bảo trì HVAC; cách nhiệt; hàn; máy móc; thợ gỗ; sửa chữa thiết bị điện hoặc cơ khí; lắp đặt, sắp xếp và cân bằng thiết bị mới; và sửa chữa các tòa nhà, sàn hoặc cầu thang.",Sửa chữa/Lắp đặt|bảo trì thiết bị|bị khởi động và điều khiển|giao tiếp|giám sát|giám sát vận hành|giải quyết vấn đề phức tạp|học chủ động|khả năng thích ứng|làm việc nhóm|lắp đặt|phân tích kiểm soát chất lượng|quản lý thời gian|sửa chữa|troubleshooting|tư duy phản biện|đọc hiểu,"[1.0, 0.359, 0.173, 0.254, 0.219, 0.594]",Sửa chữa/Lắp đặt|bảo trì thiết bị|bị khởi động và điều khiển|giao tiếp|giám sát|giám sát vận hành|giải quyết vấn đề phức tạp|học chủ động|khả năng thích ứng|làm việc nhóm|lắp đặt|phân tích kiểm soát chất lượng|quản lý thời gian|sửa chữa|troubleshooting|tư duy phản biện|đọc hiểu
49-9081.00,Các kỹ thuật viên dịch vụ máy xoay gió,"Kiểm tra, chẩn đoán, điều chỉnh hoặc sửa chữa các tuabin gió.",Sửa chữa/Lắp đặt|bảo trì thiết bị|chú ý đến chi tiết|giao tiếp|giao tiếp nói|giám sát|giám sát vận hành|giải quyết vấn đề kỹ thuật|giải quyết vấn đề phức tạp|học chủ động|khả năng thích ứng|kỹ năng máy tính|làm việc nhóm|lắng nghe tích cực|phân tích dữ liệu|phân tích kiểm soát chất lượng|phối hợp|quản lý thời gian|sửa chữa|troubleshooting|tư duy logic|tư duy phản biện|đọc hiểu,"[1.0, 0.51, 0.143, 0.23, 0.254, 0.614]",Sửa chữa/Lắp đặt|bảo trì thiết bị|chú ý đến chi tiết|giao tiếp|giao tiếp nói|giám sát|giám sát vận hành|giải quyết vấn đề kỹ thuật|giải quyết vấn đề phức tạp|học chủ động|khả năng thích ứng|kỹ năng máy tính|làm việc nhóm|lắng nghe tích cực|phân tích dữ liệu|phân tích kiểm soát chất lượng|phối hợp|quản lý thời gian|sửa chữa|troubleshooting|tư duy logic|tư duy phản biện|đọc hiểu
49-9091.00,"Người phục vụ và sửa chữa máy bán đồng xu, máy bán hàng và máy giải trí","Lắp đặt, phục vụ, điều chỉnh hoặc sửa chữa tiền xu, máy bán hàng tự động hoặc máy giải trí bao gồm trò chơi điện tử, hộp juke, máy pinball hoặc máy đánh bạc.",Sửa chữa/Lắp đặt|bảo trì thiết bị|bị khởi động và điều khiển|giao tiếp|giao tiếp khách hàng|giám sát|giám sát vận hành|khả năng thích ứng|kỹ năng bán hàng|làm việc nhóm|phân tích kiểm soát chất lượng|quản lý thời gian|sửa chữa|thuyết phục|troubleshooting|tư duy phản biện|xây dựng mối quan hệ|đàm phán,"[0.869, 0.257, 0.143, 0.176, 0.27, 0.816]",Sửa chữa/Lắp đặt|bảo trì thiết bị|bị khởi động và điều khiển|giao tiếp|giao tiếp khách hàng|giám sát|giám sát vận hành|khả năng thích ứng|kỹ năng bán hàng|làm việc nhóm|phân tích kiểm soát chất lượng|quản lý thời gian|sửa chữa|thuyết phục|troubleshooting|tư duy phản biện|xây dựng mối quan hệ|đàm phán
49-9092.00,Thủy thủ thương mại,"Làm việc dưới bề mặt nước, sử dụng khí hoặc thiết bị lặn được cung cấp từ bề mặt để kiểm tra, sửa chữa, gỡ bỏ hoặc lắp đặt thiết bị và cấu trúc. Có thể sử dụng một loạt các công cụ điện và tay, chẳng hạn như khoan, búa, ngọn đuốc và thiết bị hàn. Có thể tiến hành thử nghiệm hoặc thí nghiệm, trang bị chất nổ, hoặc chụp ảnh các cấu trúc hoặc sinh vật biển.",Sửa chữa/Lắp đặt|bảo trì thiết bị|bị khởi động và điều khiển|giao tiếp|giao tiếp nói|giám sát|giám sát vận hành|giải quyết vấn đề phức tạp|khả năng thích ứng|làm việc nhóm|lắng nghe tích cực|phân tích kiểm soát chất lượng|phối hợp|quản lý thời gian|sửa chữa|troubleshooting|tư duy phản biện|đọc hiểu,"[1.0, 0.514, 0.193, 0.157, 0.237, 0.443]",Sửa chữa/Lắp đặt|bảo trì thiết bị|bị khởi động và điều khiển|giao tiếp|giao tiếp nói|giám sát|giám sát vận hành|giải quyết vấn đề phức tạp|khả năng thích ứng|làm việc nhóm|lắng nghe tích cực|phân tích kiểm soát chất lượng|phối hợp|quản lý thời gian|sửa chữa|troubleshooting|tư duy phản biện|đọc hiểu
49-9094.00,Các thợ đóng cửa và người sửa chữa an toàn,"Cửa chữa và mở khóa, làm chìa khóa, thay đổi khóa và kết hợp an toàn, và lắp đặt và sửa chữa an toàn.",Sửa chữa/Lắp đặt|bị khởi động và điều khiển|giao tiếp|giao tiếp nói|giải quyết vấn đề phức tạp|khả năng thích ứng|làm việc nhóm|lắng nghe tích cực|lắp đặt|phân tích kiểm soát chất lượng|quản lý thời gian|sửa chữa|troubleshooting|tư duy phản biện|định hướng dịch vụ|đọc hiểu,"[0.87, 0.311, 0.154, 0.224, 0.191, 0.67]",Sửa chữa/Lắp đặt|bị khởi động và điều khiển|giao tiếp|giao tiếp nói|giải quyết vấn đề phức tạp|khả năng thích ứng|làm việc nhóm|lắng nghe tích cực|lắp đặt|phân tích kiểm soát chất lượng|quản lý thời gian|sửa chữa|troubleshooting|tư duy phản biện|định hướng dịch vụ|đọc hiểu
49-9095.00,Thiết kế xây dựng và thiết lập nhà di động,Di chuyển hoặc lắp đặt nhà di động hoặc các tòa nhà được chế tạo sẵn.,Sửa chữa/Lắp đặt|bị khởi động và điều khiển|chiến lược học tập|giao tiếp|giao tiếp nói|giám sát|giám sát vận hành|giải quyết vấn đề phức tạp|hướng dẫn|học chủ động|khả năng thích ứng|làm việc nhóm|lắng nghe tích cực|phán đoán & ra quyết định|phân tích kiểm soát chất lượng|phối hợp|quản lý nguồn nhân lực|quản lý thời gian|sửa chữa|tư duy phản biện,"[0.976, 0.271, 0.217, 0.244, 0.167, 0.557]",Sửa chữa/Lắp đặt|bị khởi động và điều khiển|chiến lược học tập|giao tiếp|giao tiếp nói|giám sát|giám sát vận hành|giải quyết vấn đề phức tạp|hướng dẫn|học chủ động|khả năng thích ứng|làm việc nhóm|lắng nghe tích cực|phán đoán & ra quyết định|phân tích kiểm soát chất lượng|phối hợp|quản lý nguồn nhân lực|quản lý thời gian|sửa chữa|tư duy phản biện
49-9096.00,Chuyển động,"Thiết lập hoặc sửa chữa các thiết bị giáp cho các dự án xây dựng, nhà máy sản xuất, sân gỗ, tàu và sân tàu, hoặc cho ngành công nghiệp giải trí.",Sửa chữa/Lắp đặt|bị khởi động và điều khiển|giao tiếp|giao tiếp nói|giám sát|giám sát vận hành|giải quyết vấn đề phức tạp|khả năng thích ứng|làm việc nhóm|lắng nghe tích cực|phán đoán & ra quyết định|phân tích kiểm soát chất lượng|phối hợp|quản lý thời gian|tư duy phản biện|đọc hiểu,"[1.0, 0.341, 0.194, 0.143, 0.267, 0.529]",Sửa chữa/Lắp đặt|bị khởi động và điều khiển|giao tiếp|giao tiếp nói|giám sát|giám sát vận hành|giải quyết vấn đề phức tạp|khả năng thích ứng|làm việc nhóm|lắng nghe tích cực|phán đoán & ra quyết định|phân tích kiểm soát chất lượng|phối hợp|quản lý thời gian|tư duy phản biện|đọc hiểu
49-9097.00,Máy sửa đổi chuyển đổi tín hiệu và theo dõi,"Lắp đặt, kiểm tra, thử nghiệm, bảo trì hoặc sửa chữa các cửa thông điện, tín hiệu, thiết bị tín hiệu , chuyển mạch đường ray, đường cắt hoặc hệ thống liên lạc trong hệ thống đường sắt.",Sửa chữa/Lắp đặt|bảo trì thiết bị|bị khởi động và điều khiển|giao tiếp|giám sát|giám sát vận hành|giải quyết vấn đề phức tạp|học chủ động|khả năng thích ứng|làm việc nhóm|lắng nghe tích cực|lựa chọn thiết bị|phân tích kiểm soát chất lượng|quản lý thời gian|sửa chữa|troubleshooting|tư duy phản biện|viết,"[0.923, 0.381, 0.143, 0.167, 0.143, 0.649]",Sửa chữa/Lắp đặt|bảo trì thiết bị|bị khởi động và điều khiển|giao tiếp|giám sát|giám sát vận hành|giải quyết vấn đề phức tạp|học chủ động|khả năng thích ứng|làm việc nhóm|lắng nghe tích cực|lựa chọn thiết bị|phân tích kiểm soát chất lượng|quản lý thời gian|sửa chữa|troubleshooting|tư duy phản biện|viết
49-9098.00,"Những người giúp đỡ - Công nhân lắp đặt, bảo trì và sửa chữa","Giúp các nhân viên lắp đặt, bảo trì và sửa chữa trong việc bảo trì, thay thế và sửa đổi các bộ phận của xe, máy móc công nghiệp và thiết bị điện và điện tử. Thực hiện các nhiệm vụ như trang bị công cụ, vật liệu và vật liệu cho các công nhân khác; làm sạch khu vực làm việc, máy móc và công cụ; và giữ vật liệu hoặc công cụ cho các nhân viên khác.",Sửa chữa/Lắp đặt|bảo trì thiết bị|bị khởi động và điều khiển|giao tiếp|giao tiếp nói|giám sát|giám sát vận hành|khả năng thích ứng|làm việc nhóm|lắng nghe tích cực|phân tích kiểm soát chất lượng|phối hợp|quản lý thời gian|sửa chữa|troubleshooting|tư duy phản biện,"[0.999, 0.28, 0.157, 0.259, 0.233, 0.576]",Sửa chữa/Lắp đặt|bảo trì thiết bị|bị khởi động và điều khiển|giao tiếp|giao tiếp nói|giám sát|giám sát vận hành|khả năng thích ứng|làm việc nhóm|lắng nghe tích cực|phân tích kiểm soát chất lượng|phối hợp|quản lý thời gian|sửa chữa|troubleshooting|tư duy phản biện
49-9099.00,"Installation, Maintenance, and Repair Workers, Khác",Thực hiện các nhiệm vụ đa dạng không được bao gồm trong các danh mục nghề nghiệp cụ thể khác trong lĩnh vực này.,Khác|Tổng quát|giao tiếp|khác|khả năng thích ứng|làm việc nhóm|quản lý thời gian|tư duy phản biện|tổng quát|đa dạng,"[0.972, 0.401, 0.162, 0.207, 0.21, 0.6]",Khác|Tổng quát|giao tiếp|khác|khả năng thích ứng|làm việc nhóm|quản lý thời gian|tư duy phản biện|tổng quát|đa dạng
49-9099.01,Các kỹ thuật viên địa nhiệt,"Thực hiện các hoạt động kỹ thuật tại các nhà máy điện hoặc các thiết bị cá nhân cần thiết để sản xuất điện từ các nguồn năng lượng địa nhiệt. Theo dõi và kiểm soát các hoạt động hoạt động tại các cơ sở sản xuất điện địa nhiệt và thực hiện bảo trì và sửa chữa khi cần thiết. Lắp đặt, thử nghiệm và bảo trì máy bơm nhiệt địa nhiệt dân cư và thương mại.",Sửa chữa/Lắp đặt|bảo trì thiết bị|bị khởi động và điều khiển|chú ý đến chi tiết|giao tiếp|giám sát|giám sát vận hành|giải quyết vấn đề kỹ thuật|giải quyết vấn đề phức tạp|học chủ động|khả năng thích ứng|kỹ năng máy tính|làm việc nhóm|phân tích dữ liệu|phân tích kiểm soát chất lượng|phối hợp|quản lý thời gian|sửa chữa|toán học|troubleshooting|tư duy logic|tư duy phản biện|đọc hiểu,"[0.911, 0.491, 0.143, 0.24, 0.254, 0.713]",Sửa chữa/Lắp đặt|bảo trì thiết bị|bị khởi động và điều khiển|chú ý đến chi tiết|giao tiếp|giám sát|giám sát vận hành|giải quyết vấn đề kỹ thuật|giải quyết vấn đề phức tạp|học chủ động|khả năng thích ứng|kỹ năng máy tính|làm việc nhóm|phân tích dữ liệu|phân tích kiểm soát chất lượng|phối hợp|quản lý thời gian|sửa chữa|toán học|troubleshooting|tư duy logic|tư duy phản biện|đọc hiểu
51-1011.00,Người giám sát hàng đầu của công nhân sản xuất và vận hành,"Giám sát và phối hợp trực tiếp các hoạt động của công nhân sản xuất và vận hành, chẳng hạn như các thanh tra viên, công nhân độ chính xác, thiết lập máy và người vận chuyển, nhà lắp ráp, nhà sản xuất, và nhà khai thác nhà máy và hệ thống. Không bao gồm các nhà lãnh đạo nhóm hoặc công việc.",Sản xuất|giao tiếp|giao tiếp nói|giám sát|giải quyết vấn đề phức tạp|khả năng thích ứng|làm việc nhóm|lắng nghe tích cực|nhạy bén xã hội|phán đoán & ra quyết định|phối hợp|quản lý nguồn nhân lực|quản lý thời gian|tư duy phản biện|viết|đọc hiểu,"[0.619, 0.217, 0.143, 0.41, 0.881, 0.763]",Sản xuất|giao tiếp|giao tiếp nói|giám sát|giải quyết vấn đề phức tạp|khả năng thích ứng|làm việc nhóm|lắng nghe tích cực|nhạy bén xã hội|phán đoán & ra quyết định|phối hợp|quản lý nguồn nhân lực|quản lý thời gian|tư duy phản biện|viết|đọc hiểu
51-2011.00,"Cơ cấu máy bay, bề mặt, Rigging và hệ thống Assemblers","Thiết lập, lắp ráp, gắn và lắp đặt các bộ phận của máy bay, xe không gian hoặc tên lửa, chẳng hạn như đuôi, cánh, thân, ngăn chắn, thiết lập ổn định, thiết bị hạ cánh, trang bị điều khiển và điều khiển, hoặc hệ thống sưởi ấm và thông gió.",Sản xuất|bảo trì thiết bị|giao tiếp|giao tiếp nói|giám sát|giám sát vận hành|giải quyết vấn đề phức tạp|học chủ động|khả năng thích ứng|làm việc nhóm|lắng nghe tích cực|lắp đặt|phân tích kiểm soát chất lượng|quản lý thời gian|sửa chữa|tư duy phản biện|viết|đọc hiểu,"[1.0, 0.379, 0.249, 0.143, 0.193, 0.536]",Sản xuất|bảo trì thiết bị|giao tiếp|giao tiếp nói|giám sát|giám sát vận hành|giải quyết vấn đề phức tạp|học chủ động|khả năng thích ứng|làm việc nhóm|lắng nghe tích cực|lắp đặt|phân tích kiểm soát chất lượng|quản lý thời gian|sửa chữa|tư duy phản biện|viết|đọc hiểu
51-2021.00,"Máy xoáy, máy đệm và máy kết thúc","Lốp dây gió được sử dụng trong các thành phần điện, chẳng hạn như kháng cự và biến đổi, và trong thiết bị điện và các công cụ như lõi trường, bobin, lõi thiết bị, động cơ điện, máy phát điện và thiết bị điều khiển.",Sản xuất|bị khởi động và điều khiển|giao tiếp|giám sát|giám sát vận hành|khả năng thích ứng|làm việc nhóm|lắng nghe tích cực|quản lý thời gian|tư duy phản biện,"[0.934, 0.326, 0.143, 0.16, 0.2, 0.596]",Sản xuất|bị khởi động và điều khiển|giao tiếp|giám sát|giám sát vận hành|khả năng thích ứng|làm việc nhóm|lắng nghe tích cực|quản lý thời gian|tư duy phản biện
51-2022.00,Máy lắp ráp thiết bị điện và điện tử,"Thiết lập hoặc sửa đổi thiết bị điện hoặc điện tử, chẳng hạn như máy tính, hệ thống đo điện từ thiết bị thử nghiệm, động cơ điện và pin.",Sản xuất|giao tiếp|giám sát|giám sát vận hành|khả năng thích ứng|làm việc nhóm|lắng nghe tích cực|phán đoán & ra quyết định|phối hợp|quản lý thời gian|tư duy phản biện|đọc hiểu,"[1.0, 0.476, 0.26, 0.177, 0.143, 0.614]",Sản xuất|giao tiếp|giám sát|giám sát vận hành|khả năng thích ứng|làm việc nhóm|lắng nghe tích cực|phán đoán & ra quyết định|phối hợp|quản lý thời gian|tư duy phản biện|đọc hiểu
51-2023.00,Bộ sưu tập thiết bị điện cơ,"Thiết lập hoặc sửa đổi các thiết bị điện cơ hoặc thiết bị, chẳng hạn như các cơ chế phục vụ, gyros, động lực, trống từ, ổ đĩa băng, phanh, kết nối điều khiển, động cơ và thiết bị.",Sản xuất|giao tiếp|giao tiếp nói|giám sát vận hành|khả năng thích ứng|làm việc nhóm|phân tích kiểm soát chất lượng|quản lý thời gian|troubleshooting|tư duy phản biện|đọc hiểu,"[1.0, 0.479, 0.201, 0.151, 0.143, 0.711]",Sản xuất|giao tiếp|giao tiếp nói|giám sát vận hành|khả năng thích ứng|làm việc nhóm|phân tích kiểm soát chất lượng|quản lý thời gian|troubleshooting|tư duy phản biện|đọc hiểu
51-2031.00,Máy động cơ và các thiết bị kết hợp khác,"Xây dựng, lắp ráp hoặc xây dựng lại máy móc, chẳng hạn như động cơ, tuabin và thiết bị tương tự được sử dụng trong các ngành công nghiệp như xây dựng, khai thác, dệt may và sản xuất giấy.",Sản xuất|giao tiếp|giao tiếp nói|giám sát|giám sát vận hành|khả năng thích ứng|làm việc nhóm|lắng nghe tích cực|phân tích kiểm soát chất lượng|quản lý thời gian|troubleshooting|tư duy phản biện|đọc hiểu,"[1.0, 0.407, 0.181, 0.143, 0.151, 0.639]",Sản xuất|giao tiếp|giao tiếp nói|giám sát|giám sát vận hành|khả năng thích ứng|làm việc nhóm|lắng nghe tích cực|phân tích kiểm soát chất lượng|quản lý thời gian|troubleshooting|tư duy phản biện|đọc hiểu
51-2041.00,Các nhà sản xuất kim loại cấu trúc và bộ sơn,"Xây dựng, vị trí, sắp xếp và phù hợp các bộ phận của các sản phẩm kim loại cấu trúc.",Sản xuất|giao tiếp|giao tiếp nói|khả năng thích ứng|làm việc nhóm|lắng nghe tích cực|quản lý thời gian|tư duy phản biện|đọc hiểu,"[1.0, 0.38, 0.234, 0.143, 0.151, 0.544]",Sản xuất|giao tiếp|giao tiếp nói|khả năng thích ứng|làm việc nhóm|lắng nghe tích cực|quản lý thời gian|tư duy phản biện|đọc hiểu
51-2051.00,Máy làm lỏng và máy chế tạo bằng sợi kính,"Laminate lớp sợi thủy tinh trên khuôn để hình thành tàu tàu và thân tàu, thân cho xe golf, ô tô hoặc các sản phẩm khác.",Sản xuất|bị khởi động và điều khiển|giao tiếp|giao tiếp nói|giám sát|giám sát vận hành|giải quyết vấn đề phức tạp|khả năng thích ứng|làm việc nhóm|lắng nghe tích cực|quản lý thời gian|tư duy phản biện|đọc hiểu,"[0.963, 0.29, 0.317, 0.143, 0.164, 0.499]",Sản xuất|bị khởi động và điều khiển|giao tiếp|giao tiếp nói|giám sát|giám sát vận hành|giải quyết vấn đề phức tạp|khả năng thích ứng|làm việc nhóm|lắng nghe tích cực|quản lý thời gian|tư duy phản biện|đọc hiểu
51-2061.00,Các thiết bị lắp ráp và điều chỉnh thời gian,"Thực hiện việc lắp ráp hoặc điều chỉnh chính xác, trong độ dung lượng hẹp, các thiết bị định thời gian như đồng hồ kỹ thuật số hoặc thiết bị đồng thời với các bộ phận điện hoặc điện tử.",Sản xuất|giao tiếp|giám sát vận hành|khả năng thích ứng|làm việc nhóm|phân tích kiểm soát chất lượng|quản lý thời gian|sửa chữa|troubleshooting|tư duy phản biện,"[0.963, 0.303, 0.17, 0.143, 0.163, 0.659]",Sản xuất|giao tiếp|giám sát vận hành|khả năng thích ứng|làm việc nhóm|phân tích kiểm soát chất lượng|quản lý thời gian|sửa chữa|troubleshooting|tư duy phản biện
51-2092.00,Nhóm tập hợp,"Làm việc như một phần của một nhóm có trách nhiệm lắp ráp toàn bộ sản phẩm hoặc thành phần của sản phẩm. Những người tập hợp nhóm có thể thực hiện tất cả các nhiệm vụ được thực hiện bởi nhóm trong quá trình tập hợp và quay qua tất cả hoặc hầu hết chúng, thay vì được gán cho một nhiệm vụ cụ thể trên cơ sở vĩnh viễn. Có thể tham gia vào việc đưa ra quyết định quản lý ảnh hưởng đến công việc. Bao gồm các nhà lãnh đạo nhóm làm việc như một phần của nhóm.",Sản xuất|giao tiếp|giao tiếp nói|giám sát|giám sát vận hành|hướng dẫn|khả năng thích ứng|làm việc nhóm|lắng nghe tích cực|nhạy bén xã hội|phân tích kiểm soát chất lượng|phối hợp|quản lý thời gian|tư duy phản biện|đọc hiểu,"[0.766, 0.201, 0.229, 0.343, 0.557, 0.663]",Sản xuất|giao tiếp|giao tiếp nói|giám sát|giám sát vận hành|hướng dẫn|khả năng thích ứng|làm việc nhóm|lắng nghe tích cực|nhạy bén xã hội|phân tích kiểm soát chất lượng|phối hợp|quản lý thời gian|tư duy phản biện|đọc hiểu
51-2099.00,"Assemblers and Fabricators, Khác",Thực hiện các nhiệm vụ đa dạng không được bao gồm trong các danh mục nghề nghiệp cụ thể khác trong lĩnh vực này.,Khác|Tổng quát|giao tiếp|khác|khả năng thích ứng|làm việc nhóm|quản lý thời gian|tư duy phản biện|tổng quát|đa dạng,"[0.959, 0.318, 0.232, 0.189, 0.209, 0.591]",Khác|Tổng quát|giao tiếp|khác|khả năng thích ứng|làm việc nhóm|quản lý thời gian|tư duy phản biện|tổng quát|đa dạng
51-3011.00,Bánh bánh,"Trộn và nướng các thành phần để sản xuất bánh mì, bánh quy, bánh, bánh ngọt, bánh nướng hoặc các sản phẩm nướng khác.",Sản xuất|giao tiếp|giao tiếp nói|giám sát|học chủ động|khả năng thích ứng|làm việc nhóm|lắng nghe tích cực|phán đoán & ra quyết định|phối hợp|quản lý thời gian|tư duy phản biện,"[0.91, 0.239, 0.319, 0.25, 0.3, 0.631]",Sản xuất|giao tiếp|giao tiếp nói|giám sát|học chủ động|khả năng thích ứng|làm việc nhóm|lắng nghe tích cực|phán đoán & ra quyết định|phối hợp|quản lý thời gian|tư duy phản biện
51-3021.00,Thợ mổ và thợ cắt thịt,"Cắt, cắt hoặc chuẩn bị các phần thịt có kích thước tiêu dùng để sử dụng hoặc bán tại các cơ sở bán lẻ.",Sản xuất|giao tiếp|giao tiếp nói|giám sát|khả năng thích ứng|làm việc nhóm|lắng nghe tích cực|nhạy bén xã hội|quản lý nguồn nhân lực|quản lý thời gian|tư duy phản biện|định hướng dịch vụ|đọc hiểu,"[0.9, 0.206, 0.253, 0.263, 0.394, 0.546]",Sản xuất|giao tiếp|giao tiếp nói|giám sát|khả năng thích ứng|làm việc nhóm|lắng nghe tích cực|nhạy bén xã hội|quản lý nguồn nhân lực|quản lý thời gian|tư duy phản biện|định hướng dịch vụ|đọc hiểu
51-3022.00,"Thợ cắt thịt, gia cầm và cá","Sử dụng tay hoặc công cụ tay để cắt và cắt thịt, gia cầm và hải sản thường xuyên.",Sản xuất|giao tiếp|giao tiếp nói|giám sát|khả năng thích ứng|làm việc nhóm|lắng nghe tích cực|phán đoán & ra quyết định|quản lý thời gian|tư duy phản biện,"[1.0, 0.263, 0.143, 0.191, 0.207, 0.576]",Sản xuất|giao tiếp|giao tiếp nói|giám sát|khả năng thích ứng|làm việc nhóm|lắng nghe tích cực|phán đoán & ra quyết định|quản lý thời gian|tư duy phản biện
51-3023.00,Những người giết thịt và thùng thịt,"Thực hiện các chức năng không thường xuyên hoặc chính xác liên quan đến việc chuẩn bị phần lớn thịt. Công việc có thể bao gồm các nhiệm vụ giết mổ chuyên môn, cắt thịt tiêu chuẩn hoặc cao cấp để bán, làm xúc xích hoặc gói thịt. Công việc thường diễn ra trong các cơ sở giết mổ, đóng gói thịt hoặc bán lẻ.",giao tiếp|khả năng thích ứng|làm việc nhóm|quản lý thời gian|tư duy phản biện,"[0.94, 0.317, 0.199, 0.244, 0.303, 0.504]",giao tiếp|khả năng thích ứng|làm việc nhóm|quản lý thời gian|tư duy phản biện
51-3091.00,"Các nhà khai thác và đấu thầu của máy nướng, nướng và khô thực phẩm và thuốc lá","Sử dụng hoặc chăm sóc các thiết bị nướng thực phẩm hoặc thuốc lá, nướng hoặc khô, bao gồm các lò sưởi, máy sấy lò nướng, máy nướng bánh, lò sấy lửa và thiết bị khô bằng chân không.",Sản xuất|bị khởi động và điều khiển|giao tiếp|giao tiếp nói|giám sát|giám sát vận hành|giải quyết vấn đề phức tạp|khả năng thích ứng|làm việc nhóm|lắng nghe tích cực|nhạy bén xã hội|phán đoán & ra quyết định|phân tích kiểm soát chất lượng|phối hợp|quản lý thời gian|tư duy phản biện|đọc hiểu,"[0.977, 0.227, 0.157, 0.181, 0.26, 0.597]",Sản xuất|bị khởi động và điều khiển|giao tiếp|giao tiếp nói|giám sát|giám sát vận hành|giải quyết vấn đề phức tạp|khả năng thích ứng|làm việc nhóm|lắng nghe tích cực|nhạy bén xã hội|phán đoán & ra quyết định|phân tích kiểm soát chất lượng|phối hợp|quản lý thời gian|tư duy phản biện|đọc hiểu
51-3092.00,Nhà sản xuất hàng loạt thực phẩm,Thiết lập và vận hành thiết bị trộn hoặc pha trộn các thành phần được sử dụng trong việc sản xuất các sản phẩm thực phẩm.,Sản xuất|bị khởi động và điều khiển|giao tiếp|giao tiếp nói|giám sát|giám sát vận hành|khả năng thích ứng|làm việc nhóm|lắng nghe tích cực|phối hợp|quản lý thời gian|tư duy phản biện|đọc hiểu,"[0.86, 0.3, 0.29, 0.21, 0.393, 0.636]",Sản xuất|bị khởi động và điều khiển|giao tiếp|giao tiếp nói|giám sát|giám sát vận hành|khả năng thích ứng|làm việc nhóm|lắng nghe tích cực|phối hợp|quản lý thời gian|tư duy phản biện|đọc hiểu
51-3093.00,Các nhà khai thác máy nấu ăn thực phẩm và thầu,"Thiết bị nấu ăn, chẳng hạn như bể nấu nước bằng hơi nước, bếp nướng sâu, bồn nấu nướng áp suất, hầm nước và bình, để chuẩn bị các sản phẩm thực phẩm.",Sản xuất|bị khởi động và điều khiển|giao tiếp|giám sát|giám sát vận hành|khả năng thích ứng|làm việc nhóm|lắng nghe tích cực|quản lý thời gian|tư duy phản biện|đọc hiểu,"[1.0, 0.257, 0.15, 0.2, 0.233, 0.601]",Sản xuất|bị khởi động và điều khiển|giao tiếp|giám sát|giám sát vận hành|khả năng thích ứng|làm việc nhóm|lắng nghe tích cực|quản lý thời gian|tư duy phản biện|đọc hiểu
51-3099.00,"Food Processing Workers, Khác",Thực hiện các nhiệm vụ đa dạng không được bao gồm trong các danh mục nghề nghiệp cụ thể khác trong lĩnh vực này.,Khác|Tổng quát|giao tiếp|khác|khả năng thích ứng|làm việc nhóm|quản lý thời gian|tư duy phản biện|tổng quát|đa dạng,"[0.943, 0.334, 0.235, 0.175, 0.207, 0.638]",Khác|Tổng quát|giao tiếp|khác|khả năng thích ứng|làm việc nhóm|quản lý thời gian|tư duy phản biện|tổng quát|đa dạng
51-4021.00,"Máy thiết lập, người vận hành và đấu thầu, kim loại và nhựa","Thiết lập, vận hành hoặc xử lý máy móc để trục hoặc kéo các vật liệu thermoplastic hoặc kim loại thành ống, thanh, ống, dây, thanh hoặc hình dạng cấu trúc.",Sản xuất|bị khởi động và điều khiển|giao tiếp|giao tiếp nói|giám sát|giám sát vận hành|giải quyết vấn đề phức tạp|khả năng thích ứng|làm việc nhóm|phán đoán & ra quyết định|phân tích kiểm soát chất lượng|phối hợp|quản lý thời gian|troubleshooting|tư duy phản biện,"[0.956, 0.319, 0.204, 0.156, 0.143, 0.616]",Sản xuất|bị khởi động và điều khiển|giao tiếp|giao tiếp nói|giám sát|giám sát vận hành|giải quyết vấn đề phức tạp|khả năng thích ứng|làm việc nhóm|phán đoán & ra quyết định|phân tích kiểm soát chất lượng|phối hợp|quản lý thời gian|troubleshooting|tư duy phản biện
51-4022.00,"Máy tạo máy, người vận hành và thầu, kim loại và nhựa","Thiết lập, vận hành hoặc vận hành máy forging để nghiền, hình thành hoặc tạo thành các bộ phận kim loại hoặc nhựa.",Sản xuất|bị khởi động và điều khiển|giao tiếp|giám sát|giám sát vận hành|khả năng thích ứng|làm việc nhóm|lắng nghe tích cực|quản lý thời gian|tư duy phản biện|đọc hiểu,"[0.964, 0.366, 0.146, 0.143, 0.153, 0.61]",Sản xuất|bị khởi động và điều khiển|giao tiếp|giám sát|giám sát vận hành|khả năng thích ứng|làm việc nhóm|lắng nghe tích cực|quản lý thời gian|tư duy phản biện|đọc hiểu
51-4023.00,"Máy đặt máy xoay, người vận hành và thầu, kim loại và nhựa","Thiết lập, vận hành hoặc xử lý máy móc để cuộn thép hoặc nhựa tạo ra các đường cong, hạt, quấn, cuộn hoặc tấm, hoặc để phẳng, làm nóng hoặc giảm độ đo của vật liệu.",Sản xuất|bảo trì thiết bị|bị khởi động và điều khiển|giao tiếp|giao tiếp nói|giám sát|giám sát vận hành|giải quyết vấn đề phức tạp|học chủ động|khả năng thích ứng|làm việc nhóm|lắng nghe tích cực|phân tích kiểm soát chất lượng|phối hợp|quản lý thời gian|tư duy phản biện|đọc hiểu,"[0.977, 0.241, 0.143, 0.143, 0.143, 0.581]",Sản xuất|bảo trì thiết bị|bị khởi động và điều khiển|giao tiếp|giao tiếp nói|giám sát|giám sát vận hành|giải quyết vấn đề phức tạp|học chủ động|khả năng thích ứng|làm việc nhóm|lắng nghe tích cực|phân tích kiểm soát chất lượng|phối hợp|quản lý thời gian|tư duy phản biện|đọc hiểu
51-4031.00,"Máy cắt, đấm và in máy đặt, người vận hành và đấu thầu, kim loại và nhựa","Thiết lập, vận hành, hoặc chăm sóc máy đúc, cắt, gạo, đứt, đấm, nghiền, đâm, cong hoặc thẳng vật liệu kim loại hoặc nhựa.",Sản xuất|bị khởi động và điều khiển|giao tiếp|giao tiếp nói|giám sát|giám sát vận hành|khả năng thích ứng|làm việc nhóm|lắng nghe tích cực|phân tích kiểm soát chất lượng|quản lý thời gian|troubleshooting|tư duy phản biện|đọc hiểu,"[0.981, 0.303, 0.186, 0.143, 0.143, 0.557]",Sản xuất|bị khởi động và điều khiển|giao tiếp|giao tiếp nói|giám sát|giám sát vận hành|khả năng thích ứng|làm việc nhóm|lắng nghe tích cực|phân tích kiểm soát chất lượng|quản lý thời gian|troubleshooting|tư duy phản biện|đọc hiểu
51-4032.00,"Máy khoan và chán máy thiết lập công cụ, người vận hành và thầu, kim loại và nhựa","Thiết lập, vận hành, hoặc chăm sóc máy khoan để khoan, khoan hố, đệm, xay hoặc chống thấm các mảnh công việc kim loại hoặc nhựa.",Sản xuất|bị khởi động và điều khiển|giao tiếp|giao tiếp nói|giám sát|giám sát vận hành|giải quyết vấn đề phức tạp|khả năng thích ứng|làm việc nhóm|lắng nghe tích cực|phán đoán & ra quyết định|quản lý thời gian|tư duy phản biện|đọc hiểu,"[1.0, 0.393, 0.143, 0.143, 0.143, 0.61]",Sản xuất|bị khởi động và điều khiển|giao tiếp|giao tiếp nói|giám sát|giám sát vận hành|giải quyết vấn đề phức tạp|khả năng thích ứng|làm việc nhóm|lắng nghe tích cực|phán đoán & ra quyết định|quản lý thời gian|tư duy phản biện|đọc hiểu
51-4033.00,"Thiết lập, vận hành và đấu thầu, kim loại và nhựa","Thiết lập, vận hành, hoặc xử lý các công cụ nghiền và các thiết bị liên quan để loại bỏ vật liệu dư thừa hoặc nứt từ bề mặt, cạnh hoặc góc sắc nhọn, hoặc buff, hone, hoặc đánh bóng các mảnh kim loại hoặc nhựa.",Sản xuất|bị khởi động và điều khiển|giao tiếp|giao tiếp nói|giám sát|giám sát vận hành|khả năng thích ứng|làm việc nhóm|phán đoán & ra quyết định|phân tích kiểm soát chất lượng|quản lý thời gian|toán học|troubleshooting|tư duy phản biện|đọc hiểu,"[1.0, 0.307, 0.169, 0.143, 0.143, 0.557]",Sản xuất|bị khởi động và điều khiển|giao tiếp|giao tiếp nói|giám sát|giám sát vận hành|khả năng thích ứng|làm việc nhóm|phán đoán & ra quyết định|phân tích kiểm soát chất lượng|quản lý thời gian|toán học|troubleshooting|tư duy phản biện|đọc hiểu
51-4034.00,"Máy thiết lập, vận hành và đấu thầu, kim loại và nhựa","Thiết lập, vận hành hoặc điều chỉnh máy xoay và xoay để xoay, khoan, dây, hình dạng hoặc mặt vật liệu kim loại hoặc nhựa, chẳng hạn như sợi dây, thanh, hoặc hàng thanh.",Sản xuất|bảo trì thiết bị|bị khởi động và điều khiển|giao tiếp|giám sát|giám sát vận hành|khả năng thích ứng|làm việc nhóm|lắng nghe tích cực|phân tích kiểm soát chất lượng|quản lý thời gian|tư duy phản biện|đọc hiểu,"[1.0, 0.28, 0.143, 0.143, 0.143, 0.59]",Sản xuất|bảo trì thiết bị|bị khởi động và điều khiển|giao tiếp|giám sát|giám sát vận hành|khả năng thích ứng|làm việc nhóm|lắng nghe tích cực|phân tích kiểm soát chất lượng|quản lý thời gian|tư duy phản biện|đọc hiểu
51-4035.00,"Máy đúc và máy ghép máy, người vận hành và thầu, kim loại và nhựa","Thiết lập, vận hành hoặc chăm sóc máy nghiền hoặc nghiền để nghiền, phẳng, hình dạng, khe hoặc hồ sơ các mảnh công việc kim loại hoặc nhựa.",Sản xuất|bị khởi động và điều khiển|giao tiếp|giám sát|giám sát vận hành|khả năng thích ứng|làm việc nhóm|lắng nghe tích cực|phân tích kiểm soát chất lượng|quản lý thời gian|tư duy phản biện,"[1.0, 0.32, 0.17, 0.143, 0.143, 0.601]",Sản xuất|bị khởi động và điều khiển|giao tiếp|giám sát|giám sát vận hành|khả năng thích ứng|làm việc nhóm|lắng nghe tích cực|phân tích kiểm soát chất lượng|quản lý thời gian|tư duy phản biện
51-4041.00,Nhà máy,"Thiết lập và vận hành một loạt các máy công cụ để sản xuất các bộ phận và dụng cụ chính xác từ kim loại. Bao gồm các nhà sản xuất công cụ chính xác sản xuất, sửa đổi hoặc sửa chữa các công cụ cơ khí. Ngoài ra có thể chế tạo và sửa đổi các bộ phận để làm hoặc sửa chữa máy công cụ hoặc bảo trì máy công nghiệp, áp dụng kiến thức về cơ học, toán học, tính chất kim loại, bố cục và thủ tục chế biến.",Sản xuất|bị khởi động và điều khiển|giao tiếp|giao tiếp nói|giám sát|giám sát vận hành|giải quyết vấn đề phức tạp|khả năng thích ứng|làm việc nhóm|lắng nghe tích cực|phân tích kiểm soát chất lượng|phối hợp|quản lý thời gian|troubleshooting|tư duy phản biện|đọc hiểu,"[1.0, 0.529, 0.276, 0.166, 0.176, 0.631]",Sản xuất|bị khởi động và điều khiển|giao tiếp|giao tiếp nói|giám sát|giám sát vận hành|giải quyết vấn đề phức tạp|khả năng thích ứng|làm việc nhóm|lắng nghe tích cực|phân tích kiểm soát chất lượng|phối hợp|quản lý thời gian|troubleshooting|tư duy phản biện|đọc hiểu
51-4051.00,Các nhà khai thác và đấu thầu của lò lọc kim loại,"Sử dụng hoặc xử lý các lò, chẳng hạn như khí, dầu, than, điện cung hoặc điện induction, đất mở, hoặc lò oxy, để tan chảy và tinh chế kim loại trước khi đúc hoặc để sản xuất các loại thép cụ thể.",Sản xuất|bị khởi động và điều khiển|giao tiếp|giao tiếp nói|giám sát|giám sát vận hành|giải quyết vấn đề phức tạp|khả năng thích ứng|làm việc nhóm|lắng nghe tích cực|phân tích kiểm soát chất lượng|quản lý thời gian|tư duy phản biện|đọc hiểu,"[0.971, 0.39, 0.146, 0.149, 0.159, 0.564]",Sản xuất|bị khởi động và điều khiển|giao tiếp|giao tiếp nói|giám sát|giám sát vận hành|giải quyết vấn đề phức tạp|khả năng thích ứng|làm việc nhóm|lắng nghe tích cực|phân tích kiểm soát chất lượng|quản lý thời gian|tư duy phản biện|đọc hiểu
51-4052.00,"Máy đổ và ném, kim loại",Hoạt động các cơ chế được kiểm soát bằng tay để đổ và điều chỉnh dòng chảy của kim loại nóng chảy vào khuôn để sản xuất giáp hoặc ngô.,Sản xuất|bị khởi động và điều khiển|giao tiếp|giám sát|giám sát vận hành|khả năng thích ứng|làm việc nhóm|lắng nghe tích cực|phán đoán & ra quyết định|quản lý thời gian|tư duy phản biện,"[1.0, 0.349, 0.17, 0.161, 0.143, 0.51]",Sản xuất|bị khởi động và điều khiển|giao tiếp|giám sát|giám sát vận hành|khả năng thích ứng|làm việc nhóm|lắng nghe tích cực|phán đoán & ra quyết định|quản lý thời gian|tư duy phản biện
51-4061.00,"Các nhà sản xuất mô hình, kim loại và nhựa","Thiết lập và vận hành máy móc, chẳng hạn như máy quay, máy nghiền và khắc, và máy đốm để tạo ra các mô hình làm việc từ vật liệu kim loại hoặc nhựa. Bao gồm các nhà sản xuất mẫu.",Sản xuất|bị khởi động và điều khiển|giao tiếp|giám sát|giám sát vận hành|khả năng thích ứng|làm việc nhóm|lựa chọn thiết bị|phán đoán & ra quyết định|phân tích kiểm soát chất lượng|quản lý thời gian|troubleshooting|tư duy phản biện,"[0.993, 0.446, 0.403, 0.15, 0.143, 0.55]",Sản xuất|bị khởi động và điều khiển|giao tiếp|giám sát|giám sát vận hành|khả năng thích ứng|làm việc nhóm|lựa chọn thiết bị|phán đoán & ra quyết định|phân tích kiểm soát chất lượng|quản lý thời gian|troubleshooting|tư duy phản biện
51-4062.00,"Các nhà làm mẫu, kim loại và nhựa","Đặt ra, máy, lắp đặt và lắp ráp các loại đúc và các bộ phận để làm các mẫu đúc kim loại hoặc nhựa, hộp lõi hoặc tấm phù hợp.",Sản xuất|bị khởi động và điều khiển|giao tiếp|giao tiếp nói|giám sát|giám sát vận hành|giải quyết vấn đề phức tạp|khả năng thích ứng|làm việc nhóm|lắng nghe tích cực|phân tích kiểm soát chất lượng|quản lý thời gian|tư duy phản biện|đọc hiểu,"[0.89, 0.257, 0.436, 0.143, 0.143, 0.664]",Sản xuất|bị khởi động và điều khiển|giao tiếp|giao tiếp nói|giám sát|giám sát vận hành|giải quyết vấn đề phức tạp|khả năng thích ứng|làm việc nhóm|lắng nghe tích cực|phân tích kiểm soát chất lượng|quản lý thời gian|tư duy phản biện|đọc hiểu
51-4071.00,Nhà máy sáp và nhà chế tạo sáp,Làm hoặc hình thành sáp hoặc hạt nhân cát hoặc khuôn được sử dụng trong sản xuất các loại kim loại đúc trong nhà máy đúc.,Sản xuất|giao tiếp|giám sát|giám sát vận hành|khả năng thích ứng|làm việc nhóm|quản lý thời gian|tư duy phản biện,"[0.971, 0.336, 0.313, 0.161, 0.143, 0.469]",Sản xuất|giao tiếp|giám sát|giám sát vận hành|khả năng thích ứng|làm việc nhóm|quản lý thời gian|tư duy phản biện
51-4072.00,"Thiết lập, vận hành, và đấu thầu, kim loại và nhựa","Thiết lập, vận hành hoặc xử lý máy móng kim loại hoặc nhựa, đúc hoặc chế tạo vật liệu để nấu hoặc đúc các bộ phận hoặc sản phẩm kim loại hay thermoplastic.",Sản xuất|bị khởi động và điều khiển|giao tiếp|giao tiếp nói|giám sát|giám sát vận hành|khả năng thích ứng|làm việc nhóm|lắng nghe tích cực|phân tích kiểm soát chất lượng|quản lý thời gian|tư duy phản biện|đọc hiểu,"[1.0, 0.344, 0.213, 0.151, 0.15, 0.59]",Sản xuất|bị khởi động và điều khiển|giao tiếp|giao tiếp nói|giám sát|giám sát vận hành|khả năng thích ứng|làm việc nhóm|lắng nghe tích cực|phân tích kiểm soát chất lượng|quản lý thời gian|tư duy phản biện|đọc hiểu
51-4081.00,"Nhiều máy thiết lập công cụ, người vận hành và đấu thầu, kim loại và nhựa","Thiết lập, vận hành hoặc chăm sóc nhiều hơn một loại máy cắt hoặc tạo ra công cụ hoặc robot.",Sản xuất|bảo trì thiết bị|bị khởi động và điều khiển|giao tiếp|giao tiếp nói|giám sát|giám sát vận hành|giải quyết vấn đề phức tạp|khả năng thích ứng|làm việc nhóm|lắng nghe tích cực|nhạy bén xã hội|phán đoán & ra quyết định|phân tích kiểm soát chất lượng|quản lý thời gian|tư duy phản biện|đọc hiểu,"[1.0, 0.307, 0.143, 0.149, 0.143, 0.659]",Sản xuất|bảo trì thiết bị|bị khởi động và điều khiển|giao tiếp|giao tiếp nói|giám sát|giám sát vận hành|giải quyết vấn đề phức tạp|khả năng thích ứng|làm việc nhóm|lắng nghe tích cực|nhạy bén xã hội|phán đoán & ra quyết định|phân tích kiểm soát chất lượng|quản lý thời gian|tư duy phản biện|đọc hiểu
51-4111.00,Máy chế tạo công cụ và người chết,"Phân tích các thông số kỹ thuật, sắp xếp vật liệu kim loại, thiết lập và vận hành máy công cụ, và lắp ráp và sắp xếp các bộ phận để làm và sửa chữa cái chết, công cụ cắt, jigs, thiết bị cố định, gauges, và công cụ tay của máy móc.",Sản xuất|bị khởi động và điều khiển|giao tiếp|giám sát|giám sát vận hành|giải quyết vấn đề phức tạp|học chủ động|khả năng thích ứng|làm việc nhóm|lắng nghe tích cực|lựa chọn thiết bị|phán đoán & ra quyết định|phân tích kiểm soát chất lượng|phân tích vận hành|quản lý thời gian|tư duy phản biện|đọc hiểu,"[1.0, 0.416, 0.226, 0.143, 0.143, 0.644]",Sản xuất|bị khởi động và điều khiển|giao tiếp|giám sát|giám sát vận hành|giải quyết vấn đề phức tạp|học chủ động|khả năng thích ứng|làm việc nhóm|lắng nghe tích cực|lựa chọn thiết bị|phán đoán & ra quyết định|phân tích kiểm soát chất lượng|phân tích vận hành|quản lý thời gian|tư duy phản biện|đọc hiểu
51-4121.00,"Các thợ hàn, thợ cắt, lính, và thợ đúc","Sử dụng thiết bị hàn bằng tay, cắt ngọn lửa, đệm bằng tay hoặc đệm để hàn hoặc kết hợp các thành phần kim loại hoặc để lấp đầy các lỗ, vết thép hoặc hàng xích của các sản phẩm kim loại được chế tạo.",Sản xuất|giao tiếp|giám sát|khả năng thích ứng|làm việc nhóm|phân tích kiểm soát chất lượng|quản lý thời gian|tư duy phản biện,"[1.0, 0.31, 0.214, 0.157, 0.233, 0.54]",Sản xuất|giao tiếp|giám sát|khả năng thích ứng|làm việc nhóm|phân tích kiểm soát chất lượng|quản lý thời gian|tư duy phản biện
51-4122.00,"Máy sáp, sáp và máy sáp đặt, người vận hành và thầu","Thiết lập, vận hành hoặc chăm sóc máy hàn, hàn hoặc máy ghép hoặc robot hàn, ghép, hàn, hoặc xử lý nhiệt các sản phẩm kim loại, thành phần hoặc bộ sưu tập. Bao gồm cả công nhân vận hành máy cắt laser hoặc máy tia laser.",Sản xuất|bị khởi động và điều khiển|giao tiếp|giao tiếp nói|giám sát|giám sát vận hành|giải quyết vấn đề phức tạp|khả năng thích ứng|làm việc nhóm|lắng nghe tích cực|quản lý thời gian|tư duy phản biện|đọc hiểu,"[1.0, 0.301, 0.179, 0.163, 0.199, 0.554]",Sản xuất|bị khởi động và điều khiển|giao tiếp|giao tiếp nói|giám sát|giám sát vận hành|giải quyết vấn đề phức tạp|khả năng thích ứng|làm việc nhóm|lắng nghe tích cực|quản lý thời gian|tư duy phản biện|đọc hiểu
51-4191.00,"Thiết lập thiết bị xử lý nhiệt, người vận hành và đấu thầu, kim loại và nhựa","Thiết lập, vận hành hoặc chăm sóc thiết bị sưởi ấm, chẳng hạn như lò xử lý nhiệt, máy làm cứng lửa, máy thấm, hố ngâm hoặc thiết bị hút bụi để làm nóng, làm cứng, nghiêng hoặc xử lý nóng các vật liệu kim loại hoặc nhựa.",Sản xuất|bảo trì thiết bị|bị khởi động và điều khiển|giao tiếp|giao tiếp nói|giám sát|giám sát vận hành|hướng dẫn|khả năng thích ứng|làm việc nhóm|lắng nghe tích cực|phán đoán & ra quyết định|phân tích kiểm soát chất lượng|quản lý thời gian|tư duy phản biện|đọc hiểu,"[0.974, 0.314, 0.143, 0.223, 0.143, 0.581]",Sản xuất|bảo trì thiết bị|bị khởi động và điều khiển|giao tiếp|giao tiếp nói|giám sát|giám sát vận hành|hướng dẫn|khả năng thích ứng|làm việc nhóm|lắng nghe tích cực|phán đoán & ra quyết định|phân tích kiểm soát chất lượng|quản lý thời gian|tư duy phản biện|đọc hiểu
51-4192.00,"Công nhân sắp xếp, kim loại và nhựa","Đặt các điểm tham chiếu và kích thước trên vật liệu kim loại hoặc nhựa hoặc các bộ phận làm việc, chẳng hạn như các tấm, tấm, ống, hình dạng cấu trúc, đúc hoặc bộ phận máy, để xử lý thêm.",Sản xuất|giao tiếp|giám sát|giám sát vận hành|giải quyết vấn đề phức tạp|khả năng thích ứng|làm việc nhóm|phán đoán & ra quyết định|phân tích kiểm soát chất lượng|phối hợp|quản lý thời gian|toán học|tư duy phản biện|đọc hiểu,"[0.919, 0.377, 0.396, 0.147, 0.143, 0.564]",Sản xuất|giao tiếp|giám sát|giám sát vận hành|giải quyết vấn đề phức tạp|khả năng thích ứng|làm việc nhóm|phán đoán & ra quyết định|phân tích kiểm soát chất lượng|phối hợp|quản lý thời gian|toán học|tư duy phản biện|đọc hiểu
51-4193.00,"Máy đặt, người vận hành và thầu, kim loại và nhựa","Thiết lập, vận hành hoặc chăm sóc máy tô tô tô để phủ các sản phẩm kim loại hoặc nhựa bằng chromium, kẽm, đồng, cadmium, nikel hoặc kim loại khác để bảo vệ hoặc trang trí bề mặt. Thông thường, sản phẩm được phủ được đắm trong kim loại nóng chảy hoặc dung dịch điện giải.",Sản xuất|bị khởi động và điều khiển|giao tiếp|giao tiếp nói|giám sát|giám sát vận hành|khả năng thích ứng|làm việc nhóm|lắng nghe tích cực|phân tích kiểm soát chất lượng|phối hợp|quản lý thời gian|tư duy phản biện|đọc hiểu,"[1.0, 0.319, 0.201, 0.143, 0.143, 0.586]",Sản xuất|bị khởi động và điều khiển|giao tiếp|giao tiếp nói|giám sát|giám sát vận hành|khả năng thích ứng|làm việc nhóm|lắng nghe tích cực|phân tích kiểm soát chất lượng|phối hợp|quản lý thời gian|tư duy phản biện|đọc hiểu
51-4194.00,"Máy nghiền công cụ, máy lọc và máy sắc nét","Thực hiện làm trượt, sắc nét, đánh bóng hoặc nghiền các vật kim loại chính xác.",Sản xuất|bảo trì thiết bị|bị khởi động và điều khiển|giao tiếp|giám sát|giám sát vận hành|khả năng thích ứng|làm việc nhóm|lựa chọn thiết bị|phân tích kiểm soát chất lượng|quản lý thời gian|sửa chữa|troubleshooting|tư duy phản biện|đọc hiểu,"[1.0, 0.306, 0.19, 0.143, 0.143, 0.617]",Sản xuất|bảo trì thiết bị|bị khởi động và điều khiển|giao tiếp|giám sát|giám sát vận hành|khả năng thích ứng|làm việc nhóm|lựa chọn thiết bị|phân tích kiểm soát chất lượng|quản lý thời gian|sửa chữa|troubleshooting|tư duy phản biện|đọc hiểu
51-4199.00,"Metal Workers and Plastic Workers, Khác",Thực hiện các nhiệm vụ đa dạng không được bao gồm trong các danh mục nghề nghiệp cụ thể khác trong lĩnh vực này.,Khác|Tổng quát|giao tiếp|khác|khả năng thích ứng|làm việc nhóm|quản lý thời gian|tư duy phản biện|tổng quát|đa dạng,"[0.914, 0.311, 0.255, 0.187, 0.211, 0.635]",Khác|Tổng quát|giao tiếp|khác|khả năng thích ứng|làm việc nhóm|quản lý thời gian|tư duy phản biện|tổng quát|đa dạng
51-5111.00,Các kỹ thuật viên và công nhân chuẩn bị,Cấu hình và chứng minh văn bản và hình ảnh do các nhà thiết kế và khách hàng gửi vào các trang hoàn chỉnh có thể được in. Bao gồm thiết lập kiểu chữ kỹ thuật số và ảnh. Có thể tạo ra tấm in.,Sản xuất|chú ý đến chi tiết|giao tiếp|giao tiếp nói|giám sát|giám sát vận hành|giải quyết vấn đề kỹ thuật|giải quyết vấn đề phức tạp|học chủ động|khả năng thích ứng|kỹ năng máy tính|làm việc nhóm|lắng nghe tích cực|phán đoán & ra quyết định|phân tích dữ liệu|phối hợp|quản lý thời gian|tư duy logic|tư duy phản biện|đọc hiểu,"[0.696, 0.286, 0.441, 0.223, 0.207, 0.823]",Sản xuất|chú ý đến chi tiết|giao tiếp|giao tiếp nói|giám sát|giám sát vận hành|giải quyết vấn đề kỹ thuật|giải quyết vấn đề phức tạp|học chủ động|khả năng thích ứng|kỹ năng máy tính|làm việc nhóm|lắng nghe tích cực|phán đoán & ra quyết định|phân tích dữ liệu|phối hợp|quản lý thời gian|tư duy logic|tư duy phản biện|đọc hiểu
51-5112.00,Nhà khai thác máy in ấn,"Thiết lập và vận hành máy in kỹ thuật số, máy in chữ, máy lithographic, máy flexographic, máy khắc hoặc máy in khác.",Sản xuất|bảo trì thiết bị|bị khởi động và điều khiển|giao tiếp|giao tiếp nói|giám sát|giám sát vận hành|khả năng thích ứng|làm việc nhóm|lắng nghe tích cực|phân tích kiểm soát chất lượng|quản lý thời gian|sửa chữa|troubleshooting|tư duy phản biện|đọc hiểu,"[0.677, 0.19, 0.241, 0.237, 0.276, 0.807]",Sản xuất|bảo trì thiết bị|bị khởi động và điều khiển|giao tiếp|giao tiếp nói|giám sát|giám sát vận hành|khả năng thích ứng|làm việc nhóm|lắng nghe tích cực|phân tích kiểm soát chất lượng|quản lý thời gian|sửa chữa|troubleshooting|tư duy phản biện|đọc hiểu
51-5113.00,Công nhân in và kết thúc,Kết nối sách và các ấn phẩm khác hoặc kết thúc các sản phẩm in bằng tay hoặc máy. Có thể thiết lập máy kết nối và kết thúc.,Sản xuất|bảo trì thiết bị|bị khởi động và điều khiển|giao tiếp|giao tiếp nói|giám sát|giám sát vận hành|giải quyết vấn đề phức tạp|khả năng thích ứng|làm việc nhóm|phán đoán & ra quyết định|phân tích kiểm soát chất lượng|quản lý thời gian|tư duy phản biện|đọc hiểu,"[0.763, 0.187, 0.326, 0.209, 0.176, 0.721]",Sản xuất|bảo trì thiết bị|bị khởi động và điều khiển|giao tiếp|giao tiếp nói|giám sát|giám sát vận hành|giải quyết vấn đề phức tạp|khả năng thích ứng|làm việc nhóm|phán đoán & ra quyết định|phân tích kiểm soát chất lượng|quản lý thời gian|tư duy phản biện|đọc hiểu
51-6011.00,Công nhân giặt đồ và làm sạch khô,"Sử dụng hoặc chăm sóc máy giặt hoặc máy làm sạch khô để giặt và làm sạch các mặt hàng công nghiệp hoặc gia dụng khô, chẳng hạn như quần áo vải, áo khoác, da, lông, gốm, gác, lăn, thảm và thảm. Bao gồm các chất phát hiện và nhuộm các mặt hàng này.",Sản xuất|giao tiếp|giám sát|khả năng thích ứng|làm việc nhóm|lắng nghe tích cực|quản lý thời gian|tư duy phản biện,"[0.909, 0.147, 0.179, 0.189, 0.211, 0.607]",Sản xuất|giao tiếp|giám sát|khả năng thích ứng|làm việc nhóm|lắng nghe tích cực|quản lý thời gian|tư duy phản biện
51-6021.00,"Máy ép, vải, quần áo và các vật liệu liên quan",Bấm hoặc hình thành các mặt hàng bằng tay hoặc máy.,Sản xuất|bị khởi động và điều khiển|giao tiếp|khả năng thích ứng|làm việc nhóm|quản lý thời gian|tư duy phản biện,"[0.88, 0.203, 0.363, 0.161, 0.143, 0.524]",Sản xuất|bị khởi động và điều khiển|giao tiếp|khả năng thích ứng|làm việc nhóm|quản lý thời gian|tư duy phản biện
51-6031.00,Các nhà khai thác máy may,"Sử dụng hoặc xử lý máy may để kết hợp, củng cố, trang trí hoặc thực hiện các hoạt động may liên quan trong việc sản xuất quần áo hoặc các sản phẩm phi vũ khí.",Sản xuất|giao tiếp|giám sát|khả năng thích ứng|làm việc nhóm|quản lý thời gian|tư duy phản biện,"[0.963, 0.197, 0.244, 0.17, 0.167, 0.56]",Sản xuất|giao tiếp|giám sát|khả năng thích ứng|làm việc nhóm|quản lý thời gian|tư duy phản biện
51-6041.00,Công nhân và người sửa chữa giày và da,"Xây dựng, trang trí hoặc sửa chữa da và các sản phẩm giống da, chẳng hạn như hành lý, giày dép và chèo.",Sản xuất|giao tiếp|giao tiếp nói|giám sát|khả năng thích ứng|làm việc nhóm|lắng nghe tích cực|quản lý thời gian|tư duy phản biện,"[0.976, 0.229, 0.464, 0.189, 0.213, 0.421]",Sản xuất|giao tiếp|giao tiếp nói|giám sát|khả năng thích ứng|làm việc nhóm|lắng nghe tích cực|quản lý thời gian|tư duy phản biện
51-6042.00,Các nhà khai thác máy giày và thầu,"Sử dụng hoặc chăm sóc một loạt các máy móc để kết hợp, trang trí, củng cố hoặc hoàn thiện giày và các bộ phận giày.",Sản xuất|bị khởi động và điều khiển|giao tiếp|giám sát|giám sát vận hành|khả năng thích ứng|làm việc nhóm|lắng nghe tích cực|quản lý thời gian|tư duy phản biện|đọc hiểu,"[0.95, 0.276, 0.194, 0.196, 0.219, 0.594]",Sản xuất|bị khởi động và điều khiển|giao tiếp|giám sát|giám sát vận hành|khả năng thích ứng|làm việc nhóm|lắng nghe tích cực|quản lý thời gian|tư duy phản biện|đọc hiểu
51-6051.00,"Nước thải, tay","Thép, kết hợp, củng cố hoặc hoàn thành, thường bằng kim và sợi, một loạt các mặt hàng sản xuất.",giao tiếp|khả năng thích ứng|làm việc nhóm|quản lý thời gian|tư duy phản biện,"[0.897, 0.143, 0.413, 0.231, 0.18, 0.461]",giao tiếp|khả năng thích ứng|làm việc nhóm|quản lý thời gian|tư duy phản biện
51-6052.00,"Người cắt tóc, người làm quần áo, và người cống nước","Thiết kế, sản xuất, thay đổi, sửa chữa hoặc phù hợp với quần áo.",Sản xuất|giao tiếp|giao tiếp nói|khả năng thích ứng|làm việc nhóm|lắng nghe tích cực|quản lý thời gian|tư duy phản biện,"[0.873, 0.153, 0.571, 0.281, 0.313, 0.426]",Sản xuất|giao tiếp|giao tiếp nói|khả năng thích ứng|làm việc nhóm|lắng nghe tích cực|quản lý thời gian|tư duy phản biện
51-6061.00,Máy đánh trắng và nhuộm dệt may Nhà khai thác và thầu,"Sử dụng hoặc xử lý máy đánh trắng, thu nhỏ, giặt, nhuộm hoặc hoàn thiện dệt may hoặc sợi tổng hợp hoặc thủy tinh.",Sản xuất|bị khởi động và điều khiển|giao tiếp|giám sát|giám sát vận hành|khả năng thích ứng|làm việc nhóm|lắng nghe tích cực|phân tích kiểm soát chất lượng|quản lý thời gian|tư duy phản biện,"[0.973, 0.307, 0.164, 0.173, 0.159, 0.613]",Sản xuất|bị khởi động và điều khiển|giao tiếp|giám sát|giám sát vận hành|khả năng thích ứng|làm việc nhóm|lắng nghe tích cực|phân tích kiểm soát chất lượng|quản lý thời gian|tư duy phản biện
51-6062.00,"Máy cắt dệt may, người vận hành và thầu","Thiết lập, vận hành hoặc chăm sóc máy cắt dệt may.",Sản xuất|bảo trì thiết bị|bị khởi động và điều khiển|giao tiếp|giao tiếp nói|giám sát|giám sát vận hành|khả năng thích ứng|làm việc nhóm|lắng nghe tích cực|phân tích kiểm soát chất lượng|phối hợp|quản lý thời gian|sửa chữa|troubleshooting|tư duy phản biện,"[0.907, 0.224, 0.214, 0.171, 0.24, 0.646]",Sản xuất|bảo trì thiết bị|bị khởi động và điều khiển|giao tiếp|giao tiếp nói|giám sát|giám sát vận hành|khả năng thích ứng|làm việc nhóm|lắng nghe tích cực|phân tích kiểm soát chất lượng|phối hợp|quản lý thời gian|sửa chữa|troubleshooting|tư duy phản biện
51-6063.00,"Thiết lập, vận hành và đấu thầu của máy cắt và đan dệt","Thiết lập, vận hành hoặc chăm sóc máy đan, vòng, dệt hoặc vẽ vải.",Sản xuất|bị khởi động và điều khiển|giao tiếp|giám sát|giám sát vận hành|khả năng thích ứng|làm việc nhóm|lắng nghe tích cực|quản lý thời gian|tư duy phản biện,"[0.979, 0.25, 0.236, 0.149, 0.2, 0.613]",Sản xuất|bị khởi động và điều khiển|giao tiếp|giám sát|giám sát vận hành|khả năng thích ứng|làm việc nhóm|lắng nghe tích cực|quản lý thời gian|tư duy phản biện
51-6064.00,"Thiết lập, vận hành và đấu giá máy móc xoắn, xoắn và vẽ vải","Thiết lập, vận hành hoặc chăm sóc máy móc xoắn hoặc xoắn dệt may; hoặc kéo ra và kết hợp sợi, chẳng hạn như lông, gừng hoặc sợi tổng hợp. Bao gồm máy sợi và người vận hành khung vẽ.",Sản xuất|bị khởi động và điều khiển|giao tiếp|giao tiếp nói|giám sát|giám sát vận hành|khả năng thích ứng|làm việc nhóm|lắng nghe tích cực|phân tích kiểm soát chất lượng|quản lý thời gian|tư duy phản biện,"[0.929, 0.211, 0.19, 0.143, 0.219, 0.617]",Sản xuất|bị khởi động và điều khiển|giao tiếp|giao tiếp nói|giám sát|giám sát vận hành|khả năng thích ứng|làm việc nhóm|lắng nghe tích cực|phân tích kiểm soát chất lượng|quản lý thời gian|tư duy phản biện
51-6091.00,"Máy thiết lập, người vận hành và thầu, sợi tổng hợp và thủy tinh","Thiết lập, vận hành hoặc chăm sóc máy móc làm trộn và hình thành sợi liên tục từ vật liệu tổng hợp, chẳng hạn như polymer lỏng, rayon và sợi thủy tinh.",Sản xuất|bị khởi động và điều khiển|giao tiếp|giao tiếp nói|giám sát|giám sát vận hành|giải quyết vấn đề phức tạp|khả năng thích ứng|làm việc nhóm|lắng nghe tích cực|phán đoán & ra quyết định|phân tích kiểm soát chất lượng|phối hợp|quản lý thời gian|tư duy phản biện,"[0.929, 0.316, 0.181, 0.174, 0.201, 0.579]",Sản xuất|bị khởi động và điều khiển|giao tiếp|giao tiếp nói|giám sát|giám sát vận hành|giải quyết vấn đề phức tạp|khả năng thích ứng|làm việc nhóm|lắng nghe tích cực|phán đoán & ra quyết định|phân tích kiểm soát chất lượng|phối hợp|quản lý thời gian|tư duy phản biện
51-6092.00,Các nhà sản xuất mẫu vải và quần áo,Xét và chế tạo các bộ mô hình hoặc bố cục vải chính xác.,Sản xuất|chiến lược học tập|giao tiếp|giao tiếp nói|giám sát|học chủ động|khả năng thích ứng|làm việc nhóm|lắng nghe tích cực|phán đoán & ra quyết định|phân tích kiểm soát chất lượng|quản lý thời gian|toán học|tư duy phản biện|viết|đọc hiểu,"[0.789, 0.183, 0.78, 0.196, 0.214, 0.616]",Sản xuất|chiến lược học tập|giao tiếp|giao tiếp nói|giám sát|học chủ động|khả năng thích ứng|làm việc nhóm|lắng nghe tích cực|phán đoán & ra quyết định|phân tích kiểm soát chất lượng|quản lý thời gian|toán học|tư duy phản biện|viết|đọc hiểu
51-6093.00,Máy đệm,"Xây dựng, sửa chữa hoặc thay thế lớp phủ cho đồ nội thất gia đình hoặc xe vận chuyển.",Sản xuất|giao tiếp|giao tiếp nói|giám sát|giải quyết vấn đề phức tạp|học chủ động|khả năng thích ứng|làm việc nhóm|lắng nghe tích cực|phán đoán & ra quyết định|quản lý thời gian|tư duy phản biện|đọc hiểu,"[0.983, 0.269, 0.443, 0.191, 0.143, 0.42]",Sản xuất|giao tiếp|giao tiếp nói|giám sát|giải quyết vấn đề phức tạp|học chủ động|khả năng thích ứng|làm việc nhóm|lắng nghe tích cực|phán đoán & ra quyết định|quản lý thời gian|tư duy phản biện|đọc hiểu
51-6099.00,"Công nhân dệt may, may mặc và đồ nội thất, Khác",Thực hiện các nhiệm vụ đa dạng không được bao gồm trong các danh mục nghề nghiệp cụ thể khác trong lĩnh vực này.,Khác|Tổng quát|giao tiếp|khác|khả năng thích ứng|làm việc nhóm|quản lý thời gian|tư duy phản biện|tổng quát|đa dạng,"[0.907, 0.335, 0.243, 0.177, 0.207, 0.638]",Khác|Tổng quát|giao tiếp|khác|khả năng thích ứng|làm việc nhóm|quản lý thời gian|tư duy phản biện|tổng quát|đa dạng
51-7011.00,Các thợ chế tạo tủ và thợ thép ghế,"Cắt, hình thành, và lắp ráp các vật liệu gỗ hoặc thiết lập và vận hành một loạt các máy chế biến gỗ, chẳng hạn như cây cưa điện, máy kết nối và máy cắt gỗ để làm bề mặt, cắt hoặc hình thành gỗ hoặc để chế tạo các bộ phận cho các sản phẩm gỗ.",Sản xuất|bị khởi động và điều khiển|giao tiếp|giao tiếp nói|giám sát|giám sát vận hành|khả năng thích ứng|làm việc nhóm|lựa chọn thiết bị|phán đoán & ra quyết định|phân tích kiểm soát chất lượng|phân tích vận hành|quản lý thời gian|toán học|troubleshooting|tư duy phản biện,"[1.0, 0.296, 0.347, 0.163, 0.173, 0.509]",Sản xuất|bị khởi động và điều khiển|giao tiếp|giao tiếp nói|giám sát|giám sát vận hành|khả năng thích ứng|làm việc nhóm|lựa chọn thiết bị|phán đoán & ra quyết định|phân tích kiểm soát chất lượng|phân tích vận hành|quản lý thời gian|toán học|troubleshooting|tư duy phản biện
51-7021.00,Nhà hoàn thành đồ nội thất,"Hình dạng, kết thúc và tái sơn đồ nội thất bị hư hỏng, mòn hoặc sử dụng hoặc đồ nội dung mới có chất lượng cao theo màu sắc hoặc kết thúc cụ thể.",Sản xuất|giao tiếp|giao tiếp nói|giám sát|giám sát vận hành|khả năng thích ứng|làm việc nhóm|lắng nghe tích cực|phán đoán & ra quyết định|quản lý thời gian|tư duy phản biện,"[1.0, 0.206, 0.401, 0.181, 0.143, 0.417]",Sản xuất|giao tiếp|giao tiếp nói|giám sát|giám sát vận hành|khả năng thích ứng|làm việc nhóm|lắng nghe tích cực|phán đoán & ra quyết định|quản lý thời gian|tư duy phản biện
51-7031.00,"Các nhà sản xuất mô hình, gỗ",Xây dựng các mô hình sản phẩm chính xác bằng gỗ với kích thước và quy mô đầy đủ. Bao gồm các nhà xây dựng jig gỗ và công nhân tầng thượng.,Sản xuất|bị khởi động và điều khiển|giao tiếp|giao tiếp nói|giám sát|giám sát vận hành|khả năng thích ứng|làm việc nhóm|phán đoán & ra quyết định|quản lý thời gian|tư duy phản biện|đọc hiểu,"[1.0, 0.37, 0.551, 0.193, 0.221, 0.57]",Sản xuất|bị khởi động và điều khiển|giao tiếp|giao tiếp nói|giám sát|giám sát vận hành|khả năng thích ứng|làm việc nhóm|phán đoán & ra quyết định|quản lý thời gian|tư duy phản biện|đọc hiểu
51-7032.00,"Thiết kế hình mẫu, gỗ","Lập kế hoạch, bố trí và xây dựng các đơn vị bằng gỗ hoặc các mô hình phân đoạn được sử dụng trong việc hình thành khuôn cát cho các loại đúc.",Sản xuất|bị khởi động và điều khiển|giao tiếp|giám sát|giám sát vận hành|giải quyết vấn đề phức tạp|khả năng thích ứng|làm việc nhóm|lắng nghe tích cực|phân tích kiểm soát chất lượng|phân tích vận hành|quản lý thời gian|toán học|tư duy phản biện|đọc hiểu,"[0.956, 0.299, 0.553, 0.177, 0.177, 0.571]",Sản xuất|bị khởi động và điều khiển|giao tiếp|giám sát|giám sát vận hành|giải quyết vấn đề phức tạp|khả năng thích ứng|làm việc nhóm|lắng nghe tích cực|phân tích kiểm soát chất lượng|phân tích vận hành|quản lý thời gian|toán học|tư duy phản biện|đọc hiểu
51-7041.00,"Máy cưa, người vận hành, và thầu, gỗ","Thiết lập, vận hành hoặc chăm sóc máy cắt gỗ. Có thể vận hành thiết bị điều khiển bằng máy tính (CNC). Bao gồm máy cắt chì.",Sản xuất|bị khởi động và điều khiển|giao tiếp|giám sát|giám sát vận hành|khả năng thích ứng|làm việc nhóm|phân tích kiểm soát chất lượng|quản lý thời gian|troubleshooting|tư duy phản biện,"[1.0, 0.333, 0.143, 0.161, 0.143, 0.59]",Sản xuất|bị khởi động và điều khiển|giao tiếp|giám sát|giám sát vận hành|khả năng thích ứng|làm việc nhóm|phân tích kiểm soát chất lượng|quản lý thời gian|troubleshooting|tư duy phản biện
51-7042.00,"Máy chế tạo gỗ, người vận hành và thầu, ngoại trừ đúc","Thiết lập, vận hành hoặc chăm sóc các máy chế biến gỗ, chẳng hạn như máy khoan, máy quay, máy hình dạng, bộ định tuyến, máy giặt, máy phẳng và máy móng gỗ.",Sản xuất|bảo trì thiết bị|bị khởi động và điều khiển|giao tiếp|giao tiếp nói|giám sát|giám sát vận hành|khả năng thích ứng|làm việc nhóm|phân tích kiểm soát chất lượng|quản lý thời gian|sửa chữa|troubleshooting|tư duy phản biện,"[1.0, 0.347, 0.164, 0.169, 0.147, 0.593]",Sản xuất|bảo trì thiết bị|bị khởi động và điều khiển|giao tiếp|giao tiếp nói|giám sát|giám sát vận hành|khả năng thích ứng|làm việc nhóm|phân tích kiểm soát chất lượng|quản lý thời gian|sửa chữa|troubleshooting|tư duy phản biện
51-7099.00,"Woodworkers, Khác",Thực hiện các nhiệm vụ đa dạng không được bao gồm trong các danh mục nghề nghiệp cụ thể khác trong lĩnh vực này.,Khác|Tổng quát|giao tiếp|khác|khả năng thích ứng|làm việc nhóm|quản lý thời gian|tư duy phản biện|tổng quát|đa dạng,"[0.902, 0.315, 0.232, 0.185, 0.206, 0.591]",Khác|Tổng quát|giao tiếp|khác|khả năng thích ứng|làm việc nhóm|quản lý thời gian|tư duy phản biện|tổng quát|đa dạng
51-8011.00,Các nhà khai thác lò phản ứng điện hạt nhân,"Điều hành hoặc kiểm soát các lò phản ứng hạt nhân. Di chuyển thanh điều khiển, thiết bị khởi động và dừng, giám sát và điều chỉnh điều khiển và ghi dữ liệu trong nhật ký. Thực hiện các thủ tục khẩn cấp khi cần thiết. Có thể phản ứng với các bất thường, xác định nguyên nhân và đề nghị hành động khắc phục.",Sản xuất|bị khởi động và điều khiển|giao tiếp|giao tiếp nói|giám sát|giám sát vận hành|giải quyết vấn đề phức tạp|khả năng thích ứng|làm việc nhóm|lắng nghe tích cực|phán đoán & ra quyết định|quản lý thời gian|tư duy phản biện|viết|đọc hiểu,"[0.749, 0.464, 0.143, 0.31, 0.386, 0.736]",Sản xuất|bị khởi động và điều khiển|giao tiếp|giao tiếp nói|giám sát|giám sát vận hành|giải quyết vấn đề phức tạp|khả năng thích ứng|làm việc nhóm|lắng nghe tích cực|phán đoán & ra quyết định|quản lý thời gian|tư duy phản biện|viết|đọc hiểu
51-8012.00,Các nhà phân phối và vận chuyển điện,"Điều phối, điều chỉnh hoặc phân phối điện hoặc hơi nước.",Sản xuất|bị khởi động và điều khiển|giao tiếp|giao tiếp nói|giám sát|giám sát vận hành|giải quyết vấn đề phức tạp|khả năng thích ứng|làm việc nhóm|lắng nghe tích cực|phán đoán & ra quyết định|phối hợp|quản lý thời gian|tư duy phản biện|viết|đọc hiểu,"[0.737, 0.359, 0.143, 0.279, 0.429, 0.726]",Sản xuất|bị khởi động và điều khiển|giao tiếp|giao tiếp nói|giám sát|giám sát vận hành|giải quyết vấn đề phức tạp|khả năng thích ứng|làm việc nhóm|lắng nghe tích cực|phán đoán & ra quyết định|phối hợp|quản lý thời gian|tư duy phản biện|viết|đọc hiểu
51-8013.00,Nhà khai thác nhà máy điện,"Điều khiển, vận hành hoặc duy trì máy móc để tạo ra điện. Bao gồm các nhà điều hành thiết bị phụ trợ.",Sản xuất|bị khởi động và điều khiển|giao tiếp|giao tiếp nói|giám sát|giám sát vận hành|giải quyết vấn đề phức tạp|khả năng thích ứng|làm việc nhóm|lắng nghe tích cực|phán đoán & ra quyết định|phân tích kiểm soát chất lượng|quản lý thời gian|sửa chữa|troubleshooting|tư duy phản biện|đọc hiểu,"[0.947, 0.377, 0.143, 0.197, 0.28, 0.726]",Sản xuất|bị khởi động và điều khiển|giao tiếp|giao tiếp nói|giám sát|giám sát vận hành|giải quyết vấn đề phức tạp|khả năng thích ứng|làm việc nhóm|lắng nghe tích cực|phán đoán & ra quyết định|phân tích kiểm soát chất lượng|quản lý thời gian|sửa chữa|troubleshooting|tư duy phản biện|đọc hiểu
51-8013.03,Các kỹ thuật viên nhà máy sinh khối,Kiểm soát và giám sát hoạt động của nhà máy sinh khối và thực hiện bảo trì khi cần thiết.,Sản xuất|bảo trì thiết bị|bị khởi động và điều khiển|chú ý đến chi tiết|giao tiếp|giao tiếp nói|giám sát|giám sát vận hành|giải quyết vấn đề kỹ thuật|học chủ động|khả năng thích ứng|kỹ năng máy tính|làm việc nhóm|lắng nghe tích cực|phán đoán & ra quyết định|phân tích dữ liệu|quản lý thời gian|tư duy logic|tư duy phản biện|viết|đọc hiểu,"[0.996, 0.446, 0.143, 0.174, 0.25, 0.689]",Sản xuất|bảo trì thiết bị|bị khởi động và điều khiển|chú ý đến chi tiết|giao tiếp|giao tiếp nói|giám sát|giám sát vận hành|giải quyết vấn đề kỹ thuật|học chủ động|khả năng thích ứng|kỹ năng máy tính|làm việc nhóm|lắng nghe tích cực|phán đoán & ra quyết định|phân tích dữ liệu|quản lý thời gian|tư duy logic|tư duy phản biện|viết|đọc hiểu
51-8013.04,Các kỹ thuật viên nhà máy thủy điện,"Các hoạt động giám sát và kiểm soát liên quan đến việc sản xuất thủy điện. Sử dụng các thiết bị nhà máy, chẳng hạn như động cơ, bơm, van, cổng, máy quạt, bảng điều khiển điện và ngân hàng pin. Theo dõi hoạt động và hiệu suất thiết bị và thực hiện các điều chỉnh cần thiết để đảm bảo hiệu suất tối ưu. Thực hiện bảo trì và sửa chữa thiết bị khi cần thiết.",Sản xuất|bảo trì thiết bị|bị khởi động và điều khiển|chú ý đến chi tiết|giao tiếp|giao tiếp nói|giám sát|giám sát vận hành|giải quyết vấn đề kỹ thuật|khả năng thích ứng|kỹ năng máy tính|làm việc nhóm|lắng nghe tích cực|phân tích dữ liệu|quản lý thời gian|sửa chữa|toán học|troubleshooting|tư duy logic|tư duy phản biện|đọc hiểu,"[1.0, 0.469, 0.143, 0.173, 0.253, 0.669]",Sản xuất|bảo trì thiết bị|bị khởi động và điều khiển|chú ý đến chi tiết|giao tiếp|giao tiếp nói|giám sát|giám sát vận hành|giải quyết vấn đề kỹ thuật|khả năng thích ứng|kỹ năng máy tính|làm việc nhóm|lắng nghe tích cực|phân tích dữ liệu|quản lý thời gian|sửa chữa|toán học|troubleshooting|tư duy logic|tư duy phản biện|đọc hiểu
51-8021.00,Kỹ sư cố định và người vận hành sưởi ấm,"Sử dụng hoặc bảo trì động cơ, lò sưởi hoặc thiết bị cơ khí khác để cung cấp tiện ích cho các tòa nhà hoặc quy trình công nghiệp. Thiết bị vận hành như động cơ hơi nước, máy phát điện, động cơ, tuabin và bình hơi nước.",Sản xuất|bảo trì thiết bị|bị khởi động và điều khiển|giao tiếp|giám sát|giám sát vận hành|học chủ động|khả năng thích ứng|làm việc nhóm|lắng nghe tích cực|phân tích kiểm soát chất lượng|quản lý thời gian|sửa chữa|troubleshooting|tư duy phản biện|đọc hiểu,"[1.0, 0.463, 0.143, 0.156, 0.179, 0.664]",Sản xuất|bảo trì thiết bị|bị khởi động và điều khiển|giao tiếp|giám sát|giám sát vận hành|học chủ động|khả năng thích ứng|làm việc nhóm|lắng nghe tích cực|phân tích kiểm soát chất lượng|quản lý thời gian|sửa chữa|troubleshooting|tư duy phản biện|đọc hiểu
51-8031.00,Nhà máy và nhà khai thác hệ thống xử lý nước và nước thải,"Hoạt động hoặc kiểm soát toàn bộ quy trình hoặc hệ thống máy móc, thường thông qua việc sử dụng bảng điều khiển, để chuyển hoặc xử lý nước hoặc nước thải.",Sản xuất|bảo trì thiết bị|bị khởi động và điều khiển|giao tiếp|giao tiếp nói|giám sát|giám sát vận hành|khả năng thích ứng|làm việc nhóm|lắng nghe tích cực|phân tích kiểm soát chất lượng|quản lý thời gian|sửa chữa|troubleshooting|tư duy phản biện|đọc hiểu,"[0.977, 0.387, 0.143, 0.217, 0.209, 0.663]",Sản xuất|bảo trì thiết bị|bị khởi động và điều khiển|giao tiếp|giao tiếp nói|giám sát|giám sát vận hành|khả năng thích ứng|làm việc nhóm|lắng nghe tích cực|phân tích kiểm soát chất lượng|quản lý thời gian|sửa chữa|troubleshooting|tư duy phản biện|đọc hiểu
51-8091.00,Nhà máy hóa học và các nhà khai thác hệ thống,Kiểm soát hoặc vận hành toàn bộ quy trình hóa học hoặc hệ thống máy móc.,Sản xuất|bị khởi động và điều khiển|giao tiếp|giao tiếp nói|giám sát|giám sát vận hành|giải quyết vấn đề phức tạp|học chủ động|khả năng thích ứng|làm việc nhóm|lắng nghe tích cực|phán đoán & ra quyết định|phân tích kiểm soát chất lượng|quản lý thời gian|tư duy phản biện|đọc hiểu,"[0.896, 0.466, 0.143, 0.189, 0.239, 0.747]",Sản xuất|bị khởi động và điều khiển|giao tiếp|giao tiếp nói|giám sát|giám sát vận hành|giải quyết vấn đề phức tạp|học chủ động|khả năng thích ứng|làm việc nhóm|lắng nghe tích cực|phán đoán & ra quyết định|phân tích kiểm soát chất lượng|quản lý thời gian|tư duy phản biện|đọc hiểu
51-8092.00,Các nhà khai thác nhà máy khí đốt,Phân phối hoặc xử lý khí cho các công ty tiện ích và những người khác bằng cách kiểm soát máy nén để duy trì áp suất cụ thể trên đường ống chính.,Sản xuất|bị khởi động và điều khiển|giao tiếp|giao tiếp nói|giám sát|giám sát vận hành|khả năng thích ứng|làm việc nhóm|lắng nghe tích cực|phán đoán & ra quyết định|phân tích kiểm soát chất lượng|phối hợp|quản lý thời gian|troubleshooting|tư duy phản biện|viết|đọc hiểu,"[0.944, 0.376, 0.143, 0.209, 0.317, 0.756]",Sản xuất|bị khởi động và điều khiển|giao tiếp|giao tiếp nói|giám sát|giám sát vận hành|khả năng thích ứng|làm việc nhóm|lắng nghe tích cực|phán đoán & ra quyết định|phân tích kiểm soát chất lượng|phối hợp|quản lý thời gian|troubleshooting|tư duy phản biện|viết|đọc hiểu
51-8093.00,"Nhà khai thác hệ thống máy bơm dầu mỏ, nhà khai thác nhà máy lọc dầu và máy đo","Hoạt động hoặc kiểm soát các đơn vị lọc dầu hoặc chế biến dầu mỏ. Có thể chuyên kiểm soát hệ thống bơm và máy sạc, đo hoặc kiểm tra dầu trong bể lưu trữ hoặc điều chỉnh lưu lượng dầu vào đường ống.",Sản xuất|bị khởi động và điều khiển|giao tiếp|giao tiếp nói|giám sát|giám sát vận hành|giải quyết vấn đề phức tạp|học chủ động|khả năng thích ứng|làm việc nhóm|lắng nghe tích cực|phân tích kiểm soát chất lượng|quản lý thời gian|tư duy phản biện|viết|đọc hiểu,"[0.881, 0.354, 0.143, 0.186, 0.317, 0.723]",Sản xuất|bị khởi động và điều khiển|giao tiếp|giao tiếp nói|giám sát|giám sát vận hành|giải quyết vấn đề phức tạp|học chủ động|khả năng thích ứng|làm việc nhóm|lắng nghe tích cực|phân tích kiểm soát chất lượng|quản lý thời gian|tư duy phản biện|viết|đọc hiểu
51-8099.00,"Plant and System Operators, Khác",Thực hiện các nhiệm vụ đa dạng không được bao gồm trong các danh mục nghề nghiệp cụ thể khác trong lĩnh vực này.,Khác|Tổng quát|giao tiếp|khác|khả năng thích ứng|làm việc nhóm|quản lý thời gian|tư duy phản biện|tổng quát|đa dạng,"[0.895, 0.334, 0.241, 0.182, 0.21, 0.589]",Khác|Tổng quát|giao tiếp|khác|khả năng thích ứng|làm việc nhóm|quản lý thời gian|tư duy phản biện|tổng quát|đa dạng
51-8099.01,Các kỹ thuật viên chế biến nhiên liệu sinh học,"Tính toán, đo lường, tải, pha trộn và xử lý nguyên liệu thô tinh chế với các chất phụ gia trong tàu quá trình lên men hoặc phản ứng và theo dõi quá trình sản xuất. Thực hiện, và lưu giữ hồ sơ về, bảo trì nhà máy, sửa chữa, và kiểm tra an toàn.",Sản xuất|bảo trì thiết bị|bị khởi động và điều khiển|chú ý đến chi tiết|giao tiếp|giao tiếp nói|giám sát|giám sát vận hành|giải quyết vấn đề kỹ thuật|khả năng thích ứng|kỹ năng máy tính|làm việc nhóm|lắng nghe tích cực|phán đoán & ra quyết định|phân tích dữ liệu|phân tích kiểm soát chất lượng|quản lý thời gian|troubleshooting|tư duy logic|tư duy phản biện|viết|đọc hiểu,"[0.839, 0.469, 0.143, 0.143, 0.304, 0.761]",Sản xuất|bảo trì thiết bị|bị khởi động và điều khiển|chú ý đến chi tiết|giao tiếp|giao tiếp nói|giám sát|giám sát vận hành|giải quyết vấn đề kỹ thuật|khả năng thích ứng|kỹ năng máy tính|làm việc nhóm|lắng nghe tích cực|phán đoán & ra quyết định|phân tích dữ liệu|phân tích kiểm soát chất lượng|quản lý thời gian|troubleshooting|tư duy logic|tư duy phản biện|viết|đọc hiểu
51-9011.00,Các nhà khai thác thiết bị hóa học và thầu,Thiết bị vận hành hoặc xử lý để kiểm soát các thay đổi hóa học hoặc phản ứng trong quá trình chế biến các sản phẩm công nghiệp hoặc tiêu dùng.,Sản xuất|bị khởi động và điều khiển|giao tiếp|giao tiếp nói|giám sát|giám sát vận hành|giải quyết vấn đề phức tạp|khả năng thích ứng|làm việc nhóm|lắng nghe tích cực|phán đoán & ra quyết định|phân tích kiểm soát chất lượng|phối hợp|quản lý thời gian|tư duy phản biện|viết|đọc hiểu,"[0.95, 0.474, 0.143, 0.15, 0.181, 0.69]",Sản xuất|bị khởi động và điều khiển|giao tiếp|giao tiếp nói|giám sát|giám sát vận hành|giải quyết vấn đề phức tạp|khả năng thích ứng|làm việc nhóm|lắng nghe tích cực|phán đoán & ra quyết định|phân tích kiểm soát chất lượng|phối hợp|quản lý thời gian|tư duy phản biện|viết|đọc hiểu
51-9012.00,"Phân tách, lọc, làm rõ, mưa và thiết lập máy tĩnh, nhà điều hành và đấu thầu","Thiết lập, vận hành hoặc chăm sóc thiết bị dòng chảy liên tục hoặc loại thùng; máy bấm lọc; màn hình trộn; máy tâm hóa; ống nồng nhiệt; bể phun nước, lên men hoặc hơi nước; tháp rửa; hoặc các lô tĩnh. Những máy này chiết xuất, phân loại hoặc tách chất lỏng, khí hoặc chất rắn từ các vật liệu khác để lấy lại một sản phẩm tinh chế. Bao gồm các nhà khai thác thiết bị chế biến sữa.",Sản xuất|bị khởi động và điều khiển|giao tiếp|giám sát|giám sát vận hành|khả năng thích ứng|làm việc nhóm|lắng nghe tích cực|phán đoán & ra quyết định|phân tích kiểm soát chất lượng|quản lý thời gian|tư duy phản biện|đọc hiểu,"[0.896, 0.327, 0.143, 0.157, 0.156, 0.639]",Sản xuất|bị khởi động và điều khiển|giao tiếp|giám sát|giám sát vận hành|khả năng thích ứng|làm việc nhóm|lắng nghe tích cực|phán đoán & ra quyết định|phân tích kiểm soát chất lượng|quản lý thời gian|tư duy phản biện|đọc hiểu
51-9021.00,"Thiết lập máy nghiền, nghiền và đánh bóng, người vận hành và đấu thầu","Thiết lập, vận hành hoặc xử lý máy nghiền, nghiền hoặc đánh bóng vật liệu, chẳng hạn như than, thủy tinh, ngũ cốc, đá, thực phẩm hoặc cao su.",Sản xuất|bảo trì thiết bị|bị khởi động và điều khiển|giao tiếp|giao tiếp nói|giám sát|giám sát vận hành|khả năng thích ứng|làm việc nhóm|lắng nghe tích cực|phán đoán & ra quyết định|phân tích kiểm soát chất lượng|phối hợp|quản lý thời gian|sửa chữa|troubleshooting|tư duy phản biện|đọc hiểu,"[1.0, 0.309, 0.143, 0.143, 0.174, 0.619]",Sản xuất|bảo trì thiết bị|bị khởi động và điều khiển|giao tiếp|giao tiếp nói|giám sát|giám sát vận hành|khả năng thích ứng|làm việc nhóm|lắng nghe tích cực|phán đoán & ra quyết định|phân tích kiểm soát chất lượng|phối hợp|quản lý thời gian|sửa chữa|troubleshooting|tư duy phản biện|đọc hiểu
51-9022.00,"Công nhân đúc và đánh bóng, tay","Máy nghiền, cát hoặc đánh bóng, sử dụng công cụ tay hoặc công cụ điện cầm tay, một loạt các vật liệu kim loại, gỗ, đá, đất sét, nhựa hoặc thủy tinh.",Sản xuất|bảo trì thiết bị|bị khởi động và điều khiển|giao tiếp|giám sát vận hành|khả năng thích ứng|làm việc nhóm|phân tích kiểm soát chất lượng|quản lý thời gian|sửa chữa|tư duy phản biện,"[1.0, 0.199, 0.241, 0.156, 0.143, 0.474]",Sản xuất|bảo trì thiết bị|bị khởi động và điều khiển|giao tiếp|giám sát vận hành|khả năng thích ứng|làm việc nhóm|phân tích kiểm soát chất lượng|quản lý thời gian|sửa chữa|tư duy phản biện
51-9023.00,"Máy trộn và trộn máy đặt, người vận hành và thầu","Thiết lập, vận hành hoặc xử lý máy trộn hoặc trộn các vật liệu, chẳng hạn như hóa chất, thuốc lá, chất lỏng, sắc tố màu hoặc thành phần nổ.",Sản xuất|bảo trì thiết bị|bị khởi động và điều khiển|giao tiếp|giao tiếp nói|giám sát|giám sát vận hành|khả năng thích ứng|làm việc nhóm|phân tích kiểm soát chất lượng|phối hợp|quản lý thời gian|sửa chữa|troubleshooting|tư duy phản biện|đọc hiểu,"[0.927, 0.301, 0.174, 0.149, 0.169, 0.601]",Sản xuất|bảo trì thiết bị|bị khởi động và điều khiển|giao tiếp|giao tiếp nói|giám sát|giám sát vận hành|khả năng thích ứng|làm việc nhóm|phân tích kiểm soát chất lượng|phối hợp|quản lý thời gian|sửa chữa|troubleshooting|tư duy phản biện|đọc hiểu
51-9031.00,"Máy cắt và cắt, tay","Sử dụng công cụ tay hoặc công cụ điện cầm tay để cắt và cắt các mặt hàng khác nhau, chẳng hạn như thảm, vải, đá, thủy tinh hoặc cao su.",giao tiếp|khả năng thích ứng|làm việc nhóm|quản lý thời gian|tư duy phản biện,"[0.891, 0.174, 0.313, 0.161, 0.143, 0.536]",giao tiếp|khả năng thích ứng|làm việc nhóm|quản lý thời gian|tư duy phản biện
51-9032.00,"Máy cắt và cắt máy đặt, người vận hành và đấu thầu","Thiết lập, vận hành hoặc chăm sóc máy cắt hoặc cắt các vật liệu, chẳng hạn như thủy tinh, đá, vỏ, cao su, thuốc lá, thực phẩm, giấy hoặc vật liệu cách nhiệt.",Sản xuất|bảo trì thiết bị|bị khởi động và điều khiển|giao tiếp|giám sát|giám sát vận hành|khả năng thích ứng|làm việc nhóm|phân tích kiểm soát chất lượng|phối hợp|quản lý thời gian|troubleshooting|tư duy phản biện|đọc hiểu,"[0.957, 0.217, 0.16, 0.143, 0.174, 0.596]",Sản xuất|bảo trì thiết bị|bị khởi động và điều khiển|giao tiếp|giám sát|giám sát vận hành|khả năng thích ứng|làm việc nhóm|phân tích kiểm soát chất lượng|phối hợp|quản lý thời gian|troubleshooting|tư duy phản biện|đọc hiểu
51-9041.00,"Máy thiết lập, vận hành và đấu thầu để trục xuất, hình thành, ép và thu nhỏ","Thiết lập, vận hành, hoặc chăm sóc máy, chẳng hạn như máy tạo kính, máy sản xuất và máy ống, để hình thành và tạo thành các sản phẩm như đồ thủy tinh, thực phẩm, cao su, xà phòng, gạch, gốm, gơ, sáp, thuốc lá hoặc mỹ phẩm.",Sản xuất|bị khởi động và điều khiển|giao tiếp|giao tiếp nói|giám sát|giám sát vận hành|khả năng thích ứng|làm việc nhóm|lắng nghe tích cực|phân tích kiểm soát chất lượng|quản lý thời gian|troubleshooting|tư duy phản biện|đọc hiểu,"[0.934, 0.319, 0.183, 0.149, 0.179, 0.614]",Sản xuất|bị khởi động và điều khiển|giao tiếp|giao tiếp nói|giám sát|giám sát vận hành|khả năng thích ứng|làm việc nhóm|lắng nghe tích cực|phân tích kiểm soát chất lượng|quản lý thời gian|troubleshooting|tư duy phản biện|đọc hiểu
51-9051.00,"Các nhà khai thác lò, lò sưởi, lò nướng, máy sấy và lò chảo và các giá thầu","Thiết bị sưởi ấm khác ngoài các thiết bị kim loại, nhựa hoặc chế biến thực phẩm cơ bản. Bao gồm các hoạt động như nghiến kính, khô gỗ, cứng cao su, loại bỏ độ ẩm từ vật liệu hoặc đun xà phòng.",Sản xuất|bị khởi động và điều khiển|giao tiếp|giao tiếp nói|giám sát|giám sát vận hành|khả năng thích ứng|làm việc nhóm|lắng nghe tích cực|phân tích kiểm soát chất lượng|quản lý thời gian|tư duy phản biện|đọc hiểu,"[0.984, 0.31, 0.143, 0.179, 0.174, 0.647]",Sản xuất|bị khởi động và điều khiển|giao tiếp|giao tiếp nói|giám sát|giám sát vận hành|khả năng thích ứng|làm việc nhóm|lắng nghe tích cực|phân tích kiểm soát chất lượng|quản lý thời gian|tư duy phản biện|đọc hiểu
51-9061.00,"Các thanh tra, kiểm tra, phân loại, lấy mẫu và cân","Kiểm tra, kiểm tra, phân loại, lấy mẫu hoặc cân nặng các nguyên liệu thô không nông nghiệp hoặc các bộ phận hoặc sản phẩm chế biến, máy chế tạo, chế tạo hoặc lắp ráp để tìm ra các khuyết tật, mòn và lệch khỏi thông số kỹ thuật. Có thể sử dụng các thiết bị đo chính xác và thiết bị thử nghiệm phức tạp.",Sản xuất|giao tiếp|giao tiếp nói|giám sát|giám sát vận hành|khả năng thích ứng|làm việc nhóm|lắng nghe tích cực|phán đoán & ra quyết định|phân tích kiểm soát chất lượng|quản lý thời gian|tư duy phản biện|viết|đọc hiểu,"[0.819, 0.489, 0.143, 0.143, 0.197, 0.766]",Sản xuất|giao tiếp|giao tiếp nói|giám sát|giám sát vận hành|khả năng thích ứng|làm việc nhóm|lắng nghe tích cực|phán đoán & ra quyết định|phân tích kiểm soát chất lượng|quản lý thời gian|tư duy phản biện|viết|đọc hiểu
51-9071.00,Những người làm đồ trang sức và những người làm việc bằng đá quý và kim loại,"Thiết kế, chế tạo, điều chỉnh, sửa chữa hoặc đánh giá đồ trang sức, vàng, bạc, kim loại quý khác hoặc đá quý.",Sản xuất|giao tiếp|giao tiếp nói|giám sát|khả năng thích ứng|làm việc nhóm|lắng nghe tích cực|phán đoán & ra quyết định|quản lý thời gian|tư duy phản biện,"[0.934, 0.369, 0.544, 0.149, 0.229, 0.471]",Sản xuất|giao tiếp|giao tiếp nói|giám sát|khả năng thích ứng|làm việc nhóm|lắng nghe tích cực|phán đoán & ra quyết định|quản lý thời gian|tư duy phản biện
51-9071.06,Viên ngọc và công nhân kim cương,"Sản xuất, hoàn thành hoặc đánh giá chất lượng của viên đá quý và kim cương được sử dụng trong đồ trang sức hoặc công cụ công nghiệp.",Sản xuất|giao tiếp|giao tiếp nói|giám sát|khả năng thích ứng|làm việc nhóm|lắng nghe tích cực|phán đoán & ra quyết định|phân tích kiểm soát chất lượng|quản lý thời gian|tư duy phản biện|định hướng dịch vụ,"[0.781, 0.44, 0.411, 0.164, 0.303, 0.589]",Sản xuất|giao tiếp|giao tiếp nói|giám sát|khả năng thích ứng|làm việc nhóm|lắng nghe tích cực|phán đoán & ra quyết định|phân tích kiểm soát chất lượng|quản lý thời gian|tư duy phản biện|định hướng dịch vụ
51-9081.00,Các kỹ thuật viên phòng thí nghiệm nha khoa,Xây dựng và sửa chữa răng giả hoặc thiết bị nha khoa đầy đủ hoặc một phần.,Sản xuất|chiến lược học tập|chú ý đến chi tiết|giao tiếp|giao tiếp nói|giám sát|giám sát vận hành|giải quyết vấn đề kỹ thuật|giải quyết vấn đề phức tạp|học chủ động|khả năng thích ứng|kỹ năng máy tính|làm việc nhóm|lắng nghe tích cực|phán đoán & ra quyết định|phân tích dữ liệu|quản lý thời gian|tư duy logic|tư duy phản biện|đọc hiểu,"[0.954, 0.639, 0.207, 0.381, 0.143, 0.603]",Sản xuất|chiến lược học tập|chú ý đến chi tiết|giao tiếp|giao tiếp nói|giám sát|giám sát vận hành|giải quyết vấn đề kỹ thuật|giải quyết vấn đề phức tạp|học chủ động|khả năng thích ứng|kỹ năng máy tính|làm việc nhóm|lắng nghe tích cực|phán đoán & ra quyết định|phân tích dữ liệu|quản lý thời gian|tư duy logic|tư duy phản biện|đọc hiểu
51-9082.00,Các kỹ thuật viên thiết bị y tế,"Xây dựng, duy trì hoặc sửa chữa các thiết bị hỗ trợ y tế như dây đeo, thiết bị chỉnh hình và giả mạo, khớp, hỗ trợ cung và thiết bị phẫu thuật và y tế khác.",Sản xuất|chú ý đến chi tiết|chăm sóc bệnh nhân|giao tiếp|giao tiếp nói|giao tiếp với bệnh nhân|giám sát|giám sát vận hành|giải quyết vấn đề kỹ thuật|giải quyết vấn đề phức tạp|hướng dẫn|khả năng thích ứng|kỹ năng máy tính|làm việc dưới áp lực|làm việc nhóm|lắng nghe tích cực|nhạy bén xã hội|phán đoán & ra quyết định|phân tích dữ liệu|phân tích kiểm soát chất lượng|quản lý thời gian|troubleshooting|tư duy logic|tư duy phản biện|định hướng dịch vụ|đọc hiểu|đồng cảm,"[1.0, 0.58, 0.221, 0.446, 0.143, 0.526]",Sản xuất|chú ý đến chi tiết|chăm sóc bệnh nhân|giao tiếp|giao tiếp nói|giao tiếp với bệnh nhân|giám sát|giám sát vận hành|giải quyết vấn đề kỹ thuật|giải quyết vấn đề phức tạp|hướng dẫn|khả năng thích ứng|kỹ năng máy tính|làm việc dưới áp lực|làm việc nhóm|lắng nghe tích cực|nhạy bén xã hội|phán đoán & ra quyết định|phân tích dữ liệu|phân tích kiểm soát chất lượng|quản lý thời gian|troubleshooting|tư duy logic|tư duy phản biện|định hướng dịch vụ|đọc hiểu|đồng cảm
51-9083.00,Các kỹ thuật viên phòng thí nghiệm mắt,"Cắt, nghiền và đánh bóng kính, ống kính tiếp xúc hoặc các yếu tố quang học chính xác khác. Lắp ráp và gắn ống kính thành khung hoặc xử lý các yếu tố quang học khác. Bao gồm máy đánh bóng ống kính chính xác hoặc máy nghiền, các cạnh trung tâm và máy gắn ống kính.",Sản xuất|bị khởi động và điều khiển|chú ý đến chi tiết|giao tiếp|giám sát|giám sát vận hành|giải quyết vấn đề kỹ thuật|khả năng thích ứng|kỹ năng máy tính|làm việc nhóm|phán đoán & ra quyết định|phân tích dữ liệu|phân tích kiểm soát chất lượng|quản lý thời gian|tư duy logic|tư duy phản biện|đọc hiểu,"[0.921, 0.416, 0.233, 0.269, 0.177, 0.593]",Sản xuất|bị khởi động và điều khiển|chú ý đến chi tiết|giao tiếp|giám sát|giám sát vận hành|giải quyết vấn đề kỹ thuật|khả năng thích ứng|kỹ năng máy tính|làm việc nhóm|phán đoán & ra quyết định|phân tích dữ liệu|phân tích kiểm soát chất lượng|quản lý thời gian|tư duy logic|tư duy phản biện|đọc hiểu
51-9111.00,Các nhà khai thác máy đóng gói và lấp đầy và các thầu,Hoạt động hoặc chăm sóc máy móc để chuẩn bị các sản phẩm công nghiệp hoặc tiêu dùng cho việc lưu trữ hoặc vận chuyển. Bao gồm cả công nhân thợ đóng hộp đóng gói các loại thực phẩm.,Sản xuất|bị khởi động và điều khiển|giao tiếp|giám sát|giám sát vận hành|khả năng thích ứng|làm việc nhóm|lắng nghe tích cực|phối hợp|quản lý thời gian|tư duy phản biện,"[0.937, 0.177, 0.143, 0.144, 0.264, 0.71]",Sản xuất|bị khởi động và điều khiển|giao tiếp|giám sát|giám sát vận hành|khả năng thích ứng|làm việc nhóm|lắng nghe tích cực|phối hợp|quản lý thời gian|tư duy phản biện
51-9123.00,"Công nhân sơn, phủ và trang trí","Sơn, áo khoác hoặc đồ trang trí, chẳng hạn như đồ nội thất, kính, đồ bếp, đồ gốm, đồ trang sức, đồ chơi, sách hoặc da.",giao tiếp|khả năng thích ứng|làm việc nhóm|quản lý thời gian|tư duy phản biện,"[0.99, 0.193, 0.489, 0.223, 0.143, 0.487]",giao tiếp|khả năng thích ứng|làm việc nhóm|quản lý thời gian|tư duy phản biện
51-9124.00,"Máy sơn, sơn và phun, thiết lập, người vận hành và thầu","Thiết lập, vận hành, hoặc vận hành máy phun hoặc cuộn để phủ hoặc sơn bất kỳ sản phẩm nào khác nhau, bao gồm đồ thủy tinh, vải, gốm, kim loại, nhựa, giấy hoặc gỗ, bằng mác, bạc, đồng, cao su, gạch, kính, men, dầu hoặc vật liệu chống mụn. Bao gồm các họa sĩ xe vận tải như họa sĩ trong các cơ sở sửa chữa cơ thể ô tô.",Sản xuất|bảo trì thiết bị|bị khởi động và điều khiển|giao tiếp|giám sát|giám sát vận hành|khả năng thích ứng|làm việc nhóm|phân tích kiểm soát chất lượng|quản lý thời gian|sửa chữa|tư duy phản biện,"[0.997, 0.213, 0.301, 0.176, 0.15, 0.52]",Sản xuất|bảo trì thiết bị|bị khởi động và điều khiển|giao tiếp|giám sát|giám sát vận hành|khả năng thích ứng|làm việc nhóm|phân tích kiểm soát chất lượng|quản lý thời gian|sửa chữa|tư duy phản biện
51-9141.00,Kỹ thuật xử lý bán dẫn,"Thực hiện bất kỳ chức năng nào hoặc tất cả các chức năng sau đây trong việc sản xuất bán dẫn điện tử: tải vật liệu bán dẫn vào lò sưởi; cưa hình thành ngô thành các phân đoạn; tải từng phân đoạn vào phòng trồng tinh thể và kiểm soát màn hình; định vị trục tinh thể trong ngô bằng cách sử dụng thiết bị x-quang và ngô vào các tấm; và làm sạch, đánh bóng, và tải các tấm vào một loạt các lò đặc biệt, bồn tắm hóa học và thiết bị được sử dụng để hình thành mạch và thay đổi tính chất dẫn.",Sản xuất|chú ý đến chi tiết|giao tiếp|giám sát|giám sát vận hành|giải quyết vấn đề kỹ thuật|khả năng thích ứng|kỹ năng máy tính|làm việc nhóm|lắng nghe tích cực|phân tích dữ liệu|phân tích kiểm soát chất lượng|quản lý thời gian|tư duy logic|tư duy phản biện|đọc hiểu,"[0.917, 0.439, 0.143, 0.159, 0.207, 0.734]",Sản xuất|chú ý đến chi tiết|giao tiếp|giám sát|giám sát vận hành|giải quyết vấn đề kỹ thuật|khả năng thích ứng|kỹ năng máy tính|làm việc nhóm|lắng nghe tích cực|phân tích dữ liệu|phân tích kiểm soát chất lượng|quản lý thời gian|tư duy logic|tư duy phản biện|đọc hiểu
51-9151.00,Công nhân quá trình chụp ảnh và người vận hành máy chế biến,Thực hiện công việc liên quan đến việc phát triển và xử lý hình ảnh chụp ảnh từ phim hoặc phương tiện kỹ thuật số. Có thể thực hiện các nhiệm vụ chính xác như chỉnh sửa ảnh âm và in ấn.,Sản xuất|bị khởi động và điều khiển|giao tiếp|giao tiếp nói|giám sát|giám sát vận hành|giải quyết vấn đề phức tạp|khả năng thích ứng|làm việc nhóm|lắng nghe tích cực|nhạy bén xã hội|phán đoán & ra quyết định|phân tích kiểm soát chất lượng|quản lý thời gian|tư duy phản biện|định hướng dịch vụ|đọc hiểu,"[0.767, 0.287, 0.45, 0.164, 0.186, 0.747]",Sản xuất|bị khởi động và điều khiển|giao tiếp|giao tiếp nói|giám sát|giám sát vận hành|giải quyết vấn đề phức tạp|khả năng thích ứng|làm việc nhóm|lắng nghe tích cực|nhạy bén xã hội|phán đoán & ra quyết định|phân tích kiểm soát chất lượng|quản lý thời gian|tư duy phản biện|định hướng dịch vụ|đọc hiểu
51-9161.00,Máy vận hành công cụ kiểm soát số bằng máy tính,"Sử dụng công cụ, máy móc hoặc robot được điều khiển bằng máy tính để chế tạo hoặc xử lý các bộ phận, công cụ hoặc các công cụ khác được làm bằng kim loại, nhựa, gỗ, đá hoặc các vật liệu khác.",Sản xuất|bảo trì thiết bị|bị khởi động và điều khiển|chú ý đến chi tiết|giao tiếp|giao tiếp nói|giám sát|giám sát vận hành|giải quyết vấn đề kỹ thuật|giải quyết vấn đề phức tạp|khả năng thích ứng|kỹ năng máy tính|làm việc nhóm|lắng nghe tích cực|phân tích dữ liệu|phân tích kiểm soát chất lượng|quản lý thời gian|troubleshooting|tư duy logic|tư duy phản biện|đọc hiểu,"[0.914, 0.403, 0.163, 0.143, 0.204, 0.777]",Sản xuất|bảo trì thiết bị|bị khởi động và điều khiển|chú ý đến chi tiết|giao tiếp|giao tiếp nói|giám sát|giám sát vận hành|giải quyết vấn đề kỹ thuật|giải quyết vấn đề phức tạp|khả năng thích ứng|kỹ năng máy tính|làm việc nhóm|lắng nghe tích cực|phân tích dữ liệu|phân tích kiểm soát chất lượng|quản lý thời gian|troubleshooting|tư duy logic|tư duy phản biện|đọc hiểu
51-9162.00,Các trình lập trình công cụ điều khiển số bằng máy tính,"Phát triển các chương trình để kiểm soát máy móc hoặc chế biến vật liệu bằng máy công cụ, thiết bị hoặc hệ thống tự động.",Sản xuất|bị khởi động và điều khiển|chú ý đến chi tiết|giao tiếp|giám sát|giám sát vận hành|giải quyết vấn đề kỹ thuật|giải quyết vấn đề phức tạp|học chủ động|khả năng thích ứng|kỹ năng máy tính|làm việc nhóm|lập trình|lắng nghe tích cực|phân tích dữ liệu|phân tích hệ thống|phân tích kiểm soát chất lượng|quản lý thời gian|toán học|tư duy logic|tư duy phản biện|đọc hiểu,"[0.66, 0.54, 0.201, 0.23, 0.244, 0.884]",Sản xuất|bị khởi động và điều khiển|chú ý đến chi tiết|giao tiếp|giám sát|giám sát vận hành|giải quyết vấn đề kỹ thuật|giải quyết vấn đề phức tạp|học chủ động|khả năng thích ứng|kỹ năng máy tính|làm việc nhóm|lập trình|lắng nghe tích cực|phân tích dữ liệu|phân tích hệ thống|phân tích kiểm soát chất lượng|quản lý thời gian|toán học|tư duy logic|tư duy phản biện|đọc hiểu
51-9191.00,Các nhà khai thác và đấu thầu của máy kết nối dán,"Sử dụng hoặc chăm sóc máy kết nối sử dụng chất dán để kết nối các mặt hàng để chế biến thêm hoặc để tạo thành một sản phẩm hoàn chỉnh. Các quy trình này bao gồm kết hợp các tấm veneer thành ván gỗ; dán giấy; hoặc kết hợp cao su và các bộ phận vải cao su, nhựa, da mô phỏng hoặc các vật liệu khác.",Sản xuất|bảo trì thiết bị|bị khởi động và điều khiển|giao tiếp|giao tiếp nói|giám sát|giám sát vận hành|khả năng thích ứng|làm việc nhóm|lắng nghe tích cực|phân tích kiểm soát chất lượng|phối hợp|quản lý thời gian|sửa chữa|troubleshooting|tư duy phản biện|đọc hiểu,"[0.934, 0.281, 0.163, 0.143, 0.16, 0.607]",Sản xuất|bảo trì thiết bị|bị khởi động và điều khiển|giao tiếp|giao tiếp nói|giám sát|giám sát vận hành|khả năng thích ứng|làm việc nhóm|lắng nghe tích cực|phân tích kiểm soát chất lượng|phối hợp|quản lý thời gian|sửa chữa|troubleshooting|tư duy phản biện|đọc hiểu
51-9192.00,"Các nhà khai thác và đấu thầu thiết bị làm sạch, giặt, và nhặt kim loại","Sử dụng hoặc xử lý máy giặt hoặc làm sạch các sản phẩm, chẳng hạn như thùng hoặc thùng, đồ thủy tinh, tấm vỏ, thực phẩm, bột, than, nhựa hoặc cao su, để loại bỏ tạp chất.",Sản xuất|bị khởi động và điều khiển|giao tiếp|giám sát|giám sát vận hành|khả năng thích ứng|làm việc nhóm|quản lý thời gian|tư duy phản biện,"[1.0, 0.253, 0.143, 0.143, 0.143, 0.636]",Sản xuất|bị khởi động và điều khiển|giao tiếp|giám sát|giám sát vận hành|khả năng thích ứng|làm việc nhóm|quản lý thời gian|tư duy phản biện
51-9193.00,Các nhà khai thác thiết bị làm mát và đóng băng và thầu,"Sử dụng hoặc chăm sóc các thiết bị như các đơn vị làm mát và đông lạnh, tủ lạnh, máy đóng băng hàng loạt và đường hầm đóng băng, để làm mát hoặc đóng băng các sản phẩm, thực phẩm, huyết tương và hóa chất.",Sản xuất|bảo trì thiết bị|bị khởi động và điều khiển|giao tiếp|giao tiếp nói|giám sát|giám sát vận hành|giải quyết vấn đề phức tạp|học chủ động|khả năng thích ứng|làm việc nhóm|phán đoán & ra quyết định|phân tích kiểm soát chất lượng|quản lý thời gian|sửa chữa|troubleshooting|tư duy phản biện|đọc hiểu,"[1.0, 0.34, 0.143, 0.194, 0.147, 0.639]",Sản xuất|bảo trì thiết bị|bị khởi động và điều khiển|giao tiếp|giao tiếp nói|giám sát|giám sát vận hành|giải quyết vấn đề phức tạp|học chủ động|khả năng thích ứng|làm việc nhóm|phán đoán & ra quyết định|phân tích kiểm soát chất lượng|quản lý thời gian|sửa chữa|troubleshooting|tư duy phản biện|đọc hiểu
51-9194.00,Nhà khắc và nhà khắc,"Bao gồm các công nhân như bộ xử lý mạch etcher, máy khắc pantograph và máy khắc màn hình lụa.",Sản xuất|bị khởi động và điều khiển|giao tiếp|giao tiếp nói|giám sát|giám sát vận hành|khả năng thích ứng|làm việc nhóm|lắng nghe tích cực|phân tích kiểm soát chất lượng|quản lý thời gian|tư duy phản biện|đọc hiểu,"[0.974, 0.361, 0.466, 0.186, 0.143, 0.511]",Sản xuất|bị khởi động và điều khiển|giao tiếp|giao tiếp nói|giám sát|giám sát vận hành|khả năng thích ứng|làm việc nhóm|lắng nghe tích cực|phân tích kiểm soát chất lượng|quản lý thời gian|tư duy phản biện|đọc hiểu
51-9195.00,"Máy giáp, hình dạng và đá, ngoại trừ kim loại và nhựa","Các sản phẩm nấm, hình dạng, hình thành, đúc hoặc chạm khắc như các sản phẩm thực phẩm, hình tượng, gạch, ống và nến bao gồm đất sét, kính, gips, bê tông, đá hoặc kết hợp vật liệu.",Sản xuất|bị khởi động và điều khiển|giao tiếp|khả năng thích ứng|làm việc nhóm|quản lý thời gian|tư duy phản biện,"[0.946, 0.321, 0.306, 0.143, 0.143, 0.613]",Sản xuất|bị khởi động và điều khiển|giao tiếp|khả năng thích ứng|làm việc nhóm|quản lý thời gian|tư duy phản biện
51-9195.03,"Máy cắt và khắc đá, sản xuất",Bắt hoặc khắc đá theo sơ đồ và mô hình.,Sản xuất|giao tiếp|khả năng thích ứng|làm việc nhóm|lắng nghe tích cực|phán đoán & ra quyết định|quản lý thời gian|tư duy phản biện,"[1.0, 0.25, 0.541, 0.177, 0.143, 0.494]",Sản xuất|giao tiếp|khả năng thích ứng|làm việc nhóm|lắng nghe tích cực|phán đoán & ra quyết định|quản lý thời gian|tư duy phản biện
51-9195.04,"Máy thổi thủy tinh, máy nếp nhăn, máy nghiền và máy kết thúc",Hình dạng thủy tinh nóng chảy theo các mẫu.,Sản xuất|bị khởi động và điều khiển|giao tiếp|giám sát|giám sát vận hành|khả năng thích ứng|làm việc nhóm|lắng nghe tích cực|phân tích kiểm soát chất lượng|quản lý thời gian|tư duy phản biện|đọc hiểu,"[0.967, 0.351, 0.219, 0.161, 0.214, 0.677]",Sản xuất|bị khởi động và điều khiển|giao tiếp|giám sát|giám sát vận hành|khả năng thích ứng|làm việc nhóm|lắng nghe tích cực|phân tích kiểm soát chất lượng|quản lý thời gian|tư duy phản biện|đọc hiểu
51-9195.05,"Tàu gốm, Sản xuất","Sử dụng các máy sản xuất như máy đúc, máy giật, hoặc bánh xe gốm để xử lý đất sét trong việc sản xuất đồ xốm, đồ gạo và đồ đá.",Sản xuất|bị khởi động và điều khiển|giao tiếp|giám sát|giám sát vận hành|khả năng thích ứng|làm việc nhóm|lắng nghe tích cực|quản lý thời gian|tư duy phản biện,"[0.997, 0.234, 0.324, 0.144, 0.18, 0.504]",Sản xuất|bị khởi động và điều khiển|giao tiếp|giám sát|giám sát vận hành|khả năng thích ứng|làm việc nhóm|lắng nghe tích cực|quản lý thời gian|tư duy phản biện
51-9196.00,"Máy thiết lập, người vận hành và đấu thầu","Thiết lập, vận hành hoặc chăm sóc các máy sản phẩm giấy có nhiều chức năng khác nhau, chẳng hạn như chuyển đổi, đúc, lăn, bọc, đóng hộp, đan xen, hình thành hoặc đóng dấu các tấm giấy hoặc vỏ giấy thành sản phẩm.",Sản xuất|bị khởi động và điều khiển|giao tiếp|giao tiếp nói|giám sát|giám sát vận hành|khả năng thích ứng|làm việc nhóm|lắng nghe tích cực|phân tích kiểm soát chất lượng|quản lý thời gian|tư duy phản biện,"[0.933, 0.246, 0.18, 0.143, 0.207, 0.649]",Sản xuất|bị khởi động và điều khiển|giao tiếp|giao tiếp nói|giám sát|giám sát vận hành|khả năng thích ứng|làm việc nhóm|lắng nghe tích cực|phân tích kiểm soát chất lượng|quản lý thời gian|tư duy phản biện
51-9197.00,Nhà sản xuất lốp xe,Máy vận hành để chế tạo lốp xe.,Sản xuất|bị khởi động và điều khiển|giao tiếp|giám sát|giám sát vận hành|khả năng thích ứng|làm việc nhóm|lắng nghe tích cực|quản lý thời gian|tư duy phản biện,"[1.0, 0.329, 0.143, 0.157, 0.143, 0.541]",Sản xuất|bị khởi động và điều khiển|giao tiếp|giám sát|giám sát vận hành|khả năng thích ứng|làm việc nhóm|lắng nghe tích cực|quản lý thời gian|tư duy phản biện
51-9198.00,Những người giúp đỡ - Công nhân sản xuất,Giúp nhân viên sản xuất bằng cách thực hiện các nhiệm vụ đòi hỏi ít kỹ năng hơn.,giao tiếp|khả năng thích ứng|làm việc nhóm|quản lý thời gian|tư duy phản biện,"[0.93, 0.157, 0.173, 0.24, 0.243, 0.594]",giao tiếp|khả năng thích ứng|làm việc nhóm|quản lý thời gian|tư duy phản biện
51-9199.00,"Production Workers, Khác",Thực hiện các nhiệm vụ đa dạng không được bao gồm trong các danh mục nghề nghiệp cụ thể khác trong lĩnh vực này.,Khác|Tổng quát|giao tiếp|khác|khả năng thích ứng|làm việc nhóm|quản lý thời gian|tư duy phản biện|tổng quát|đa dạng,"[0.947, 0.305, 0.246, 0.189, 0.203, 0.631]",Khác|Tổng quát|giao tiếp|khác|khả năng thích ứng|làm việc nhóm|quản lý thời gian|tư duy phản biện|tổng quát|đa dạng
53-1041.00,Các giám sát viên xử lý hàng hóa máy bay,"Giám sát và phối hợp các hoạt động của thủy thủ đoàn mặt đất trong việc tải, thả, bảo mật và sắp xếp hàng hóa hoặc hành lý máy bay. Có thể xác định số lượng và định hướng của hàng hóa và tính trung tâm trọng lực của máy bay. Có thể đi cùng máy bay như một thành viên thủy thủ đoàn bay và giám sát và xử lý hàng hóa trong chuyến bay, và hỗ trợ và thông báo cho hành khách về các thủ tục an toàn và khẩn cấp. Bao gồm cả người quản lý hàng hóa.",Vận tải/Kho vận|chiến lược học tập|giao tiếp|giao tiếp nói|giám sát|khả năng thích ứng|làm việc nhóm|lắng nghe tích cực|nhạy bén xã hội|phán đoán & ra quyết định|phối hợp|quản lý nguồn nhân lực|quản lý thời gian|tư duy phản biện|viết|đọc hiểu,"[0.657, 0.313, 0.143, 0.353, 0.767, 0.684]",Vận tải/Kho vận|chiến lược học tập|giao tiếp|giao tiếp nói|giám sát|khả năng thích ứng|làm việc nhóm|lắng nghe tích cực|nhạy bén xã hội|phán đoán & ra quyết định|phối hợp|quản lý nguồn nhân lực|quản lý thời gian|tư duy phản biện|viết|đọc hiểu
53-1042.00,"Người giám sát hàng đầu của những người giúp đỡ, lao động và người di chuyển vật liệu, tay","Quản lý trực tiếp và phối hợp các hoạt động của những người trợ giúp, lao động, hoặc vận chuyển vật liệu, tay.",Vận tải/Kho vận|chiến lược học tập|giao tiếp|giao tiếp nói|giám sát|giải quyết vấn đề phức tạp|khả năng thích ứng|làm việc nhóm|lắng nghe tích cực|nhạy bén xã hội|phối hợp|quản lý nguồn nhân lực|quản lý thời gian|tư duy phản biện|viết|đọc hiểu,"[0.584, 0.177, 0.143, 0.506, 0.843, 0.716]",Vận tải/Kho vận|chiến lược học tập|giao tiếp|giao tiếp nói|giám sát|giải quyết vấn đề phức tạp|khả năng thích ứng|làm việc nhóm|lắng nghe tích cực|nhạy bén xã hội|phối hợp|quản lý nguồn nhân lực|quản lý thời gian|tư duy phản biện|viết|đọc hiểu
53-1042.01,Các bộ điều phối tái chế,Giám sát các chương trình tái chế bên đường và giảm cho các chính quyền đô thị hoặc các công ty tư nhân.,Vận tải/Kho vận|giao tiếp|giao tiếp nói|giám sát|khả năng thích ứng|làm việc nhóm|lắng nghe tích cực|nhạy bén xã hội|phán đoán & ra quyết định|phối hợp|quản lý nguồn nhân lực|quản lý thời gian|thuyết phục|tư duy phản biện|viết|đọc hiểu,"[0.571, 0.321, 0.143, 0.481, 0.681, 0.653]",Vận tải/Kho vận|giao tiếp|giao tiếp nói|giám sát|khả năng thích ứng|làm việc nhóm|lắng nghe tích cực|nhạy bén xã hội|phán đoán & ra quyết định|phối hợp|quản lý nguồn nhân lực|quản lý thời gian|thuyết phục|tư duy phản biện|viết|đọc hiểu
53-1043.00,Người giám sát hàng đầu của các nhà khai thác máy di chuyển vật liệu và phương tiện,Giám sát trực tiếp và phối hợp các hoạt động của người vận hành máy vận chuyển vật liệu và xe và trợ lý.,Vận tải/Kho vận|giao tiếp|giao tiếp nói|giám sát|khả năng thích ứng|làm việc nhóm|lắng nghe tích cực|nhạy bén xã hội|phán đoán & ra quyết định|phối hợp|quản lý nguồn nhân lực|quản lý thời gian|tư duy phản biện|viết|đọc hiểu,"[0.711, 0.257, 0.143, 0.341, 0.716, 0.7]",Vận tải/Kho vận|giao tiếp|giao tiếp nói|giám sát|khả năng thích ứng|làm việc nhóm|lắng nghe tích cực|nhạy bén xã hội|phán đoán & ra quyết định|phối hợp|quản lý nguồn nhân lực|quản lý thời gian|tư duy phản biện|viết|đọc hiểu
53-1044.00,Người giám sát hàng đầu của nhân viên hành khách,Giám sát và phối hợp các hoạt động của nhân viên hộ tống hành khách.,giao tiếp|khả năng thích ứng|làm việc nhóm|quản lý thời gian|tư duy phản biện,"[0.371, 0.15, 0.143, 0.583, 0.931, 0.747]",giao tiếp|khả năng thích ứng|làm việc nhóm|quản lý thời gian|tư duy phản biện
53-2011.00,"Các phi công, phi công đồng hành và kỹ sư bay","Chuyến bay và điều khiển chuyến bay của máy bay cánh cố định, thường trên các tuyến đường của hãng hàng không theo lịch trình, cho việc vận chuyển hành khách và hàng hóa. yêu cầu giấy chứng nhận vận tải hàng không liên bang và cấp phép cho loại máy bay cụ thể được sử dụng. Bao gồm phi công hàng không khu vực, quốc gia và quốc tế và huấn luyện viên bay của phi công máy bay.",Vận tải/Kho vận|bị khởi động và điều khiển|giao tiếp|giao tiếp nói|giám sát|giám sát vận hành|hướng dẫn|học chủ động|khả năng thích ứng|làm việc nhóm|lắng nghe tích cực|phán đoán & ra quyết định|quản lý thời gian|tư duy phản biện|đọc hiểu,"[0.677, 0.453, 0.204, 0.356, 0.541, 0.67]",Vận tải/Kho vận|bị khởi động và điều khiển|giao tiếp|giao tiếp nói|giám sát|giám sát vận hành|hướng dẫn|học chủ động|khả năng thích ứng|làm việc nhóm|lắng nghe tích cực|phán đoán & ra quyết định|quản lý thời gian|tư duy phản biện|đọc hiểu
53-2012.00,Các thí điểm thương mại,"Chuyến bay và điều khiển chuyến bay của máy bay cánh cố định trên các tuyến đường không theo lịch trình của các hãng hàng không, hoặc trực thăng. Cần chứng chỉ phi công thương mại. Bao gồm phi công thuê bao có chứng chỉ tương tự, và phi công xe cứu thương hàng không và chuyến bay hàng không. Không bao gồm phi công hàng không khu vực, quốc gia và quốc tế.",Vận tải/Kho vận|bị khởi động và điều khiển|giao tiếp|giao tiếp nói|giám sát|giám sát vận hành|giải quyết vấn đề phức tạp|học chủ động|khả năng thích ứng|làm việc nhóm|lắng nghe tích cực|phán đoán & ra quyết định|quản lý thời gian|tư duy phản biện|đọc hiểu,"[0.691, 0.374, 0.169, 0.369, 0.554, 0.654]",Vận tải/Kho vận|bị khởi động và điều khiển|giao tiếp|giao tiếp nói|giám sát|giám sát vận hành|giải quyết vấn đề phức tạp|học chủ động|khả năng thích ứng|làm việc nhóm|lắng nghe tích cực|phán đoán & ra quyết định|quản lý thời gian|tư duy phản biện|đọc hiểu
53-2021.00,Bộ điều khiển giao thông hàng không,"Kiểm soát lưu lượng hàng không trên và trong khu vực gần sân bay, và chuyển động lưu lượng máy bay giữa các khu vực độ cao và các trung tâm kiểm soát, theo các thủ tục và chính sách được thiết lập. Quyền, quy định và kiểm soát các chuyến bay của hãng hàng không thương mại theo quy định của chính phủ hoặc công ty để tăng tốc và đảm bảo an toàn bay.",Vận tải/Kho vận|giao tiếp|giao tiếp nói|giám sát|giải quyết vấn đề phức tạp|học chủ động|khả năng thích ứng|làm việc nhóm|lắng nghe tích cực|phán đoán & ra quyết định|phối hợp|quản lý thời gian|tư duy phản biện|đọc hiểu,"[0.677, 0.361, 0.143, 0.377, 0.601, 0.691]",Vận tải/Kho vận|giao tiếp|giao tiếp nói|giám sát|giải quyết vấn đề phức tạp|học chủ động|khả năng thích ứng|làm việc nhóm|lắng nghe tích cực|phán đoán & ra quyết định|phối hợp|quản lý thời gian|tư duy phản biện|đọc hiểu
53-2022.00,Các chuyên gia hoạt động sân bay,"Đảm bảo khởi động và hạ cánh an toàn của máy bay thương mại và quân sự. Các nhiệm vụ bao gồm phối hợp giữa nhân viên kiểm soát và bảo trì giao thông hàng không, vận chuyển, sử dụng các tiện ích hạ cánh và điều hướng, thực hiện các thủ tục an toàn sân bay, giám sát và duy trì hồ sơ bay, và áp dụng kiến thức về thông tin thời tiết.",Vận tải/Kho vận|giao tiếp|giao tiếp nói|giám sát|giải quyết vấn đề phức tạp|hướng dẫn|học chủ động|khả năng thích ứng|làm việc nhóm|lắng nghe tích cực|phán đoán & ra quyết định|phối hợp|quản lý thời gian|tư duy phản biện|viết|đọc hiểu,"[0.676, 0.501, 0.143, 0.356, 0.64, 0.719]",Vận tải/Kho vận|giao tiếp|giao tiếp nói|giám sát|giải quyết vấn đề phức tạp|hướng dẫn|học chủ động|khả năng thích ứng|làm việc nhóm|lắng nghe tích cực|phán đoán & ra quyết định|phối hợp|quản lý thời gian|tư duy phản biện|viết|đọc hiểu
53-2031.00,Các trợ lý bay,"Kiểm tra an toàn của cabin máy bay. Cung cấp dịch vụ cho hành khách máy bay, giải thích thông tin an toàn, phục vụ thức ăn và đồ uống, và đáp ứng các sự cố khẩn cấp.",Vận tải/Kho vận|giao tiếp|giao tiếp nói|giám sát|học chủ động|khả năng thích ứng|làm việc nhóm|lắng nghe tích cực|nhạy bén xã hội|phối hợp|quản lý thời gian|tư duy phản biện|viết|định hướng dịch vụ|đọc hiểu,"[0.613, 0.289, 0.154, 0.586, 0.496, 0.653]",Vận tải/Kho vận|giao tiếp|giao tiếp nói|giám sát|học chủ động|khả năng thích ứng|làm việc nhóm|lắng nghe tích cực|nhạy bén xã hội|phối hợp|quản lý thời gian|tư duy phản biện|viết|định hướng dịch vụ|đọc hiểu
53-3011.00,"Tài xế xe cứu thương và nhân viên chăm sóc, ngoại trừ các kỹ thuật viên y tế khẩn cấp","Đưa xe cứu thương hoặc hỗ trợ cho người lái xe đưa người bệnh, người bị thương hoặc người hồi phục.",Vận tải/Kho vận|bị khởi động và điều khiển|chú ý đến chi tiết|chăm sóc bệnh nhân|giao tiếp|giao tiếp nói|giao tiếp với bệnh nhân|giám sát|giải quyết vấn đề kỹ thuật|hướng dẫn|học chủ động|khả năng thích ứng|kỹ năng máy tính|làm việc dưới áp lực|làm việc nhóm|lắng nghe tích cực|nhạy bén xã hội|phán đoán & ra quyết định|phân tích dữ liệu|phối hợp|quản lý thời gian|tư duy logic|tư duy phản biện|định hướng dịch vụ|đọc hiểu|đồng cảm,"[0.911, 0.361, 0.143, 0.661, 0.22, 0.513]",Vận tải/Kho vận|bị khởi động và điều khiển|chú ý đến chi tiết|chăm sóc bệnh nhân|giao tiếp|giao tiếp nói|giao tiếp với bệnh nhân|giám sát|giải quyết vấn đề kỹ thuật|hướng dẫn|học chủ động|khả năng thích ứng|kỹ năng máy tính|làm việc dưới áp lực|làm việc nhóm|lắng nghe tích cực|nhạy bén xã hội|phán đoán & ra quyết định|phân tích dữ liệu|phối hợp|quản lý thời gian|tư duy logic|tư duy phản biện|định hướng dịch vụ|đọc hiểu|đồng cảm
53-3031.00,Người lái xe/người bán hàng,"Chuyển xe tải hoặc phương tiện khác trên các tuyến đường được thiết lập hoặc trong một lãnh thổ được xác định và bán hoặc giao hàng hàng hóa, chẳng hạn như các sản phẩm thực phẩm, bao gồm các mặt hàng lấy ra tại nhà hàng, hoặc thu hoặc chuyển hàng hóa như quần áo thương mại. Cũng có thể nhận đơn đặt hàng, thu tiền thanh toán hoặc lưu trữ hàng hóa tại điểm giao hàng.",Vận tải/Kho vận|giao tiếp|giao tiếp khách hàng|giao tiếp nói|giải quyết vấn đề phức tạp|khả năng thích ứng|kỹ năng bán hàng|làm việc nhóm|lắng nghe tích cực|nhạy bén xã hội|quản lý thời gian|thuyết phục|tư duy phản biện|viết|xây dựng mối quan hệ|đàm phán|định hướng dịch vụ|đọc hiểu,"[0.807, 0.143, 0.143, 0.351, 0.491, 0.631]",Vận tải/Kho vận|giao tiếp|giao tiếp khách hàng|giao tiếp nói|giải quyết vấn đề phức tạp|khả năng thích ứng|kỹ năng bán hàng|làm việc nhóm|lắng nghe tích cực|nhạy bén xã hội|quản lý thời gian|thuyết phục|tư duy phản biện|viết|xây dựng mối quan hệ|đàm phán|định hướng dịch vụ|đọc hiểu
53-3032.00,Tài xế xe tải nặng và xe kéo,"Cụ thể, người lái xe có thể phải có giấy phép lái xe thương mại, bao gồm cả lái xe kéo.",Vận tải/Kho vận|bị khởi động và điều khiển|giao tiếp|giao tiếp nói|giám sát|giám sát vận hành|khả năng thích ứng|làm việc nhóm|lắng nghe tích cực|quản lý thời gian|troubleshooting|tư duy phản biện|đọc hiểu,"[1.0, 0.276, 0.143, 0.189, 0.19, 0.624]",Vận tải/Kho vận|bị khởi động và điều khiển|giao tiếp|giao tiếp nói|giám sát|giám sát vận hành|khả năng thích ứng|làm việc nhóm|lắng nghe tích cực|quản lý thời gian|troubleshooting|tư duy phản biện|đọc hiểu
53-3033.00,Các tài xế xe tải nhẹ,"Quay một chiếc xe hơi nhẹ, chẳng hạn như xe tải hoặc xe tải, với dung lượng dưới 26.001 pound Gross Vehicle Weight (GVW), chủ yếu để lấy hàng hóa hoặc gói hàng từ một trung tâm phân phối và giao hàng. Có thể tải và thả xe.",Vận tải/Kho vận|bị khởi động và điều khiển|giao tiếp|giao tiếp nói|giám sát|khả năng thích ứng|làm việc nhóm|lắng nghe tích cực|quản lý thời gian|tư duy phản biện|đọc hiểu,"[0.95, 0.206, 0.143, 0.204, 0.329, 0.65]",Vận tải/Kho vận|bị khởi động và điều khiển|giao tiếp|giao tiếp nói|giám sát|khả năng thích ứng|làm việc nhóm|lắng nghe tích cực|quản lý thời gian|tư duy phản biện|đọc hiểu
53-3051.00,"Tài xế xe buýt, trường học","lái xe xe buýt học để vận chuyển học sinh, đảm bảo tuân thủ các quy tắc an toàn, có thể giúp học sinh lên xe hoặc ra khỏi xe.",Vận tải/Kho vận|giao tiếp|giao tiếp nói|giám sát|giám sát vận hành|khả năng thích ứng|làm việc nhóm|lắng nghe tích cực|nhạy bén xã hội|phối hợp|quản lý thời gian|tư duy phản biện|định hướng dịch vụ|đọc hiểu,"[0.806, 0.229, 0.177, 0.626, 0.309, 0.656]",Vận tải/Kho vận|giao tiếp|giao tiếp nói|giám sát|giám sát vận hành|khả năng thích ứng|làm việc nhóm|lắng nghe tích cực|nhạy bén xã hội|phối hợp|quản lý thời gian|tư duy phản biện|định hướng dịch vụ|đọc hiểu
53-3052.00,"Tài xế xe buýt, giao thông và giao thông giữa các thành phố","Đưa xe buýt hoặc xe ô tô, bao gồm các hoạt động tuyến đường thường xuyên, thuê xe và vận chuyển riêng. Có thể hỗ trợ hành lý của hành khách. có thể thu phí hoặc vé.",Vận tải/Kho vận|bị khởi động và điều khiển|giao tiếp|giao tiếp nói|giám sát|giám sát vận hành|khả năng thích ứng|làm việc nhóm|lắng nghe tích cực|nhạy bén xã hội|quản lý thời gian|tư duy phản biện|định hướng dịch vụ,"[0.841, 0.143, 0.143, 0.523, 0.407, 0.633]",Vận tải/Kho vận|bị khởi động và điều khiển|giao tiếp|giao tiếp nói|giám sát|giám sát vận hành|khả năng thích ứng|làm việc nhóm|lắng nghe tích cực|nhạy bén xã hội|quản lý thời gian|tư duy phản biện|định hướng dịch vụ
53-3053.00,Tài xế và tài xế tàu chở,Quay một phương tiện động cơ để vận chuyển hành khách theo kế hoạch hoặc theo lịch trình. Có thể thu phí. Bao gồm các vận chuyển viên y tế không khẩn cấp và tài xế xe chết.,Vận tải/Kho vận|bị khởi động và điều khiển|giao tiếp|giao tiếp nói|giám sát|giám sát vận hành|khả năng thích ứng|làm việc nhóm|lắng nghe tích cực|nhạy bén xã hội|quản lý thời gian|tư duy phản biện|định hướng dịch vụ,"[0.919, 0.143, 0.143, 0.439, 0.314, 0.596]",Vận tải/Kho vận|bị khởi động và điều khiển|giao tiếp|giao tiếp nói|giám sát|giám sát vận hành|khả năng thích ứng|làm việc nhóm|lắng nghe tích cực|nhạy bén xã hội|quản lý thời gian|tư duy phản biện|định hướng dịch vụ
53-3054.00,Các tài xế taxi,"Đi xe hơi để vận chuyển hành khách một cách không có kế hoạch và tính phí, thường dựa trên một máy đo.",giao tiếp|khả năng thích ứng|làm việc nhóm|quản lý thời gian|tư duy phản biện,"[0.821, 0.16, 0.143, 0.397, 0.354, 0.687]",giao tiếp|khả năng thích ứng|làm việc nhóm|quản lý thời gian|tư duy phản biện
53-4011.00,Kỹ sư động cơ,"Động cơ vận chuyển điện, diesel, hơi nước hoặc gas-turbine- điện để vận chuyển hành khách hoặc hàng hóa.",Vận tải/Kho vận|bị khởi động và điều khiển|giao tiếp|giao tiếp nói|giám sát|giám sát vận hành|giải quyết vấn đề phức tạp|học chủ động|khả năng thích ứng|làm việc nhóm|lắng nghe tích cực|phán đoán & ra quyết định|quản lý thời gian|tư duy phản biện|viết|đọc hiểu,"[0.966, 0.493, 0.143, 0.277, 0.303, 0.65]",Vận tải/Kho vận|bị khởi động và điều khiển|giao tiếp|giao tiếp nói|giám sát|giám sát vận hành|giải quyết vấn đề phức tạp|học chủ động|khả năng thích ứng|làm việc nhóm|lắng nghe tích cực|phán đoán & ra quyết định|quản lý thời gian|tư duy phản biện|viết|đọc hiểu
53-4013.00,"Các kỹ sư sân tàu, các nhà khai thác và nhà nghỉ","Động cơ chuyển động hoặc động cơ động cơ khác trong sân đường sắt, nhà máy công nghiệp, mỏ đá, dự án xây dựng hoặc địa điểm tương tự.",Vận tải/Kho vận|bị khởi động và điều khiển|giao tiếp|giao tiếp nói|giám sát|giám sát vận hành|giải quyết vấn đề phức tạp|khả năng thích ứng|làm việc nhóm|lắng nghe tích cực|phán đoán & ra quyết định|phân tích kiểm soát chất lượng|phối hợp|quản lý thời gian|troubleshooting|tư duy phản biện|đọc hiểu,"[1.0, 0.33, 0.143, 0.23, 0.273, 0.603]",Vận tải/Kho vận|bị khởi động và điều khiển|giao tiếp|giao tiếp nói|giám sát|giám sát vận hành|giải quyết vấn đề phức tạp|khả năng thích ứng|làm việc nhóm|lắng nghe tích cực|phán đoán & ra quyết định|phân tích kiểm soát chất lượng|phối hợp|quản lý thời gian|troubleshooting|tư duy phản biện|đọc hiểu
53-4022.00,"Máy phanh, tín hiệu và chuyển đổi đường sắt và máy bắn động cơ","Máy vận hành hoặc giám sát các công cụ chuyển đổi đường sắt hoặc động cơ. Có thể kết hợp hoặc giải ghép vật liệu treo để làm lại hoặc phá vỡ tàu. Nhìn và truyền tín hiệu giao thông. Có thể kiểm tra các cáp kết nối, ống dẫn khí, hộp nhật ký và phanh tay. Có thể quan sát để kéo thiết bị hoặc trở ngại trên quyền đi đường.",Vận tải/Kho vận|bị khởi động và điều khiển|giao tiếp|giám sát|giám sát vận hành|khả năng thích ứng|làm việc nhóm|lắng nghe tích cực|nhạy bén xã hội|phán đoán & ra quyết định|phối hợp|quản lý thời gian|tư duy phản biện|đọc hiểu,"[1.0, 0.297, 0.143, 0.173, 0.204, 0.604]",Vận tải/Kho vận|bị khởi động và điều khiển|giao tiếp|giám sát|giám sát vận hành|khả năng thích ứng|làm việc nhóm|lắng nghe tích cực|nhạy bén xã hội|phán đoán & ra quyết định|phối hợp|quản lý thời gian|tư duy phản biện|đọc hiểu
53-4031.00,Các nhà điều khiển đường sắt và chủ sân,"Điều phối các hoạt động của thủy thủ đoàn chuyển động trong sân tàu, nhà máy công nghiệp hoặc địa điểm tương tự. Các người điều khiển phối hợp các hoạt động của thủy thủ đoàn trên tàu chở khách hoặc hàng hóa. Các chủ sân xem xét lịch trình tàu và các lệnh chuyển đổi và phối hợp các hoạt động của công nhân tham gia vào hoạt động giao thông đường sắt, chẳng hạn như cấu trúc hoặc phá vỡ tàu và chuyển đổi sân.",Vận tải/Kho vận|bị khởi động và điều khiển|giao tiếp|giao tiếp nói|giám sát|giám sát vận hành|giải quyết vấn đề phức tạp|khả năng thích ứng|làm việc nhóm|lắng nghe tích cực|phán đoán & ra quyết định|phối hợp|quản lý nguồn nhân lực|quản lý thời gian|tư duy phản biện|đọc hiểu,"[0.829, 0.281, 0.143, 0.264, 0.539, 0.696]",Vận tải/Kho vận|bị khởi động và điều khiển|giao tiếp|giao tiếp nói|giám sát|giám sát vận hành|giải quyết vấn đề phức tạp|khả năng thích ứng|làm việc nhóm|lắng nghe tích cực|phán đoán & ra quyết định|phối hợp|quản lý nguồn nhân lực|quản lý thời gian|tư duy phản biện|đọc hiểu
53-4041.00,Các nhà khai thác tàu điện ngầm và xe điện,"Sử dụng tàu điện ngầm hoặc tàu ngoại ô cao cấp mà không có động cơ riêng biệt, hoặc xe điện chạy bằng điện, để vận chuyển hành khách. Có thể xử lý vé.",Vận tải/Kho vận|bị khởi động và điều khiển|giao tiếp|giao tiếp nói|giám sát|giám sát vận hành|giải quyết vấn đề phức tạp|học chủ động|khả năng thích ứng|làm việc nhóm|lắng nghe tích cực|nhạy bén xã hội|phán đoán & ra quyết định|phối hợp|quản lý thời gian|tư duy phản biện|định hướng dịch vụ|đọc hiểu,"[0.896, 0.189, 0.143, 0.384, 0.317, 0.62]",Vận tải/Kho vận|bị khởi động và điều khiển|giao tiếp|giao tiếp nói|giám sát|giám sát vận hành|giải quyết vấn đề phức tạp|học chủ động|khả năng thích ứng|làm việc nhóm|lắng nghe tích cực|nhạy bén xã hội|phán đoán & ra quyết định|phối hợp|quản lý thời gian|tư duy phản biện|định hướng dịch vụ|đọc hiểu
53-5011.00,Các thủy thủ và thủy thủ dầu mỏ,"Hãy đứng canh chừng để tìm ra những chướng ngại vật trong con tàu, đo độ sâu nước, quay bánh xe trên cầu, hoặc sử dụng thiết bị khẩn cấp theo hướng dẫn của thuyền trưởng, phi công hoặc phi công. Tháo ra, trang bị, sửa chữa, và lưu trữ thiết bị xử lý hàng hóa, thiết bị cố định, và thiết bị chạy. Thực hiện một loạt các nhiệm vụ bảo trì để bảo tồn bề mặt sơn của tàu và để duy trì thiết bị tuyến và tàu. Phải có chứng chỉ của chính phủ và chứng chỉ người vận chuyển tàu khi làm việc trên tàu vận chuyển chất lỏng. Bao gồm cả thủy thủ có khả năng và thủy thủ bình thường.",Vận tải/Kho vận|bị khởi động và điều khiển|giao tiếp|giao tiếp nói|giám sát|giám sát vận hành|khả năng thích ứng|làm việc nhóm|lắng nghe tích cực|phân tích kiểm soát chất lượng|phối hợp|quản lý thời gian|sửa chữa|troubleshooting|tư duy phản biện|đọc hiểu,"[0.997, 0.374, 0.143, 0.179, 0.346, 0.564]",Vận tải/Kho vận|bị khởi động và điều khiển|giao tiếp|giao tiếp nói|giám sát|giám sát vận hành|khả năng thích ứng|làm việc nhóm|lắng nghe tích cực|phân tích kiểm soát chất lượng|phối hợp|quản lý thời gian|sửa chữa|troubleshooting|tư duy phản biện|đọc hiểu
53-5021.00,"Các thuyền trưởng, đồng đội và phi công tàu","Chỉ huy hoặc giám sát hoạt động của tàu và tàu thủy, chẳng hạn như tàu kéo và phà.",Vận tải/Kho vận|bị khởi động và điều khiển|giao tiếp|giao tiếp nói|giám sát|giám sát vận hành|học chủ động|khả năng thích ứng|làm việc nhóm|lãnh đạo|lập kế hoạch chiến lược|lắng nghe tích cực|phán đoán & ra quyết định|phối hợp|quản lý dự án|quản lý nguồn nhân lực|quản lý nhóm|quản lý thời gian|ra quyết định|tư duy phản biện|đọc hiểu,"[0.801, 0.377, 0.143, 0.269, 0.604, 0.651]",Vận tải/Kho vận|bị khởi động và điều khiển|giao tiếp|giao tiếp nói|giám sát|giám sát vận hành|học chủ động|khả năng thích ứng|làm việc nhóm|lãnh đạo|lập kế hoạch chiến lược|lắng nghe tích cực|phán đoán & ra quyết định|phối hợp|quản lý dự án|quản lý nguồn nhân lực|quản lý nhóm|quản lý thời gian|ra quyết định|tư duy phản biện|đọc hiểu
53-5022.00,Các nhà khai thác tàu động cơ,"Hoạt động tàu nhỏ có động cơ, có thể hỗ trợ hoạt động hàng hải.",Vận tải/Kho vận|bảo trì thiết bị|bị khởi động và điều khiển|giao tiếp|giao tiếp nói|giám sát|giám sát vận hành|khả năng thích ứng|làm việc nhóm|lắng nghe tích cực|nhạy bén xã hội|phán đoán & ra quyết định|phối hợp|quản lý thời gian|tư duy phản biện|định hướng dịch vụ|đọc hiểu,"[0.933, 0.317, 0.157, 0.269, 0.457, 0.507]",Vận tải/Kho vận|bảo trì thiết bị|bị khởi động và điều khiển|giao tiếp|giao tiếp nói|giám sát|giám sát vận hành|khả năng thích ứng|làm việc nhóm|lắng nghe tích cực|nhạy bén xã hội|phán đoán & ra quyết định|phối hợp|quản lý thời gian|tư duy phản biện|định hướng dịch vụ|đọc hiểu
53-5031.00,Kỹ sư tàu,"Giám sát và phối hợp các hoạt động của thủy thủ đoàn hoạt động và bảo trì động cơ, hầm, máy móc gầm, và thiết bị điện, vệ sinh và tủ lạnh trên tàu.",Vận tải/Kho vận|bảo trì thiết bị|bị khởi động và điều khiển|giao tiếp|giao tiếp nói|giám sát|giám sát vận hành|giải quyết vấn đề phức tạp|khả năng thích ứng|làm việc nhóm|lắng nghe tích cực|quản lý thời gian|sửa chữa|troubleshooting|tư duy phản biện|đọc hiểu,"[0.939, 0.507, 0.143, 0.251, 0.526, 0.671]",Vận tải/Kho vận|bảo trì thiết bị|bị khởi động và điều khiển|giao tiếp|giao tiếp nói|giám sát|giám sát vận hành|giải quyết vấn đề phức tạp|khả năng thích ứng|làm việc nhóm|lắng nghe tích cực|quản lý thời gian|sửa chữa|troubleshooting|tư duy phản biện|đọc hiểu
53-6011.00,Thỏa thuận cầu và khóa,"Hoạt động và chăm sóc cây cầu, khóa kênh đào và ngọn hải đăng để cho phép biển đi qua các con đường thủy nội địa, gần bờ biển và tại các điểm nguy hiểm trong các lối đi đường thủy. Có thể giám sát các hoạt động như vậy. Bao gồm các nhà điều hành cầu kéo, nhà điều khiển khóa, và nhà vận hành cầu trượt.",Vận tải/Kho vận|bị khởi động và điều khiển|giao tiếp|giao tiếp nói|giám sát|giám sát vận hành|khả năng thích ứng|làm việc nhóm|lắng nghe tích cực|phán đoán & ra quyết định|phối hợp|quản lý thời gian|tư duy phản biện,"[0.883, 0.351, 0.143, 0.249, 0.376, 0.623]",Vận tải/Kho vận|bị khởi động và điều khiển|giao tiếp|giao tiếp nói|giám sát|giám sát vận hành|khả năng thích ứng|làm việc nhóm|lắng nghe tích cực|phán đoán & ra quyết định|phối hợp|quản lý thời gian|tư duy phản biện
53-6021.00,Nhân viên đỗ xe,Đậu xe hoặc phát hành vé cho khách hàng tại bãi đậu xe hay xe đỗ xe. Có thể đậu hoặc chăm sóc xe trong môi trường như một đại lý xe hơi hoặc cơ sở thuê xe hơi. có thể thu phí.,Vận tải/Kho vận|giao tiếp|giao tiếp nói|khả năng thích ứng|làm việc nhóm|lắng nghe tích cực|nhạy bén xã hội|quản lý thời gian|tư duy phản biện|định hướng dịch vụ,"[0.827, 0.143, 0.16, 0.433, 0.454, 0.709]",Vận tải/Kho vận|giao tiếp|giao tiếp nói|khả năng thích ứng|làm việc nhóm|lắng nghe tích cực|nhạy bén xã hội|quản lý thời gian|tư duy phản biện|định hướng dịch vụ
53-6031.00,Nhân viên dịch vụ ô tô và tàu thủy,"Xe ô tô, xe buýt, xe tải, thuyền và xe ô tô hoặc xe biển khác với nhiên liệu, chất bôi trơn và phụ kiện. Thu thập tiền thanh toán cho các dịch vụ và hàng hóa. Có thể bôi trơn xe, thay dầu động cơ, bổ sung chất chống đông, hoặc thay thế đèn hoặc phụ kiện khác, chẳng hạn như lưỡi lau kính gió hoặc dây quạt. Có thể sửa chữa hoặc thay thế lốp xe.",Vận tải/Kho vận|bảo trì thiết bị|bị khởi động và điều khiển|giao tiếp|giao tiếp nói|giải quyết vấn đề phức tạp|khả năng thích ứng|làm việc nhóm|lắng nghe tích cực|phán đoán & ra quyết định|phối hợp|quản lý thời gian|sửa chữa|tư duy phản biện|định hướng dịch vụ,"[0.914, 0.189, 0.143, 0.281, 0.307, 0.626]",Vận tải/Kho vận|bảo trì thiết bị|bị khởi động và điều khiển|giao tiếp|giao tiếp nói|giải quyết vấn đề phức tạp|khả năng thích ứng|làm việc nhóm|lắng nghe tích cực|phán đoán & ra quyết định|phối hợp|quản lý thời gian|sửa chữa|tư duy phản biện|định hướng dịch vụ
53-6032.00,Nhân viên phục vụ máy bay,"Máy bay phục vụ với nhiên liệu. Máy máy bay tháo băng, nước lấp đầy và chất làm mát, bể nước thải trống, hệ thống khí và oxy phục vụ, hoặc bên ngoài sạch sẽ và bóng.",giao tiếp|khả năng thích ứng|làm việc nhóm|quản lý thời gian|tư duy phản biện,"[0.873, 0.261, 0.143, 0.267, 0.3, 0.594]",giao tiếp|khả năng thích ứng|làm việc nhóm|quản lý thời gian|tư duy phản biện
53-6041.00,Kỹ thuật giao thông,"Thực hiện các nghiên cứu thực địa để xác định khối lượng giao thông, tốc độ, hiệu quả của tín hiệu, độ phù hợp của ánh sáng và các yếu tố khác ảnh hưởng đến điều kiện giao thông dưới sự chỉ đạo của kỹ sư giao thông.",Vận tải/Kho vận|chú ý đến chi tiết|giao tiếp|giao tiếp nói|giám sát|giải quyết vấn đề kỹ thuật|giải quyết vấn đề phức tạp|học chủ động|khả năng thích ứng|kỹ năng máy tính|làm việc nhóm|lắng nghe tích cực|phán đoán & ra quyết định|phân tích dữ liệu|phân tích hệ thống|phân tích vận hành|quản lý thời gian|toán học|tư duy logic|tư duy phản biện|viết|đánh giá hệ thống|đọc hiểu,"[0.721, 0.614, 0.191, 0.269, 0.263, 0.656]",Vận tải/Kho vận|chú ý đến chi tiết|giao tiếp|giao tiếp nói|giám sát|giải quyết vấn đề kỹ thuật|giải quyết vấn đề phức tạp|học chủ động|khả năng thích ứng|kỹ năng máy tính|làm việc nhóm|lắng nghe tích cực|phán đoán & ra quyết định|phân tích dữ liệu|phân tích hệ thống|phân tích vận hành|quản lý thời gian|toán học|tư duy logic|tư duy phản biện|viết|đánh giá hệ thống|đọc hiểu
53-6051.00,Các thanh tra vận tải,"Kiểm tra thiết bị hoặc hàng hóa liên quan đến việc vận chuyển an toàn hàng hóa hoặc người. Bao gồm các thanh tra vận tải đường sắt, chẳng hạn như thanh tra hàng hóa, thanh tra đường sắt và thanh tra khác của các phương tiện vận tải không được phân loại ở nơi khác.",Vận tải/Kho vận|giao tiếp|giao tiếp nói|giám sát|giải quyết vấn đề phức tạp|khả năng thích ứng|làm việc nhóm|lắng nghe tích cực|nhạy bén xã hội|phán đoán & ra quyết định|phối hợp|quản lý thời gian|tư duy phản biện|viết|đọc hiểu,"[0.813, 0.417, 0.143, 0.221, 0.379, 0.877]",Vận tải/Kho vận|giao tiếp|giao tiếp nói|giám sát|giải quyết vấn đề phức tạp|khả năng thích ứng|làm việc nhóm|lắng nghe tích cực|nhạy bén xã hội|phán đoán & ra quyết định|phối hợp|quản lý thời gian|tư duy phản biện|viết|đọc hiểu
53-6051.01,Các thanh tra hàng không,"Kiểm tra máy bay, thủ tục bảo trì, hỗ trợ điều hướng hàng không, kiểm soát giao thông hàng không và thiết bị truyền thông để đảm bảo tuân thủ các quy định an toàn liên bang.",Vận tải/Kho vận|giao tiếp|giao tiếp nói|giám sát|giám sát vận hành|giải quyết vấn đề phức tạp|khoa học|khả năng thích ứng|làm việc nhóm|lắng nghe tích cực|phán đoán & ra quyết định|phân tích kiểm soát chất lượng|quản lý thời gian|tư duy phản biện|viết|đọc hiểu,"[0.796, 0.584, 0.143, 0.204, 0.37, 0.819]",Vận tải/Kho vận|giao tiếp|giao tiếp nói|giám sát|giám sát vận hành|giải quyết vấn đề phức tạp|khoa học|khả năng thích ứng|làm việc nhóm|lắng nghe tích cực|phán đoán & ra quyết định|phân tích kiểm soát chất lượng|quản lý thời gian|tư duy phản biện|viết|đọc hiểu
53-6051.07,"Chuyên viên kiểm tra phương tiện vận tải, thiết bị và hệ thống, ngoại trừ hàng không","Kiểm tra và giám sát thiết bị vận tải, phương tiện hoặc hệ thống để đảm bảo tuân thủ các quy định và tiêu chuẩn an toàn.",Vận tải/Kho vận|bị khởi động và điều khiển|giao tiếp|giao tiếp nói|giám sát vận hành|khả năng thích ứng|làm việc nhóm|lắng nghe tích cực|phân tích kiểm soát chất lượng|quản lý thời gian|troubleshooting|tư duy phản biện|đọc hiểu,"[1.0, 0.531, 0.143, 0.143, 0.193, 0.734]",Vận tải/Kho vận|bị khởi động và điều khiển|giao tiếp|giao tiếp nói|giám sát vận hành|khả năng thích ứng|làm việc nhóm|lắng nghe tích cực|phân tích kiểm soát chất lượng|quản lý thời gian|troubleshooting|tư duy phản biện|đọc hiểu
53-6061.00,Người phục vụ hành khách,"Cung cấp dịch vụ để đảm bảo an toàn cho hành khách trên tàu, xe buýt, xe lửa hoặc trong ga hoặc ga. Thực hiện các nhiệm vụ như giải thích việc sử dụng thiết bị an toàn, phục vụ thức ăn hoặc đồ uống, hoặc trả lời các câu hỏi liên quan đến du lịch.",Vận tải/Kho vận|giao tiếp|giao tiếp nói|giám sát|khả năng thích ứng|làm việc nhóm|lắng nghe tích cực|nhạy bén xã hội|phối hợp|quản lý thời gian|thuyết phục|tư duy phản biện|định hướng dịch vụ|đọc hiểu,"[0.577, 0.153, 0.143, 0.61, 0.439, 0.614]",Vận tải/Kho vận|giao tiếp|giao tiếp nói|giám sát|khả năng thích ứng|làm việc nhóm|lắng nghe tích cực|nhạy bén xã hội|phối hợp|quản lý thời gian|thuyết phục|tư duy phản biện|định hướng dịch vụ|đọc hiểu
53-6099.00,"Transportation Workers, Khác",Thực hiện các nhiệm vụ đa dạng không được bao gồm trong các danh mục nghề nghiệp cụ thể khác trong lĩnh vực này.,Khác|Tổng quát|giao tiếp|khác|khả năng thích ứng|làm việc nhóm|quản lý thời gian|tư duy phản biện|tổng quát|đa dạng,"[0.861, 0.309, 0.153, 0.307, 0.368, 0.639]",Khác|Tổng quát|giao tiếp|khác|khả năng thích ứng|làm việc nhóm|quản lý thời gian|tư duy phản biện|tổng quát|đa dạng
53-7011.00,Các nhà khai thác vận chuyển và thầu,"Kiểm soát hoặc điều khiển các máy vận chuyển hoặc hệ thống vận chuyển vận chuyển chuyển vật liệu hoặc sản phẩm đến và từ kho, trạm xử lý, bộ phận hoặc phương tiện.",Vận tải/Kho vận|bị khởi động và điều khiển|giao tiếp|giao tiếp nói|giám sát|giám sát vận hành|giải quyết vấn đề phức tạp|khả năng thích ứng|làm việc nhóm|lắng nghe tích cực|quản lý thời gian|tư duy phản biện,"[0.907, 0.187, 0.143, 0.191, 0.399, 0.679]",Vận tải/Kho vận|bị khởi động và điều khiển|giao tiếp|giao tiếp nói|giám sát|giám sát vận hành|giải quyết vấn đề phức tạp|khả năng thích ứng|làm việc nhóm|lắng nghe tích cực|quản lý thời gian|tư duy phản biện
53-7021.00,Máy vận hành cẩu và tháp,"Sử dụng thiết bị máy móc và dây cáp hoặc tháp và cáp để nâng và di chuyển vật liệu, máy hoặc sản phẩm theo nhiều hướng.",Vận tải/Kho vận|bị khởi động và điều khiển|giao tiếp|giao tiếp nói|giám sát|giám sát vận hành|khả năng thích ứng|làm việc nhóm|lắng nghe tích cực|phán đoán & ra quyết định|phối hợp|quản lý thời gian|troubleshooting|tư duy phản biện|đọc hiểu,"[1.0, 0.317, 0.143, 0.171, 0.187, 0.564]",Vận tải/Kho vận|bị khởi động và điều khiển|giao tiếp|giao tiếp nói|giám sát|giám sát vận hành|khả năng thích ứng|làm việc nhóm|lắng nghe tích cực|phán đoán & ra quyết định|phối hợp|quản lý thời gian|troubleshooting|tư duy phản biện|đọc hiểu
53-7031.00,Các nhà khai thác mỏ,"Sử dụng cưa để loại bỏ cát, đá vôi hoặc các vật liệu khác để khai quật và duy trì các kênh điều hướng trên đường thủy.",Vận tải/Kho vận|bị khởi động và điều khiển|giao tiếp|giám sát vận hành|khả năng thích ứng|làm việc nhóm|phán đoán & ra quyết định|phối hợp|quản lý thời gian|tư duy phản biện,"[0.947, 0.427, 0.143, 0.194, 0.333, 0.497]",Vận tải/Kho vận|bị khởi động và điều khiển|giao tiếp|giám sát vận hành|khả năng thích ứng|làm việc nhóm|phán đoán & ra quyết định|phối hợp|quản lý thời gian|tư duy phản biện
53-7041.00,Máy vận hành máy nâng và dây chèn,Hoạt động hoặc điều khiển nâng hoặc dây chèn để nâng và kéo tải bằng thiết bị cáp chạy bằng điện.,Vận tải/Kho vận|bị khởi động và điều khiển|giao tiếp|giao tiếp nói|giám sát|giám sát vận hành|giải quyết vấn đề phức tạp|hướng dẫn|khả năng thích ứng|làm việc nhóm|lắng nghe tích cực|nhạy bén xã hội|phán đoán & ra quyết định|phối hợp|quản lý nguồn nhân lực|quản lý thời gian|tư duy phản biện,"[0.984, 0.221, 0.153, 0.207, 0.207, 0.476]",Vận tải/Kho vận|bị khởi động và điều khiển|giao tiếp|giao tiếp nói|giám sát|giám sát vận hành|giải quyết vấn đề phức tạp|hướng dẫn|khả năng thích ứng|làm việc nhóm|lắng nghe tích cực|nhạy bén xã hội|phán đoán & ra quyết định|phối hợp|quản lý nguồn nhân lực|quản lý thời gian|tư duy phản biện
53-7051.00,Các nhà khai thác xe tải và máy kéo công nghiệp,"Sử dụng xe tải công nghiệp hoặc máy kéo được trang bị để di chuyển vật liệu xung quanh kho, sân lưu trữ, nhà máy, bãi xây dựng hoặc địa điểm tương tự.",Vận tải/Kho vận|bảo trì thiết bị|bị khởi động và điều khiển|giao tiếp|giám sát vận hành|khả năng thích ứng|làm việc nhóm|phối hợp|quản lý thời gian|troubleshooting|tư duy phản biện,"[1.0, 0.25, 0.143, 0.163, 0.17, 0.533]",Vận tải/Kho vận|bảo trì thiết bị|bị khởi động và điều khiển|giao tiếp|giám sát vận hành|khả năng thích ứng|làm việc nhóm|phối hợp|quản lý thời gian|troubleshooting|tư duy phản biện
53-7061.00,Máy làm sạch xe và thiết bị,"Giặt hoặc làm sạch xe, máy móc và thiết bị khác.",Vận tải/Kho vận|bị khởi động và điều khiển|giao tiếp|giám sát vận hành|khả năng thích ứng|làm việc nhóm|phân tích kiểm soát chất lượng|quản lý thời gian|tư duy phản biện,"[1.0, 0.153, 0.143, 0.169, 0.143, 0.551]",Vận tải/Kho vận|bị khởi động và điều khiển|giao tiếp|giám sát vận hành|khả năng thích ứng|làm việc nhóm|phân tích kiểm soát chất lượng|quản lý thời gian|tư duy phản biện
53-7062.00,"Người lao động và người vận chuyển hàng hóa, vật liệu, tay",Bao gồm tất cả những người lao động bằng tay không được phân loại ở nơi nào khác.,Vận tải/Kho vận|giao tiếp|khả năng thích ứng|làm việc nhóm|phối hợp|quản lý thời gian|tư duy phản biện,"[0.876, 0.143, 0.143, 0.204, 0.259, 0.657]",Vận tải/Kho vận|giao tiếp|khả năng thích ứng|làm việc nhóm|phối hợp|quản lý thời gian|tư duy phản biện
53-7062.04,Công nhân tái chế và tái chế,Chuẩn bị và phân loại các vật liệu hoặc sản phẩm để tái chế. Xác định và loại bỏ các chất nguy hiểm. Phong tháo các thành phần của sản phẩm như thiết bị.,Vận tải/Kho vận|bị khởi động và điều khiển|giao tiếp|giám sát|giám sát vận hành|khả năng thích ứng|làm việc nhóm|lắng nghe tích cực|quản lý thời gian|tư duy phản biện,"[0.897, 0.291, 0.143, 0.183, 0.227, 0.627]",Vận tải/Kho vận|bị khởi động và điều khiển|giao tiếp|giám sát|giám sát vận hành|khả năng thích ứng|làm việc nhóm|lắng nghe tích cực|quản lý thời gian|tư duy phản biện
53-7063.00,Máy cho ăn và Máy không mang,Các vật liệu nuôi vào hoặc loại bỏ vật liệu từ máy hoặc thiết bị tự động hoặc được chăm sóc bởi các công nhân khác.,Vận tải/Kho vận|giao tiếp|giám sát|giám sát vận hành|khả năng thích ứng|làm việc nhóm|quản lý thời gian|tư duy phản biện,"[1.0, 0.291, 0.143, 0.143, 0.143, 0.657]",Vận tải/Kho vận|giao tiếp|giám sát|giám sát vận hành|khả năng thích ứng|làm việc nhóm|quản lý thời gian|tư duy phản biện
53-7064.00,"Máy đóng gói và máy đóng gói, tay",Bao hoặc đóng gói bằng tay một loạt các sản phẩm và vật liệu.,Vận tải/Kho vận|giao tiếp|giám sát|khả năng thích ứng|làm việc nhóm|quản lý thời gian|tư duy phản biện,"[0.789, 0.206, 0.189, 0.199, 0.351, 0.809]",Vận tải/Kho vận|giao tiếp|giám sát|khả năng thích ứng|làm việc nhóm|quản lý thời gian|tư duy phản biện
53-7065.00,Những người đóng đống và người điền trật tự,"Nhận, lưu trữ và phát hành hàng hóa, vật liệu, thiết bị, và các mặt hàng khác từ kho, kho hoặc bãi kho để lấp đầy kệ, xe, bàn hoặc đơn đặt hàng của khách hàng. Có thể vận hành thiết bị điện để thực hiện đơn đặt hàng. Có thể đánh dấu giá hàng hóa và thiết lập màn hình bán hàng.",Vận tải/Kho vận|giao tiếp|khả năng thích ứng|làm việc nhóm|lắng nghe tích cực|quản lý thời gian|tư duy phản biện|đọc hiểu,"[0.654, 0.143, 0.143, 0.277, 0.471, 0.907]",Vận tải/Kho vận|giao tiếp|khả năng thích ứng|làm việc nhóm|lắng nghe tích cực|quản lý thời gian|tư duy phản biện|đọc hiểu
53-7071.00,Các nhà khai thác máy nén khí và nhà máy bơm khí,"Sử dụng máy nén chạy bằng động cơ hơi nước, khí đốt, động cơ điện hoặc động cơ đốt trong. Chuyển, nén hoặc lấy lại khí, chẳng hạn như butan, nitrogen, hydro và khí tự nhiên.",Vận tải/Kho vận|bảo trì thiết bị|bị khởi động và điều khiển|giao tiếp|giao tiếp nói|giám sát|giám sát vận hành|khả năng thích ứng|làm việc nhóm|lắng nghe tích cực|phối hợp|quản lý thời gian|troubleshooting|tư duy phản biện|viết|đọc hiểu,"[0.877, 0.333, 0.143, 0.22, 0.217, 0.693]",Vận tải/Kho vận|bảo trì thiết bị|bị khởi động và điều khiển|giao tiếp|giao tiếp nói|giám sát|giám sát vận hành|khả năng thích ứng|làm việc nhóm|lắng nghe tích cực|phối hợp|quản lý thời gian|troubleshooting|tư duy phản biện|viết|đọc hiểu
53-7072.00,"Các nhà khai thác máy bơm, ngoại trừ máy bơi đầu nước","Chuẩn bị, điều khiển hoặc vận hành máy bơm và hệ thống đa dạng chạy bằng điện, tĩnh hoặc di động để chuyển khí, dầu, chất lỏng khác, lumpur hoặc chất bột đến và từ các tàu và quy trình khác nhau.",Vận tải/Kho vận|bị khởi động và điều khiển|giao tiếp|giao tiếp nói|giám sát|giám sát vận hành|khả năng thích ứng|làm việc nhóm|lắng nghe tích cực|phán đoán & ra quyết định|phối hợp|quản lý thời gian|troubleshooting|tư duy phản biện|đọc hiểu,"[0.953, 0.323, 0.143, 0.183, 0.209, 0.644]",Vận tải/Kho vận|bị khởi động và điều khiển|giao tiếp|giao tiếp nói|giám sát|giám sát vận hành|khả năng thích ứng|làm việc nhóm|lắng nghe tích cực|phán đoán & ra quyết định|phối hợp|quản lý thời gian|troubleshooting|tư duy phản biện|đọc hiểu
53-7073.00,Máy bơm đầu giếng,Sử dụng máy bơm điện và thiết bị phụ trợ để sản xuất dòng chảy dầu hoặc khí từ các giếng trong mỏ dầu.,Vận tải/Kho vận|bảo trì thiết bị|bị khởi động và điều khiển|giao tiếp|giao tiếp nói|giám sát|giám sát vận hành|giải quyết vấn đề phức tạp|khả năng thích ứng|làm việc nhóm|phán đoán & ra quyết định|quản lý thời gian|sửa chữa|troubleshooting|tư duy phản biện,"[0.967, 0.344, 0.143, 0.153, 0.267, 0.623]",Vận tải/Kho vận|bảo trì thiết bị|bị khởi động và điều khiển|giao tiếp|giao tiếp nói|giám sát|giám sát vận hành|giải quyết vấn đề phức tạp|khả năng thích ứng|làm việc nhóm|phán đoán & ra quyết định|quản lý thời gian|sửa chữa|troubleshooting|tư duy phản biện
53-7081.00,Các bộ sưu tập vật liệu từ chối và tái chế,Thu thập và thả rác hoặc vật liệu tái chế từ thùng chứa vào xe tải.,Vận tải/Kho vận|bị khởi động và điều khiển|giao tiếp|giám sát vận hành|khả năng thích ứng|làm việc nhóm|quản lý thời gian|tư duy phản biện,"[1.0, 0.253, 0.143, 0.199, 0.221, 0.63]",Vận tải/Kho vận|bị khởi động và điều khiển|giao tiếp|giám sát vận hành|khả năng thích ứng|làm việc nhóm|quản lý thời gian|tư duy phản biện
53-7121.00,"Xe tăng, xe tải và tàu tải","Lái và thả hóa chất và chất rắn lớn, chẳng hạn như than, cát và ngũ cốc, vào hoặc từ xe tăng, xe tải hoặc tàu, sử dụng thiết bị di chuyển vật liệu. Có thể thực hiện nhiều nhiệm vụ khác liên quan đến vận chuyển sản phẩm. Có thể đo hoặc lấy mẫu bể vận chuyển và kiểm tra chúng cho rò rỉ.",Vận tải/Kho vận|bị khởi động và điều khiển|giao tiếp|giao tiếp nói|giám sát|giám sát vận hành|giải quyết vấn đề phức tạp|khả năng thích ứng|làm việc nhóm|lắng nghe tích cực|quản lý thời gian|tư duy phản biện|viết|đọc hiểu,"[0.98, 0.277, 0.143, 0.143, 0.187, 0.669]",Vận tải/Kho vận|bị khởi động và điều khiển|giao tiếp|giao tiếp nói|giám sát|giám sát vận hành|giải quyết vấn đề phức tạp|khả năng thích ứng|làm việc nhóm|lắng nghe tích cực|quản lý thời gian|tư duy phản biện|viết|đọc hiểu
